91,54,77,59,86,63,1,1,1,1,1,1,177,253,
76,87,86,64,55,60,1,1,1,1,1,1,173,255,
38,81,14,42,33,86,1,1,1,1,1,1,167,127,
15,94,67,60,59,9,1,1,1,1,1,1,161,143,
84,6,20,45,92,5,1,1,1,1,1,1,176,76,1
33,30,80,8,31,37,1,1,1,1,1,1,117,102,
30,40,81,36,63,83,1,1,1,1,1,1,164,169,
35,19,94,80,100,41,1,1,1,1,1,1,194,175,
70,51,85,93,90,19,1,1,1,1,1,1,183,225,
30,48,19,58,93,83,1,1,1,1,1,1,176,155,
51,24,81,79,96,57,1,1,1,1,1,1,177,211,
30,72,95,63,80,88,1,1,1,1,1,1,183,245,
49,61,73,75,1,69,1,1,1,1,1,1,148,180,
54,80,6,50,12,17,1,1,1,1,1,1,134,85,1
11,26,23,46,33,85,1,1,1,1,1,1,131,93,
19,77,24,33,55,20,1,1,1,1,1,1,132,96,
56,78,24,48,79,55,1,1,1,1,1,1,157,183,
100,37,2,78,26,29,1,1,1,1,1,1,178,94,1
93,85,68,87,66,77,1,1,1,1,1,1,180,296,
32,28,48,42,78,89,1,1,1,1,1,1,167,150,
86,79,13,11,31,78,1,1,1,1,1,1,165,133,
44,93,99,26,24,98,1,1,1,1,1,1,197,187,
98,89,26,68,10,86,1,1,1,1,1,1,187,190,
61,80,79,52,22,29,1,1,1,1,1,1,159,164,
69,52,16,29,76,36,1,1,1,1,1,1,145,133,
43,41,23,36,22,63,1,1,1,1,1,1,106,122,
21,58,47,89,59,91,1,1,1,1,1,1,180,185,
3,53,27,82,25,6,1,1,1,1,1,1,135,61,1
4,87,68,15,30,65,1,1,1,1,1,1,155,114,
33,30,42,47,87,75,1,1,1,1,1,1,162,152,
62,11,95,43,87,53,1,1,1,1,1,1,182,169,
70,41,94,30,3,69,1,1,1,1,1,1,164,143,
12,31,52,95,20,30,1,1,1,1,1,1,147,93,1
6,94,16,1,10,56,1,1,1,1,1,1,150,33,1
8,48,42,69,80,57,1,1,1,1,1,1,149,155,
89,8,92,100,23,86,1,1,1,1,1,1,192,206,
25,92,20,59,35,23,1,1,1,1,1,1,151,103,
75,85,93,57,46,97,1,1,1,1,1,1,190,263,
64,65,42,90,56,77,1,1,1,1,1,1,167,227,
52,74,38,85,83,59,1,1,1,1,1,1,168,223,
99,56,20,19,46,95,1,1,1,1,1,1,194,141,
98,91,19,22,9,15,1,1,1,1,1,1,189,65,1
96,60,5,93,99,63,1,1,1,1,1,1,195,221,
1,42,67,7,77,56,1,1,1,1,1,1,144,106,
32,7,35,31,43,6,1,1,1,1,1,1,78,76,
30,36,58,91,16,57,1,1,1,1,1,1,149,139,
30,57,9,2,63,8,1,1,1,1,1,1,120,49,1
51,81,54,52,21,37,1,1,1,1,1,1,135,161,
32,1,16,88,14,81,1,1,1,1,1,1,169,63,1
51,35,37,54,22,34,1,1,1,1,1,1,105,128,
36,79,62,87,17,58,1,1,1,1,1,1,166,173,
68,90,14,71,75,76,1,1,1,1,1,1,166,228,
65,15,40,34,29,97,1,1,1,1,1,1,162,118,
74,86,44,16,32,8,1,1,1,1,1,1,160,100,1
16,55,29,71,47,13,1,1,1,1,1,1,126,105,
74,40,20,3,13,34,1,1,1,1,1,1,114,70,1
98,11,66,91,23,50,1,1,1,1,1,1,189,150,
100,48,53,15,22,83,1,1,1,1,1,1,183,138,
68,74,94,81,16,55,1,1,1,1,1,1,175,213,
91,44,12,84,61,16,1,1,1,1,1,1,175,133,
1,3,67,61,66,32,1,1,1,1,1,1,133,97,
43,42,7,86,55,47,1,1,1,1,1,1,141,139,
85,84,44,83,90,19,1,1,1,1,1,1,175,230,
8,25,86,91,88,35,1,1,1,1,1,1,179,154,
9,64,17,46,50,88,1,1,1,1,1,1,152,122,
41,65,72,36,54,73,1,1,1,1,1,1,145,196,
82,29,37,31,96,24,1,1,1,1,1,1,178,121,
36,78,21,90,48,13,1,1,1,1,1,1,168,118,
76,32,78,12,95,22,1,1,1,1,1,1,173,142,
92,28,34,95,73,17,1,1,1,1,1,1,187,152,
34,18,87,29,93,44,1,1,1,1,1,1,180,125,
27,15,55,92,31,81,1,1,1,1,1,1,173,128,
34,46,51,4,3,69,1,1,1,1,1,1,120,87,
61,90,95,91,18,68,1,1,1,1,1,1,186,237,
81,14,55,32,15,88,1,1,1,1,1,1,169,116,
57,3,94,15,7,19,1,1,1,1,1,1,151,44,1
18,14,20,80,73,7,1,1,1,1,1,1,153,59,1
74,14,67,10,57,41,1,1,1,1,1,1,141,122,
80,71,5,53,60,8,1,1,1,1,1,1,151,126,
28,53,23,30,92,43,1,1,1,1,1,1,145,124,
29,6,1,46,78,47,1,1,1,1,1,1,125,82,1
31,11,100,22,35,23,1,1,1,1,1,1,135,87,1
7,40,76,4,29,53,1,1,1,1,1,1,129,80,1
14,2,54,62,79,77,1,1,1,1,1,1,156,132,
1,80,63,87,13,68,1,1,1,1,1,1,167,145,
50,75,36,78,21,43,1,1,1,1,1,1,153,150,
26,45,1,6,42,73,1,1,1,1,1,1,118,75,1
66,22,39,30,74,70,1,1,1,1,1,1,144,157,
79,69,76,94,9,68,1,1,1,1,1,1,173,222,
62,59,67,79,35,72,1,1,1,1,1,1,151,223,
63,65,81,32,80,85,1,1,1,1,1,1,166,240,
20,95,22,19,32,58,1,1,1,1,1,1,153,93,1
6,26,39,95,51,15,1,1,1,1,1,1,146,86,1
21,93,52,38,1,95,1,1,1,1,1,1,188,112,1
29,75,31,88,30,76,1,1,1,1,1,1,164,165,
51,26,53,33,10,67,1,1,1,1,1,1,120,120,
35,25,76,39,82,26,1,1,1,1,1,1,158,125,
71,86,48,26,58,94,1,1,1,1,1,1,180,203,
50,21,82,29,19,6,1,1,1,1,1,1,132,75,1
56,65,36,10,8,52,1,1,1,1,1,1,121,106,
46,67,39,74,11,49,1,1,1,1,1,1,141,145,
17,14,56,78,49,51,1,1,1,1,1,1,134,131,
32,5,51,46,81,79,1,1,1,1,1,1,160,134,
76,22,8,60,26,51,1,1,1,1,1,1,136,107,
27,97,37,86,14,25,1,1,1,1,1,1,183,103,1
61,51,62,82,94,63,1,1,1,1,1,1,176,237,
98,12,17,2,43,60,1,1,1,1,1,1,158,74,1
66,100,75,15,58,84,1,1,1,1,1,1,184,214,
98,3,53,24,58,25,1,1,1,1,1,1,156,105,
19,11,21,89,14,28,1,1,1,1,1,1,117,65,1
84,87,32,67,35,81,1,1,1,1,1,1,171,215,
99,29,57,88,27,4,1,1,1,1,1,1,187,117,1
83,37,2,29,58,71,1,1,1,1,1,1,154,126,
59,56,57,97,3,30,1,1,1,1,1,1,156,146,
21,41,76,23,96,10,1,1,1,1,1,1,172,95,1
76,95,79,80,63,48,1,1,1,1,1,1,175,266,
87,5,75,30,6,52,1,1,1,1,1,1,162,93,1
92,96,8,99,47,36,1,1,1,1,1,1,195,183,
96,77,91,42,51,61,1,1,1,1,1,1,187,231,
84,63,99,69,82,26,1,1,1,1,1,1,183,240,
49,20,30,61,78,86,1,1,1,1,1,1,164,160,
85,96,59,75,73,74,1,1,1,1,1,1,181,281,
85,58,91,84,8,54,1,1,1,1,1,1,176,204,
14,30,89,25,33,7,1,1,1,1,1,1,122,76,1
91,89,17,40,68,9,1,1,1,1,1,1,180,134,
32,82,62,16,40,94,1,1,1,1,1,1,176,150,
45,72,25,87,28,63,1,1,1,1,1,1,159,161,
24,27,47,74,60,95,1,1,1,1,1,1,169,158,
96,75,31,92,23,38,1,1,1,1,1,1,188,167,
11,10,39,42,94,41,1,1,1,1,1,1,136,101,
41,94,86,39,21,36,1,1,1,1,1,1,180,137,
55,8,86,59,36,71,1,1,1,1,1,1,157,158,
66,81,92,69,7,50,1,1,1,1,1,1,173,192,
43,10,34,93,45,53,1,1,1,1,1,1,146,132,
13,20,39,51,91,86,1,1,1,1,1,1,177,123,
34,21,5,95,64,28,1,1,1,1,1,1,159,88,1
10,67,50,70,57,7,1,1,1,1,1,1,137,124,
100,68,98,43,28,33,1,1,1,1,1,1,198,172,
46,70,19,40,72,41,1,1,1,1,1,1,142,146,
75,53,77,11,10,57,1,1,1,1,1,1,152,131,
71,32,26,82,46,88,1,1,1,1,1,1,170,175,
29,94,39,75,67,24,1,1,1,1,1,1,169,159,
74,96,87,66,60,44,1,1,1,1,1,1,183,244,
96,39,49,17,30,14,1,1,1,1,1,1,145,100,
62,38,68,80,100,71,1,1,1,1,1,1,180,239,
88,81,2,40,79,96,1,1,1,1,1,1,184,202,
4,43,88,76,64,12,1,1,1,1,1,1,164,123,
51,7,47,62,75,40,1,1,1,1,1,1,137,145,
89,41,32,79,22,84,1,1,1,1,1,1,173,174,
62,66,61,35,44,19,1,1,1,1,1,1,128,159,
85,3,89,51,67,70,1,1,1,1,1,1,174,191,
78,66,28,23,17,74,1,1,1,1,1,1,152,134,
38,42,32,92,43,36,1,1,1,1,1,1,135,148,
95,41,64,92,76,39,1,1,1,1,1,1,187,220,
8,95,100,40,2,71,1,1,1,1,1,1,195,121,1
78,90,99,15,13,63,1,1,1,1,1,1,189,169,
35,61,88,54,55,70,1,1,1,1,1,1,158,205,
16,88,13,93,54,95,1,1,1,1,1,1,188,171,
67,24,72,27,65,80,1,1,1,1,1,1,152,183,
35,20,32,58,39,89,1,1,1,1,1,1,147,126,
89,17,95,26,47,90,1,1,1,1,1,1,185,179,
47,57,51,60,66,3,1,1,1,1,1,1,126,158,
72,68,21,38,6,67,1,1,1,1,1,1,140,132,
36,37,76,23,56,84,1,1,1,1,1,1,160,152,
6,22,63,13,76,78,1,1,1,1,1,1,154,104,
38,92,89,91,2,66,1,1,1,1,1,1,183,195,
9,44,78,76,49,72,1,1,1,1,1,1,154,174,
44,22,65,12,58,80,1,1,1,1,1,1,145,136,
67,55,26,58,19,57,1,1,1,1,1,1,125,157,
48,80,12,24,35,56,1,1,1,1,1,1,136,119,
3,39,71,17,74,24,1,1,1,1,1,1,145,83,1
29,17,2,15,53,78,1,1,1,1,1,1,131,63,1
12,71,36,1,39,74,1,1,1,1,1,1,145,88,1
41,62,36,78,34,58,1,1,1,1,1,1,140,169,
56,41,26,77,92,68,1,1,1,1,1,1,169,191,
20,10,12,4,90,65,1,1,1,1,1,1,155,46,1
49,10,61,83,34,39,1,1,1,1,1,1,144,132,
55,49,71,40,81,6,1,1,1,1,1,1,152,150,
98,94,56,57,14,17,1,1,1,1,1,1,192,144,
98,38,44,87,10,92,1,1,1,1,1,1,190,179,
85,55,36,66,51,41,1,1,1,1,1,1,151,183,
43,92,75,46,1,91,1,1,1,1,1,1,183,165,
28,87,37,30,21,53,1,1,1,1,1,1,140,116,
32,62,96,90,92,79,1,1,1,1,1,1,188,263,
79,49,42,77,36,98,1,1,1,1,1,1,177,204,
61,40,44,16,100,22,1,1,1,1,1,1,161,122,
37,7,95,47,90,54,1,1,1,1,1,1,185,145,
79,82,63,76,73,6,1,1,1,1,1,1,161,218,
98,48,70,60,45,35,1,1,1,1,1,1,168,188,
72,95,12,70,61,47,1,1,1,1,1,1,167,190,
71,50,18,3,97,96,1,1,1,1,1,1,193,142,
42,99,86,74,3,21,1,1,1,1,1,1,185,140,
100,53,28,19,77,81,1,1,1,1,1,1,181,177,
46,86,32,58,5,49,1,1,1,1,1,1,144,132,
79,89,44,50,69,96,1,1,1,1,1,1,185,242,
20,22,5,15,99,55,1,1,1,1,1,1,154,62,1
44,29,78,91,43,76,1,1,1,1,1,1,169,192,
17,54,33,51,81,89,1,1,1,1,1,1,170,155,
63,81,54,85,45,43,1,1,1,1,1,1,166,205,
34,76,1,10,93,96,1,1,1,1,1,1,189,121,1
14,10,61,6,60,88,1,1,1,1,1,1,149,90,1
17,18,6,90,48,13,1,1,1,1,1,1,138,54,1
72,22,36,80,27,7,1,1,1,1,1,1,152,92,1
8,32,66,43,2,5,1,1,1,1,1,1,109,47,1
59,31,62,6,100,5,1,1,1,1,1,1,162,101,1
21,38,64,28,37,5,1,1,1,1,1,1,102,91,
75,24,74,58,2,17,1,1,1,1,1,1,149,101,
15,31,86,47,33,43,1,1,1,1,1,1,133,122,
35,36,74,97,28,17,1,1,1,1,1,1,171,116,
70,95,24,28,97,80,1,1,1,1,1,1,192,202,
9,19,62,58,1,71,1,1,1,1,1,1,133,87,1
31,64,10,96,91,62,1,1,1,1,1,1,187,167,
40,12,4,44,88,38,1,1,1,1,1,1,132,94,
8,72,76,30,5,18,1,1,1,1,1,1,148,61,1
36,81,82,4,33,100,1,1,1,1,1,1,182,154,
61,64,69,21,91,68,1,1,1,1,1,1,160,214,
15,18,59,43,89,14,1,1,1,1,1,1,148,90,1
11,89,25,13,58,39,1,1,1,1,1,1,147,88,1
37,19,71,16,76,69,1,1,1,1,1,1,147,141,
76,44,60,21,7,83,1,1,1,1,1,1,159,132,
15,46,89,65,75,52,1,1,1,1,1,1,164,178,
71,53,100,92,27,58,1,1,1,1,1,1,192,209,
88,96,40,59,19,44,1,1,1,1,1,1,184,162,
86,12,31,56,84,51,1,1,1,1,1,1,170,150,
3,78,41,36,74,53,1,1,1,1,1,1,152,133,
23,95,31,71,55,2,1,1,1,1,1,1,166,111,
45,36,86,21,59,43,1,1,1,1,1,1,145,145,
74,79,64,33,58,39,1,1,1,1,1,1,153,194,
50,58,75,88,12,23,1,1,1,1,1,1,163,143,
85,12,81,99,45,67,1,1,1,1,1,1,184,205,
78,76,98,64,36,32,1,1,1,1,1,1,176,208,
2,78,32,99,54,61,1,1,1,1,1,1,177,149,
49,9,19,11,80,85,1,1,1,1,1,1,165,88,1
54,34,40,26,72,31,1,1,1,1,1,1,126,131,
74,71,16,39,29,82,1,1,1,1,1,1,156,155,
25,96,80,48,62,22,1,1,1,1,1,1,176,157,
17,93,77,7,1,86,1,1,1,1,1,1,179,102,1
37,31,45,40,43,7,1,1,1,1,1,1,88,115,
76,89,66,99,19,27,1,1,1,1,1,1,188,188,
56,17,10,31,6,20,1,1,1,1,1,1,87,53,1
45,36,72,19,25,71,1,1,1,1,1,1,143,125,
14,73,13,92,80,78,1,1,1,1,1,1,172,178,
83,28,8,84,22,68,1,1,1,1,1,1,167,126,
63,21,31,52,39,51,1,1,1,1,1,1,115,142,
16,7,93,58,40,87,1,1,1,1,1,1,180,121,
27,7,87,21,9,93,1,1,1,1,1,1,180,64,1
91,29,11,50,46,67,1,1,1,1,1,1,158,136,
62,7,44,64,41,99,1,1,1,1,1,1,163,154,
47,27,6,96,87,20,1,1,1,1,1,1,183,100,1
1,100,28,84,23,57,1,1,1,1,1,1,184,109,1
27,23,74,95,14,97,1,1,1,1,1,1,192,138,
32,86,17,23,66,43,1,1,1,1,1,1,152,115,
55,70,87,69,3,31,1,1,1,1,1,1,157,158,
98,43,58,80,17,70,1,1,1,1,1,1,178,188,
47,14,31,50,11,100,1,1,1,1,1,1,150,103,
33,84,77,38,8,53,1,1,1,1,1,1,161,132,
45,29,93,55,77,90,1,1,1,1,1,1,183,206,
11,32,34,52,3,23,1,1,1,1,1,1,86,69,
98,8,100,7,63,26,1,1,1,1,1,1,198,104,1
31,57,5,80,54,25,1,1,1,1,1,1,137,115,
44,41,19,78,28,1,1,1,1,1,1,1,122,89,
13,81,69,48,67,65,1,1,1,1,1,1,150,193,
85,16,5,26,59,70,1,1,1,1,1,1,155,106,
43,30,20,61,59,89,1,1,1,1,1,1,150,152,
90,24,46,68,88,25,1,1,1,1,1,1,178,163,
75,8,36,38,76,18,1,1,1,1,1,1,151,100,1
17,45,14,6,79,98,1,1,1,1,1,1,177,82,1
98,71,93,55,69,49,1,1,1,1,1,1,191,244,
84,49,19,52,3,31,1,1,1,1,1,1,136,102,
29,36,15,61,11,73,1,1,1,1,1,1,134,91,
89,10,18,24,40,80,1,1,1,1,1,1,169,92,1
37,39,3,8,100,4,1,1,1,1,1,1,139,52,1
55,62,19,7,80,58,1,1,1,1,1,1,142,139,
40,81,24,86,20,92,1,1,1,1,1,1,178,165,
7,51,41,50,62,33,1,1,1,1,1,1,113,131,
23,77,50,4,8,60,1,1,1,1,1,1,137,85,1
6,92,73,11,25,80,1,1,1,1,1,1,172,115,
47,27,79,39,19,53,1,1,1,1,1,1,132,132,
48,53,82,20,22,19,1,1,1,1,1,1,135,109,
26,68,91,70,31,66,1,1,1,1,1,1,161,191,
13,15,61,65,34,40,1,1,1,1,1,1,126,102,
22,64,29,26,19,93,1,1,1,1,1,1,157,96,1
62,67,49,88,68,47,1,1,1,1,1,1,156,225,
92,38,13,42,64,93,1,1,1,1,1,1,185,157,
49,42,9,72,67,79,1,1,1,1,1,1,151,167,
37,21,87,9,40,93,1,1,1,1,1,1,180,107,1
8,26,57,19,45,99,1,1,1,1,1,1,156,98,1
8,47,24,74,52,39,1,1,1,1,1,1,126,118,
47,61,2,60,42,99,1,1,1,1,1,1,160,151,
19,71,24,53,30,94,1,1,1,1,1,1,165,126,
75,59,41,81,94,55,1,1,1,1,1,1,175,230,
7,45,18,44,62,19,1,1,1,1,1,1,107,88,
17,24,66,44,35,97,1,1,1,1,1,1,163,120,
31,87,69,99,62,20,1,1,1,1,1,1,186,182,
70,47,1,49,6,11,1,1,1,1,1,1,119,65,1
21,3,99,96,64,31,1,1,1,1,1,1,195,119,1
20,47,70,56,9,91,1,1,1,1,1,1,161,132,
19,56,4,46,38,79,1,1,1,1,1,1,135,107,
11,14,13,36,2,58,1,1,1,1,1,1,94,40,1
29,49,20,15,81,69,1,1,1,1,1,1,150,113,
62,27,45,31,55,6,1,1,1,1,1,1,117,109,
85,4,76,37,7,72,1,1,1,1,1,1,161,120,
18,37,52,38,17,19,1,1,1,1,1,1,90,91,
42,84,75,67,36,14,1,1,1,1,1,1,159,159,
72,83,77,97,24,21,1,1,1,1,1,1,180,194,
78,5,75,52,60,83,1,1,1,1,1,1,161,192,
92,89,1,17,70,60,1,1,1,1,1,1,181,148,
83,77,100,19,96,55,1,1,1,1,1,1,196,234,
16,61,4,48,66,33,1,1,1,1,1,1,127,101,
35,3,46,29,56,17,1,1,1,1,1,1,102,84,
69,31,87,72,33,91,1,1,1,1,1,1,178,205,
26,49,1,15,36,24,1,1,1,1,1,1,85,66,
36,35,8,99,88,14,1,1,1,1,1,1,187,93,1
88,9,66,2,89,80,1,1,1,1,1,1,177,157,
12,79,18,22,61,95,1,1,1,1,1,1,174,113,1
36,49,18,73,45,98,1,1,1,1,1,1,171,148,
84,29,83,30,88,38,1,1,1,1,1,1,172,180,
49,44,79,34,63,26,1,1,1,1,1,1,142,153,
37,1,55,32,84,22,1,1,1,1,1,1,139,92,1
19,28,27,99,98,60,1,1,1,1,1,1,197,134,
13,74,56,51,64,5,1,1,1,1,1,1,138,125,
69,68,90,97,14,80,1,1,1,1,1,1,187,231,
47,49,22,53,94,79,1,1,1,1,1,1,173,171,
16,12,30,86,51,47,1,1,1,1,1,1,137,105,
92,23,67,3,78,25,1,1,1,1,1,1,170,118,
99,39,29,27,67,61,1,1,1,1,1,1,166,156,
73,48,33,25,69,24,1,1,1,1,1,1,142,130,
14,65,46,10,52,58,1,1,1,1,1,1,123,122,
73,79,11,37,86,22,1,1,1,1,1,1,165,143,
11,4,99,66,49,89,1,1,1,1,1,1,188,130,
10,49,57,54,41,69,1,1,1,1,1,1,126,154,
23,54,69,22,76,10,1,1,1,1,1,1,145,109,
99,95,27,66,13,93,1,1,1,1,1,1,194,199,
25,67,49,40,43,54,1,1,1,1,1,1,121,157,
58,62,38,92,98,77,1,1,1,1,1,1,190,235,
90,45,95,63,15,82,1,1,1,1,1,1,185,205,
17,87,71,42,21,1,1,1,1,1,1,1,158,81,1
92,21,67,77,64,78,1,1,1,1,1,1,170,229,
29,82,81,28,12,61,1,1,1,1,1,1,163,130,
65,41,50,17,3,86,1,1,1,1,1,1,151,111,
78,10,98,77,56,29,1,1,1,1,1,1,176,172,
59,34,50,85,76,42,1,1,1,1,1,1,161,185,
8,57,40,23,52,3,1,1,1,1,1,1,109,74,
58,72,78,25,23,12,1,1,1,1,1,1,150,118,
40,4,14,39,52,54,1,1,1,1,1,1,106,97,
62,15,8,31,22,77,1,1,1,1,1,1,139,76,1
87,48,24,93,52,64,1,1,1,1,1,1,180,188,
17,21,50,59,60,63,1,1,1,1,1,1,123,147,
32,71,19,77,35,64,1,1,1,1,1,1,148,150,
8,97,11,18,84,92,1,1,1,1,1,1,189,121,1
58,99,16,47,56,59,1,1,1,1,1,1,158,177,
2,40,46,13,66,10,1,1,1,1,1,1,112,65,1
68,18,53,69,46,42,1,1,1,1,1,1,137,159,
26,16,100,65,94,10,1,1,1,1,1,1,194,117,1
18,25,31,89,1,61,1,1,1,1,1,1,150,75,1
47,7,50,91,2,19,1,1,1,1,1,1,141,75,1
66,96,71,57,37,3,1,1,1,1,1,1,167,163,
64,4,39,79,6,63,1,1,1,1,1,1,143,112,
53,93,75,43,12,15,1,1,1,1,1,1,168,123,
72,28,92,74,75,82,1,1,1,1,1,1,174,249,
7,24,83,40,19,81,1,1,1,1,1,1,164,90,1
70,16,78,95,10,20,1,1,1,1,1,1,173,116,
26,25,85,46,61,82,1,1,1,1,1,1,167,158,
91,25,39,72,92,57,1,1,1,1,1,1,183,193,
22,37,26,21,51,67,1,1,1,1,1,1,118,106,
63,25,73,28,98,85,1,1,1,1,1,1,183,189,
43,94,91,82,50,54,1,1,1,1,1,1,185,229,
11,35,91,64,54,73,1,1,1,1,1,1,164,164,
12,2,62,54,59,84,1,1,1,1,1,1,146,127,
70,19,83,95,8,44,1,1,1,1,1,1,178,141,
90,72,88,86,15,22,1,1,1,1,1,1,178,195,
53,26,69,49,55,81,1,1,1,1,1,1,150,183,
82,68,51,75,90,12,1,1,1,1,1,1,172,206,
75,38,79,99,4,7,1,1,1,1,1,1,178,124,
24,67,41,1,92,12,1,1,1,1,1,1,159,78,1
48,9,62,43,52,36,1,1,1,1,1,1,114,136,
29,11,79,94,65,84,1,1,1,1,1,1,178,184,
23,83,35,25,12,76,1,1,1,1,1,1,159,95,1
61,100,26,25,59,19,1,1,1,1,1,1,161,129,
80,53,42,19,74,93,1,1,1,1,1,1,173,188,
68,21,53,65,51,77,1,1,1,1,1,1,145,190,
71,33,94,70,42,29,1,1,1,1,1,1,165,174,
54,23,64,40,97,90,1,1,1,1,1,1,187,181,
70,88,81,38,34,51,1,1,1,1,1,1,169,193,
80,38,33,50,79,65,1,1,1,1,1,1,159,186,
16,58,24,14,98,36,1,1,1,1,1,1,156,90,1
68,34,32,5,42,3,1,1,1,1,1,1,110,74,
11,38,26,39,75,7,1,1,1,1,1,1,114,82,
8,12,56,41,60,95,1,1,1,1,1,1,155,117,
80,22,18,61,56,28,1,1,1,1,1,1,141,124,
69,14,80,94,13,45,1,1,1,1,1,1,174,141,
34,37,100,25,48,85,1,1,1,1,1,1,185,144,
66,40,25,93,46,31,1,1,1,1,1,1,159,142,
63,39,19,61,9,28,1,1,1,1,1,1,124,95,
39,40,81,4,1,69,1,1,1,1,1,1,150,84,1
18,74,82,66,43,45,1,1,1,1,1,1,156,172,
28,81,16,4,67,39,1,1,1,1,1,1,148,87,1
36,51,52,49,24,100,1,1,1,1,1,1,152,160,
100,53,92,36,43,83,1,1,1,1,1,1,192,215,
91,38,61,71,4,33,1,1,1,1,1,1,162,136,
56,7,75,4,29,77,1,1,1,1,1,1,152,96,1
95,12,40,51,61,78,1,1,1,1,1,1,173,164,
68,20,32,88,4,24,1,1,1,1,1,1,156,80,1
92,58,16,29,22,94,1,1,1,1,1,1,186,125,
50,21,81,80,67,59,1,1,1,1,1,1,161,197,
51,18,26,47,55,79,1,1,1,1,1,1,134,142,
3,91,10,27,70,23,1,1,1,1,1,1,161,63,1
26,72,71,73,90,91,1,1,1,1,1,1,181,242,
93,90,96,55,65,58,1,1,1,1,1,1,189,268,
93,96,45,41,31,56,1,1,1,1,1,1,189,173,
85,12,56,75,25,2,1,1,1,1,1,1,160,95,1
70,47,81,25,43,10,1,1,1,1,1,1,151,125,
92,59,61,98,25,71,1,1,1,1,1,1,190,216,
2,4,40,23,51,100,1,1,1,1,1,1,151,69,1
50,67,92,3,12,72,1,1,1,1,1,1,164,132,
43,40,11,88,38,83,1,1,1,1,1,1,171,132,
12,33,32,94,4,58,1,1,1,1,1,1,152,81,1
19,73,14,2,40,25,1,1,1,1,1,1,113,60,1
46,37,42,24,18,79,1,1,1,1,1,1,125,121,
90,9,35,7,22,86,1,1,1,1,1,1,176,73,1
54,79,52,69,90,13,1,1,1,1,1,1,169,188,
26,44,20,94,51,100,1,1,1,1,1,1,194,141,
76,74,24,71,25,62,1,1,1,1,1,1,150,182,
73,92,68,46,39,89,1,1,1,1,1,1,181,226,
83,24,91,17,11,34,1,1,1,1,1,1,174,86,1
73,11,64,2,49,50,1,1,1,1,1,1,137,112,
42,83,47,66,78,45,1,1,1,1,1,1,161,200,
92,97,60,51,32,50,1,1,1,1,1,1,189,193,
58,50,79,9,93,53,1,1,1,1,1,1,172,170,
66,91,97,38,29,28,1,1,1,1,1,1,188,161,
54,73,92,58,7,3,1,1,1,1,1,1,165,122,
37,45,7,52,77,89,1,1,1,1,1,1,166,141,
41,52,75,100,7,53,1,1,1,1,1,1,175,153,
68,48,83,71,86,11,1,1,1,1,1,1,169,198,
82,84,56,14,83,66,1,1,1,1,1,1,167,218,
15,94,86,42,35,39,1,1,1,1,1,1,180,131,
13,79,37,45,60,80,1,1,1,1,1,1,159,155,
53,64,92,69,57,38,1,1,1,1,1,1,161,212,
28,66,53,61,77,87,1,1,1,1,1,1,164,208,
17,3,40,46,76,19,1,1,1,1,1,1,122,79,1
28,45,94,48,81,58,1,1,1,1,1,1,175,179,
44,91,1,87,38,78,1,1,1,1,1,1,178,161,
82,69,6,21,38,64,1,1,1,1,1,1,151,129,
82,68,92,45,5,14,1,1,1,1,1,1,174,132,
84,98,76,91,59,23,1,1,1,1,1,1,189,242,
84,13,45,96,14,21,1,1,1,1,1,1,180,93,1
67,26,23,15,81,3,1,1,1,1,1,1,148,67,1
44,46,73,58,88,5,1,1,1,1,1,1,161,153,
54,86,16,70,61,25,1,1,1,1,1,1,156,156,
91,97,57,51,3,33,1,1,1,1,1,1,188,144,
61,55,5,60,25,78,1,1,1,1,1,1,139,145,
15,70,81,89,86,16,1,1,1,1,1,1,175,182,
75,38,68,70,30,83,1,1,1,1,1,1,158,206,
90,29,95,31,98,2,1,1,1,1,1,1,193,152,
9,86,15,22,70,17,1,1,1,1,1,1,156,63,1
47,67,58,74,93,90,1,1,1,1,1,1,183,246,
20,19,12,6,77,26,1,1,1,1,1,1,103,57,1
100,62,42,9,66,13,1,1,1,1,1,1,166,126,
76,44,87,9,91,93,1,1,1,1,1,1,184,216,
11,72,99,36,70,23,1,1,1,1,1,1,171,140,
76,71,6,77,24,14,1,1,1,1,1,1,153,115,
24,40,42,44,87,16,1,1,1,1,1,1,131,122,
49,31,69,19,3,12,1,1,1,1,1,1,118,65,1
29,3,57,44,4,25,1,1,1,1,1,1,101,61,1
7,44,55,64,2,32,1,1,1,1,1,1,119,85,
49,39,62,89,66,9,1,1,1,1,1,1,155,159,
42,48,79,52,73,72,1,1,1,1,1,1,152,214,
93,7,18,2,34,1,1,1,1,1,1,1,127,28,1
93,13,99,10,90,18,1,1,1,1,1,1,192,131,
55,11,36,49,34,83,1,1,1,1,1,1,138,130,
84,70,96,80,28,41,1,1,1,1,1,1,180,219,
72,65,43,15,9,38,1,1,1,1,1,1,137,105,
74,41,7,94,65,26,1,1,1,1,1,1,168,139,
44,31,2,39,56,36,1,1,1,1,1,1,100,108,
70,34,73,100,25,1,1,1,1,1,1,1,173,130,
15,72,81,52,29,85,1,1,1,1,1,1,166,168,
57,27,72,35,74,67,1,1,1,1,1,1,146,186,
95,33,89,57,75,63,1,1,1,1,1,1,184,228,
31,80,94,56,50,85,1,1,1,1,1,1,179,217,
31,75,49,99,66,91,1,1,1,1,1,1,190,221,
20,15,54,56,13,29,1,1,1,1,1,1,110,77,
29,95,74,32,80,16,1,1,1,1,1,1,175,151,
3,40,6,93,26,61,1,1,1,1,1,1,154,75,1
19,85,33,68,3,76,1,1,1,1,1,1,161,123,
44,93,75,89,52,74,1,1,1,1,1,1,182,245,
7,87,10,96,9,23,1,1,1,1,1,1,183,49,1
65,71,78,16,44,58,1,1,1,1,1,1,149,183,
32,95,79,84,28,98,1,1,1,1,1,1,193,223,
4,92,62,68,51,32,1,1,1,1,1,1,160,149,
20,92,70,30,38,23,1,1,1,1,1,1,162,111,
68,3,17,88,39,38,1,1,1,1,1,1,156,97,1
76,70,66,25,19,6,1,1,1,1,1,1,146,116,
47,96,9,53,35,94,1,1,1,1,1,1,190,144,
17,30,52,84,35,28,1,1,1,1,1,1,136,110,
21,48,37,91,50,11,1,1,1,1,1,1,141,117,
64,89,16,61,62,4,1,1,1,1,1,1,153,143,
18,43,5,47,70,84,1,1,1,1,1,1,154,113,
83,70,11,46,54,20,1,1,1,1,1,1,153,131,
19,13,55,3,22,17,1,1,1,1,1,1,77,52,
72,61,100,16,5,2,1,1,1,1,1,1,172,84,1
63,88,65,53,6,5,1,1,1,1,1,1,153,127,
37,85,41,78,20,18,1,1,1,1,1,1,163,116,
26,77,24,50,71,33,1,1,1,1,1,1,148,133,
11,15,30,72,48,42,1,1,1,1,1,1,120,98,
47,32,18,28,31,83,1,1,1,1,1,1,130,109,
45,50,14,31,72,22,1,1,1,1,1,1,122,112,
17,51,90,26,20,16,1,1,1,1,1,1,141,79,1
100,98,23,2,46,20,1,1,1,1,1,1,198,91,1
58,23,66,83,21,35,1,1,1,1,1,1,149,137,
26,93,6,1,53,65,1,1,1,1,1,1,158,86,1
42,38,7,59,81,49,1,1,1,1,1,1,140,136,
83,23,3,95,39,45,1,1,1,1,1,1,178,110,1
46,48,91,22,13,43,1,1,1,1,1,1,139,124,
10,75,44,93,54,87,1,1,1,1,1,1,180,183,
51,30,41,2,23,67,1,1,1,1,1,1,118,96,
45,22,33,35,55,51,1,1,1,1,1,1,106,135,
61,21,2,9,41,92,1,1,1,1,1,1,153,73,1
85,48,76,19,91,80,1,1,1,1,1,1,176,223,
62,87,43,75,30,45,1,1,1,1,1,1,162,180,
83,59,70,43,15,23,1,1,1,1,1,1,153,140,
62,51,90,50,5,63,1,1,1,1,1,1,153,168,
68,36,99,46,45,70,1,1,1,1,1,1,169,195,
36,57,91,93,59,42,1,1,1,1,1,1,184,194,
77,6,10,8,99,62,1,1,1,1,1,1,176,86,1
43,97,6,45,15,33,1,1,1,1,1,1,142,97,
89,32,64,11,46,63,1,1,1,1,1,1,153,152,
47,33,63,73,87,24,1,1,1,1,1,1,160,167,
4,64,92,11,8,35,1,1,1,1,1,1,156,58,1
46,34,1,14,79,63,1,1,1,1,1,1,142,95,
24,81,54,12,98,35,1,1,1,1,1,1,179,125,
36,93,11,65,100,68,1,1,1,1,1,1,193,180,
59,63,71,76,52,45,1,1,1,1,1,1,147,219,
11,69,37,51,96,40,1,1,1,1,1,1,165,139,
21,47,83,37,67,9,1,1,1,1,1,1,150,114,
75,79,36,49,50,74,1,1,1,1,1,1,154,209,
4,26,77,62,23,27,1,1,1,1,1,1,139,80,1
5,46,31,54,47,8,1,1,1,1,1,1,101,90,
55,44,20,35,49,43,1,1,1,1,1,1,104,142,
40,66,32,38,90,55,1,1,1,1,1,1,156,165,
68,10,28,46,90,3,1,1,1,1,1,1,158,87,1
98,72,53,34,43,58,1,1,1,1,1,1,170,188,
94,68,17,2,80,66,1,1,1,1,1,1,174,153,
21,58,55,6,56,42,1,1,1,1,1,1,114,124,
95,17,60,80,37,82,1,1,1,1,1,1,177,194,
16,54,14,33,30,99,1,1,1,1,1,1,153,93,1
2,83,60,71,1,85,1,1,1,1,1,1,168,134,
23,57,75,59,14,82,1,1,1,1,1,1,157,153,
95,16,97,18,86,54,1,1,1,1,1,1,192,174,
81,99,37,53,21,57,1,1,1,1,1,1,180,168,
39,17,80,23,47,100,1,1,1,1,1,1,180,126,
96,51,28,10,8,4,1,1,1,1,1,1,147,50,1
16,41,54,27,65,81,1,1,1,1,1,1,146,138,
77,16,89,1,81,88,1,1,1,1,1,1,177,175,
61,51,59,11,1,96,1,1,1,1,1,1,157,122,
20,2,53,90,13,47,1,1,1,1,1,1,143,82,1
78,36,8,62,31,22,1,1,1,1,1,1,140,97,
49,9,44,90,56,84,1,1,1,1,1,1,174,158,
52,10,62,35,20,33,1,1,1,1,1,1,114,98,
96,1,77,49,19,28,1,1,1,1,1,1,173,97,1
16,51,68,58,30,45,1,1,1,1,1,1,126,142,
84,83,35,43,18,49,1,1,1,1,1,1,167,145,
92,73,87,71,16,19,1,1,1,1,1,1,179,179,
87,22,44,41,21,15,1,1,1,1,1,1,131,99,
10,52,90,47,87,97,1,1,1,1,1,1,187,196,
4,98,58,92,21,65,1,1,1,1,1,1,190,148,
44,84,20,9,70,93,1,1,1,1,1,1,177,143,
59,76,35,15,24,53,1,1,1,1,1,1,135,127,
1,76,6,49,96,100,1,1,1,1,1,1,196,132,
56,22,99,95,15,34,1,1,1,1,1,1,194,127,1
100,92,24,46,41,95,1,1,1,1,1,1,195,203,
57,35,92,8,15,12,1,1,1,1,1,1,149,70,1
91,65,4,43,70,86,1,1,1,1,1,1,177,182,
88,100,26,31,97,64,1,1,1,1,1,1,197,209,
46,53,78,79,80,25,1,1,1,1,1,1,159,202,
71,23,94,60,24,11,1,1,1,1,1,1,165,118,
9,24,16,77,61,86,1,1,1,1,1,1,163,110,
15,57,83,67,3,76,1,1,1,1,1,1,159,142,
57,9,41,16,79,63,1,1,1,1,1,1,142,123,
8,16,55,28,27,57,1,1,1,1,1,1,112,79,
1,89,60,18,74,15,1,1,1,1,1,1,163,94,1
33,31,87,99,75,64,1,1,1,1,1,1,186,203,
64,28,93,67,12,41,1,1,1,1,1,1,160,145,
94,80,71,22,53,67,1,1,1,1,1,1,174,213,
23,55,87,22,33,73,1,1,1,1,1,1,160,133,
100,78,86,54,20,9,1,1,1,1,1,1,186,161,
25,8,23,50,20,15,1,1,1,1,1,1,75,66,
90,44,65,84,10,68,1,1,1,1,1,1,174,187,
57,24,7,55,14,16,1,1,1,1,1,1,112,61,1
48,32,78,82,76,9,1,1,1,1,1,1,160,165,
64,23,83,53,48,82,1,1,1,1,1,1,165,188,
94,88,78,65,72,86,1,1,1,1,1,1,182,301,
99,36,66,2,75,18,1,1,1,1,1,1,174,122,
32,63,92,13,99,34,1,1,1,1,1,1,191,142,
37,65,31,66,61,15,1,1,1,1,1,1,131,144,
33,79,83,18,78,11,1,1,1,1,1,1,162,140,
99,75,55,49,83,89,1,1,1,1,1,1,188,262,
79,38,58,83,82,100,1,1,1,1,1,1,183,257,
59,85,6,36,43,52,1,1,1,1,1,1,144,137,
44,8,5,22,15,66,1,1,1,1,1,1,110,50,1
2,57,67,4,28,13,1,1,1,1,1,1,124,47,1
45,53,43,3,24,12,1,1,1,1,1,1,98,82,
25,44,27,99,55,59,1,1,1,1,1,1,158,151,
84,69,10,42,56,95,1,1,1,1,1,1,179,177,
1,7,86,44,34,59,1,1,1,1,1,1,145,86,1
78,25,41,37,10,60,1,1,1,1,1,1,138,113,
93,38,91,45,25,86,1,1,1,1,1,1,184,194,
25,69,48,26,55,82,1,1,1,1,1,1,151,154,
32,61,48,45,90,28,1,1,1,1,1,1,151,153,
42,37,96,66,48,57,1,1,1,1,1,1,162,184,
49,58,62,7,53,78,1,1,1,1,1,1,140,167,
29,88,46,12,45,49,1,1,1,1,1,1,137,132,
62,96,83,31,48,66,1,1,1,1,1,1,179,207,
89,41,42,46,32,11,1,1,1,1,1,1,135,126,
10,63,68,49,95,56,1,1,1,1,1,1,163,178,
15,28,50,43,51,6,1,1,1,1,1,1,101,92,
55,13,17,35,68,30,1,1,1,1,1,1,123,95,
53,62,56,4,69,6,1,1,1,1,1,1,131,119,
3,99,44,91,48,37,1,1,1,1,1,1,190,132,
5,60,55,18,58,66,1,1,1,1,1,1,126,136,
82,48,47,45,53,19,1,1,1,1,1,1,135,159,
2,56,73,66,94,11,1,1,1,1,1,1,167,135,
54,32,18,14,39,60,1,1,1,1,1,1,114,103,
20,21,54,98,50,42,1,1,1,1,1,1,152,133,
65,51,34,88,42,3,1,1,1,1,1,1,153,130,
47,60,8,26,36,33,1,1,1,1,1,1,107,103,
74,31,35,4,81,57,1,1,1,1,1,1,155,127,
88,1,77,51,84,59,1,1,1,1,1,1,172,188,
81,55,42,75,78,26,1,1,1,1,1,1,159,198,
53,44,59,17,21,12,1,1,1,1,1,1,112,94,
51,76,98,67,46,58,1,1,1,1,1,1,174,222,
35,98,89,99,90,59,1,1,1,1,1,1,197,273,
40,32,94,74,50,42,1,1,1,1,1,1,168,164,
48,67,31,21,44,66,1,1,1,1,1,1,133,144,
6,12,91,63,71,61,1,1,1,1,1,1,162,142,
75,65,50,81,51,45,1,1,1,1,1,1,156,211,
5,77,26,10,15,95,1,1,1,1,1,1,172,56,1
30,51,82,9,89,28,1,1,1,1,1,1,171,118,
48,92,83,87,61,98,1,1,1,1,1,1,190,279,
67,57,19,78,1,69,1,1,1,1,1,1,147,144,
38,5,34,91,3,41,1,1,1,1,1,1,132,80,1
42,50,98,28,2,81,1,1,1,1,1,1,179,122,
97,73,77,11,87,3,1,1,1,1,1,1,184,164,
56,82,52,57,18,75,1,1,1,1,1,1,157,183,
14,49,45,64,30,11,1,1,1,1,1,1,113,100,
21,97,79,12,28,86,1,1,1,1,1,1,183,140,
36,32,81,23,4,72,1,1,1,1,1,1,153,95,1
89,99,5,79,31,73,1,1,1,1,1,1,188,188,
23,92,86,52,85,42,1,1,1,1,1,1,178,202,
97,4,70,92,34,12,1,1,1,1,1,1,189,120,1
59,35,29,25,80,58,1,1,1,1,1,1,139,147,
81,2,73,56,21,98,1,1,1,1,1,1,179,152,
35,88,29,51,71,89,1,1,1,1,1,1,177,186,
11,65,52,7,82,39,1,1,1,1,1,1,147,109,
31,73,67,7,32,79,1,1,1,1,1,1,152,137,
1,25,41,46,6,73,1,1,1,1,1,1,119,73,1
27,45,70,73,35,54,1,1,1,1,1,1,143,161,
61,39,44,22,62,15,1,1,1,1,1,1,123,120,
89,16,32,40,52,14,1,1,1,1,1,1,141,102,
77,96,25,52,58,50,1,1,1,1,1,1,173,185,
47,70,54,88,61,90,1,1,1,1,1,1,178,232,
55,26,49,95,100,44,1,1,1,1,1,1,195,174,
42,72,34,59,8,91,1,1,1,1,1,1,163,143,
4,31,70,92,85,98,1,1,1,1,1,1,190,190,
43,18,37,50,42,100,1,1,1,1,1,1,150,140,
42,39,47,55,28,7,1,1,1,1,1,1,102,116,
51,54,100,87,86,80,1,1,1,1,1,1,187,271,
43,85,44,14,99,94,1,1,1,1,1,1,193,186,
32,47,33,92,69,82,1,1,1,1,1,1,174,181,
85,18,57,91,69,63,1,1,1,1,1,1,176,207,
23,59,57,99,48,14,1,1,1,1,1,1,158,142,
43,19,45,12,87,79,1,1,1,1,1,1,166,119,
1,6,34,85,36,8,1,1,1,1,1,1,121,49,1
71,30,45,16,97,28,1,1,1,1,1,1,168,119,
57,49,95,56,91,40,1,1,1,1,1,1,186,202,
6,88,85,11,48,37,1,1,1,1,1,1,173,102,1
83,64,58,96,79,86,1,1,1,1,1,1,182,284,
1,17,43,91,32,36,1,1,1,1,1,1,134,86,1
19,69,40,36,59,35,1,1,1,1,1,1,128,130,
52,93,81,33,2,73,1,1,1,1,1,1,174,160,
87,36,15,10,66,26,1,1,1,1,1,1,153,87,1
81,97,79,27,100,68,1,1,1,1,1,1,197,255,
85,75,35,58,82,14,1,1,1,1,1,1,167,182,
77,59,64,97,12,76,1,1,1,1,1,1,174,211,
11,28,9,39,71,54,1,1,1,1,1,1,125,87,
67,98,23,46,77,58,1,1,1,1,1,1,175,194,
51,24,22,21,55,32,1,1,1,1,1,1,106,99,
41,79,24,90,30,6,1,1,1,1,1,1,169,101,1
90,59,35,61,22,37,1,1,1,1,1,1,151,153,
89,47,43,2,17,48,1,1,1,1,1,1,137,109,
74,13,5,71,59,51,1,1,1,1,1,1,145,128,
43,68,80,99,82,76,1,1,1,1,1,1,181,267,
43,99,44,68,69,24,1,1,1,1,1,1,168,179,
54,50,45,21,25,96,1,1,1,1,1,1,150,141,
57,37,20,55,39,53,1,1,1,1,1,1,112,149,
34,4,42,44,99,100,1,1,1,1,1,1,199,124,1
94,62,4,14,39,26,1,1,1,1,1,1,156,83,1
31,18,41,12,53,49,1,1,1,1,1,1,102,102,
23,46,40,59,7,14,1,1,1,1,1,1,105,84,
72,47,40,86,80,11,1,1,1,1,1,1,166,170,
27,33,72,20,47,45,1,1,1,1,1,1,119,125,
58,82,26,62,24,84,1,1,1,1,1,1,166,170,
17,90,5,14,44,31,1,1,1,1,1,1,134,67,1
64,24,73,90,88,22,1,1,1,1,1,1,178,183,
92,24,53,78,35,30,1,1,1,1,1,1,170,142,
89,90,31,63,19,25,1,1,1,1,1,1,179,138,
38,10,88,29,23,9,1,1,1,1,1,1,126,71,1
84,87,96,34,79,35,1,1,1,1,1,1,183,232,
42,39,86,29,82,9,1,1,1,1,1,1,168,119,
95,85,80,84,99,3,1,1,1,1,1,1,194,252,
81,29,65,2,9,68,1,1,1,1,1,1,149,105,
49,9,44,88,70,2,1,1,1,1,1,1,158,104,1
44,76,58,98,15,70,1,1,1,1,1,1,174,187,
19,77,93,30,24,40,1,1,1,1,1,1,170,113,1
90,79,15,16,60,75,1,1,1,1,1,1,169,166,
94,64,26,56,49,67,1,1,1,1,1,1,161,195,
32,55,51,22,69,80,1,1,1,1,1,1,149,160,
88,28,51,25,4,87,1,1,1,1,1,1,175,108,1
56,36,78,33,23,55,1,1,1,1,1,1,134,147,
63,3,10,45,29,43,1,1,1,1,1,1,108,85,
15,63,5,8,98,64,1,1,1,1,1,1,162,91,1
61,1,70,15,2,27,1,1,1,1,1,1,131,45,1
62,57,42,3,7,87,1,1,1,1,1,1,149,109,
98,72,37,66,59,2,1,1,1,1,1,1,170,164,
55,10,44,99,46,51,1,1,1,1,1,1,154,151,
24,65,64,68,99,82,1,1,1,1,1,1,181,221,
72,43,97,41,27,61,1,1,1,1,1,1,169,172,
7,69,67,21,58,79,1,1,1,1,1,1,148,153,
10,88,67,46,52,56,1,1,1,1,1,1,155,164,
1,81,23,53,94,85,1,1,1,1,1,1,179,158,
18,69,34,98,67,89,1,1,1,1,1,1,187,188,
92,43,34,22,19,77,1,1,1,1,1,1,169,118,
35,13,52,93,9,41,1,1,1,1,1,1,145,98,
33,73,13,19,68,44,1,1,1,1,1,1,141,109,
36,58,26,30,50,47,1,1,1,1,1,1,108,139,
8,73,32,48,34,78,1,1,1,1,1,1,151,122,
19,46,3,45,100,13,1,1,1,1,1,1,146,80,1
84,85,15,94,31,44,1,1,1,1,1,1,179,174,
45,5,15,67,29,86,1,1,1,1,1,1,153,94,1
11,37,74,78,76,96,1,1,1,1,1,1,174,198,
60,61,47,77,65,74,1,1,1,1,1,1,151,233,
37,92,98,81,5,99,1,1,1,1,1,1,197,215,
80,99,95,72,56,61,1,1,1,1,1,1,194,269,
21,93,74,37,31,60,1,1,1,1,1,1,167,149,
75,78,41,76,72,46,1,1,1,1,1,1,154,234,
2,33,84,46,83,60,1,1,1,1,1,1,167,141,
88,89,85,43,77,47,1,1,1,1,1,1,177,252,
30,34,92,69,85,57,1,1,1,1,1,1,177,190,
56,13,60,5,9,73,1,1,1,1,1,1,133,83,1
83,65,16,63,26,17,1,1,1,1,1,1,148,122,
38,32,3,26,96,20,1,1,1,1,1,1,134,81,1
49,15,25,32,23,22,1,1,1,1,1,1,81,85,
94,80,44,68,87,36,1,1,1,1,1,1,181,228,
58,56,38,69,1,73,1,1,1,1,1,1,142,153,
21,2,22,31,13,34,1,1,1,1,1,1,65,58,
53,67,59,20,49,58,1,1,1,1,1,1,126,180,
80,75,49,99,93,33,1,1,1,1,1,1,192,237,
48,72,35,63,30,85,1,1,1,1,1,1,157,176,
71,40,1,91,21,28,1,1,1,1,1,1,162,90,1
37,16,97,62,64,61,1,1,1,1,1,1,161,176,
32,38,100,75,12,13,1,1,1,1,1,1,175,95,1
28,54,35,12,17,73,1,1,1,1,1,1,127,92,
53,71,29,84,33,35,1,1,1,1,1,1,155,150,
50,35,66,74,19,49,1,1,1,1,1,1,140,153,
60,91,21,67,71,65,1,1,1,1,1,1,162,213,
94,36,83,42,8,5,1,1,1,1,1,1,177,91,1
55,43,85,20,57,95,1,1,1,1,1,1,180,175,
22,39,28,100,94,5,1,1,1,1,1,1,194,94,1
51,49,56,87,89,63,1,1,1,1,1,1,176,219,
77,87,11,25,85,62,1,1,1,1,1,1,172,175,
60,21,33,23,50,86,1,1,1,1,1,1,146,127,
72,1,78,98,18,29,1,1,1,1,1,1,176,120,
16,69,11,55,9,44,1,1,1,1,1,1,124,80,1
74,24,81,31,32,5,1,1,1,1,1,1,155,92,1
22,42,31,11,79,12,1,1,1,1,1,1,121,76,1
79,10,5,87,53,2,1,1,1,1,1,1,166,70,1
20,61,15,34,100,75,1,1,1,1,1,1,175,130,
83,74,81,15,84,24,1,1,1,1,1,1,167,194,
11,57,70,3,60,92,1,1,1,1,1,1,162,131,
89,13,40,21,1,57,1,1,1,1,1,1,146,75,1
100,60,74,21,93,27,1,1,1,1,1,1,193,182,
91,7,38,47,48,60,1,1,1,1,1,1,151,140,
81,35,64,24,60,96,1,1,1,1,1,1,177,183,
87,99,76,82,16,94,1,1,1,1,1,1,193,261,
25,2,21,67,59,64,1,1,1,1,1,1,131,107,
83,16,79,9,19,95,1,1,1,1,1,1,178,123,
66,30,20,27,1,77,1,1,1,1,1,1,143,78,1
59,12,73,56,43,49,1,1,1,1,1,1,132,160,
67,29,77,63,9,28,1,1,1,1,1,1,144,129,
71,30,59,57,44,3,1,1,1,1,1,1,130,134,
82,77,78,75,30,93,1,1,1,1,1,1,175,260,
99,55,10,24,1,39,1,1,1,1,1,1,154,74,1
61,65,33,83,90,10,1,1,1,1,1,1,173,169,
25,18,61,92,68,6,1,1,1,1,1,1,160,110,
55,91,49,50,42,77,1,1,1,1,1,1,168,196,
11,75,24,57,10,58,1,1,1,1,1,1,133,102,
48,61,27,30,37,96,1,1,1,1,1,1,157,142,
63,96,91,74,90,55,1,1,1,1,1,1,187,282,
96,80,21,54,99,59,1,1,1,1,1,1,195,214,
32,58,82,20,70,2,1,1,1,1,1,1,152,112,
58,15,76,83,13,19,1,1,1,1,1,1,159,105,1
1,17,69,91,27,15,1,1,1,1,1,1,160,60,1
30,12,72,53,56,87,1,1,1,1,1,1,159,151,
38,96,33,88,3,6,1,1,1,1,1,1,184,80,1
85,24,90,84,9,33,1,1,1,1,1,1,175,150,
69,72,56,41,70,25,1,1,1,1,1,1,142,191,
58,65,90,9,48,87,1,1,1,1,1,1,177,180,
49,22,100,32,42,8,1,1,1,1,1,1,149,104,
88,12,87,29,22,60,1,1,1,1,1,1,175,123,
28,40,63,69,44,53,1,1,1,1,1,1,132,165,
55,23,59,42,76,39,1,1,1,1,1,1,135,159,
95,15,14,8,20,52,1,1,1,1,1,1,147,57,1
87,41,100,1,37,50,1,1,1,1,1,1,187,129,
21,23,85,4,97,30,1,1,1,1,1,1,182,78,1
63,84,87,61,52,55,1,1,1,1,1,1,171,231,
99,3,10,52,1,42,1,1,1,1,1,1,151,56,1
9,51,65,95,5,66,1,1,1,1,1,1,161,130,
39,29,24,54,87,93,1,1,1,1,1,1,180,146,
41,97,59,60,73,4,1,1,1,1,1,1,170,164,
52,81,39,53,71,93,1,1,1,1,1,1,174,215,
39,14,10,16,69,85,1,1,1,1,1,1,154,79,1
84,86,93,70,16,47,1,1,1,1,1,1,179,217,
13,2,42,84,53,51,1,1,1,1,1,1,137,108,
59,80,70,22,31,4,1,1,1,1,1,1,150,116,
58,43,78,10,98,87,1,1,1,1,1,1,185,189,
29,53,44,72,7,76,1,1,1,1,1,1,148,133,
16,43,23,81,80,99,1,1,1,1,1,1,180,162,
51,37,32,34,68,88,1,1,1,1,1,1,156,154,
21,92,2,23,93,98,1,1,1,1,1,1,191,138,
21,43,58,29,98,62,1,1,1,1,1,1,160,151,
24,88,92,83,90,91,1,1,1,1,1,1,183,285,
31,54,62,37,20,90,1,1,1,1,1,1,152,142,
2,46,60,3,21,44,1,1,1,1,1,1,106,70,1
49,2,32,30,12,75,1,1,1,1,1,1,124,76,1
25,29,79,10,84,37,1,1,1,1,1,1,163,101,1
42,63,72,45,9,53,1,1,1,1,1,1,135,149,
93,98,76,75,37,57,1,1,1,1,1,1,191,245,
70,90,21,92,38,58,1,1,1,1,1,1,182,187,
86,84,1,21,70,65,1,1,1,1,1,1,170,157,
85,4,87,97,33,32,1,1,1,1,1,1,184,154,
93,18,96,77,51,82,1,1,1,1,1,1,189,228,
93,52,2,86,12,73,1,1,1,1,1,1,179,139,
41,67,19,48,34,84,1,1,1,1,1,1,151,142,
86,20,34,66,53,31,1,1,1,1,1,1,152,138,
20,26,41,51,42,46,1,1,1,1,1,1,97,129,
89,48,65,31,94,91,1,1,1,1,1,1,185,233,
19,54,39,37,86,59,1,1,1,1,1,1,145,149,
30,36,97,99,57,20,1,1,1,1,1,1,196,143,
53,99,83,30,49,34,1,1,1,1,1,1,182,166,
45,13,41,80,61,20,1,1,1,1,1,1,141,119,
36,3,39,79,69,42,1,1,1,1,1,1,148,120,
15,46,57,45,63,18,1,1,1,1,1,1,120,124,
68,97,15,17,74,82,1,1,1,1,1,1,179,174,
10,12,32,13,5,14,1,1,1,1,1,1,46,40,
1,20,37,64,55,83,1,1,1,1,1,1,147,113,
82,45,96,59,63,75,1,1,1,1,1,1,178,242,
72,23,88,77,55,96,1,1,1,1,1,1,184,227,
3,28,56,63,20,80,1,1,1,1,1,1,143,107,
29,44,88,20,23,16,1,1,1,1,1,1,132,88,1
16,20,90,47,11,35,1,1,1,1,1,1,137,82,1
42,93,13,69,59,78,1,1,1,1,1,1,171,183,
94,17,59,84,90,74,1,1,1,1,1,1,184,234,
66,83,41,17,1,23,1,1,1,1,1,1,149,82,1
20,82,52,28,93,2,1,1,1,1,1,1,175,102,1
79,24,64,60,12,98,1,1,1,1,1,1,177,160,
88,24,64,54,10,7,1,1,1,1,1,1,152,95,1
66,13,62,48,26,96,1,1,1,1,1,1,162,149,
42,27,3,13,89,34,1,1,1,1,1,1,131,77,1
71,16,12,21,43,64,1,1,1,1,1,1,135,92,
62,73,1,23,33,51,1,1,1,1,1,1,135,108,
27,18,38,69,37,100,1,1,1,1,1,1,169,120,
21,62,77,92,99,42,1,1,1,1,1,1,191,202,
75,63,62,16,5,44,1,1,1,1,1,1,138,127,
81,39,33,27,59,5,1,1,1,1,1,1,140,104,
64,79,87,55,15,27,1,1,1,1,1,1,166,161,
48,68,87,94,90,4,1,1,1,1,1,1,184,207,
61,2,39,20,50,97,1,1,1,1,1,1,158,111,
22,15,87,56,63,55,1,1,1,1,1,1,150,148,
56,31,68,10,60,67,1,1,1,1,1,1,135,157,
58,63,5,53,86,2,1,1,1,1,1,1,149,118,
34,47,9,4,28,93,1,1,1,1,1,1,140,75,1
10,43,87,53,33,74,1,1,1,1,1,1,161,139,
55,66,18,87,85,76,1,1,1,1,1,1,172,215,
99,34,2,68,43,70,1,1,1,1,1,1,169,147,
27,80,24,5,89,22,1,1,1,1,1,1,169,78,1
74,89,81,59,64,5,1,1,1,1,1,1,170,202,
81,39,97,9,92,95,1,1,1,1,1,1,192,221,
26,47,6,56,54,83,1,1,1,1,1,1,139,133,
65,21,83,5,86,14,1,1,1,1,1,1,169,105,1
68,28,71,17,43,44,1,1,1,1,1,1,139,132,
64,33,62,23,21,15,1,1,1,1,1,1,126,92,
79,2,49,6,98,70,1,1,1,1,1,1,177,127,
7,98,95,51,56,4,1,1,1,1,1,1,193,118,1
41,29,75,12,39,63,1,1,1,1,1,1,138,121,
75,88,71,91,6,3,1,1,1,1,1,1,179,155,
81,66,72,33,78,93,1,1,1,1,1,1,174,249,
73,26,59,69,58,92,1,1,1,1,1,1,165,212,
56,96,45,22,67,13,1,1,1,1,1,1,163,136,
58,4,15,49,47,73,1,1,1,1,1,1,131,115,
6,65,98,34,8,47,1,1,1,1,1,1,163,95,1
17,9,40,68,14,86,1,1,1,1,1,1,154,80,1
86,35,40,9,87,10,1,1,1,1,1,1,173,94,1
90,67,71,51,35,32,1,1,1,1,1,1,161,185,
40,73,68,88,85,2,1,1,1,1,1,1,173,183,
47,75,14,90,96,46,1,1,1,1,1,1,186,182,
79,33,88,78,58,9,1,1,1,1,1,1,167,178,
35,56,59,31,90,68,1,1,1,1,1,1,158,181,
10,98,54,90,43,40,1,1,1,1,1,1,188,147,
84,69,5,16,30,18,1,1,1,1,1,1,153,69,1
82,84,98,78,40,72,1,1,1,1,1,1,182,272,
49,11,84,52,99,28,1,1,1,1,1,1,183,140,
66,27,78,35,93,55,1,1,1,1,1,1,171,183,
93,29,30,72,1,49,1,1,1,1,1,1,165,109,1
53,82,55,40,45,89,1,1,1,1,1,1,171,193,
24,37,53,60,90,94,1,1,1,1,1,1,184,174,
9,54,44,36,76,42,1,1,1,1,1,1,130,131,
80,86,54,27,39,42,1,1,1,1,1,1,166,162,
63,77,74,21,54,8,1,1,1,1,1,1,151,146,
85,83,34,30,12,28,1,1,1,1,1,1,168,104,1
76,36,40,53,77,13,1,1,1,1,1,1,153,142,
63,35,17,31,45,41,1,1,1,1,1,1,108,124,
87,34,82,44,59,52,1,1,1,1,1,1,169,189,
42,75,49,72,10,22,1,1,1,1,1,1,147,123,
15,86,43,30,85,41,1,1,1,1,1,1,171,129,
8,65,99,17,27,94,1,1,1,1,1,1,193,117,1
9,5,77,53,86,34,1,1,1,1,1,1,163,101,1
15,48,24,92,5,14,1,1,1,1,1,1,140,58,1
64,78,42,77,46,11,1,1,1,1,1,1,155,163,
37,41,60,43,3,47,1,1,1,1,1,1,107,124,
85,57,95,12,64,18,1,1,1,1,1,1,180,151,
90,87,32,95,7,88,1,1,1,1,1,1,185,214,
80,46,1,100,26,51,1,1,1,1,1,1,180,124,
27,3,7,43,36,13,1,1,1,1,1,1,79,50,1
13,34,6,86,26,59,1,1,1,1,1,1,145,79,1
34,95,31,53,39,80,1,1,1,1,1,1,175,157,
30,22,35,33,91,78,1,1,1,1,1,1,169,120,
85,36,13,92,77,15,1,1,1,1,1,1,177,141,
71,60,35,78,33,61,1,1,1,1,1,1,149,189,
86,46,65,31,21,67,1,1,1,1,1,1,153,163,
2,18,82,83,68,89,1,1,1,1,1,1,172,170,
36,73,34,2,18,47,1,1,1,1,1,1,120,90,
4,10,48,7,31,74,1,1,1,1,1,1,122,52,1
80,48,88,79,14,93,1,1,1,1,1,1,181,221,
2,15,26,19,7,51,1,1,1,1,1,1,77,43,1
74,82,6,76,16,23,1,1,1,1,1,1,158,119,
20,38,6,54,81,17,1,1,1,1,1,1,135,81,1
6,21,82,41,83,80,1,1,1,1,1,1,165,148,
100,60,63,20,21,3,1,1,1,1,1,1,163,104,1
45,8,34,83,53,100,1,1,1,1,1,1,183,140,
99,85,12,59,100,3,1,1,1,1,1,1,199,159,
80,88,91,30,86,34,1,1,1,1,1,1,179,230,
8,1,11,17,85,61,1,1,1,1,1,1,146,37,1
51,87,74,29,53,84,1,1,1,1,1,1,171,207,
20,73,32,38,75,15,1,1,1,1,1,1,148,105,
36,44,62,8,45,26,1,1,1,1,1,1,107,114,
87,53,23,32,48,44,1,1,1,1,1,1,140,147,
15,66,98,94,11,29,1,1,1,1,1,1,192,121,1
88,52,16,40,45,34,1,1,1,1,1,1,140,135,
49,56,3,29,11,59,1,1,1,1,1,1,115,92,
53,75,36,66,82,68,1,1,1,1,1,1,157,223,
27,20,46,49,24,5,1,1,1,1,1,1,95,76,
75,60,52,58,80,62,1,1,1,1,1,1,155,232,
19,49,20,34,4,10,1,1,1,1,1,1,83,53,1
59,100,51,97,38,37,1,1,1,1,1,1,197,185,
27,46,96,21,45,78,1,1,1,1,1,1,174,139,
93,25,45,82,29,3,1,1,1,1,1,1,175,102,1
43,16,6,82,88,10,1,1,1,1,1,1,170,75,1
60,18,99,95,30,45,1,1,1,1,1,1,194,153,
24,52,56,57,34,85,1,1,1,1,1,1,142,166,
48,79,88,98,69,42,1,1,1,1,1,1,186,238,
64,5,62,80,78,20,1,1,1,1,1,1,158,151,
82,70,36,54,26,92,1,1,1,1,1,1,174,186,
68,30,1,17,47,91,1,1,1,1,1,1,159,95,1
9,7,70,98,50,67,1,1,1,1,1,1,168,133,
53,38,75,39,55,26,1,1,1,1,1,1,130,156,
88,73,66,19,100,65,1,1,1,1,1,1,188,223,
94,92,93,38,82,46,1,1,1,1,1,1,187,258,
84,88,27,85,41,56,1,1,1,1,1,1,173,208,
40,96,46,26,4,18,1,1,1,1,1,1,142,88,1
34,15,1,62,55,77,1,1,1,1,1,1,139,105,
62,46,60,50,42,17,1,1,1,1,1,1,122,155,
40,75,68,1,99,42,1,1,1,1,1,1,174,151,
52,80,34,33,25,22,1,1,1,1,1,1,132,114,
76,17,8,34,19,87,1,1,1,1,1,1,163,78,1
67,85,87,41,21,79,1,1,1,1,1,1,172,208,
3,29,19,68,43,31,1,1,1,1,1,1,111,82,
16,10,56,27,44,79,1,1,1,1,1,1,135,97,
3,46,33,63,79,22,1,1,1,1,1,1,142,104,
18,77,79,23,96,62,1,1,1,1,1,1,175,180,
6,11,28,70,60,48,1,1,1,1,1,1,130,93,
31,14,10,68,89,58,1,1,1,1,1,1,157,113,
91,66,29,73,19,5,1,1,1,1,1,1,164,119,
79,75,84,82,78,4,1,1,1,1,1,1,166,236,
35,93,7,91,69,96,1,1,1,1,1,1,189,202,
50,1,33,60,84,55,1,1,1,1,1,1,144,139,
87,59,48,17,51,39,1,1,1,1,1,1,146,155,
20,18,37,45,100,32,1,1,1,1,1,1,145,107,
34,71,86,52,67,78,1,1,1,1,1,1,164,224,
4,48,30,13,14,9,1,1,1,1,1,1,78,40,1
67,27,4,53,85,57,1,1,1,1,1,1,152,141,
2,74,49,53,26,51,1,1,1,1,1,1,127,128,
1,81,5,61,23,27,1,1,1,1,1,1,142,56,1
18,57,21,25,69,59,1,1,1,1,1,1,128,121,
60,98,17,78,18,96,1,1,1,1,1,1,194,173,
28,60,93,88,40,14,1,1,1,1,1,1,181,142,
15,74,54,36,12,21,1,1,1,1,1,1,128,84,1
15,94,24,6,76,87,1,1,1,1,1,1,181,121,
18,48,88,85,74,64,1,1,1,1,1,1,173,204,
63,18,71,88,65,81,1,1,1,1,1,1,169,217,
90,4,72,65,79,12,1,1,1,1,1,1,169,153,
62,18,11,86,76,29,1,1,1,1,1,1,162,120,
45,39,91,32,77,28,1,1,1,1,1,1,168,144,
15,79,30,55,18,12,1,1,1,1,1,1,134,75,1
82,26,20,33,31,93,1,1,1,1,1,1,175,110,1
75,59,53,9,51,87,1,1,1,1,1,1,162,172,
30,75,3,4,39,31,1,1,1,1,1,1,114,68,1
72,95,54,34,6,11,1,1,1,1,1,1,167,105,1
95,56,23,90,92,41,1,1,1,1,1,1,187,210,
99,6,1,35,40,2,1,1,1,1,1,1,139,44,1
99,76,64,96,65,73,1,1,1,1,1,1,195,278,
41,44,89,83,60,97,1,1,1,1,1,1,186,228,
29,16,98,91,97,23,1,1,1,1,1,1,195,159,
31,49,44,2,12,69,1,1,1,1,1,1,118,89,
75,88,95,7,52,41,1,1,1,1,1,1,183,175,
85,42,9,40,31,59,1,1,1,1,1,1,144,122,
56,91,46,39,13,45,1,1,1,1,1,1,147,143,
56,12,41,38,24,92,1,1,1,1,1,1,148,115,
6,86,3,83,14,35,1,1,1,1,1,1,169,58,1
22,50,90,68,67,79,1,1,1,1,1,1,169,207,
93,98,16,60,66,55,1,1,1,1,1,1,191,197,
15,75,48,85,70,22,1,1,1,1,1,1,160,155,
41,50,96,88,90,97,1,1,1,1,1,1,193,269,
23,11,59,70,79,26,1,1,1,1,1,1,149,119,
16,79,24,87,64,32,1,1,1,1,1,1,166,136,
55,82,96,29,58,72,1,1,1,1,1,1,178,214,
60,72,86,56,82,2,1,1,1,1,1,1,168,190,
3,91,35,34,6,13,1,1,1,1,1,1,126,56,1
76,68,32,46,2,11,1,1,1,1,1,1,144,91,1
51,98,84,52,22,100,1,1,1,1,1,1,198,209,
29,44,4,39,18,41,1,1,1,1,1,1,85,90,
91,62,20,27,63,28,1,1,1,1,1,1,154,137,
55,27,77,53,49,9,1,1,1,1,1,1,132,138,
65,17,81,68,86,74,1,1,1,1,1,1,167,224,
70,16,33,95,72,20,1,1,1,1,1,1,167,139,
36,75,83,29,81,12,1,1,1,1,1,1,164,152,
67,18,61,8,73,76,1,1,1,1,1,1,149,154,
80,58,67,37,75,8,1,1,1,1,1,1,155,170,
60,33,2,42,88,45,1,1,1,1,1,1,148,122,
92,41,95,62,58,19,1,1,1,1,1,1,187,180,
38,41,25,66,11,57,1,1,1,1,1,1,123,115,
48,53,95,49,20,18,1,1,1,1,1,1,148,135,
71,91,28,54,62,86,1,1,1,1,1,1,177,215,
10,56,66,86,22,80,1,1,1,1,1,1,166,154,
66,79,82,4,52,13,1,1,1,1,1,1,161,135,
14,12,100,11,89,96,1,1,1,1,1,1,196,126,1
38,54,34,23,65,18,1,1,1,1,1,1,119,113,
6,55,41,36,27,18,1,1,1,1,1,1,96,87,
45,6,26,37,1,30,1,1,1,1,1,1,82,63,
99,30,25,6,90,89,1,1,1,1,1,1,189,150,
34,60,45,50,37,74,1,1,1,1,1,1,134,166,
99,36,37,50,7,24,1,1,1,1,1,1,149,104,
51,11,93,69,32,3,1,1,1,1,1,1,162,97,1
3,12,52,56,73,95,1,1,1,1,1,1,168,123,
63,76,8,99,18,92,1,1,1,1,1,1,191,165,
83,53,95,69,48,9,1,1,1,1,1,1,178,179,
50,66,85,95,21,62,1,1,1,1,1,1,180,199,
53,72,91,14,20,85,1,1,1,1,1,1,176,159,
74,51,29,61,4,19,1,1,1,1,1,1,135,103,
38,12,96,44,60,73,1,1,1,1,1,1,169,154,
44,82,71,20,54,48,1,1,1,1,1,1,153,166,
39,6,36,19,54,71,1,1,1,1,1,1,125,100,
62,69,17,93,83,90,1,1,1,1,1,1,183,231,
47,53,97,41,70,88,1,1,1,1,1,1,185,211,
91,77,66,18,83,11,1,1,1,1,1,1,174,172,
82,74,12,16,98,81,1,1,1,1,1,1,180,183,
26,97,94,86,60,75,1,1,1,1,1,1,191,247,
69,58,72,77,65,26,1,1,1,1,1,1,149,218,
9,66,98,56,22,78,1,1,1,1,1,1,176,153,
93,79,85,75,73,39,1,1,1,1,1,1,178,266,
99,32,35,10,42,71,1,1,1,1,1,1,170,119,
57,29,63,11,62,7,1,1,1,1,1,1,125,104,
35,77,24,41,81,51,1,1,1,1,1,1,158,151,
74,73,4,77,64,98,1,1,1,1,1,1,175,215,
78,71,61,42,30,15,1,1,1,1,1,1,149,148,
69,6,18,54,5,45,1,1,1,1,1,1,123,74,1
62,34,21,77,42,9,1,1,1,1,1,1,139,106,
43,76,85,65,72,83,1,1,1,1,1,1,168,256,
22,19,94,32,39,77,1,1,1,1,1,1,171,112,1
35,23,37,30,61,96,1,1,1,1,1,1,157,125,
93,17,4,50,95,67,1,1,1,1,1,1,188,138,
6,78,86,58,71,12,1,1,1,1,1,1,164,147,
62,93,100,42,21,20,1,1,1,1,1,1,193,145,
27,31,71,26,10,4,1,1,1,1,1,1,102,67,1
68,81,82,25,20,22,1,1,1,1,1,1,163,135,
5,84,83,47,14,61,1,1,1,1,1,1,167,127,
17,11,40,56,75,52,1,1,1,1,1,1,131,120,
10,8,31,79,65,50,1,1,1,1,1,1,144,99,
8,37,4,63,75,11,1,1,1,1,1,1,138,60,1
36,52,63,23,46,1,1,1,1,1,1,1,115,106,
25,80,14,38,75,48,1,1,1,1,1,1,155,125,
98,94,22,7,48,81,1,1,1,1,1,1,192,158,
96,90,2,9,44,76,1,1,1,1,1,1,186,131,
22,2,65,37,62,26,1,1,1,1,1,1,127,87,
31,30,78,29,51,67,1,1,1,1,1,1,145,141,
25,52,35,7,23,46,1,1,1,1,1,1,98,90,
12,51,95,49,54,92,1,1,1,1,1,1,187,166,
79,29,63,40,75,94,1,1,1,1,1,1,173,207,
18,19,37,12,52,38,1,1,1,1,1,1,90,86,
32,98,52,10,78,36,1,1,1,1,1,1,176,130,
25,28,17,41,8,63,1,1,1,1,1,1,104,78,
19,12,14,70,54,88,1,1,1,1,1,1,158,99,1
37,61,100,7,4,17,1,1,1,1,1,1,161,65,1
93,9,49,89,90,66,1,1,1,1,1,1,183,213,
51,14,44,50,47,52,1,1,1,1,1,1,103,155,
27,62,20,25,100,60,1,1,1,1,1,1,162,132,
40,76,28,95,67,5,1,1,1,1,1,1,171,140,
50,23,45,67,5,68,1,1,1,1,1,1,135,123,
34,39,48,41,64,47,1,1,1,1,1,1,112,161,
86,15,64,49,51,70,1,1,1,1,1,1,156,179,
34,17,16,47,2,84,1,1,1,1,1,1,131,69,1
57,80,45,70,52,72,1,1,1,1,1,1,152,224,
85,83,22,72,64,97,1,1,1,1,1,1,182,241,
10,26,40,21,27,6,1,1,1,1,1,1,67,63,
11,65,56,66,96,57,1,1,1,1,1,1,162,189,
22,53,16,89,11,40,1,1,1,1,1,1,142,89,1
82,93,83,13,51,45,1,1,1,1,1,1,176,191,
15,95,8,5,83,99,1,1,1,1,1,1,194,111,1
74,34,47,8,95,69,1,1,1,1,1,1,169,158,
98,49,46,94,66,70,1,1,1,1,1,1,192,231,
25,81,14,41,73,19,1,1,1,1,1,1,154,99,1
78,29,80,1,36,12,1,1,1,1,1,1,158,78,1
10,20,11,27,42,62,1,1,1,1,1,1,104,68,1
48,14,73,66,36,85,1,1,1,1,1,1,158,164,
86,21,71,26,35,61,1,1,1,1,1,1,157,143,
98,32,79,64,23,52,1,1,1,1,1,1,177,171,
23,22,20,50,30,81,1,1,1,1,1,1,131,95,
86,34,67,95,12,6,1,1,1,1,1,1,181,119,1
6,86,9,33,17,97,1,1,1,1,1,1,183,65,1
35,69,36,31,80,79,1,1,1,1,1,1,159,171,
96,11,70,36,59,71,1,1,1,1,1,1,167,176,
11,57,25,79,50,14,1,1,1,1,1,1,136,100,
84,66,68,25,22,98,1,1,1,1,1,1,182,181,
34,57,75,90,39,55,1,1,1,1,1,1,165,185,
38,2,91,66,68,76,1,1,1,1,1,1,167,174,
96,90,94,77,7,50,1,1,1,1,1,1,190,224,
40,16,95,47,60,78,1,1,1,1,1,1,173,163,
12,95,90,60,44,34,1,1,1,1,1,1,185,150,
6,20,48,33,35,58,1,1,1,1,1,1,106,94,
43,97,57,2,68,58,1,1,1,1,1,1,165,160,
77,44,81,36,49,78,1,1,1,1,1,1,159,206,
25,78,82,37,76,14,1,1,1,1,1,1,160,152,
4,62,34,7,8,19,1,1,1,1,1,1,96,38,1
14,42,72,60,36,95,1,1,1,1,1,1,167,152,
9,67,44,60,86,79,1,1,1,1,1,1,165,180,
55,30,97,18,64,83,1,1,1,1,1,1,180,167,
67,91,51,98,2,34,1,1,1,1,1,1,189,154,
47,92,63,1,11,57,1,1,1,1,1,1,155,116,
28,20,88,60,21,39,1,1,1,1,1,1,148,108,
18,6,28,64,19,56,1,1,1,1,1,1,120,71,1
93,12,16,34,63,29,1,1,1,1,1,1,156,91,1
6,1,73,5,72,2,1,1,1,1,1,1,145,14,1
48,16,2,7,82,73,1,1,1,1,1,1,155,73,1
24,92,70,81,71,40,1,1,1,1,1,1,173,205,
95,67,56,41,58,26,1,1,1,1,1,1,162,181,
30,53,36,48,21,87,1,1,1,1,1,1,140,135,
27,48,41,32,94,6,1,1,1,1,1,1,142,106,
80,88,100,5,53,75,1,1,1,1,1,1,188,213,
91,37,27,97,26,68,1,1,1,1,1,1,188,158,
43,64,33,6,91,83,1,1,1,1,1,1,174,146,
70,81,39,63,52,90,1,1,1,1,1,1,171,224,
89,50,21,6,18,16,1,1,1,1,1,1,139,61,1
80,52,66,48,47,93,1,1,1,1,1,1,173,213,
8,57,70,29,47,2,1,1,1,1,1,1,127,86,
80,36,49,96,24,94,1,1,1,1,1,1,190,189,
51,62,87,94,100,57,1,1,1,1,1,1,194,257,
71,89,54,9,46,85,1,1,1,1,1,1,174,180,
84,92,4,79,69,86,1,1,1,1,1,1,178,236,
86,43,87,67,52,64,1,1,1,1,1,1,173,226,
30,21,92,52,22,48,1,1,1,1,1,1,144,121,
43,42,66,100,63,20,1,1,1,1,1,1,166,168,
58,5,33,14,66,17,1,1,1,1,1,1,124,69,1
27,66,20,63,51,92,1,1,1,1,1,1,158,161,
84,64,43,58,12,22,1,1,1,1,1,1,148,135,
34,76,83,97,63,65,1,1,1,1,1,1,180,238,
78,15,28,91,90,20,1,1,1,1,1,1,181,141,
63,59,65,15,43,16,1,1,1,1,1,1,128,133,
42,91,36,37,5,58,1,1,1,1,1,1,149,120,
63,73,2,64,34,24,1,1,1,1,1,1,137,123,
55,99,15,9,34,36,1,1,1,1,1,1,154,94,1
70,77,46,69,57,36,1,1,1,1,1,1,147,208,
3,66,31,27,95,64,1,1,1,1,1,1,161,125,
45,70,22,19,79,94,1,1,1,1,1,1,173,156,
98,63,94,30,84,9,1,1,1,1,1,1,192,186,
3,56,65,19,21,76,1,1,1,1,1,1,141,99,
10,86,77,14,4,100,1,1,1,1,1,1,186,105,1
33,65,58,89,34,12,1,1,1,1,1,1,154,137,
57,36,5,65,32,62,1,1,1,1,1,1,127,130,
50,65,51,34,78,99,1,1,1,1,1,1,177,200,
47,64,23,14,100,92,1,1,1,1,1,1,192,148,
80,97,17,72,66,42,1,1,1,1,1,1,177,197,
74,51,98,71,72,73,1,1,1,1,1,1,172,267,
45,78,84,1,82,60,1,1,1,1,1,1,166,184,
46,16,37,30,1,93,1,1,1,1,1,1,139,84,1
46,66,68,52,57,93,1,1,1,1,1,1,161,221,
91,33,30,1,36,52,1,1,1,1,1,1,143,100,
74,14,12,51,17,32,1,1,1,1,1,1,125,75,1
48,18,26,1,64,51,1,1,1,1,1,1,115,93,
65,100,37,44,4,58,1,1,1,1,1,1,165,143,
1,14,33,13,67,3,1,1,1,1,1,1,100,31,1
50,84,83,60,65,11,1,1,1,1,1,1,167,186,
2,74,51,78,4,43,1,1,1,1,1,1,152,100,1
1,69,52,22,33,23,1,1,1,1,1,1,121,79,1
53,71,100,5,18,80,1,1,1,1,1,1,180,147,
22,70,43,46,90,51,1,1,1,1,1,1,160,162,
42,32,76,58,63,51,1,1,1,1,1,1,139,183,
6,26,84,99,50,9,1,1,1,1,1,1,183,91,1
66,5,67,42,41,49,1,1,1,1,1,1,133,137,
46,25,90,1,77,86,1,1,1,1,1,1,176,149,
41,98,77,43,30,94,1,1,1,1,1,1,192,191,
73,28,80,60,88,42,1,1,1,1,1,1,168,203,
54,68,63,20,10,5,1,1,1,1,1,1,131,89,
47,56,81,44,29,75,1,1,1,1,1,1,156,176,
99,21,33,61,37,10,1,1,1,1,1,1,160,101,1
73,99,95,96,55,18,1,1,1,1,1,1,195,241,
73,14,76,12,49,61,1,1,1,1,1,1,149,136,
9,99,97,2,24,61,1,1,1,1,1,1,196,96,1
73,98,72,12,95,87,1,1,1,1,1,1,193,244,
30,11,6,93,64,55,1,1,1,1,1,1,157,102,1
9,14,53,77,44,38,1,1,1,1,1,1,130,105,
99,79,29,100,36,15,1,1,1,1,1,1,199,159,
61,18,26,76,42,64,1,1,1,1,1,1,140,147,
22,2,86,58,83,37,1,1,1,1,1,1,169,119,
89,91,11,65,73,59,1,1,1,1,1,1,180,208,
41,24,81,67,28,50,1,1,1,1,1,1,148,143,
5,4,31,58,14,27,1,1,1,1,1,1,89,50,1
90,95,5,9,86,16,1,1,1,1,1,1,185,116,1
19,85,95,100,69,65,1,1,1,1,1,1,195,238,
9,96,25,91,39,75,1,1,1,1,1,1,187,148,
17,47,86,76,100,37,1,1,1,1,1,1,186,177,
20,34,97,10,35,14,1,1,1,1,1,1,132,78,1
48,45,62,89,74,29,1,1,1,1,1,1,163,184,
20,2,65,97,50,54,1,1,1,1,1,1,162,126,
99,78,82,50,1,94,1,1,1,1,1,1,193,211,
43,88,1,100,57,9,1,1,1,1,1,1,188,110,1
5,10,47,43,3,75,1,1,1,1,1,1,122,61,1
73,85,23,79,6,25,1,1,1,1,1,1,164,127,
96,32,68,74,52,80,1,1,1,1,1,1,176,226,
79,13,62,73,21,97,1,1,1,1,1,1,176,169,
63,79,28,20,24,62,1,1,1,1,1,1,142,134,
81,99,96,28,100,22,1,1,1,1,1,1,199,227,
89,80,97,67,68,27,1,1,1,1,1,1,186,242,
19,13,72,80,75,83,1,1,1,1,1,1,163,179,
68,4,20,88,30,33,1,1,1,1,1,1,156,87,1
8,91,61,65,12,20,1,1,1,1,1,1,156,101,1
39,77,50,61,78,9,1,1,1,1,1,1,155,159,
80,85,71,79,94,69,1,1,1,1,1,1,179,299,
77,90,16,42,74,9,1,1,1,1,1,1,167,141,
23,58,75,98,80,29,1,1,1,1,1,1,178,185,
13,20,61,2,93,55,1,1,1,1,1,1,154,90,1
53,70,92,27,9,15,1,1,1,1,1,1,162,104,1
28,68,63,97,55,64,1,1,1,1,1,1,165,210,
22,2,3,26,8,84,1,1,1,1,1,1,110,35,1
75,78,13,28,71,22,1,1,1,1,1,1,153,134,
29,18,61,25,28,43,1,1,1,1,1,1,104,100,
58,7,87,18,47,2,1,1,1,1,1,1,145,74,1
68,22,30,49,66,21,1,1,1,1,1,1,134,122,
51,52,18,29,65,4,1,1,1,1,1,1,117,102,
48,30,62,43,77,22,1,1,1,1,1,1,139,143,
93,78,95,38,5,40,1,1,1,1,1,1,188,161,
19,92,61,50,89,75,1,1,1,1,1,1,181,205,
25,99,48,2,35,3,1,1,1,1,1,1,147,65,1
64,67,34,50,6,38,1,1,1,1,1,1,131,128,
26,68,87,85,58,14,1,1,1,1,1,1,172,166,
60,12,51,19,1,85,1,1,1,1,1,1,145,83,1
33,10,1,91,54,47,1,1,1,1,1,1,145,91,1
67,44,10,16,27,89,1,1,1,1,1,1,156,97,1
52,70,26,45,89,90,1,1,1,1,1,1,179,193,
41,58,85,49,78,80,1,1,1,1,1,1,165,226,
86,70,78,65,8,82,1,1,1,1,1,1,168,221,
65,97,68,27,12,11,1,1,1,1,1,1,165,115,
91,87,64,30,4,82,1,1,1,1,1,1,178,180,
21,87,96,25,51,43,1,1,1,1,1,1,183,140,
79,39,50,5,46,42,1,1,1,1,1,1,129,132,
91,69,8,61,49,72,1,1,1,1,1,1,163,187,
57,59,74,50,49,98,1,1,1,1,1,1,172,215,
17,36,88,75,31,62,1,1,1,1,1,1,163,146,
36,91,20,63,72,35,1,1,1,1,1,1,163,154,
61,64,91,40,11,8,1,1,1,1,1,1,155,120,
61,33,71,86,8,13,1,1,1,1,1,1,157,115,
66,24,67,54,49,26,1,1,1,1,1,1,133,153,
5,68,31,70,17,32,1,1,1,1,1,1,138,85,1
94,7,77,13,73,58,1,1,1,1,1,1,171,151,
89,31,73,6,22,69,1,1,1,1,1,1,162,128,
62,84,79,23,93,15,1,1,1,1,1,1,177,179,
26,57,71,73,90,76,1,1,1,1,1,1,166,227,
54,53,75,20,1,49,1,1,1,1,1,1,129,123,
48,42,97,61,96,74,1,1,1,1,1,1,193,225,
59,37,75,15,5,76,1,1,1,1,1,1,151,116,
4,81,13,66,47,5,1,1,1,1,1,1,147,69,1
73,84,78,36,76,58,1,1,1,1,1,1,162,243,
89,95,100,94,7,1,1,1,1,1,1,1,195,191,
55,8,10,52,76,100,1,1,1,1,1,1,176,125,
27,49,48,68,72,44,1,1,1,1,1,1,140,168,
94,85,35,74,78,52,1,1,1,1,1,1,179,239,
96,58,15,93,68,12,1,1,1,1,1,1,189,153,
72,37,55,60,97,96,1,1,1,1,1,1,193,224,
23,82,20,50,40,96,1,1,1,1,1,1,178,133,
5,30,19,64,28,76,1,1,1,1,1,1,140,82,1
19,36,12,1,34,45,1,1,1,1,1,1,81,66,
19,31,45,88,71,37,1,1,1,1,1,1,159,132,
98,85,60,99,80,30,1,1,1,1,1,1,197,255,
14,37,50,42,1,45,1,1,1,1,1,1,95,94,
3,13,39,100,79,38,1,1,1,1,1,1,179,93,1
43,16,75,71,59,6,1,1,1,1,1,1,146,124,
23,70,55,76,27,6,1,1,1,1,1,1,146,111,
9,6,12,44,92,85,1,1,1,1,1,1,177,71,1
72,16,94,96,83,36,1,1,1,1,1,1,190,207,
87,15,86,17,79,28,1,1,1,1,1,1,173,139,
22,27,56,43,9,54,1,1,1,1,1,1,110,101,
1,98,97,100,13,7,1,1,1,1,1,1,198,118,1
2,94,56,37,48,34,1,1,1,1,1,1,150,121,
89,72,21,95,47,2,1,1,1,1,1,1,184,142,
59,78,42,90,82,62,1,1,1,1,1,1,172,241,
36,96,5,87,1,12,1,1,1,1,1,1,183,54,1
33,81,87,10,41,15,1,1,1,1,1,1,168,99,1
45,26,70,53,73,37,1,1,1,1,1,1,143,161,
16,41,56,61,28,48,1,1,1,1,1,1,117,133,
18,53,26,97,3,73,1,1,1,1,1,1,170,100,1
72,29,46,50,41,1,1,1,1,1,1,1,122,117,
75,35,56,100,23,42,1,1,1,1,1,1,175,156,
50,76,69,68,23,43,1,1,1,1,1,1,145,184,
50,93,60,57,31,18,1,1,1,1,1,1,153,156,
69,14,39,18,53,49,1,1,1,1,1,1,122,120,
58,62,54,77,21,37,1,1,1,1,1,1,139,170,
52,61,60,10,55,45,1,1,1,1,1,1,121,162,
58,48,100,86,11,79,1,1,1,1,1,1,186,196,
62,57,31,3,86,18,1,1,1,1,1,1,148,109,
19,87,98,3,8,13,1,1,1,1,1,1,185,43,1
63,48,19,91,8,82,1,1,1,1,1,1,173,138,
80,32,96,12,13,4,1,1,1,1,1,1,176,61,1
90,74,43,87,82,65,1,1,1,1,1,1,177,264,
39,16,73,58,95,79,1,1,1,1,1,1,174,186,
93,18,2,25,50,33,1,1,1,1,1,1,143,78,1
99,59,75,38,93,2,1,1,1,1,1,1,192,174,
73,87,5,59,43,79,1,1,1,1,1,1,166,180,
11,88,24,47,90,26,1,1,1,1,1,1,178,108,1
18,45,70,98,77,63,1,1,1,1,1,1,175,196,
64,3,18,56,63,62,1,1,1,1,1,1,127,139,
22,41,44,11,2,23,1,1,1,1,1,1,85,58,
90,21,32,67,65,29,1,1,1,1,1,1,157,147,
65,71,37,40,56,96,1,1,1,1,1,1,167,198,
30,14,48,89,29,17,1,1,1,1,1,1,137,90,1
90,95,53,97,14,68,1,1,1,1,1,1,192,225,
94,62,53,10,59,72,1,1,1,1,1,1,166,184,
81,68,53,92,74,48,1,1,1,1,1,1,173,243,
33,87,49,26,6,52,1,1,1,1,1,1,139,114,
53,45,29,76,38,70,1,1,1,1,1,1,146,165,
5,78,100,73,8,3,1,1,1,1,1,1,178,89,1
57,61,14,41,15,17,1,1,1,1,1,1,118,87,
9,65,80,63,6,89,1,1,1,1,1,1,169,143,
30,8,43,53,6,57,1,1,1,1,1,1,110,87,
64,85,83,59,94,18,1,1,1,1,1,1,179,224,
91,47,84,16,93,58,1,1,1,1,1,1,184,205,
4,13,70,54,87,12,1,1,1,1,1,1,157,83,1
3,40,13,52,82,79,1,1,1,1,1,1,161,108,
30,47,42,71,97,3,1,1,1,1,1,1,168,122,
100,21,91,60,72,78,1,1,1,1,1,1,191,231,
40,58,59,70,87,57,1,1,1,1,1,1,157,214,
17,46,31,81,92,97,1,1,1,1,1,1,189,175,
100,17,47,98,78,84,1,1,1,1,1,1,198,226,
56,34,16,35,87,14,1,1,1,1,1,1,143,99,
85,60,99,20,46,80,1,1,1,1,1,1,184,206,
8,33,20,85,15,97,1,1,1,1,1,1,182,76,1
94,45,10,50,43,20,1,1,1,1,1,1,144,118,
39,45,89,67,24,66,1,1,1,1,1,1,156,174,
15,95,92,62,64,61,1,1,1,1,1,1,187,202,
20,5,41,35,32,91,1,1,1,1,1,1,132,92,
47,8,40,75,18,12,1,1,1,1,1,1,122,78,1
43,10,16,49,99,13,1,1,1,1,1,1,148,82,1
64,63,39,96,99,54,1,1,1,1,1,1,195,220,
54,93,12,74,79,68,1,1,1,1,1,1,172,208,
71,18,1,22,5,77,1,1,1,1,1,1,148,46,1
26,1,39,77,13,55,1,1,1,1,1,1,132,79,1
20,10,39,36,91,30,1,1,1,1,1,1,130,96,
30,69,22,89,84,11,1,1,1,1,1,1,173,132,
75,50,17,51,73,44,1,1,1,1,1,1,148,162,
62,7,38,99,17,26,1,1,1,1,1,1,161,88,1
47,29,49,57,94,56,1,1,1,1,1,1,151,181,
42,46,28,27,12,44,1,1,1,1,1,1,90,109,
21,23,64,97,11,79,1,1,1,1,1,1,176,119,
34,79,48,35,82,14,1,1,1,1,1,1,161,131,
17,24,60,7,82,4,1,1,1,1,1,1,142,52,1
68,37,13,20,80,96,1,1,1,1,1,1,176,138,
73,44,36,61,39,70,1,1,1,1,1,1,143,180,
3,1,33,26,60,70,1,1,1,1,1,1,130,63,1
61,73,21,1,15,7,1,1,1,1,1,1,134,44,1
91,29,12,34,81,67,1,1,1,1,1,1,172,142,
44,15,20,84,33,45,1,1,1,1,1,1,129,112,
10,26,30,75,85,98,1,1,1,1,1,1,183,141,
38,63,59,76,61,82,1,1,1,1,1,1,158,221,
56,3,66,23,72,89,1,1,1,1,1,1,161,148,
76,28,66,91,32,100,1,1,1,1,1,1,191,202,
78,12,65,85,72,48,1,1,1,1,1,1,163,197,
14,32,2,61,88,85,1,1,1,1,1,1,173,109,1
44,8,80,14,90,57,1,1,1,1,1,1,170,123,
36,16,40,87,41,33,1,1,1,1,1,1,128,125,
60,16,73,57,42,85,1,1,1,1,1,1,158,175,
69,57,13,87,52,6,1,1,1,1,1,1,156,128,
78,35,86,33,43,70,1,1,1,1,1,1,164,181,
49,99,21,45,55,26,1,1,1,1,1,1,154,141,
1,84,20,52,11,41,1,1,1,1,1,1,136,73,1
3,88,22,34,99,8,1,1,1,1,1,1,187,67,1
79,56,45,78,28,43,1,1,1,1,1,1,157,172,
44,25,81,54,83,71,1,1,1,1,1,1,164,194,
90,42,33,44,35,49,1,1,1,1,1,1,139,154,
40,45,85,59,66,72,1,1,1,1,1,1,157,210,
35,41,51,19,48,99,1,1,1,1,1,1,150,143,
57,49,80,33,32,60,1,1,1,1,1,1,140,171,
22,69,63,42,97,36,1,1,1,1,1,1,166,163,
72,37,93,47,20,98,1,1,1,1,1,1,191,176,
22,89,53,87,49,2,1,1,1,1,1,1,176,126,
99,7,16,59,64,91,1,1,1,1,1,1,190,146,
76,100,61,80,68,98,1,1,1,1,1,1,198,285,
50,82,66,79,49,59,1,1,1,1,1,1,161,224,
99,35,78,46,17,39,1,1,1,1,1,1,177,137,
3,48,68,39,9,62,1,1,1,1,1,1,130,99,
88,25,86,11,94,22,1,1,1,1,1,1,182,144,
62,99,94,32,17,74,1,1,1,1,1,1,193,185,
38,7,58,73,32,3,1,1,1,1,1,1,131,80,1
19,63,15,9,99,66,1,1,1,1,1,1,165,106,1
32,59,96,94,24,4,1,1,1,1,1,1,190,119,1
57,45,43,4,33,6,1,1,1,1,1,1,102,86,
73,15,2,92,12,52,1,1,1,1,1,1,165,81,1
16,49,66,79,48,2,1,1,1,1,1,1,145,115,
6,17,78,62,2,5,1,1,1,1,1,1,140,30,1
14,96,66,33,35,57,1,1,1,1,1,1,162,139,
48,19,47,16,26,44,1,1,1,1,1,1,95,105,
68,37,63,43,50,32,1,1,1,1,1,1,131,162,
60,98,83,94,85,42,1,1,1,1,1,1,192,270,
81,38,35,18,2,75,1,1,1,1,1,1,156,93,1
35,80,96,48,14,27,1,1,1,1,1,1,176,124,
92,41,74,51,97,87,1,1,1,1,1,1,189,253,
99,70,26,54,78,81,1,1,1,1,1,1,180,228,
62,41,52,99,17,83,1,1,1,1,1,1,182,172,
23,82,55,63,66,72,1,1,1,1,1,1,154,207,
77,23,32,37,11,93,1,1,1,1,1,1,170,103,1
71,36,49,62,94,89,1,1,1,1,1,1,183,218,
43,10,7,70,29,52,1,1,1,1,1,1,122,89,
19,39,23,5,69,94,1,1,1,1,1,1,163,86,1
42,85,51,52,60,55,1,1,1,1,1,1,145,200,
76,50,53,81,69,80,1,1,1,1,1,1,161,248,
22,80,41,98,55,92,1,1,1,1,1,1,190,198,
33,76,72,35,70,6,1,1,1,1,1,1,148,144,
30,9,69,78,52,27,1,1,1,1,1,1,147,118,
68,51,74,81,75,94,1,1,1,1,1,1,175,268,
6,98,58,13,1,19,1,1,1,1,1,1,156,39,1
34,31,51,91,14,67,1,1,1,1,1,1,158,130,
88,6,59,18,36,30,1,1,1,1,1,1,147,90,1
75,60,23,6,36,99,1,1,1,1,1,1,174,125,
57,40,48,86,91,38,1,1,1,1,1,1,177,183,
74,55,5,39,96,87,1,1,1,1,1,1,183,173,
51,71,54,59,6,13,1,1,1,1,1,1,130,124,
25,78,81,7,41,84,1,1,1,1,1,1,165,151,
19,34,79,67,91,21,1,1,1,1,1,1,170,141,
57,67,95,42,62,63,1,1,1,1,1,1,162,224,
81,40,27,85,67,57,1,1,1,1,1,1,166,191,
73,91,28,6,53,25,1,1,1,1,1,1,164,112,
61,51,91,5,90,71,1,1,1,1,1,1,181,188,
40,26,73,30,8,68,1,1,1,1,1,1,141,104,
76,39,75,7,17,73,1,1,1,1,1,1,151,136,
64,42,2,71,24,53,1,1,1,1,1,1,135,121,
53,65,79,82,17,60,1,1,1,1,1,1,161,195,
8,27,28,35,56,87,1,1,1,1,1,1,143,98,
36,84,60,57,79,90,1,1,1,1,1,1,174,232,
100,86,76,93,57,53,1,1,1,1,1,1,193,272,
80,88,89,85,84,5,1,1,1,1,1,1,177,254,
23,27,88,64,60,71,1,1,1,1,1,1,159,174,
9,36,61,84,49,18,1,1,1,1,1,1,145,112,
36,61,20,11,23,57,1,1,1,1,1,1,118,90,
50,75,83,97,69,36,1,1,1,1,1,1,180,230,
13,50,100,59,4,29,1,1,1,1,1,1,159,96,1
72,70,39,50,10,25,1,1,1,1,1,1,142,124,
42,4,18,48,35,93,1,1,1,1,1,1,141,99,
8,82,97,55,89,90,1,1,1,1,1,1,187,234,
67,59,24,15,16,11,1,1,1,1,1,1,126,66,1
86,64,58,83,97,71,1,1,1,1,1,1,183,276,
13,9,2,8,83,49,1,1,1,1,1,1,132,32,1
21,34,74,32,73,67,1,1,1,1,1,1,147,154,
13,64,71,74,5,79,1,1,1,1,1,1,153,153,
20,17,45,96,40,70,1,1,1,1,1,1,166,122,
95,78,38,55,26,57,1,1,1,1,1,1,173,176,
30,25,34,18,86,62,1,1,1,1,1,1,148,107,
64,15,36,31,22,52,1,1,1,1,1,1,116,104,
90,25,95,2,43,78,1,1,1,1,1,1,185,148,
10,78,79,55,71,52,1,1,1,1,1,1,157,188,
71,9,27,60,54,82,1,1,1,1,1,1,153,150,
81,22,82,9,13,24,1,1,1,1,1,1,163,68,1
47,15,45,81,28,26,1,1,1,1,1,1,128,114,
84,14,23,25,40,4,1,1,1,1,1,1,124,66,1
38,65,6,74,92,70,1,1,1,1,1,1,166,179,
12,17,94,59,54,67,1,1,1,1,1,1,161,142,
30,16,4,79,24,13,1,1,1,1,1,1,109,57,1
93,7,76,15,91,100,1,1,1,1,1,1,193,189,
65,69,62,26,57,1,1,1,1,1,1,1,134,146,
87,84,94,81,34,99,1,1,1,1,1,1,193,286,
51,40,39,41,28,81,1,1,1,1,1,1,132,148,
53,13,99,51,47,59,1,1,1,1,1,1,158,164,
19,94,92,55,57,18,1,1,1,1,1,1,186,149,
42,90,60,12,39,43,1,1,1,1,1,1,150,136,
22,3,9,58,27,46,1,1,1,1,1,1,104,61,1
63,14,61,74,78,75,1,1,1,1,1,1,153,212,
99,3,69,39,8,29,1,1,1,1,1,1,168,79,1
15,17,27,29,19,80,1,1,1,1,1,1,109,78,
81,71,14,47,27,10,1,1,1,1,1,1,152,98,1
87,70,47,76,65,25,1,1,1,1,1,1,163,207,
24,34,90,80,70,65,1,1,1,1,1,1,170,193,
6,97,9,51,63,16,1,1,1,1,1,1,160,82,1
23,32,71,31,46,42,1,1,1,1,1,1,117,128,
20,59,94,79,44,4,1,1,1,1,1,1,173,127,
21,2,92,61,8,78,1,1,1,1,1,1,170,92,1
86,72,23,58,62,70,1,1,1,1,1,1,158,213,
63,9,45,27,83,81,1,1,1,1,1,1,164,144,
47,98,35,43,80,87,1,1,1,1,1,1,185,205,
33,63,11,56,86,61,1,1,1,1,1,1,149,161,
20,11,26,61,72,81,1,1,1,1,1,1,153,118,
54,95,44,16,27,99,1,1,1,1,1,1,194,141,
34,59,13,10,43,14,1,1,1,1,1,1,102,71,
36,92,68,62,48,80,1,1,1,1,1,1,172,214,
85,73,22,51,37,81,1,1,1,1,1,1,166,183,
72,60,91,49,88,38,1,1,1,1,1,1,179,219,
79,100,50,43,85,38,1,1,1,1,1,1,185,210,
56,67,16,75,23,81,1,1,1,1,1,1,156,162,
53,67,80,98,74,10,1,1,1,1,1,1,178,204,
36,69,83,76,66,54,1,1,1,1,1,1,159,225,
13,4,20,42,83,76,1,1,1,1,1,1,159,79,1
67,14,37,69,82,81,1,1,1,1,1,1,163,187,
56,55,94,92,76,60,1,1,1,1,1,1,186,247,
81,39,55,62,20,80,1,1,1,1,1,1,161,176,
43,75,47,12,96,52,1,1,1,1,1,1,171,154,
50,100,46,71,55,75,1,1,1,1,1,1,175,222,
100,7,29,46,67,23,1,1,1,1,1,1,167,105,1
45,81,25,2,8,56,1,1,1,1,1,1,137,80,1
35,28,69,90,62,23,1,1,1,1,1,1,159,148,
60,89,78,33,44,84,1,1,1,1,1,1,173,215,
58,45,12,56,74,82,1,1,1,1,1,1,156,171,
45,55,86,82,3,57,1,1,1,1,1,1,168,160,
12,94,72,7,84,95,1,1,1,1,1,1,189,175,
59,50,42,82,22,33,1,1,1,1,1,1,141,147,
83,23,18,16,51,53,1,1,1,1,1,1,136,108,
82,69,29,66,90,12,1,1,1,1,1,1,172,176,
82,17,98,6,40,61,1,1,1,1,1,1,180,124,
96,12,77,8,100,47,1,1,1,1,1,1,196,144,
76,88,10,41,42,15,1,1,1,1,1,1,164,108,1
88,34,61,76,11,17,1,1,1,1,1,1,164,123,
78,52,89,19,70,99,1,1,1,1,1,1,188,219,
10,95,94,26,45,16,1,1,1,1,1,1,189,97,1
2,5,42,84,10,74,1,1,1,1,1,1,158,59,1
3,54,80,26,70,69,1,1,1,1,1,1,150,152,
79,25,98,1,85,33,1,1,1,1,1,1,183,138,
99,46,49,26,27,20,1,1,1,1,1,1,148,119,
23,94,28,61,88,7,1,1,1,1,1,1,182,119,1
25,64,60,86,53,59,1,1,1,1,1,1,150,197,
23,36,60,21,34,37,1,1,1,1,1,1,97,114,
91,62,57,7,11,85,1,1,1,1,1,1,176,137,
77,10,74,37,36,19,1,1,1,1,1,1,151,102,
97,32,64,94,73,66,1,1,1,1,1,1,191,235,
43,23,76,13,71,90,1,1,1,1,1,1,166,150,
6,34,49,11,31,62,1,1,1,1,1,1,111,82,
7,99,88,75,11,79,1,1,1,1,1,1,187,172,
9,93,63,100,47,27,1,1,1,1,1,1,193,146,
14,13,39,45,77,15,1,1,1,1,1,1,122,81,1
62,81,51,34,19,92,1,1,1,1,1,1,173,166,
88,42,41,8,94,91,1,1,1,1,1,1,185,179,
3,68,71,1,87,98,1,1,1,1,1,1,185,143,
88,63,92,30,86,98,1,1,1,1,1,1,190,267,
63,81,86,41,67,38,1,1,1,1,1,1,167,209,
80,55,1,67,32,96,1,1,1,1,1,1,176,155,
39,70,86,44,78,54,1,1,1,1,1,1,164,207,
62,83,73,8,39,23,1,1,1,1,1,1,156,132,
34,72,71,84,78,98,1,1,1,1,1,1,182,255,
93,1,78,7,68,94,1,1,1,1,1,1,187,154,
5,87,75,39,15,69,1,1,1,1,1,1,162,128,
59,15,57,39,74,94,1,1,1,1,1,1,168,170,
95,55,91,23,44,90,1,1,1,1,1,1,186,212,
90,50,67,11,77,34,1,1,1,1,1,1,167,162,
93,13,97,28,53,55,1,1,1,1,1,1,190,149,
64,51,69,63,42,12,1,1,1,1,1,1,133,168,
77,6,61,83,88,74,1,1,1,1,1,1,171,218,
55,52,49,2,30,74,1,1,1,1,1,1,129,133,
75,26,70,43,4,19,1,1,1,1,1,1,145,92,1
94,3,20,49,29,42,1,1,1,1,1,1,143,94,1
92,47,9,52,98,75,1,1,1,1,1,1,190,183,
9,64,57,25,65,24,1,1,1,1,1,1,129,115,
12,48,62,41,39,3,1,1,1,1,1,1,110,95,
100,98,34,48,47,6,1,1,1,1,1,1,198,135,
17,55,45,14,30,22,1,1,1,1,1,1,100,83,
56,32,94,13,20,88,1,1,1,1,1,1,182,121,1
84,10,13,9,19,66,1,1,1,1,1,1,150,51,1
38,91,88,20,61,14,1,1,1,1,1,1,179,133,
85,82,44,3,23,81,1,1,1,1,1,1,167,151,
69,24,57,65,25,56,1,1,1,1,1,1,134,162,
71,63,18,79,87,19,1,1,1,1,1,1,166,171,
45,65,49,13,80,19,1,1,1,1,1,1,145,126,
7,45,31,54,43,42,1,1,1,1,1,1,99,123,
60,30,68,88,20,22,1,1,1,1,1,1,156,132,
58,5,12,2,79,69,1,1,1,1,1,1,148,77,1
77,66,12,82,57,31,1,1,1,1,1,1,159,166,
81,56,28,26,74,57,1,1,1,1,1,1,155,167,
7,86,58,93,21,20,1,1,1,1,1,1,179,106,1
80,46,70,20,29,21,1,1,1,1,1,1,150,116,
41,57,15,88,5,17,1,1,1,1,1,1,145,78,1
40,10,91,24,11,79,1,1,1,1,1,1,170,85,1
54,30,41,13,42,26,1,1,1,1,1,1,96,110,
74,35,46,66,77,84,1,1,1,1,1,1,161,221,
52,26,21,34,15,22,1,1,1,1,1,1,86,84,
8,92,48,6,63,32,1,1,1,1,1,1,155,94,1
49,15,9,75,2,53,1,1,1,1,1,1,128,75,1
79,62,24,52,30,63,1,1,1,1,1,1,142,168,
88,3,75,1,76,32,1,1,1,1,1,1,164,111,
9,6,64,22,3,65,1,1,1,1,1,1,129,40,1
29,62,70,11,23,1,1,1,1,1,1,1,132,64,1
37,91,12,45,89,76,1,1,1,1,1,1,180,170,
20,36,92,62,24,65,1,1,1,1,1,1,157,142,
91,11,59,84,61,21,1,1,1,1,1,1,175,152,
97,12,51,17,10,11,1,1,1,1,1,1,148,50,1
10,63,74,37,1,20,1,1,1,1,1,1,137,68,1
62,66,24,53,61,68,1,1,1,1,1,1,134,200,
58,1,10,22,20,31,1,1,1,1,1,1,89,53,1
79,90,38,24,41,76,1,1,1,1,1,1,169,179,
74,89,14,97,54,65,1,1,1,1,1,1,186,207,
36,11,89,45,60,51,1,1,1,1,1,1,149,143,
10,78,16,14,20,31,1,1,1,1,1,1,109,60,1
76,59,16,50,81,70,1,1,1,1,1,1,157,195,
31,57,51,38,22,33,1,1,1,1,1,1,108,124,
15,4,73,100,13,14,1,1,1,1,1,1,173,46,1
97,7,11,60,41,55,1,1,1,1,1,1,157,114,
25,83,44,97,1,4,1,1,1,1,1,1,180,74,1
39,35,47,84,93,1,1,1,1,1,1,1,177,122,
29,23,20,70,73,68,1,1,1,1,1,1,143,140,
73,61,69,93,49,82,1,1,1,1,1,1,175,252,
93,78,63,32,80,89,1,1,1,1,1,1,182,253,
5,20,63,1,92,51,1,1,1,1,1,1,155,77,1
33,10,73,49,32,61,1,1,1,1,1,1,134,124,
29,96,35,10,26,38,1,1,1,1,1,1,134,100,
15,54,32,47,12,76,1,1,1,1,1,1,130,106,
14,83,54,20,39,33,1,1,1,1,1,1,137,106,
86,38,6,32,41,35,1,1,1,1,1,1,127,111,
95,12,68,65,25,9,1,1,1,1,1,1,163,111,
36,75,25,16,69,77,1,1,1,1,1,1,152,146,
2,96,4,62,63,9,1,1,1,1,1,1,159,77,1
19,33,43,38,82,20,1,1,1,1,1,1,125,110,
95,12,68,39,94,6,1,1,1,1,1,1,189,125,1
78,79,41,36,59,75,1,1,1,1,1,1,157,211,
91,60,70,36,72,39,1,1,1,1,1,1,163,205,
69,23,82,100,88,22,1,1,1,1,1,1,188,196,
44,85,71,70,18,62,1,1,1,1,1,1,156,194,
63,76,60,61,71,28,1,1,1,1,1,1,147,212,
43,47,26,6,51,20,1,1,1,1,1,1,98,95,
25,14,28,27,30,71,1,1,1,1,1,1,101,94,
19,65,12,32,58,3,1,1,1,1,1,1,123,66,1
48,62,32,88,61,41,1,1,1,1,1,1,150,182,
46,64,15,34,74,57,1,1,1,1,1,1,138,152,
29,68,52,5,41,15,1,1,1,1,1,1,120,90,
57,39,12,17,58,93,1,1,1,1,1,1,151,125,
1,84,13,16,99,50,1,1,1,1,1,1,183,80,1
78,62,4,91,80,92,1,1,1,1,1,1,183,224,
92,4,90,61,14,74,1,1,1,1,1,1,182,153,
53,88,25,13,75,49,1,1,1,1,1,1,163,140,
5,49,56,19,14,62,1,1,1,1,1,1,118,87,
29,18,35,64,28,92,1,1,1,1,1,1,156,110,
16,58,18,1,99,26,1,1,1,1,1,1,157,61,1
48,97,7,29,75,5,1,1,1,1,1,1,172,89,1
87,51,3,90,94,79,1,1,1,1,1,1,184,220,
60,25,8,15,45,12,1,1,1,1,1,1,105,60,1
85,67,27,50,14,88,1,1,1,1,1,1,173,158,
2,62,95,59,88,16,1,1,1,1,1,1,183,139,
38,50,29,34,63,6,1,1,1,1,1,1,113,107,
35,45,16,72,39,41,1,1,1,1,1,1,117,131,
62,66,26,55,38,74,1,1,1,1,1,1,140,181,
9,65,48,8,6,86,1,1,1,1,1,1,151,71,1
5,36,49,75,17,98,1,1,1,1,1,1,173,107,1
26,3,78,32,88,56,1,1,1,1,1,1,166,117,
96,78,77,2,1,42,1,1,1,1,1,1,174,122,
30,26,98,79,5,44,1,1,1,1,1,1,177,105,1
82,47,84,17,79,28,1,1,1,1,1,1,166,171,
72,1,95,38,68,60,1,1,1,1,1,1,167,167,
66,36,72,32,39,77,1,1,1,1,1,1,149,173,
61,59,77,53,15,6,1,1,1,1,1,1,138,133,
39,20,74,7,23,29,1,1,1,1,1,1,113,79,
47,33,43,83,26,14,1,1,1,1,1,1,130,116,
81,6,19,10,20,23,1,1,1,1,1,1,104,55,1
90,75,85,88,40,5,1,1,1,1,1,1,178,205,
72,2,47,77,23,65,1,1,1,1,1,1,149,137,
4,8,100,43,60,27,1,1,1,1,1,1,160,82,1
72,48,19,69,40,2,1,1,1,1,1,1,141,109,
56,13,19,53,46,94,1,1,1,1,1,1,150,131,
47,13,43,48,21,12,1,1,1,1,1,1,95,89,
9,84,72,90,75,45,1,1,1,1,1,1,174,201,
61,11,90,48,69,56,1,1,1,1,1,1,159,176,
15,49,100,33,76,98,1,1,1,1,1,1,198,173,
92,20,47,18,99,12,1,1,1,1,1,1,191,97,1
8,54,56,2,94,40,1,1,1,1,1,1,150,104,
96,60,35,54,44,31,1,1,1,1,1,1,156,164,
70,5,77,64,38,11,1,1,1,1,1,1,147,118,
68,4,58,87,10,85,1,1,1,1,1,1,172,140,
24,52,54,56,84,9,1,1,1,1,1,1,140,139,
36,82,87,23,44,31,1,1,1,1,1,1,169,134,
27,42,19,24,48,98,1,1,1,1,1,1,146,112,
29,72,89,60,39,66,1,1,1,1,1,1,161,194,
29,91,19,72,78,86,1,1,1,1,1,1,177,198,
38,6,95,91,53,43,1,1,1,1,1,1,186,140,
24,81,61,88,53,37,1,1,1,1,1,1,169,175,
84,79,36,9,63,15,1,1,1,1,1,1,163,123,
13,64,56,83,10,58,1,1,1,1,1,1,147,137,
68,4,86,53,79,3,1,1,1,1,1,1,165,128,
32,25,3,54,61,52,1,1,1,1,1,1,115,112,
9,1,95,24,13,36,1,1,1,1,1,1,131,47,1
66,48,97,99,46,37,1,1,1,1,1,1,196,197,
91,43,78,75,5,39,1,1,1,1,1,1,169,162,
8,56,5,61,92,96,1,1,1,1,1,1,188,130,
17,83,15,97,47,44,1,1,1,1,1,1,180,123,
95,76,98,19,33,67,1,1,1,1,1,1,193,195,
60,55,7,48,54,32,1,1,1,1,1,1,115,141,
76,90,41,25,29,7,1,1,1,1,1,1,166,102,1
26,66,33,21,32,72,1,1,1,1,1,1,138,112,
36,89,24,27,20,39,1,1,1,1,1,1,128,107,
89,49,56,57,29,28,1,1,1,1,1,1,146,162,
42,17,22,86,29,46,1,1,1,1,1,1,132,110,
33,73,58,16,93,96,1,1,1,1,1,1,189,180,
48,99,69,31,66,40,1,1,1,1,1,1,168,185,
89,91,50,93,76,64,1,1,1,1,1,1,184,279,
80,56,95,91,39,16,1,1,1,1,1,1,186,191,
92,68,29,62,33,16,1,1,1,1,1,1,160,140,
4,94,12,77,44,45,1,1,1,1,1,1,171,105,1
29,24,74,17,60,59,1,1,1,1,1,1,134,129,
69,44,25,42,88,87,1,1,1,1,1,1,175,180,
46,54,16,4,30,38,1,1,1,1,1,1,100,88,
4,90,50,5,12,7,1,1,1,1,1,1,140,28,1
24,54,17,73,28,65,1,1,1,1,1,1,138,123,
7,67,43,72,18,28,1,1,1,1,1,1,139,96,
34,86,58,45,5,85,1,1,1,1,1,1,171,142,
46,31,98,28,54,88,1,1,1,1,1,1,186,159,
14,79,88,35,6,8,1,1,1,1,1,1,167,63,1
37,82,28,70,52,41,1,1,1,1,1,1,152,158,
86,15,89,2,6,94,1,1,1,1,1,1,183,109,1
33,4,48,74,65,82,1,1,1,1,1,1,156,150,
50,66,71,7,15,98,1,1,1,1,1,1,169,138,
100,33,63,64,93,39,1,1,1,1,1,1,193,199,
18,47,48,34,49,58,1,1,1,1,1,1,107,147,
72,47,94,10,69,92,1,1,1,1,1,1,186,198,
25,91,13,92,39,85,1,1,1,1,1,1,183,162,
66,61,99,1,41,96,1,1,1,1,1,1,195,169,
50,42,98,61,40,88,1,1,1,1,1,1,186,193,
57,23,91,54,99,87,1,1,1,1,1,1,190,221,
14,44,23,41,4,34,1,1,1,1,1,1,85,75,
17,6,82,34,14,51,1,1,1,1,1,1,133,71,1
31,58,77,27,44,28,1,1,1,1,1,1,135,130,
46,100,16,77,47,38,1,1,1,1,1,1,177,147,
33,71,66,31,6,65,1,1,1,1,1,1,137,135,
90,78,35,81,30,22,1,1,1,1,1,1,171,165,
9,27,95,18,32,58,1,1,1,1,1,1,153,86,1
28,100,90,83,62,78,1,1,1,1,1,1,190,251,
61,89,42,30,37,59,1,1,1,1,1,1,150,168,
34,48,71,67,8,16,1,1,1,1,1,1,138,106,
74,13,73,18,76,35,1,1,1,1,1,1,150,139,
69,53,85,40,93,62,1,1,1,1,1,1,178,224,
16,92,66,63,42,58,1,1,1,1,1,1,158,179,
80,66,48,55,27,33,1,1,1,1,1,1,146,163,
67,77,50,57,34,22,1,1,1,1,1,1,144,163,
45,8,31,36,91,14,1,1,1,1,1,1,136,89,1
66,27,89,74,58,76,1,1,1,1,1,1,165,225,
81,34,28,88,96,59,1,1,1,1,1,1,184,202,
53,15,9,3,34,57,1,1,1,1,1,1,110,61,1
94,63,33,97,85,37,1,1,1,1,1,1,191,218,
49,62,61,46,19,2,1,1,1,1,1,1,123,116,
71,87,93,5,53,64,1,1,1,1,1,1,180,193,
2,31,6,44,8,32,1,1,1,1,1,1,76,47,1
88,31,5,66,49,13,1,1,1,1,1,1,154,98,1
36,58,59,83,19,89,1,1,1,1,1,1,172,172,
93,31,68,50,18,71,1,1,1,1,1,1,164,167,
95,33,3,94,12,45,1,1,1,1,1,1,189,93,1
57,89,47,65,13,18,1,1,1,1,1,1,154,135,
52,31,93,22,23,18,1,1,1,1,1,1,145,94,1
32,30,27,69,39,83,1,1,1,1,1,1,152,128,
11,47,79,97,4,83,1,1,1,1,1,1,180,141,
28,87,14,19,57,53,1,1,1,1,1,1,144,114,
29,62,76,35,5,44,1,1,1,1,1,1,138,113,
97,6,84,49,71,54,1,1,1,1,1,1,181,180,
21,34,52,4,39,6,1,1,1,1,1,1,91,65,
33,72,93,76,34,21,1,1,1,1,1,1,169,160,
52,51,46,98,78,91,1,1,1,1,1,1,189,227,
86,52,77,27,54,96,1,1,1,1,1,1,182,210,
8,78,62,58,16,42,1,1,1,1,1,1,140,124,
45,64,57,99,7,42,1,1,1,1,1,1,163,151,
39,21,60,100,53,56,1,1,1,1,1,1,160,169,
70,48,39,34,65,29,1,1,1,1,1,1,135,150,
47,69,95,76,15,3,1,1,1,1,1,1,171,134,
19,92,34,2,56,88,1,1,1,1,1,1,180,111,1
52,2,56,27,70,97,1,1,1,1,1,1,167,137,
78,99,79,21,65,13,1,1,1,1,1,1,178,177,
33,73,18,63,78,1,1,1,1,1,1,1,151,115,
35,42,30,76,14,32,1,1,1,1,1,1,118,111,
37,28,5,31,22,23,1,1,1,1,1,1,68,78,
97,87,29,21,44,13,1,1,1,1,1,1,184,107,1
60,70,95,3,19,55,1,1,1,1,1,1,165,137,
73,77,35,57,86,100,1,1,1,1,1,1,186,242,
33,4,41,73,51,59,1,1,1,1,1,1,132,129,
71,50,20,66,29,38,1,1,1,1,1,1,137,137,
92,84,65,4,13,81,1,1,1,1,1,1,176,163,
5,99,96,14,71,27,1,1,1,1,1,1,195,117,1
42,10,25,77,91,58,1,1,1,1,1,1,168,135,
80,18,8,45,42,70,1,1,1,1,1,1,150,113,
25,20,58,81,69,28,1,1,1,1,1,1,150,131,
61,36,68,51,16,63,1,1,1,1,1,1,131,164,
16,73,75,57,65,61,1,1,1,1,1,1,148,199,
94,74,64,93,46,58,1,1,1,1,1,1,187,242,
89,46,9,19,100,39,1,1,1,1,1,1,189,113,1
85,52,6,92,83,9,1,1,1,1,1,1,177,150,
84,32,20,50,6,92,1,1,1,1,1,1,176,108,1
47,75,42,68,89,59,1,1,1,1,1,1,164,216,
50,70,30,15,77,75,1,1,1,1,1,1,152,165,
48,66,47,72,100,34,1,1,1,1,1,1,172,195,
83,13,91,98,3,59,1,1,1,1,1,1,189,158,
63,4,19,76,13,26,1,1,1,1,1,1,139,62,1
93,19,15,57,28,82,1,1,1,1,1,1,175,119,
68,7,33,82,60,16,1,1,1,1,1,1,150,116,
83,47,66,74,10,5,1,1,1,1,1,1,157,128,
61,21,86,15,99,81,1,1,1,1,1,1,185,178,
30,29,33,53,64,61,1,1,1,1,1,1,125,145,
28,62,67,15,90,59,1,1,1,1,1,1,157,164,
89,17,12,72,75,88,1,1,1,1,1,1,177,176,
1,43,2,6,84,42,1,1,1,1,1,1,127,51,1
56,78,45,85,14,91,1,1,1,1,1,1,176,193,
67,80,86,62,18,81,1,1,1,1,1,1,167,227,
85,20,41,35,69,67,1,1,1,1,1,1,154,163,
85,87,34,98,45,30,1,1,1,1,1,1,185,194,
92,93,34,13,62,56,1,1,1,1,1,1,185,165,
84,10,35,76,75,61,1,1,1,1,1,1,160,181,
12,16,22,57,13,88,1,1,1,1,1,1,145,63,1
63,4,31,47,43,57,1,1,1,1,1,1,120,125,
36,18,68,72,100,70,1,1,1,1,1,1,172,192,
7,20,4,70,80,33,1,1,1,1,1,1,150,64,1
60,90,70,18,82,27,1,1,1,1,1,1,172,175,
85,39,7,94,29,15,1,1,1,1,1,1,179,90,1
92,95,16,99,60,67,1,1,1,1,1,1,194,235,
94,28,64,72,29,33,1,1,1,1,1,1,166,154,
86,89,13,12,24,20,1,1,1,1,1,1,175,69,1
1,88,60,57,28,48,1,1,1,1,1,1,148,134,
78,48,65,49,42,58,1,1,1,1,1,1,143,197,
8,46,27,23,58,40,1,1,1,1,1,1,104,98,
5,66,100,23,80,39,1,1,1,1,1,1,180,133,
48,57,51,36,11,46,1,1,1,1,1,1,108,141,
78,40,38,41,54,87,1,1,1,1,1,1,165,173,
4,22,77,57,89,17,1,1,1,1,1,1,166,100,1
56,67,1,5,50,30,1,1,1,1,1,1,123,86,
42,14,30,53,58,17,1,1,1,1,1,1,111,103,
86,44,68,74,1,7,1,1,1,1,1,1,160,120,
84,73,72,20,33,47,1,1,1,1,1,1,157,172,
17,53,72,13,41,20,1,1,1,1,1,1,125,91,
38,72,31,52,58,7,1,1,1,1,1,1,130,128,
11,76,20,90,75,17,1,1,1,1,1,1,166,123,
36,35,6,71,30,77,1,1,1,1,1,1,148,107,
26,36,3,34,31,61,1,1,1,1,1,1,97,94,
40,97,31,11,46,91,1,1,1,1,1,1,188,128,
22,23,80,36,14,86,1,1,1,1,1,1,166,95,1
98,66,58,77,28,7,1,1,1,1,1,1,175,159,
17,4,25,16,53,76,1,1,1,1,1,1,129,62,1
10,1,61,39,43,92,1,1,1,1,1,1,153,93,1
56,62,87,48,79,16,1,1,1,1,1,1,166,182,
23,5,7,28,69,49,1,1,1,1,1,1,118,63,1
80,15,40,41,93,71,1,1,1,1,1,1,173,167,
89,69,70,38,58,84,1,1,1,1,1,1,173,235,
93,59,45,58,22,99,1,1,1,1,1,1,192,184,
33,56,53,100,15,88,1,1,1,1,1,1,188,157,
55,85,19,28,3,70,1,1,1,1,1,1,155,105,
81,32,60,2,96,58,1,1,1,1,1,1,177,152,
51,36,25,84,24,26,1,1,1,1,1,1,135,111,
28,82,60,77,79,95,1,1,1,1,1,1,177,244,
79,45,85,15,58,99,1,1,1,1,1,1,184,197,
47,20,48,41,59,13,1,1,1,1,1,1,107,121,
84,93,23,83,4,18,1,1,1,1,1,1,177,128,
24,31,76,62,11,58,1,1,1,1,1,1,138,124,
69,71,12,2,73,11,1,1,1,1,1,1,144,94,1
18,49,21,75,85,81,1,1,1,1,1,1,166,163,
22,49,31,34,55,76,1,1,1,1,1,1,131,136,
58,43,92,53,71,75,1,1,1,1,1,1,167,225,
93,58,25,59,2,4,1,1,1,1,1,1,152,89,1
15,46,9,53,44,36,1,1,1,1,1,1,99,104,
17,99,33,52,7,43,1,1,1,1,1,1,151,100,1
32,69,76,50,67,45,1,1,1,1,1,1,145,194,
75,81,6,79,2,92,1,1,1,1,1,1,173,162,
53,4,14,55,64,80,1,1,1,1,1,1,144,126,
52,28,34,29,43,22,1,1,1,1,1,1,95,113,
40,76,7,75,1,47,1,1,1,1,1,1,151,95,1
25,54,24,9,52,7,1,1,1,1,1,1,106,65,1
26,19,77,67,79,37,1,1,1,1,1,1,156,149,
22,14,21,17,10,19,1,1,1,1,1,1,43,60,
21,13,10,85,46,100,1,1,1,1,1,1,185,90,1
93,57,96,75,77,95,1,1,1,1,1,1,191,302,
70,95,76,39,96,72,1,1,1,1,1,1,191,257,
80,72,83,63,73,47,1,1,1,1,1,1,163,255,
7,94,42,80,49,88,1,1,1,1,1,1,182,178,
31,51,97,78,84,44,1,1,1,1,1,1,181,204,
51,49,38,62,25,88,1,1,1,1,1,1,150,163,
23,63,58,65,14,47,1,1,1,1,1,1,128,142,
59,71,53,73,90,69,1,1,1,1,1,1,163,252,
55,37,44,43,59,84,1,1,1,1,1,1,143,179,
44,43,65,53,93,7,1,1,1,1,1,1,158,147,
88,46,62,28,51,23,1,1,1,1,1,1,150,148,
35,61,80,89,46,82,1,1,1,1,1,1,171,222,
19,87,98,35,47,85,1,1,1,1,1,1,185,186,
94,100,30,25,38,11,1,1,1,1,1,1,194,104,1
42,69,81,77,29,80,1,1,1,1,1,1,161,217,
9,10,92,16,53,39,1,1,1,1,1,1,145,74,1
47,32,57,17,41,12,1,1,1,1,1,1,104,102,
47,37,10,80,36,25,1,1,1,1,1,1,127,108,
85,70,34,1,42,45,1,1,1,1,1,1,155,122,
59,87,67,26,99,75,1,1,1,1,1,1,186,227,
10,32,11,31,74,53,1,1,1,1,1,1,127,84,1
21,43,17,94,76,3,1,1,1,1,1,1,170,84,1
17,22,94,70,33,93,1,1,1,1,1,1,187,142,
24,41,54,84,1,70,1,1,1,1,1,1,154,120,
35,74,29,24,66,43,1,1,1,1,1,1,140,131,
68,63,12,84,8,38,1,1,1,1,1,1,152,121,
69,58,42,2,48,39,1,1,1,1,1,1,127,131,
35,74,9,17,70,14,1,1,1,1,1,1,144,75,1
73,62,25,63,4,26,1,1,1,1,1,1,136,117,
77,2,73,97,94,70,1,1,1,1,1,1,191,222,
80,35,49,32,67,44,1,1,1,1,1,1,147,160,
35,7,32,10,98,71,1,1,1,1,1,1,169,84,1
18,97,91,56,94,29,1,1,1,1,1,1,191,194,
10,54,73,69,63,86,1,1,1,1,1,1,159,196,
44,66,38,75,79,16,1,1,1,1,1,1,154,164,
51,21,74,37,81,91,1,1,1,1,1,1,172,183,
20,50,72,61,8,49,1,1,1,1,1,1,133,127,
47,9,19,100,23,25,1,1,1,1,1,1,147,76,1
35,38,92,2,29,22,1,1,1,1,1,1,130,88,
73,93,92,70,54,55,1,1,1,1,1,1,185,252,
19,23,60,47,88,59,1,1,1,1,1,1,148,148,
43,54,37,72,75,48,1,1,1,1,1,1,147,182,
14,67,59,4,40,21,1,1,1,1,1,1,126,79,1
79,73,30,87,61,36,1,1,1,1,1,1,166,200,
9,34,1,64,65,26,1,1,1,1,1,1,129,70,1
58,91,11,44,63,5,1,1,1,1,1,1,154,118,
45,61,15,18,72,70,1,1,1,1,1,1,142,139,
41,52,29,85,56,15,1,1,1,1,1,1,141,137,
54,59,5,11,32,36,1,1,1,1,1,1,113,84,
77,83,86,69,62,17,1,1,1,1,1,1,169,225,
82,8,24,3,84,55,1,1,1,1,1,1,166,90,1
52,99,59,66,5,32,1,1,1,1,1,1,165,148,
53,7,69,47,62,8,1,1,1,1,1,1,131,115,
25,80,36,81,50,21,1,1,1,1,1,1,161,132,
15,23,28,45,64,85,1,1,1,1,1,1,149,111,
81,99,68,36,39,11,1,1,1,1,1,1,180,154,
19,21,72,100,76,3,1,1,1,1,1,1,176,115,1
94,24,87,53,92,36,1,1,1,1,1,1,186,200,
28,76,70,29,59,51,1,1,1,1,1,1,146,167,
64,41,6,27,70,62,1,1,1,1,1,1,134,136,
92,32,45,22,67,36,1,1,1,1,1,1,159,135,
49,47,31,35,81,29,1,1,1,1,1,1,130,142,
91,7,57,67,65,20,1,1,1,1,1,1,158,149,
71,48,13,57,53,47,1,1,1,1,1,1,128,161,
28,98,18,13,95,37,1,1,1,1,1,1,193,96,1
61,39,4,77,92,75,1,1,1,1,1,1,169,179,
93,42,9,73,7,80,1,1,1,1,1,1,173,131,
2,28,86,51,59,55,1,1,1,1,1,1,145,136,
77,1,28,87,20,44,1,1,1,1,1,1,164,93,1
33,68,43,16,51,18,1,1,1,1,1,1,119,110,
99,85,3,6,70,17,1,1,1,1,1,1,184,96,1
5,4,50,94,35,81,1,1,1,1,1,1,175,94,1
93,42,98,67,18,55,1,1,1,1,1,1,191,182,
81,7,23,60,36,27,1,1,1,1,1,1,141,93,1
68,77,20,46,95,97,1,1,1,1,1,1,192,211,
43,12,26,50,76,36,1,1,1,1,1,1,126,117,
1,62,50,21,89,68,1,1,1,1,1,1,157,134,
43,79,27,34,91,97,1,1,1,1,1,1,188,183,
14,77,73,28,82,51,1,1,1,1,1,1,159,166,
85,79,98,51,59,60,1,1,1,1,1,1,183,249,
37,2,15,11,23,6,1,1,1,1,1,1,60,34,1
12,66,98,11,38,51,1,1,1,1,1,1,164,112,
39,61,18,82,42,31,1,1,1,1,1,1,143,130,
73,12,35,42,11,100,1,1,1,1,1,1,173,100,1
65,92,82,62,85,83,1,1,1,1,1,1,177,292,
29,92,49,42,35,62,1,1,1,1,1,1,154,155,
76,81,60,80,26,30,1,1,1,1,1,1,161,192,
4,44,88,77,76,46,1,1,1,1,1,1,165,170,
97,42,44,85,94,57,1,1,1,1,1,1,191,228,
36,22,93,35,42,48,1,1,1,1,1,1,141,135,
72,64,2,84,76,91,1,1,1,1,1,1,175,214,
41,20,24,33,1,99,1,1,1,1,1,1,140,78,1
56,1,38,57,36,44,1,1,1,1,1,1,113,119,
13,83,12,57,95,62,1,1,1,1,1,1,178,144,
12,88,77,39,97,89,1,1,1,1,1,1,186,216,
6,11,61,2,59,15,1,1,1,1,1,1,120,34,1
50,40,97,33,67,89,1,1,1,1,1,1,186,190,
45,57,98,43,20,59,1,1,1,1,1,1,157,165,
5,76,49,38,1,84,1,1,1,1,1,1,160,93,1
16,36,34,29,89,56,1,1,1,1,1,1,145,115,
37,84,90,22,88,61,1,1,1,1,1,1,178,204,
4,68,64,36,31,40,1,1,1,1,1,1,132,111,
69,54,89,98,3,20,1,1,1,1,1,1,187,146,
13,86,82,66,30,32,1,1,1,1,1,1,168,141,
20,42,53,38,84,25,1,1,1,1,1,1,137,125,
8,61,79,58,98,70,1,1,1,1,1,1,177,197,
23,86,43,58,62,68,1,1,1,1,1,1,154,186,
86,58,89,75,11,28,1,1,1,1,1,1,175,172,
8,20,16,23,9,21,1,1,1,1,1,1,44,53,
70,84,34,57,91,87,1,1,1,1,1,1,178,245,
9,89,50,92,51,21,1,1,1,1,1,1,181,131,
13,73,97,85,55,79,1,1,1,1,1,1,182,220,
61,25,73,35,32,74,1,1,1,1,1,1,147,153,
100,36,13,6,69,12,1,1,1,1,1,1,169,67,1
3,44,18,23,98,74,1,1,1,1,1,1,172,88,1
35,71,22,52,77,9,1,1,1,1,1,1,148,118,
42,9,50,19,93,17,1,1,1,1,1,1,143,87,1
52,89,18,55,46,42,1,1,1,1,1,1,144,158,
52,37,35,100,48,79,1,1,1,1,1,1,179,172,
5,6,81,51,48,52,1,1,1,1,1,1,133,110,
72,66,83,50,60,49,1,1,1,1,1,1,155,225,
76,22,6,5,14,24,1,1,1,1,1,1,100,47,1
70,24,49,28,17,69,1,1,1,1,1,1,139,118,
77,84,87,1,5,85,1,1,1,1,1,1,172,167,
72,20,44,22,10,92,1,1,1,1,1,1,164,96,1
3,9,13,86,81,87,1,1,1,1,1,1,173,106,1
60,49,30,34,27,20,1,1,1,1,1,1,109,111,
55,48,64,9,72,100,1,1,1,1,1,1,172,176,
64,10,30,53,77,51,1,1,1,1,1,1,141,144,
55,32,14,7,2,57,1,1,1,1,1,1,112,55,1
1,11,2,94,85,6,1,1,1,1,1,1,179,20,1
9,57,92,30,23,4,1,1,1,1,1,1,149,66,1
30,64,99,19,24,79,1,1,1,1,1,1,178,137,
81,87,2,27,80,100,1,1,1,1,1,1,187,190,
60,41,94,38,44,69,1,1,1,1,1,1,163,183,
19,82,32,22,84,77,1,1,1,1,1,1,166,150,
16,68,12,17,33,77,1,1,1,1,1,1,145,78,1
69,21,62,19,17,98,1,1,1,1,1,1,167,119,
89,62,32,99,96,100,1,1,1,1,1,1,199,279,
12,84,78,79,80,68,1,1,1,1,1,1,164,237,
38,91,67,70,97,26,1,1,1,1,1,1,188,201,
99,61,74,14,73,16,1,1,1,1,1,1,173,164,
9,4,14,89,82,71,1,1,1,1,1,1,171,98,1
77,59,61,51,3,41,1,1,1,1,1,1,138,154,
43,4,76,52,24,81,1,1,1,1,1,1,157,123,
59,71,33,61,64,2,1,1,1,1,1,1,135,155,
46,74,88,92,97,49,1,1,1,1,1,1,189,257,
90,27,28,40,12,2,1,1,1,1,1,1,130,69,1
76,98,18,52,9,34,1,1,1,1,1,1,174,113,1
7,89,91,10,15,32,1,1,1,1,1,1,180,64,1
70,38,72,14,80,50,1,1,1,1,1,1,152,172,
39,29,87,18,41,97,1,1,1,1,1,1,184,127,
72,67,78,74,76,96,1,1,1,1,1,1,174,289,
59,97,23,4,77,34,1,1,1,1,1,1,174,120,
19,84,68,87,94,78,1,1,1,1,1,1,181,249,
38,67,75,55,85,1,1,1,1,1,1,1,160,161,
21,25,2,67,60,70,1,1,1,1,1,1,137,108,
48,92,83,100,99,23,1,1,1,1,1,1,199,246,
19,67,10,33,65,66,1,1,1,1,1,1,133,127,
5,74,86,18,6,31,1,1,1,1,1,1,160,60,1
18,55,15,82,48,100,1,1,1,1,1,1,182,136,
88,47,74,32,91,37,1,1,1,1,1,1,179,190,
76,85,72,36,28,63,1,1,1,1,1,1,161,199,
97,68,72,37,82,56,1,1,1,1,1,1,179,233,
9,8,38,52,79,84,1,1,1,1,1,1,163,107,1
52,74,96,22,12,65,1,1,1,1,1,1,170,151,
26,47,60,18,11,35,1,1,1,1,1,1,107,90,
8,5,45,95,79,20,1,1,1,1,1,1,174,78,1
7,60,55,94,24,19,1,1,1,1,1,1,154,105,
36,50,54,3,63,47,1,1,1,1,1,1,117,136,
26,64,61,71,44,73,1,1,1,1,1,1,144,195,
40,42,49,12,47,19,1,1,1,1,1,1,96,113,
93,7,6,100,44,9,1,1,1,1,1,1,193,66,1
9,84,53,95,8,68,1,1,1,1,1,1,179,138,
34,32,64,43,13,95,1,1,1,1,1,1,159,122,
38,43,3,67,15,46,1,1,1,1,1,1,113,99,
79,1,45,33,64,50,1,1,1,1,1,1,143,129,
89,77,21,46,60,62,1,1,1,1,1,1,166,189,
7,16,75,96,100,58,1,1,1,1,1,1,196,156,
77,31,65,1,87,4,1,1,1,1,1,1,164,101,1
68,83,100,71,55,2,1,1,1,1,1,1,183,196,
84,51,6,16,26,72,1,1,1,1,1,1,156,99,1
56,45,49,7,4,22,1,1,1,1,1,1,105,78,
25,93,53,62,79,77,1,1,1,1,1,1,172,217,
34,89,64,57,63,78,1,1,1,1,1,1,167,218,
22,19,50,90,40,30,1,1,1,1,1,1,140,111,
17,90,87,64,66,97,1,1,1,1,1,1,187,234,
49,3,77,83,10,100,1,1,1,1,1,1,183,139,
99,28,53,5,97,75,1,1,1,1,1,1,196,161,
30,44,8,46,22,78,1,1,1,1,1,1,124,104,
59,51,24,98,61,56,1,1,1,1,1,1,159,190,
11,60,98,58,49,64,1,1,1,1,1,1,162,178,
69,32,68,7,33,23,1,1,1,1,1,1,137,95,
37,36,95,28,31,50,1,1,1,1,1,1,145,132,
89,6,76,53,44,23,1,1,1,1,1,1,165,126,
43,74,17,45,62,44,1,1,1,1,1,1,136,149,
77,62,23,39,51,98,1,1,1,1,1,1,175,175,
7,72,62,38,26,60,1,1,1,1,1,1,134,131,
65,82,14,92,27,20,1,1,1,1,1,1,174,126,
15,56,57,52,76,91,1,1,1,1,1,1,167,180,
28,79,71,61,46,9,1,1,1,1,1,1,150,144,
46,2,56,77,36,25,1,1,1,1,1,1,133,109,
10,41,14,45,18,63,1,1,1,1,1,1,108,83,
2,44,98,53,15,62,1,1,1,1,1,1,160,114,
34,88,40,46,65,16,1,1,1,1,1,1,153,136,
48,70,52,55,50,26,1,1,1,1,1,1,125,176,
67,25,33,82,47,54,1,1,1,1,1,1,149,159,
73,42,95,29,97,26,1,1,1,1,1,1,192,170,
60,55,59,53,18,15,1,1,1,1,1,1,119,141,
86,33,98,66,6,77,1,1,1,1,1,1,184,182,
53,25,57,60,11,56,1,1,1,1,1,1,117,145,
78,17,60,88,4,5,1,1,1,1,1,1,166,86,1
97,44,29,94,47,78,1,1,1,1,1,1,191,198,
58,26,79,80,68,64,1,1,1,1,1,1,159,216,
39,58,24,79,97,57,1,1,1,1,1,1,176,178,
79,100,6,22,7,35,1,1,1,1,1,1,179,70,1
59,78,74,29,51,65,1,1,1,1,1,1,152,204,
81,6,62,51,99,55,1,1,1,1,1,1,180,174,
5,16,56,65,35,62,1,1,1,1,1,1,127,112,
1,21,87,38,42,9,1,1,1,1,1,1,129,69,1
49,98,13,77,33,23,1,1,1,1,1,1,175,118,
70,4,17,45,28,36,1,1,1,1,1,1,115,85,
99,4,52,3,77,59,1,1,1,1,1,1,176,118,
55,4,3,26,49,1,1,1,1,1,1,1,104,34,1
67,81,44,94,85,45,1,1,1,1,1,1,179,237,
93,82,69,13,75,45,1,1,1,1,1,1,175,202,
57,34,36,2,85,69,1,1,1,1,1,1,154,129,
97,16,53,82,34,25,1,1,1,1,1,1,179,128,
98,27,88,74,85,20,1,1,1,1,1,1,186,206,
88,20,95,53,28,4,1,1,1,1,1,1,183,105,1
14,90,94,35,50,99,1,1,1,1,1,1,193,189,
69,88,92,21,43,86,1,1,1,1,1,1,180,219,
54,91,15,80,41,37,1,1,1,1,1,1,171,147,
27,92,83,72,38,69,1,1,1,1,1,1,175,206,
76,82,60,73,33,94,1,1,1,1,1,1,176,242,
36,26,77,49,54,22,1,1,1,1,1,1,131,133,
98,24,62,43,31,48,1,1,1,1,1,1,160,146,
70,14,91,49,53,7,1,1,1,1,1,1,161,123,
84,95,36,19,2,85,1,1,1,1,1,1,180,141,
14,67,21,26,79,23,1,1,1,1,1,1,146,84,1
33,63,46,25,2,1,1,1,1,1,1,1,109,61,1
92,31,12,67,96,97,1,1,1,1,1,1,193,202,
48,34,47,1,59,57,1,1,1,1,1,1,116,130,
50,5,1,23,37,9,1,1,1,1,1,1,87,38,1
60,83,48,19,20,34,1,1,1,1,1,1,143,121,
46,10,73,12,15,13,1,1,1,1,1,1,119,50,1
34,21,74,72,13,87,1,1,1,1,1,1,161,140,
64,72,41,95,67,83,1,1,1,1,1,1,178,244,
87,3,53,67,13,78,1,1,1,1,1,1,165,136,
87,41,72,57,91,19,1,1,1,1,1,1,178,189,
43,22,64,56,32,73,1,1,1,1,1,1,137,153,
64,8,88,35,22,46,1,1,1,1,1,1,152,111,
56,100,93,85,40,39,1,1,1,1,1,1,193,220,
73,25,17,35,64,13,1,1,1,1,1,1,137,90,1
81,90,40,30,64,34,1,1,1,1,1,1,171,168,
55,51,23,52,46,10,1,1,1,1,1,1,107,130,
93,80,81,73,47,60,1,1,1,1,1,1,174,260,
79,22,88,2,31,9,1,1,1,1,1,1,167,64,1
84,47,19,45,29,86,1,1,1,1,1,1,170,140,
42,66,78,71,24,12,1,1,1,1,1,1,149,144,
63,98,92,88,79,44,1,1,1,1,1,1,190,274,
4,80,36,12,46,44,1,1,1,1,1,1,126,96,
41,100,31,69,93,94,1,1,1,1,1,1,194,234,
7,39,40,52,31,79,1,1,1,1,1,1,131,117,
69,54,14,7,31,57,1,1,1,1,1,1,126,106,
28,69,57,61,71,95,1,1,1,1,1,1,166,215,
69,71,88,12,63,99,1,1,1,1,1,1,187,215,
75,63,42,90,86,8,1,1,1,1,1,1,176,188,
49,5,71,70,88,37,1,1,1,1,1,1,159,161,
47,50,36,23,88,82,1,1,1,1,1,1,170,156,
92,7,62,36,28,99,1,1,1,1,1,1,191,133,
56,59,95,11,40,12,1,1,1,1,1,1,154,119,
39,23,16,60,97,26,1,1,1,1,1,1,157,104,1
87,39,80,51,90,43,1,1,1,1,1,1,177,213,
88,7,45,61,76,3,1,1,1,1,1,1,164,116,
5,84,29,8,54,58,1,1,1,1,1,1,142,96,
64,47,92,32,12,58,1,1,1,1,1,1,156,149,
1,26,17,38,90,13,1,1,1,1,1,1,128,57,1
17,84,55,43,30,28,1,1,1,1,1,1,139,118,
89,96,4,43,14,47,1,1,1,1,1,1,185,108,1
62,70,43,41,47,38,1,1,1,1,1,1,132,169,
19,97,9,78,72,62,1,1,1,1,1,1,175,162,
68,46,57,30,11,71,1,1,1,1,1,1,139,144,
49,18,28,98,3,53,1,1,1,1,1,1,151,98,1
83,29,39,33,93,99,1,1,1,1,1,1,192,184,
38,69,77,61,50,37,1,1,1,1,1,1,146,186,
12,5,30,45,83,2,1,1,1,1,1,1,128,49,1
80,58,65,63,98,21,1,1,1,1,1,1,178,207,
44,68,100,64,5,91,1,1,1,1,1,1,191,181,
91,15,59,6,69,80,1,1,1,1,1,1,171,149,
100,71,66,93,47,83,1,1,1,1,1,1,193,267,
57,70,97,71,25,98,1,1,1,1,1,1,195,223,
68,15,56,61,87,57,1,1,1,1,1,1,155,189,
66,1,85,78,60,13,1,1,1,1,1,1,163,140,
74,78,100,84,99,44,1,1,1,1,1,1,199,280,
59,12,20,1,67,66,1,1,1,1,1,1,133,92,
20,53,2,30,65,36,1,1,1,1,1,1,118,88,
3,20,89,41,23,75,1,1,1,1,1,1,164,87,1
54,51,36,6,26,93,1,1,1,1,1,1,147,119,
87,79,29,11,38,32,1,1,1,1,1,1,166,110,1
25,64,77,92,87,24,1,1,1,1,1,1,179,190,
4,68,64,19,35,82,1,1,1,1,1,1,150,122,
99,37,63,36,80,82,1,1,1,1,1,1,181,216,
30,18,79,5,1,94,1,1,1,1,1,1,173,54,1
5,74,30,23,21,10,1,1,1,1,1,1,104,59,1
7,16,2,1,99,80,1,1,1,1,1,1,179,26,1
37,25,24,4,78,81,1,1,1,1,1,1,159,90,1
1,88,19,29,68,11,1,1,1,1,1,1,156,60,1
31,64,19,3,24,5,1,1,1,1,1,1,95,51,1
16,18,6,80,10,31,1,1,1,1,1,1,111,50,1
51,5,39,2,96,75,1,1,1,1,1,1,171,97,1
7,17,77,97,52,84,1,1,1,1,1,1,181,153,
59,39,70,4,92,47,1,1,1,1,1,1,162,149,
89,71,50,44,62,21,1,1,1,1,1,1,160,177,
97,13,6,18,70,34,1,1,1,1,1,1,167,71,1
44,65,73,88,58,17,1,1,1,1,1,1,161,184,
7,67,92,84,2,77,1,1,1,1,1,1,176,153,
18,77,39,62,29,38,1,1,1,1,1,1,139,124,
25,5,19,17,53,37,1,1,1,1,1,1,90,66,
27,56,4,86,75,34,1,1,1,1,1,1,161,121,
61,86,33,7,45,58,1,1,1,1,1,1,147,143,
97,69,21,94,16,68,1,1,1,1,1,1,191,174,
8,73,44,71,84,83,1,1,1,1,1,1,167,196,
81,46,92,15,19,70,1,1,1,1,1,1,173,150,
66,11,98,12,9,85,1,1,1,1,1,1,183,98,1
54,43,14,81,15,21,1,1,1,1,1,1,135,93,
79,11,10,78,76,22,1,1,1,1,1,1,157,119,
84,95,69,68,77,31,1,1,1,1,1,1,179,245,
73,9,71,83,44,47,1,1,1,1,1,1,156,171,
47,95,90,7,94,12,1,1,1,1,1,1,189,156,
14,51,4,66,20,36,1,1,1,1,1,1,117,74,1
7,3,82,18,81,16,1,1,1,1,1,1,163,44,1
94,16,63,54,45,84,1,1,1,1,1,1,178,178,
49,13,99,57,56,26,1,1,1,1,1,1,156,144,
14,86,54,84,40,8,1,1,1,1,1,1,170,116,
97,36,46,92,9,12,1,1,1,1,1,1,189,103,1
30,15,58,14,60,91,1,1,1,1,1,1,151,117,
26,10,68,65,60,78,1,1,1,1,1,1,146,161,
63,94,31,24,18,23,1,1,1,1,1,1,157,96,1
90,83,54,47,89,98,1,1,1,1,1,1,188,273,
22,24,77,85,20,47,1,1,1,1,1,1,162,113,
68,71,27,45,60,32,1,1,1,1,1,1,139,164,
50,30,57,95,3,18,1,1,1,1,1,1,152,101,1
45,12,33,86,18,72,1,1,1,1,1,1,158,108,
38,19,81,12,13,85,1,1,1,1,1,1,166,82,1
63,59,16,60,12,41,1,1,1,1,1,1,123,128,
79,39,56,87,47,66,1,1,1,1,1,1,166,208,
64,61,45,53,1,71,1,1,1,1,1,1,135,160,
66,42,93,77,28,24,1,1,1,1,1,1,170,160,
70,5,84,96,2,26,1,1,1,1,1,1,180,103,1
29,83,58,98,10,61,1,1,1,1,1,1,181,158,
47,98,61,15,50,89,1,1,1,1,1,1,187,173,
24,69,29,63,86,42,1,1,1,1,1,1,155,158,
14,62,22,45,23,61,1,1,1,1,1,1,123,104,
9,85,49,50,55,48,1,1,1,1,1,1,140,156,
61,44,14,68,82,92,1,1,1,1,1,1,174,187,
35,8,86,43,38,84,1,1,1,1,1,1,170,124,
34,38,21,66,45,62,1,1,1,1,1,1,128,138,
5,32,30,13,43,93,1,1,1,1,1,1,136,80,1
71,24,92,66,41,37,1,1,1,1,1,1,163,168,
70,52,84,19,80,77,1,1,1,1,1,1,164,218,
60,5,53,41,38,92,1,1,1,1,1,1,152,137,
78,76,56,86,61,5,1,1,1,1,1,1,164,198,
13,32,38,12,40,26,1,1,1,1,1,1,78,83,
45,73,69,40,61,58,1,1,1,1,1,1,142,204,
33,48,84,16,43,18,1,1,1,1,1,1,132,110,
8,84,30,33,29,91,1,1,1,1,1,1,175,100,1
87,75,2,100,9,81,1,1,1,1,1,1,187,167,
39,46,62,83,12,10,1,1,1,1,1,1,145,107,
67,59,77,84,56,74,1,1,1,1,1,1,161,256,
93,37,52,73,15,54,1,1,1,1,1,1,166,158,
10,34,38,42,27,25,1,1,1,1,1,1,80,96,
80,35,57,98,48,73,1,1,1,1,1,1,178,213,
77,23,43,62,45,64,1,1,1,1,1,1,141,173,
50,81,60,66,14,2,1,1,1,1,1,1,147,126,
97,94,45,80,44,14,1,1,1,1,1,1,191,183,
42,15,84,20,37,71,1,1,1,1,1,1,155,114,
8,23,67,3,24,32,1,1,1,1,1,1,99,58,1
15,99,72,20,86,21,1,1,1,1,1,1,185,128,
39,25,49,30,53,74,1,1,1,1,1,1,127,143,
66,86,3,19,16,55,1,1,1,1,1,1,152,93,1
1,48,22,17,90,5,1,1,1,1,1,1,138,45,1
30,74,32,76,43,69,1,1,1,1,1,1,150,174,
74,31,84,24,80,40,1,1,1,1,1,1,164,169,
74,100,15,93,94,78,1,1,1,1,1,1,194,260,
91,32,53,90,19,55,1,1,1,1,1,1,181,159,
35,19,69,3,17,78,1,1,1,1,1,1,147,74,1
99,20,3,92,16,56,1,1,1,1,1,1,191,95,1
23,53,18,17,75,59,1,1,1,1,1,1,134,111,
46,66,4,38,40,37,1,1,1,1,1,1,112,119,
3,61,19,36,31,22,1,1,1,1,1,1,97,75,
10,38,91,79,57,26,1,1,1,1,1,1,170,131,
43,9,30,98,57,70,1,1,1,1,1,1,168,139,
90,79,94,70,71,43,1,1,1,1,1,1,184,263,
22,28,9,78,92,47,1,1,1,1,1,1,170,106,1
76,45,19,94,15,38,1,1,1,1,1,1,170,117,
46,21,81,79,10,72,1,1,1,1,1,1,160,149,
71,2,30,41,98,82,1,1,1,1,1,1,180,144,
68,2,29,32,36,43,1,1,1,1,1,1,111,99,
34,91,65,28,67,93,1,1,1,1,1,1,184,194,
98,77,49,8,37,20,1,1,1,1,1,1,175,114,1
49,87,33,96,26,76,1,1,1,1,1,1,183,184,
41,97,64,70,53,44,1,1,1,1,1,1,167,202,
26,41,53,6,92,64,1,1,1,1,1,1,156,126,
88,14,29,41,55,25,1,1,1,1,1,1,143,109,
21,84,49,36,67,79,1,1,1,1,1,1,163,173,
79,62,53,33,37,16,1,1,1,1,1,1,141,139,
50,63,55,67,7,87,1,1,1,1,1,1,154,175,
2,14,55,78,68,24,1,1,1,1,1,1,146,95,1
32,1,6,70,88,19,1,1,1,1,1,1,158,58,1
63,86,91,84,31,85,1,1,1,1,1,1,177,263,
9,37,61,44,2,27,1,1,1,1,1,1,105,75,
41,4,9,19,30,98,1,1,1,1,1,1,139,62,1
34,64,5,18,99,94,1,1,1,1,1,1,193,121,1
42,12,89,84,38,98,1,1,1,1,1,1,187,176,
34,73,29,94,16,83,1,1,1,1,1,1,177,152,
24,50,94,22,61,100,1,1,1,1,1,1,194,157,
97,61,69,45,7,86,1,1,1,1,1,1,183,182,
32,80,37,69,54,77,1,1,1,1,1,1,157,192,
35,13,100,26,88,12,1,1,1,1,1,1,188,86,1
81,58,39,11,66,50,1,1,1,1,1,1,147,158,
83,39,86,29,95,85,1,1,1,1,1,1,181,236,
64,37,83,54,19,99,1,1,1,1,1,1,182,174,
96,80,60,56,74,20,1,1,1,1,1,1,176,210,
35,90,86,26,20,57,1,1,1,1,1,1,176,138,
54,41,80,91,24,3,1,1,1,1,1,1,171,122,
23,9,84,2,49,63,1,1,1,1,1,1,147,83,1
33,34,89,37,1,74,1,1,1,1,1,1,163,105,1
3,5,75,31,21,90,1,1,1,1,1,1,165,60,1
45,96,49,63,42,84,1,1,1,1,1,1,180,199,
81,73,19,85,46,54,1,1,1,1,1,1,166,192,
71,42,14,76,9,5,1,1,1,1,1,1,147,70,1
78,35,59,85,4,10,1,1,1,1,1,1,163,108,1
93,94,95,26,78,55,1,1,1,1,1,1,189,252,
59,96,73,76,16,4,1,1,1,1,1,1,172,152,
22,98,56,87,7,59,1,1,1,1,1,1,185,144,
43,74,54,34,99,40,1,1,1,1,1,1,173,171,
39,97,18,37,17,71,1,1,1,1,1,1,168,111,1
87,96,24,32,16,57,1,1,1,1,1,1,183,129,
23,92,71,56,14,60,1,1,1,1,1,1,163,153,
84,31,36,11,33,45,1,1,1,1,1,1,129,111,
12,86,77,98,87,13,1,1,1,1,1,1,185,188,
52,10,12,35,79,46,1,1,1,1,1,1,131,103,
86,22,59,19,95,73,1,1,1,1,1,1,181,173,
81,62,64,11,84,92,1,1,1,1,1,1,176,218,
65,20,6,32,11,41,1,1,1,1,1,1,106,69,1
83,10,31,35,63,9,1,1,1,1,1,1,146,85,1
49,48,67,24,34,7,1,1,1,1,1,1,116,113,
39,20,59,76,34,17,1,1,1,1,1,1,135,110,
38,97,62,46,44,51,1,1,1,1,1,1,159,179,
49,39,75,7,79,68,1,1,1,1,1,1,154,163,
92,76,63,13,27,36,1,1,1,1,1,1,168,139,
25,41,40,83,26,60,1,1,1,1,1,1,143,132,
100,27,42,55,52,4,1,1,1,1,1,1,155,125,
90,62,99,91,39,9,1,1,1,1,1,1,190,200,
31,55,66,82,60,23,1,1,1,1,1,1,148,169,
39,99,51,63,87,58,1,1,1,1,1,1,186,211,
15,30,86,96,32,29,1,1,1,1,1,1,182,106,1
96,82,77,10,75,42,1,1,1,1,1,1,178,204,
96,43,20,84,62,41,1,1,1,1,1,1,180,166,
60,78,35,26,71,11,1,1,1,1,1,1,149,132,
55,89,66,25,93,48,1,1,1,1,1,1,182,194,
54,71,29,37,14,45,1,1,1,1,1,1,125,125,
17,42,48,34,5,85,1,1,1,1,1,1,133,98,
32,1,9,73,60,3,1,1,1,1,1,1,133,45,1
37,16,40,44,78,13,1,1,1,1,1,1,122,106,
45,52,95,40,27,47,1,1,1,1,1,1,147,159,
98,27,75,5,23,79,1,1,1,1,1,1,177,130,
53,5,71,23,38,89,1,1,1,1,1,1,160,119,
51,98,73,77,72,50,1,1,1,1,1,1,175,246,
40,73,41,82,22,57,1,1,1,1,1,1,155,160,
50,25,47,89,26,88,1,1,1,1,1,1,177,148,
15,11,9,92,87,33,1,1,1,1,1,1,179,68,1
15,55,67,20,91,42,1,1,1,1,1,1,158,132,
64,15,7,41,6,56,1,1,1,1,1,1,120,69,1
12,89,50,79,84,14,1,1,1,1,1,1,173,155,
58,50,22,25,42,47,1,1,1,1,1,1,108,136,
59,78,10,23,76,9,1,1,1,1,1,1,154,101,1
40,49,96,100,2,51,1,1,1,1,1,1,196,142,
29,89,59,45,65,78,1,1,1,1,1,1,167,198,
60,59,35,71,31,93,1,1,1,1,1,1,164,185,
24,41,9,50,42,39,1,1,1,1,1,1,92,113,
92,12,32,59,45,34,1,1,1,1,1,1,151,123,
67,40,60,78,66,88,1,1,1,1,1,1,166,233,
78,69,19,11,82,42,1,1,1,1,1,1,160,141,
65,40,87,48,34,98,1,1,1,1,1,1,185,187,
78,99,20,31,84,79,1,1,1,1,1,1,183,208,
86,56,32,79,93,88,1,1,1,1,1,1,181,253,
18,5,88,100,23,81,1,1,1,1,1,1,188,127,
50,73,8,39,33,66,1,1,1,1,1,1,139,130,
89,9,76,88,20,44,1,1,1,1,1,1,177,149,
24,83,91,1,13,2,1,1,1,1,1,1,174,40,1
70,89,45,43,91,63,1,1,1,1,1,1,180,221,
22,44,75,73,70,82,1,1,1,1,1,1,157,209,
98,8,4,77,6,13,1,1,1,1,1,1,175,31,1
71,92,57,44,96,26,1,1,1,1,1,1,188,198,
3,95,78,34,79,86,1,1,1,1,1,1,181,194,
37,79,80,76,78,17,1,1,1,1,1,1,159,208,
62,28,73,43,18,63,1,1,1,1,1,1,136,151,
63,85,92,31,52,40,1,1,1,1,1,1,177,186,
84,22,68,85,10,97,1,1,1,1,1,1,182,184,
36,97,31,11,45,85,1,1,1,1,1,1,182,123,
81,4,11,29,52,74,1,1,1,1,1,1,155,96,1
13,34,72,39,63,52,1,1,1,1,1,1,135,138,
53,5,36,85,15,95,1,1,1,1,1,1,180,109,1
58,83,96,60,67,98,1,1,1,1,1,1,194,268,
21,28,13,32,69,62,1,1,1,1,1,1,131,94,
76,11,7,64,48,50,1,1,1,1,1,1,140,116,
32,28,96,6,46,15,1,1,1,1,1,1,142,81,1
14,33,3,47,89,83,1,1,1,1,1,1,172,97,1
61,34,63,18,45,94,1,1,1,1,1,1,157,158,
56,75,34,20,71,6,1,1,1,1,1,1,146,116,
95,64,3,44,22,81,1,1,1,1,1,1,176,133,
27,57,80,31,21,16,1,1,1,1,1,1,137,95,
59,69,8,100,17,23,1,1,1,1,1,1,169,107,1
3,68,12,71,25,46,1,1,1,1,1,1,139,86,1
18,21,16,37,85,42,1,1,1,1,1,1,127,92,
53,41,77,62,71,27,1,1,1,1,1,1,148,183,
78,86,6,54,45,66,1,1,1,1,1,1,164,171,
55,50,64,89,84,37,1,1,1,1,1,1,173,206,
43,26,82,39,74,76,1,1,1,1,1,1,158,182,
78,83,88,33,81,13,1,1,1,1,1,1,171,205,
94,51,99,59,46,7,1,1,1,1,1,1,193,163,
37,31,62,76,97,77,1,1,1,1,1,1,174,206,
91,12,64,10,14,49,1,1,1,1,1,1,155,85,1
81,76,56,15,64,65,1,1,1,1,1,1,157,200,
98,39,45,75,89,46,1,1,1,1,1,1,187,205,
59,13,29,12,4,51,1,1,1,1,1,1,110,58,1
90,61,45,76,23,72,1,1,1,1,1,1,166,201,
27,75,77,87,55,91,1,1,1,1,1,1,178,234,
4,6,72,5,80,61,1,1,1,1,1,1,152,76,1
72,97,80,76,9,59,1,1,1,1,1,1,177,216,
71,70,27,65,22,84,1,1,1,1,1,1,155,184,
75,70,50,66,44,30,1,1,1,1,1,1,145,190,
14,47,44,88,100,37,1,1,1,1,1,1,188,142,
87,45,33,36,2,66,1,1,1,1,1,1,153,116,
10,52,49,83,15,70,1,1,1,1,1,1,153,126,
24,92,46,73,14,23,1,1,1,1,1,1,165,107,1
6,15,21,58,25,62,1,1,1,1,1,1,120,67,1
21,46,11,57,14,77,1,1,1,1,1,1,134,92,
48,37,67,24,57,4,1,1,1,1,1,1,124,113,
31,80,53,69,49,93,1,1,1,1,1,1,173,202,
21,1,85,42,76,49,1,1,1,1,1,1,161,113,
30,50,78,82,75,20,1,1,1,1,1,1,160,175,
99,68,69,9,32,2,1,1,1,1,1,1,168,111,1
32,1,97,52,10,67,1,1,1,1,1,1,164,95,1
21,99,6,74,34,8,1,1,1,1,1,1,173,69,1
63,52,97,12,56,78,1,1,1,1,1,1,175,183,
21,93,92,53,75,97,1,1,1,1,1,1,190,241,
93,56,26,20,47,8,1,1,1,1,1,1,149,101,
38,23,41,79,89,74,1,1,1,1,1,1,168,176,
58,84,95,19,9,16,1,1,1,1,1,1,179,102,1
80,96,8,70,9,10,1,1,1,1,1,1,176,97,1
36,94,97,30,45,8,1,1,1,1,1,1,191,119,1
27,93,77,29,26,83,1,1,1,1,1,1,176,159,
21,37,90,2,67,1,1,1,1,1,1,1,157,61,1
40,94,66,91,26,54,1,1,1,1,1,1,185,186,
13,37,22,5,47,15,1,1,1,1,1,1,84,55,1
12,34,73,62,54,87,1,1,1,1,1,1,160,162,
3,58,38,80,78,30,1,1,1,1,1,1,158,129,
69,41,55,4,7,97,1,1,1,1,1,1,166,107,1
57,58,14,59,60,48,1,1,1,1,1,1,119,177,
25,8,74,100,5,56,1,1,1,1,1,1,174,94,1
41,34,22,67,28,9,1,1,1,1,1,1,108,93,
9,42,45,47,65,14,1,1,1,1,1,1,112,110,
4,67,64,32,41,40,1,1,1,1,1,1,131,117,
27,76,15,96,22,4,1,1,1,1,1,1,172,68,1
90,63,26,95,58,32,1,1,1,1,1,1,185,179,
75,89,39,96,81,99,1,1,1,1,1,1,195,284,
13,66,52,79,64,96,1,1,1,1,1,1,175,195,
42,50,44,74,40,30,1,1,1,1,1,1,124,156,
68,86,3,26,15,88,1,1,1,1,1,1,174,112,1
68,53,11,31,97,72,1,1,1,1,1,1,169,163,
26,84,18,81,15,92,1,1,1,1,1,1,176,140,
24,25,5,75,96,76,1,1,1,1,1,1,172,129,
13,30,26,68,33,11,1,1,1,1,1,1,101,80,
99,63,45,9,17,36,1,1,1,1,1,1,162,107,1
43,53,5,8,65,89,1,1,1,1,1,1,154,109,
39,9,57,78,40,24,1,1,1,1,1,1,135,112,
40,62,65,26,71,28,1,1,1,1,1,1,136,156,
40,38,28,52,17,87,1,1,1,1,1,1,139,123,
11,51,68,13,98,63,1,1,1,1,1,1,166,138,
33,90,57,73,35,87,1,1,1,1,1,1,177,198,
72,10,80,58,8,23,1,1,1,1,1,1,152,99,1
45,85,47,6,23,4,1,1,1,1,1,1,132,78,1
54,93,55,19,16,53,1,1,1,1,1,1,148,142,
15,31,7,27,76,74,1,1,1,1,1,1,150,80,1
70,1,79,47,23,59,1,1,1,1,1,1,149,130,
56,94,17,53,58,57,1,1,1,1,1,1,152,183,
68,34,51,74,25,40,1,1,1,1,1,1,142,150,
41,27,59,51,39,74,1,1,1,1,1,1,133,158,
58,4,74,30,60,88,1,1,1,1,1,1,162,152,
84,28,80,11,95,75,1,1,1,1,1,1,179,194,
14,73,21,48,33,40,1,1,1,1,1,1,121,108,
76,51,49,16,33,32,1,1,1,1,1,1,127,130,
73,19,33,32,64,15,1,1,1,1,1,1,137,99,
60,45,15,3,36,68,1,1,1,1,1,1,128,99,
72,93,100,50,67,33,1,1,1,1,1,1,193,222,
65,9,43,1,90,98,1,1,1,1,1,1,188,118,1
79,38,29,70,9,37,1,1,1,1,1,1,149,113,
39,66,29,16,86,59,1,1,1,1,1,1,152,143,
37,97,42,77,71,76,1,1,1,1,1,1,174,226,
20,94,76,88,74,99,1,1,1,1,1,1,193,258,
48,100,9,71,37,10,1,1,1,1,1,1,171,104,1
83,53,58,70,11,55,1,1,1,1,1,1,153,177,
36,34,87,55,12,63,1,1,1,1,1,1,150,137,
1,77,27,34,7,39,1,1,1,1,1,1,116,69,1
6,51,59,35,39,94,1,1,1,1,1,1,153,131,
6,41,63,71,96,9,1,1,1,1,1,1,167,119,
62,18,96,53,69,51,1,1,1,1,1,1,165,184,
63,71,59,4,47,89,1,1,1,1,1,1,160,173,
57,19,86,71,76,13,1,1,1,1,1,1,162,160,
37,3,28,55,98,58,1,1,1,1,1,1,156,123,
44,17,55,56,6,15,1,1,1,1,1,1,111,82,
47,27,5,85,9,46,1,1,1,1,1,1,132,87,1
8,71,41,58,6,55,1,1,1,1,1,1,129,110,
52,51,94,91,23,50,1,1,1,1,1,1,185,176,
92,79,17,3,83,23,1,1,1,1,1,1,175,122,
63,83,72,25,40,13,1,1,1,1,1,1,155,141,
10,15,19,46,93,21,1,1,1,1,1,1,139,65,1
43,24,13,63,83,67,1,1,1,1,1,1,150,143,
17,75,4,37,6,83,1,1,1,1,1,1,158,64,1
67,30,31,40,16,58,1,1,1,1,1,1,125,117,
37,93,2,25,20,21,1,1,1,1,1,1,130,68,1
87,42,5,48,95,74,1,1,1,1,1,1,182,169,
56,53,36,46,58,86,1,1,1,1,1,1,144,191,
13,94,4,100,87,15,1,1,1,1,1,1,194,119,1
64,5,82,66,32,38,1,1,1,1,1,1,148,139,
42,31,79,89,14,59,1,1,1,1,1,1,168,146,
38,4,72,50,30,81,1,1,1,1,1,1,153,122,
49,56,45,10,47,61,1,1,1,1,1,1,117,151,
91,98,53,80,2,95,1,1,1,1,1,1,193,226,
72,60,63,75,27,48,1,1,1,1,1,1,147,198,
98,21,73,8,18,99,1,1,1,1,1,1,197,120,1
25,83,20,62,18,29,1,1,1,1,1,1,145,92,1
75,27,96,9,89,24,1,1,1,1,1,1,185,135,
50,98,45,41,8,78,1,1,1,1,1,1,176,144,
52,66,95,71,43,42,1,1,1,1,1,1,166,203,
99,82,84,96,83,92,1,1,1,1,1,1,195,341,
38,48,6,64,10,4,1,1,1,1,1,1,112,58,1
51,54,42,26,97,41,1,1,1,1,1,1,151,160,
48,72,17,23,4,90,1,1,1,1,1,1,162,92,1
46,16,43,70,54,14,1,1,1,1,1,1,124,119,
13,86,83,11,68,33,1,1,1,1,1,1,169,125,
91,47,74,18,31,39,1,1,1,1,1,1,165,135,
17,43,72,89,21,95,1,1,1,1,1,1,184,153,
12,98,22,2,52,97,1,1,1,1,1,1,195,88,1
73,65,2,23,77,81,1,1,1,1,1,1,158,163,
56,92,78,64,75,73,1,1,1,1,1,1,170,268,
35,29,55,5,84,74,1,1,1,1,1,1,158,124,
57,61,96,35,21,69,1,1,1,1,1,1,165,174,
66,94,84,11,46,36,1,1,1,1,1,1,178,159,
69,52,88,53,84,23,1,1,1,1,1,1,172,197,
79,86,21,49,84,65,1,1,1,1,1,1,170,214,
66,75,97,50,80,5,1,1,1,1,1,1,177,196,
8,11,47,31,67,4,1,1,1,1,1,1,114,54,1
94,73,79,28,33,97,1,1,1,1,1,1,191,213,
37,41,74,81,92,52,1,1,1,1,1,1,173,204,
78,6,15,12,34,95,1,1,1,1,1,1,173,67,1
61,88,17,56,80,83,1,1,1,1,1,1,171,214,
84,56,73,24,99,60,1,1,1,1,1,1,183,213,
31,4,15,54,28,13,1,1,1,1,1,1,85,60,
98,56,13,22,60,40,1,1,1,1,1,1,158,131,
36,51,1,56,70,69,1,1,1,1,1,1,139,144,
55,29,36,92,24,97,1,1,1,1,1,1,189,144,
92,59,64,34,13,97,1,1,1,1,1,1,189,170,
81,33,94,62,95,6,1,1,1,1,1,1,189,182,
19,6,86,82,96,26,1,1,1,1,1,1,182,133,
47,6,100,94,7,41,1,1,1,1,1,1,194,101,1
15,72,67,12,95,2,1,1,1,1,1,1,167,96,1
29,69,90,98,88,42,1,1,1,1,1,1,188,228,
9,99,51,59,6,45,1,1,1,1,1,1,158,111,
77,92,69,9,100,33,1,1,1,1,1,1,192,188,
91,52,93,24,16,85,1,1,1,1,1,1,184,177,
33,60,94,70,88,37,1,1,1,1,1,1,182,200,
24,26,31,10,64,12,1,1,1,1,1,1,95,72,
77,54,92,51,26,76,1,1,1,1,1,1,169,207,
17,1,20,49,56,14,1,1,1,1,1,1,105,52,1
57,87,28,52,32,19,1,1,1,1,1,1,144,131,
38,1,47,40,99,9,1,1,1,1,1,1,146,88,1
16,81,37,54,7,14,1,1,1,1,1,1,135,74,1
87,89,55,60,90,21,1,1,1,1,1,1,179,223,
93,14,47,61,72,68,1,1,1,1,1,1,165,190,
36,76,24,100,66,41,1,1,1,1,1,1,176,167,
11,1,14,9,65,29,1,1,1,1,1,1,94,35,1
49,65,35,82,27,58,1,1,1,1,1,1,147,169,
27,12,20,50,86,49,1,1,1,1,1,1,136,108,
48,88,98,25,33,100,1,1,1,1,1,1,198,194,
22,52,63,28,15,42,1,1,1,1,1,1,115,107,
47,81,13,37,82,91,1,1,1,1,1,1,173,178,
63,78,57,3,32,61,1,1,1,1,1,1,141,153,
37,7,57,22,87,36,1,1,1,1,1,1,144,102,
43,9,66,72,26,10,1,1,1,1,1,1,138,88,1
37,13,62,7,48,85,1,1,1,1,1,1,147,105,
100,48,67,41,25,1,1,1,1,1,1,1,167,115,
29,44,62,45,8,55,1,1,1,1,1,1,117,126,
17,54,29,11,26,24,1,1,1,1,1,1,83,78,
15,2,53,20,74,16,1,1,1,1,1,1,127,53,1
72,79,91,41,68,77,1,1,1,1,1,1,170,258,
76,83,4,54,81,10,1,1,1,1,1,1,164,144,
40,67,75,87,15,18,1,1,1,1,1,1,162,140,
64,87,97,40,61,19,1,1,1,1,1,1,184,184,
40,58,38,5,42,59,1,1,1,1,1,1,117,125,
35,54,29,85,26,59,1,1,1,1,1,1,144,144,
40,71,30,52,81,37,1,1,1,1,1,1,152,159,
47,17,89,48,5,41,1,1,1,1,1,1,137,110,
96,59,66,48,46,68,1,1,1,1,1,1,164,219,
32,87,43,28,88,38,1,1,1,1,1,1,175,141,
28,55,12,14,70,60,1,1,1,1,1,1,130,109,
2,11,88,28,92,89,1,1,1,1,1,1,181,129,
24,63,27,2,77,23,1,1,1,1,1,1,140,76,1
97,57,26,84,45,66,1,1,1,1,1,1,181,194,
96,64,5,4,82,93,1,1,1,1,1,1,189,155,
78,67,15,29,35,82,1,1,1,1,1,1,160,146,
25,62,87,38,57,58,1,1,1,1,1,1,149,178,
70,59,75,32,6,7,1,1,1,1,1,1,145,104,
31,100,54,82,46,89,1,1,1,1,1,1,189,213,
91,22,34,1,68,27,1,1,1,1,1,1,159,84,1
87,40,29,71,77,47,1,1,1,1,1,1,164,187,
94,61,90,83,84,73,1,1,1,1,1,1,184,301,
50,51,85,98,78,80,1,1,1,1,1,1,183,259,
75,100,27,68,49,6,1,1,1,1,1,1,175,150,
9,68,66,38,37,12,1,1,1,1,1,1,134,96,
37,39,79,33,52,72,1,1,1,1,1,1,151,161,
61,35,8,38,12,62,1,1,1,1,1,1,123,93,
31,26,75,61,98,91,1,1,1,1,1,1,189,193,
62,56,84,83,98,64,1,1,1,1,1,1,182,265,
59,4,93,47,7,3,1,1,1,1,1,1,152,61,1
50,89,67,48,81,79,1,1,1,1,1,1,170,244,
85,8,24,29,98,37,1,1,1,1,1,1,183,98,1
94,27,6,88,8,81,1,1,1,1,1,1,182,122,
1,15,34,22,30,99,1,1,1,1,1,1,133,68,1
11,71,63,76,40,8,1,1,1,1,1,1,147,122,
25,41,8,19,16,72,1,1,1,1,1,1,113,68,1
38,40,71,48,1,93,1,1,1,1,1,1,164,127,
7,92,43,5,31,51,1,1,1,1,1,1,143,86,1
48,55,94,45,24,52,1,1,1,1,1,1,149,169,
16,20,22,85,46,19,1,1,1,1,1,1,131,77,1
91,31,94,62,82,78,1,1,1,1,1,1,185,253,
83,75,26,43,39,2,1,1,1,1,1,1,158,110,
67,51,83,72,39,29,1,1,1,1,1,1,155,186,
98,24,63,58,13,35,1,1,1,1,1,1,161,130,
55,3,76,26,83,73,1,1,1,1,1,1,159,157,
72,2,34,46,39,74,1,1,1,1,1,1,146,121,
56,98,74,42,69,2,1,1,1,1,1,1,172,169,
75,48,7,77,52,84,1,1,1,1,1,1,161,182,
8,33,3,30,46,44,1,1,1,1,1,1,90,74,
45,70,15,44,58,6,1,1,1,1,1,1,128,110,
41,65,46,57,5,27,1,1,1,1,1,1,122,119,
24,84,86,55,100,99,1,1,1,1,1,1,199,249,
88,83,59,22,20,79,1,1,1,1,1,1,171,180,
66,69,26,78,17,28,1,1,1,1,1,1,147,137,
41,74,54,72,17,62,1,1,1,1,1,1,146,174,
39,17,33,41,62,10,1,1,1,1,1,1,103,99,
32,16,85,1,11,45,1,1,1,1,1,1,130,60,1
77,95,39,30,20,36,1,1,1,1,1,1,172,125,
48,72,61,98,45,24,1,1,1,1,1,1,170,178,
60,15,4,35,61,41,1,1,1,1,1,1,121,95,
96,84,3,13,32,76,1,1,1,1,1,1,180,124,
73,22,39,13,49,38,1,1,1,1,1,1,122,112,
9,30,57,31,28,68,1,1,1,1,1,1,125,98,
56,11,13,32,81,71,1,1,1,1,1,1,152,112,
28,55,39,98,74,6,1,1,1,1,1,1,172,128,
8,4,42,54,16,32,1,1,1,1,1,1,96,60,1
38,89,70,23,49,52,1,1,1,1,1,1,159,162,
77,23,11,16,2,66,1,1,1,1,1,1,143,52,1
6,96,4,51,41,48,1,1,1,1,1,1,147,99,
21,22,58,47,86,44,1,1,1,1,1,1,144,134,
64,22,13,95,16,50,1,1,1,1,1,1,159,101,1
46,72,66,59,42,25,1,1,1,1,1,1,138,172,
18,54,74,91,80,60,1,1,1,1,1,1,171,206,
83,77,65,76,20,97,1,1,1,1,1,1,180,238,
14,50,22,67,4,65,1,1,1,1,1,1,132,90,
30,46,37,68,17,60,1,1,1,1,1,1,128,130,
84,22,53,65,85,36,1,1,1,1,1,1,169,176,
28,90,83,9,10,78,1,1,1,1,1,1,173,125,
77,61,82,89,4,60,1,1,1,1,1,1,171,202,
10,70,76,20,87,83,1,1,1,1,1,1,170,176,
22,70,5,89,72,80,1,1,1,1,1,1,169,169,
29,12,90,40,85,62,1,1,1,1,1,1,175,143,
2,5,100,64,32,49,1,1,1,1,1,1,164,88,1
65,81,83,61,23,5,1,1,1,1,1,1,164,154,
88,80,17,1,3,26,1,1,1,1,1,1,168,47,1
61,87,54,1,7,99,1,1,1,1,1,1,186,123,1
61,21,99,76,75,83,1,1,1,1,1,1,182,233,
47,10,31,6,27,96,1,1,1,1,1,1,143,74,1
91,100,94,98,22,2,1,1,1,1,1,1,198,209,
49,76,94,38,65,71,1,1,1,1,1,1,170,223,
53,16,88,56,61,1,1,1,1,1,1,1,149,126,
56,67,5,4,55,87,1,1,1,1,1,1,154,120,
51,12,28,84,72,58,1,1,1,1,1,1,156,149,
29,25,17,37,18,32,1,1,1,1,1,1,69,89,
61,1,99,54,93,23,1,1,1,1,1,1,192,139,
71,15,98,21,25,50,1,1,1,1,1,1,169,111,1
59,70,67,37,20,17,1,1,1,1,1,1,137,133,
71,86,23,78,8,26,1,1,1,1,1,1,164,128,
43,65,25,91,52,82,1,1,1,1,1,1,173,185,
62,92,14,52,27,7,1,1,1,1,1,1,154,100,1
8,7,49,11,37,71,1,1,1,1,1,1,120,63,1
79,32,90,48,68,39,1,1,1,1,1,1,169,187,
22,38,57,62,29,56,1,1,1,1,1,1,119,145,
99,64,9,43,23,24,1,1,1,1,1,1,163,99,1
75,43,48,65,81,71,1,1,1,1,1,1,156,227,
94,64,60,14,75,91,1,1,1,1,1,1,185,213,
2,40,43,22,47,77,1,1,1,1,1,1,124,107,
61,3,100,49,31,93,1,1,1,1,1,1,193,144,
82,46,92,20,7,94,1,1,1,1,1,1,186,155,
67,49,63,30,82,52,1,1,1,1,1,1,149,194,
96,78,63,91,35,92,1,1,1,1,1,1,188,267,
98,11,86,4,22,76,1,1,1,1,1,1,184,113,1
35,66,31,30,7,19,1,1,1,1,1,1,101,87,
14,49,38,92,34,16,1,1,1,1,1,1,141,102,
35,21,91,32,59,2,1,1,1,1,1,1,150,90,1
89,79,66,93,20,6,1,1,1,1,1,1,182,171,
35,77,15,11,78,14,1,1,1,1,1,1,155,75,1
86,100,40,80,70,29,1,1,1,1,1,1,186,219,
55,41,19,63,62,2,1,1,1,1,1,1,125,117,
7,28,21,88,71,53,1,1,1,1,1,1,159,109,
68,63,91,18,37,75,1,1,1,1,1,1,166,186,
41,59,97,34,30,62,1,1,1,1,1,1,159,164,
10,3,91,75,42,41,1,1,1,1,1,1,166,96,1
17,65,85,60,49,32,1,1,1,1,1,1,150,158,
30,80,44,29,40,99,1,1,1,1,1,1,179,143,
10,15,83,54,33,50,1,1,1,1,1,1,137,108,
61,9,29,35,50,10,1,1,1,1,1,1,111,83,
31,52,93,8,83,13,1,1,1,1,1,1,176,104,1
10,79,26,50,23,72,1,1,1,1,1,1,151,109,
45,25,76,75,34,55,1,1,1,1,1,1,151,159,
50,41,4,52,17,70,1,1,1,1,1,1,122,112,
25,68,95,72,51,74,1,1,1,1,1,1,169,216,
82,98,22,33,74,14,1,1,1,1,1,1,180,143,
30,67,1,80,52,41,1,1,1,1,1,1,147,124,
99,34,18,96,42,56,1,1,1,1,1,1,195,150,
7,62,40,69,1,9,1,1,1,1,1,1,131,57,1
90,16,51,36,3,60,1,1,1,1,1,1,150,106,
15,73,100,97,51,72,1,1,1,1,1,1,197,211,
16,19,82,25,5,55,1,1,1,1,1,1,137,65,1
60,58,13,47,95,26,1,1,1,1,1,1,155,144,
38,2,29,49,3,7,1,1,1,1,1,1,87,41,1
28,96,69,88,87,93,1,1,1,1,1,1,189,272,
87,76,70,96,66,100,1,1,1,1,1,1,196,299,
83,94,8,11,73,13,1,1,1,1,1,1,177,105,1
65,88,37,70,21,9,1,1,1,1,1,1,158,132,
73,83,30,63,13,32,1,1,1,1,1,1,156,138,
91,41,28,68,99,51,1,1,1,1,1,1,190,188,
55,19,25,5,96,56,1,1,1,1,1,1,152,104,
58,80,86,77,78,40,1,1,1,1,1,1,166,253,
7,99,58,59,85,70,1,1,1,1,1,1,184,194,
15,45,28,62,66,49,1,1,1,1,1,1,128,137,
86,13,87,7,41,71,1,1,1,1,1,1,173,132,
48,96,7,88,74,80,1,1,1,1,1,1,184,209,
33,1,12,86,47,78,1,1,1,1,1,1,164,93,1
88,6,90,96,41,79,1,1,1,1,1,1,186,214,
88,60,27,42,34,86,1,1,1,1,1,1,174,163,
52,90,68,8,27,80,1,1,1,1,1,1,170,155,
10,90,82,34,59,44,1,1,1,1,1,1,172,147,
4,46,55,94,27,43,1,1,1,1,1,1,149,120,
89,27,7,67,32,88,1,1,1,1,1,1,177,133,
25,44,2,50,94,45,1,1,1,1,1,1,144,116,
8,6,25,63,84,64,1,1,1,1,1,1,148,102,
47,8,73,77,7,25,1,1,1,1,1,1,150,87,1
55,45,73,40,92,20,1,1,1,1,1,1,165,160,
62,92,73,91,7,54,1,1,1,1,1,1,183,196,
25,6,49,11,14,9,1,1,1,1,1,1,74,40,1
72,8,48,16,61,6,1,1,1,1,1,1,133,78,1
9,27,76,25,87,75,1,1,1,1,1,1,163,136,
7,84,92,73,14,18,1,1,1,1,1,1,176,112,1
53,36,93,35,22,25,1,1,1,1,1,1,146,118,
42,78,93,72,13,9,1,1,1,1,1,1,171,136,
27,50,35,20,7,11,1,1,1,1,1,1,85,65,
74,63,44,38,91,94,1,1,1,1,1,1,185,219,
28,10,60,36,98,66,1,1,1,1,1,1,164,134,
11,14,46,89,26,28,1,1,1,1,1,1,135,79,1
21,38,34,57,78,17,1,1,1,1,1,1,135,110,
63,28,25,80,82,55,1,1,1,1,1,1,162,171,
21,43,51,32,14,39,1,1,1,1,1,1,94,106,
30,18,52,95,74,4,1,1,1,1,1,1,169,104,1
63,13,2,23,79,22,1,1,1,1,1,1,142,60,1
90,3,9,86,70,37,1,1,1,1,1,1,176,119,
97,31,87,22,33,74,1,1,1,1,1,1,184,160,
64,73,66,57,42,23,1,1,1,1,1,1,139,186,
92,9,58,12,36,82,1,1,1,1,1,1,174,115,1
30,92,15,25,20,21,1,1,1,1,1,1,122,81,1
14,85,43,61,24,50,1,1,1,1,1,1,146,131,
47,64,93,9,80,38,1,1,1,1,1,1,173,158,
49,78,69,14,81,32,1,1,1,1,1,1,159,164,
43,95,59,72,49,1,1,1,1,1,1,1,167,152,
40,31,64,34,91,10,1,1,1,1,1,1,155,115,
14,4,21,31,97,68,1,1,1,1,1,1,165,70,1
55,25,76,83,98,6,1,1,1,1,1,1,181,162,
100,44,4,42,86,58,1,1,1,1,1,1,186,148,
66,26,38,19,60,27,1,1,1,1,1,1,126,110,
46,83,89,55,28,72,1,1,1,1,1,1,172,201,
67,94,71,11,98,54,1,1,1,1,1,1,192,203,
33,8,25,22,90,16,1,1,1,1,1,1,123,71,1
46,54,66,38,57,47,1,1,1,1,1,1,123,185,
15,29,4,17,34,74,1,1,1,1,1,1,108,65,1
18,75,46,78,77,12,1,1,1,1,1,1,155,151,
70,45,62,18,56,25,1,1,1,1,1,1,132,144,
44,46,26,53,7,50,1,1,1,1,1,1,103,123,
20,38,48,45,17,59,1,1,1,1,1,1,107,120,
39,76,28,42,44,2,1,1,1,1,1,1,120,111,
7,63,38,59,42,75,1,1,1,1,1,1,138,146,
78,96,14,32,53,87,1,1,1,1,1,1,183,177,
51,63,65,95,18,96,1,1,1,1,1,1,191,197,
97,26,99,35,81,4,1,1,1,1,1,1,196,146,
79,40,81,3,86,37,1,1,1,1,1,1,167,159,
47,21,100,99,20,12,1,1,1,1,1,1,199,100,1
69,13,88,74,84,1,1,1,1,1,1,1,172,157,
49,52,13,75,7,93,1,1,1,1,1,1,168,121,
48,39,9,68,83,58,1,1,1,1,1,1,151,154,
69,44,75,96,93,27,1,1,1,1,1,1,189,215,
43,62,4,40,16,83,1,1,1,1,1,1,145,103,
76,25,99,67,55,23,1,1,1,1,1,1,175,170,
99,71,42,9,35,8,1,1,1,1,1,1,170,94,1
36,13,37,51,16,55,1,1,1,1,1,1,106,102,
76,14,48,74,59,11,1,1,1,1,1,1,150,132,
100,29,64,54,72,28,1,1,1,1,1,1,172,175,
51,60,18,38,46,39,1,1,1,1,1,1,111,141,
18,16,40,61,46,73,1,1,1,1,1,1,134,120,
19,23,15,74,25,80,1,1,1,1,1,1,154,82,1
66,80,97,31,29,10,1,1,1,1,1,1,177,136,
98,83,75,19,56,70,1,1,1,1,1,1,181,220,
21,74,18,22,76,24,1,1,1,1,1,1,150,85,1
64,82,88,79,62,38,1,1,1,1,1,1,170,243,
92,40,89,96,95,26,1,1,1,1,1,1,191,247,
25,31,63,24,65,12,1,1,1,1,1,1,128,92,
20,59,34,37,25,14,1,1,1,1,1,1,96,93,
30,14,27,32,90,40,1,1,1,1,1,1,130,103,
26,46,29,23,57,55,1,1,1,1,1,1,112,124,
55,80,18,30,51,72,1,1,1,1,1,1,152,154,
91,63,34,6,28,15,1,1,1,1,1,1,154,83,1
82,15,76,7,84,45,1,1,1,1,1,1,166,143,
22,46,50,92,80,74,1,1,1,1,1,1,172,192,
58,98,17,23,38,41,1,1,1,1,1,1,156,119,
20,53,70,61,77,37,1,1,1,1,1,1,147,171,
97,51,86,96,34,61,1,1,1,1,1,1,193,232,
29,40,48,77,6,47,1,1,1,1,1,1,125,122,
45,2,68,72,77,61,1,1,1,1,1,1,149,176,
76,14,64,73,50,87,1,1,1,1,1,1,163,201,
72,87,16,58,26,27,1,1,1,1,1,1,159,127,
6,42,88,54,67,50,1,1,1,1,1,1,155,152,
18,53,69,20,23,63,1,1,1,1,1,1,132,114,
48,96,55,50,45,6,1,1,1,1,1,1,151,149,
40,71,39,56,29,60,1,1,1,1,1,1,131,164,
42,66,91,76,32,46,1,1,1,1,1,1,167,186,
15,44,55,19,97,33,1,1,1,1,1,1,152,111,
81,32,90,88,95,70,1,1,1,1,1,1,185,271,
97,69,99,17,3,47,1,1,1,1,1,1,196,136,
48,77,72,83,12,62,1,1,1,1,1,1,160,194,
41,74,97,58,35,10,1,1,1,1,1,1,171,144,
83,99,21,100,33,5,1,1,1,1,1,1,199,142,
72,71,50,56,13,62,1,1,1,1,1,1,143,181,
71,21,78,69,16,63,1,1,1,1,1,1,149,169,
88,40,8,80,27,59,1,1,1,1,1,1,168,134,
88,93,100,8,24,40,1,1,1,1,1,1,193,160,
12,82,4,27,92,43,1,1,1,1,1,1,174,86,1
1,41,43,2,65,78,1,1,1,1,1,1,143,87,1
66,14,6,69,22,31,1,1,1,1,1,1,135,73,1
29,85,36,55,8,16,1,1,1,1,1,1,140,89,1
20,74,80,82,31,76,1,1,1,1,1,1,162,201,
87,11,55,22,95,1,1,1,1,1,1,1,182,89,1
6,70,37,50,27,2,1,1,1,1,1,1,120,72,1
50,69,46,2,28,84,1,1,1,1,1,1,153,126,
28,34,5,9,25,81,1,1,1,1,1,1,115,67,1
8,16,37,46,41,56,1,1,1,1,1,1,102,102,
82,40,93,12,1,39,1,1,1,1,1,1,175,92,1
60,78,84,6,86,61,1,1,1,1,1,1,170,205,
62,24,69,11,83,1,1,1,1,1,1,1,152,98,1
32,13,56,37,55,45,1,1,1,1,1,1,111,127,
99,46,25,61,8,7,1,1,1,1,1,1,160,86,1
99,65,59,44,21,88,1,1,1,1,1,1,187,189,
9,13,61,15,77,91,1,1,1,1,1,1,168,98,1
76,64,68,62,43,13,1,1,1,1,1,1,144,182,
50,49,20,14,52,34,1,1,1,1,1,1,102,117,
36,49,82,30,58,41,1,1,1,1,1,1,140,156,
84,10,68,54,69,60,1,1,1,1,1,1,153,192,
10,5,39,96,60,13,1,1,1,1,1,1,156,67,1
26,10,83,14,38,69,1,1,1,1,1,1,152,88,1
12,42,60,83,39,33,1,1,1,1,1,1,143,126,
90,27,50,64,31,91,1,1,1,1,1,1,181,172,
25,35,3,23,22,83,1,1,1,1,1,1,118,73,1
41,66,53,79,1,51,1,1,1,1,1,1,145,146,
53,88,96,32,51,13,1,1,1,1,1,1,184,149,
72,70,25,47,46,27,1,1,1,1,1,1,142,145,
9,93,44,85,49,23,1,1,1,1,1,1,178,125,
72,11,32,4,71,35,1,1,1,1,1,1,143,82,1
88,22,74,37,63,45,1,1,1,1,1,1,162,167,
7,54,53,8,22,69,1,1,1,1,1,1,123,90,
83,75,56,36,79,72,1,1,1,1,1,1,162,239,
61,30,39,95,100,20,1,1,1,1,1,1,195,150,
2,92,79,42,78,99,1,1,1,1,1,1,191,201,
69,19,32,15,56,36,1,1,1,1,1,1,125,102,
10,92,9,25,52,38,1,1,1,1,1,1,144,82,1
33,88,62,6,30,73,1,1,1,1,1,1,161,131,
48,41,32,99,2,23,1,1,1,1,1,1,147,98,1
4,90,21,67,13,64,1,1,1,1,1,1,157,102,1
24,67,84,8,65,97,1,1,1,1,1,1,181,164,
10,13,53,83,41,64,1,1,1,1,1,1,147,117,
92,47,27,89,63,10,1,1,1,1,1,1,181,147,
60,47,16,2,42,99,1,1,1,1,1,1,159,107,
100,4,28,63,79,55,1,1,1,1,1,1,179,150,
3,47,20,93,36,60,1,1,1,1,1,1,153,106,
1,77,33,84,48,40,1,1,1,1,1,1,161,122,
68,53,43,78,98,79,1,1,1,1,1,1,177,242,
50,4,95,69,28,43,1,1,1,1,1,1,164,125,
44,7,75,96,12,88,1,1,1,1,1,1,184,138,
13,56,74,79,6,14,1,1,1,1,1,1,153,89,1
81,32,55,83,38,35,1,1,1,1,1,1,164,160,
12,6,25,10,62,24,1,1,1,1,1,1,87,52,1
59,33,60,63,53,48,1,1,1,1,1,1,123,193,
40,16,3,49,38,43,1,1,1,1,1,1,92,97,
25,3,63,12,33,21,1,1,1,1,1,1,96,61,1
32,53,29,41,65,84,1,1,1,1,1,1,149,155,
14,63,57,43,1,32,1,1,1,1,1,1,120,90,
58,11,74,70,35,90,1,1,1,1,1,1,164,174,
78,53,84,35,55,11,1,1,1,1,1,1,162,154,
62,93,1,91,56,38,1,1,1,1,1,1,184,157,
11,32,5,49,97,43,1,1,1,1,1,1,146,91,1
29,42,46,70,2,6,1,1,1,1,1,1,116,79,
70,19,75,97,40,53,1,1,1,1,1,1,172,182,
82,13,93,98,81,49,1,1,1,1,1,1,191,225,
48,22,88,68,70,96,1,1,1,1,1,1,184,208,
93,70,36,65,26,54,1,1,1,1,1,1,163,181,
36,39,67,42,70,54,1,1,1,1,1,1,137,171,
5,40,77,90,49,17,1,1,1,1,1,1,167,111,1
93,71,32,87,18,41,1,1,1,1,1,1,180,162,
69,49,73,62,35,88,1,1,1,1,1,1,161,215,
39,90,31,64,44,63,1,1,1,1,1,1,154,177,
2,42,1,41,91,89,1,1,1,1,1,1,180,86,1
28,68,37,89,33,66,1,1,1,1,1,1,157,164,
22,71,77,90,94,54,1,1,1,1,1,1,184,224,
10,15,4,98,73,82,1,1,1,1,1,1,180,102,1
54,84,4,61,89,12,1,1,1,1,1,1,173,131,
92,14,75,22,89,61,1,1,1,1,1,1,181,172,
89,41,92,34,59,63,1,1,1,1,1,1,181,197,
16,35,79,72,29,7,1,1,1,1,1,1,151,87,1
97,36,60,35,20,90,1,1,1,1,1,1,187,151,
24,16,27,100,87,21,1,1,1,1,1,1,187,88,1
32,92,52,25,53,50,1,1,1,1,1,1,145,159,
54,15,80,6,29,10,1,1,1,1,1,1,134,60,1
75,70,65,87,39,55,1,1,1,1,1,1,162,229,
26,4,83,37,80,43,1,1,1,1,1,1,163,110,
25,5,89,83,94,69,1,1,1,1,1,1,183,182,
22,19,96,86,77,28,1,1,1,1,1,1,182,146,
32,10,47,97,51,99,1,1,1,1,1,1,196,140,
88,99,8,65,77,22,1,1,1,1,1,1,187,172,
54,87,16,81,76,30,1,1,1,1,1,1,168,176,
91,31,17,96,15,98,1,1,1,1,1,1,194,154,
19,53,76,9,31,62,1,1,1,1,1,1,138,112,
20,74,21,71,23,26,1,1,1,1,1,1,145,90,1
70,97,14,72,1,91,1,1,1,1,1,1,188,157,
51,5,40,31,63,18,1,1,1,1,1,1,114,94,
38,73,70,62,9,87,1,1,1,1,1,1,160,179,
34,13,31,52,92,65,1,1,1,1,1,1,157,130,
37,49,67,53,22,19,1,1,1,1,1,1,120,127,
27,12,1,88,55,66,1,1,1,1,1,1,154,95,1
35,15,86,10,34,83,1,1,1,1,1,1,169,94,1
95,27,1,78,86,13,1,1,1,1,1,1,181,119,1
79,20,74,82,100,14,1,1,1,1,1,1,182,187,
23,19,85,98,44,52,1,1,1,1,1,1,183,138,
66,29,27,10,93,13,1,1,1,1,1,1,159,79,1
73,55,39,89,41,82,1,1,1,1,1,1,171,208,
2,10,62,64,44,38,1,1,1,1,1,1,126,94,
19,86,90,92,99,94,1,1,1,1,1,1,193,287,
93,8,74,37,35,18,1,1,1,1,1,1,167,98,1
100,44,13,16,22,88,1,1,1,1,1,1,188,95,1
29,5,96,57,49,33,1,1,1,1,1,1,153,116,
32,65,24,60,71,3,1,1,1,1,1,1,136,119,
17,43,53,18,78,15,1,1,1,1,1,1,131,93,
96,100,53,67,21,86,1,1,1,1,1,1,196,227,
10,25,84,44,76,67,1,1,1,1,1,1,160,146,
88,40,68,69,66,39,1,1,1,1,1,1,157,213,
43,52,66,26,65,99,1,1,1,1,1,1,165,186,
64,88,83,9,43,89,1,1,1,1,1,1,177,199,
88,32,63,68,58,2,1,1,1,1,1,1,156,155,
100,66,71,51,7,28,1,1,1,1,1,1,171,152,
99,47,80,88,93,43,1,1,1,1,1,1,192,258,
22,27,1,78,48,36,1,1,1,1,1,1,126,86,
88,74,28,86,70,77,1,1,1,1,1,1,174,249,
52,37,18,85,60,66,1,1,1,1,1,1,151,167,
42,82,18,55,83,22,1,1,1,1,1,1,165,137,
87,94,39,85,10,64,1,1,1,1,1,1,181,198,
26,24,40,20,54,11,1,1,1,1,1,1,94,81,
43,46,14,71,94,37,1,1,1,1,1,1,165,140,
79,42,93,22,72,43,1,1,1,1,1,1,172,179,
1,98,54,29,92,66,1,1,1,1,1,1,190,150,
49,3,8,71,62,89,1,1,1,1,1,1,160,122,
36,83,68,2,24,81,1,1,1,1,1,1,164,130,
44,4,16,13,91,83,1,1,1,1,1,1,174,77,1
68,55,56,90,92,40,1,1,1,1,1,1,182,219,
90,72,30,8,94,63,1,1,1,1,1,1,184,173,
51,76,15,19,74,36,1,1,1,1,1,1,150,121,
67,78,75,61,64,21,1,1,1,1,1,1,153,213,
72,18,43,26,66,79,1,1,1,1,1,1,151,153,
10,83,75,63,56,34,1,1,1,1,1,1,158,163,
85,91,51,48,94,12,1,1,1,1,1,1,185,196,
86,55,28,97,81,92,1,1,1,1,1,1,189,250,
61,27,12,25,69,98,1,1,1,1,1,1,167,125,
61,87,38,80,27,92,1,1,1,1,1,1,179,206,
31,6,37,33,85,90,1,1,1,1,1,1,175,107,1
67,80,48,75,89,76,1,1,1,1,1,1,169,266,
58,45,95,80,100,98,1,1,1,1,1,1,198,278,
21,61,66,40,90,74,1,1,1,1,1,1,164,188,
8,16,15,12,25,60,1,1,1,1,1,1,85,51,1
48,2,60,73,23,53,1,1,1,1,1,1,133,126,
63,36,38,68,85,49,1,1,1,1,1,1,153,186,
59,92,34,96,71,8,1,1,1,1,1,1,188,172,
66,15,35,59,56,8,1,1,1,1,1,1,125,114,
93,25,97,29,43,81,1,1,1,1,1,1,190,178,
50,62,30,63,67,66,1,1,1,1,1,1,133,205,
2,45,21,90,83,66,1,1,1,1,1,1,173,134,
70,95,24,98,91,69,1,1,1,1,1,1,193,254,
71,53,84,87,98,35,1,1,1,1,1,1,185,243,
73,83,25,78,69,61,1,1,1,1,1,1,161,228,
34,99,44,72,13,16,1,1,1,1,1,1,171,107,1
22,67,43,57,30,74,1,1,1,1,1,1,141,152,
73,93,94,98,77,69,1,1,1,1,1,1,192,312,
81,44,57,52,7,18,1,1,1,1,1,1,138,121,
40,3,28,46,76,91,1,1,1,1,1,1,167,117,
84,91,54,19,17,2,1,1,1,1,1,1,175,92,1
46,61,68,3,8,24,1,1,1,1,1,1,129,81,1
5,59,75,77,72,7,1,1,1,1,1,1,152,143,
70,10,86,53,66,34,1,1,1,1,1,1,156,163,
38,93,52,32,20,39,1,1,1,1,1,1,145,129,
33,75,23,79,59,85,1,1,1,1,1,1,164,190,
58,63,72,8,66,20,1,1,1,1,1,1,138,149,
22,57,26,77,90,28,1,1,1,1,1,1,167,133,
65,93,81,99,83,37,1,1,1,1,1,1,192,266,
59,80,38,33,61,29,1,1,1,1,1,1,141,159,
15,16,70,41,37,79,1,1,1,1,1,1,149,109,
62,25,33,87,71,17,1,1,1,1,1,1,158,137,
99,68,61,48,8,71,1,1,1,1,1,1,170,185,
2,95,36,12,51,34,1,1,1,1,1,1,146,84,1
59,39,95,27,86,55,1,1,1,1,1,1,181,180,
83,14,9,75,61,40,1,1,1,1,1,1,158,124,
90,63,6,93,44,87,1,1,1,1,1,1,183,200,
15,93,13,53,23,1,1,1,1,1,1,1,146,52,1
85,6,82,14,15,20,1,1,1,1,1,1,167,55,1
46,9,3,79,61,90,1,1,1,1,1,1,169,119,
97,9,35,77,29,13,1,1,1,1,1,1,174,86,1
71,32,67,49,77,18,1,1,1,1,1,1,148,166,
45,13,38,79,55,96,1,1,1,1,1,1,175,151,
36,29,44,12,17,14,1,1,1,1,1,1,80,72,
29,93,72,92,23,27,1,1,1,1,1,1,185,151,
79,61,66,62,54,84,1,1,1,1,1,1,163,243,
93,100,44,35,43,83,1,1,1,1,1,1,193,205,
83,67,87,66,12,31,1,1,1,1,1,1,170,176,
90,14,73,79,55,46,1,1,1,1,1,1,169,188,
43,54,37,57,38,59,1,1,1,1,1,1,116,172,
79,60,67,47,56,46,1,1,1,1,1,1,146,209,
60,77,61,58,44,68,1,1,1,1,1,1,145,223,
94,68,39,24,62,40,1,1,1,1,1,1,162,165,
3,51,83,5,88,82,1,1,1,1,1,1,171,141,
22,79,98,20,12,51,1,1,1,1,1,1,177,105,1
28,53,68,1,21,99,1,1,1,1,1,1,167,103,1
47,29,41,4,96,82,1,1,1,1,1,1,178,121,
72,34,25,42,33,61,1,1,1,1,1,1,133,134,
60,47,74,90,54,93,1,1,1,1,1,1,183,235,
36,76,95,56,78,63,1,1,1,1,1,1,173,231,
48,51,52,8,26,20,1,1,1,1,1,1,103,102,
33,25,96,98,66,2,1,1,1,1,1,1,194,126,1
16,100,48,21,13,91,1,1,1,1,1,1,191,98,1
98,90,94,6,89,74,1,1,1,1,1,1,192,259,
55,42,46,91,70,73,1,1,1,1,1,1,164,213,
50,55,96,16,11,76,1,1,1,1,1,1,172,132,
15,41,25,94,21,30,1,1,1,1,1,1,135,91,
51,56,25,98,71,85,1,1,1,1,1,1,183,203,
20,15,41,34,77,27,1,1,1,1,1,1,118,96,
54,70,2,39,28,100,1,1,1,1,1,1,170,123,
60,58,62,49,15,5,1,1,1,1,1,1,122,127,
1,10,14,46,15,47,1,1,1,1,1,1,93,40,1
46,68,3,96,86,63,1,1,1,1,1,1,182,180,
95,67,23,62,9,96,1,1,1,1,1,1,191,161,
60,49,100,48,71,38,1,1,1,1,1,1,171,195,
70,23,40,6,25,3,1,1,1,1,1,1,110,57,1
19,99,50,54,74,78,1,1,1,1,1,1,177,197,
86,72,7,28,5,90,1,1,1,1,1,1,176,112,1
23,73,54,80,24,29,1,1,1,1,1,1,153,130,
88,65,67,30,95,48,1,1,1,1,1,1,183,210,
30,96,69,58,99,57,1,1,1,1,1,1,195,214,
31,37,14,45,11,42,1,1,1,1,1,1,87,93,
15,49,84,39,26,28,1,1,1,1,1,1,133,108,
13,53,93,66,43,14,1,1,1,1,1,1,159,123,
58,98,84,21,75,52,1,1,1,1,1,1,182,206,
16,29,63,11,53,34,1,1,1,1,1,1,116,90,
34,54,3,25,23,68,1,1,1,1,1,1,122,85,
92,8,80,72,74,60,1,1,1,1,1,1,172,214,
83,26,20,35,42,99,1,1,1,1,1,1,182,123,
55,15,58,12,38,14,1,1,1,1,1,1,113,79,
8,1,50,32,28,6,1,1,1,1,1,1,82,43,1
50,63,92,31,80,70,1,1,1,1,1,1,172,214,
2,72,13,44,24,56,1,1,1,1,1,1,128,83,1
31,41,98,47,58,28,1,1,1,1,1,1,156,147,
65,4,45,75,73,7,1,1,1,1,1,1,148,121,
21,68,9,89,5,95,1,1,1,1,1,1,184,103,1
4,20,84,96,14,46,1,1,1,1,1,1,180,84,1
34,18,13,49,44,33,1,1,1,1,1,1,93,98,
77,20,30,80,41,97,1,1,1,1,1,1,177,168,
5,63,7,36,6,59,1,1,1,1,1,1,122,54,1
20,51,16,79,12,7,1,1,1,1,1,1,130,55,1
84,6,86,55,5,26,1,1,1,1,1,1,170,92,1
68,87,95,25,40,48,1,1,1,1,1,1,182,181,
18,1,62,92,99,69,1,1,1,1,1,1,191,150,
79,93,58,43,96,20,1,1,1,1,1,1,189,200,
31,77,85,35,24,21,1,1,1,1,1,1,162,111,
30,77,26,23,32,48,1,1,1,1,1,1,125,111,
79,32,20,46,72,44,1,1,1,1,1,1,151,142,
91,28,88,79,65,38,1,1,1,1,1,1,179,210,
74,71,96,36,24,76,1,1,1,1,1,1,172,205,
50,86,93,51,46,13,1,1,1,1,1,1,179,160,
76,31,88,1,45,28,1,1,1,1,1,1,164,105,1
55,21,51,47,65,85,1,1,1,1,1,1,150,174,
57,61,44,91,71,78,1,1,1,1,1,1,169,233,
11,74,81,48,19,86,1,1,1,1,1,1,167,152,
88,76,92,44,83,85,1,1,1,1,1,1,180,288,
18,54,85,33,89,39,1,1,1,1,1,1,174,144,
79,16,73,10,30,38,1,1,1,1,1,1,152,94,1
94,56,58,10,97,44,1,1,1,1,1,1,191,168,
87,71,95,73,29,88,1,1,1,1,1,1,183,260,
94,37,100,98,62,4,1,1,1,1,1,1,198,197,
23,36,58,53,43,74,1,1,1,1,1,1,132,155,
16,1,80,23,71,87,1,1,1,1,1,1,167,111,1
66,78,73,85,100,71,1,1,1,1,1,1,185,288,
20,18,22,33,95,51,1,1,1,1,1,1,146,93,1
45,57,42,61,50,92,1,1,1,1,1,1,153,194,
96,8,41,64,22,68,1,1,1,1,1,1,164,135,
66,96,82,84,4,61,1,1,1,1,1,1,180,213,
96,1,42,75,41,65,1,1,1,1,1,1,171,149,
39,55,100,6,24,11,1,1,1,1,1,1,155,80,1
1,78,98,44,63,20,1,1,1,1,1,1,176,128,
7,35,51,13,4,8,1,1,1,1,1,1,86,32,1
97,75,47,71,70,79,1,1,1,1,1,1,176,263,
52,6,90,19,61,24,1,1,1,1,1,1,151,101,
49,79,88,11,65,92,1,1,1,1,1,1,180,204,
4,35,76,62,91,20,1,1,1,1,1,1,167,121,
35,63,8,14,23,73,1,1,1,1,1,1,136,80,1
74,25,67,90,4,56,1,1,1,1,1,1,164,152,
58,93,39,65,98,33,1,1,1,1,1,1,191,195,
8,79,24,95,25,63,1,1,1,1,1,1,174,120,
17,30,20,13,47,4,1,1,1,1,1,1,77,54,
16,19,3,34,64,36,1,1,1,1,1,1,100,72,
86,62,9,51,72,25,1,1,1,1,1,1,158,147,
44,53,95,11,2,42,1,1,1,1,1,1,148,99,
60,61,14,93,81,2,1,1,1,1,1,1,174,137,
37,52,99,96,81,42,1,1,1,1,1,1,195,212,
55,27,66,17,51,73,1,1,1,1,1,1,139,150,
80,35,81,26,6,12,1,1,1,1,1,1,161,79,1
92,1,63,69,53,77,1,1,1,1,1,1,169,186,
28,16,79,40,81,83,1,1,1,1,1,1,164,163,
28,29,61,4,55,30,1,1,1,1,1,1,116,91,
37,54,2,52,94,48,1,1,1,1,1,1,148,139,
30,69,6,44,35,38,1,1,1,1,1,1,113,109,
12,90,43,37,85,35,1,1,1,1,1,1,175,127,
94,60,14,23,100,40,1,1,1,1,1,1,194,137,
23,20,66,14,5,77,1,1,1,1,1,1,143,62,1
93,9,90,5,20,99,1,1,1,1,1,1,192,124,1
55,38,84,59,58,61,1,1,1,1,1,1,145,210,
5,39,57,47,89,37,1,1,1,1,1,1,146,128,
30,4,46,71,58,66,1,1,1,1,1,1,137,138,
35,81,88,8,99,56,1,1,1,1,1,1,187,180,
6,7,64,99,92,11,1,1,1,1,1,1,191,88,1
51,60,6,41,90,17,1,1,1,1,1,1,150,115,
25,90,3,76,29,37,1,1,1,1,1,1,166,94,1
75,34,1,44,95,93,1,1,1,1,1,1,188,154,
14,40,87,39,44,74,1,1,1,1,1,1,161,137,
74,72,98,19,63,23,1,1,1,1,1,1,172,177,
52,42,10,11,19,95,1,1,1,1,1,1,147,82,1
16,10,13,38,89,27,1,1,1,1,1,1,127,66,1
34,65,4,28,100,36,1,1,1,1,1,1,165,102,1
1,63,18,13,31,6,1,1,1,1,1,1,94,38,1
88,53,46,5,26,50,1,1,1,1,1,1,141,127,
12,17,40,41,46,67,1,1,1,1,1,1,113,110,
85,52,40,14,59,100,1,1,1,1,1,1,185,165,
46,57,54,99,86,81,1,1,1,1,1,1,185,238,
100,35,49,48,68,63,1,1,1,1,1,1,168,195,
78,71,24,49,92,9,1,1,1,1,1,1,170,153,
49,59,8,64,66,58,1,1,1,1,1,1,130,174,
12,53,18,42,64,77,1,1,1,1,1,1,141,125,
61,19,91,38,45,27,1,1,1,1,1,1,152,129,
57,82,87,92,17,80,1,1,1,1,1,1,179,236,
39,48,14,16,26,23,1,1,1,1,1,1,87,79,
2,83,85,13,18,74,1,1,1,1,1,1,168,107,1
55,97,73,17,8,47,1,1,1,1,1,1,170,127,
73,46,52,42,64,2,1,1,1,1,1,1,137,142,
17,18,14,48,30,5,1,1,1,1,1,1,78,54,
62,41,51,44,22,85,1,1,1,1,1,1,147,158,
31,50,66,68,90,1,1,1,1,1,1,1,158,148,
92,39,43,31,69,49,1,1,1,1,1,1,161,162,
41,33,73,29,56,88,1,1,1,1,1,1,161,159,
73,86,81,1,34,43,1,1,1,1,1,1,167,151,
8,80,11,34,54,90,1,1,1,1,1,1,170,107,1
13,9,47,35,87,94,1,1,1,1,1,1,181,104,1
61,91,39,52,74,5,1,1,1,1,1,1,165,157,
60,39,40,61,1,50,1,1,1,1,1,1,121,130,
59,30,48,14,37,64,1,1,1,1,1,1,123,129,
89,24,33,25,56,14,1,1,1,1,1,1,145,96,1
41,100,44,37,75,40,1,1,1,1,1,1,175,162,
49,8,36,81,51,56,1,1,1,1,1,1,137,144,
32,92,11,27,61,36,1,1,1,1,1,1,153,106,
69,10,97,93,7,74,1,1,1,1,1,1,190,160,
99,36,21,3,75,47,1,1,1,1,1,1,174,107,1
89,5,52,61,35,78,1,1,1,1,1,1,167,153,
49,15,54,55,91,38,1,1,1,1,1,1,146,156,
20,55,26,13,31,96,1,1,1,1,1,1,151,90,1
16,77,69,11,39,33,1,1,1,1,1,1,146,99,
83,16,68,36,2,94,1,1,1,1,1,1,177,122,
71,2,7,3,23,30,1,1,1,1,1,1,101,35,1
10,21,95,99,35,14,1,1,1,1,1,1,194,80,1
88,69,78,77,82,75,1,1,1,1,1,1,170,299,
77,34,17,65,45,95,1,1,1,1,1,1,172,161,
89,61,27,45,15,96,1,1,1,1,1,1,185,148,
32,83,91,22,44,14,1,1,1,1,1,1,174,112,1
54,26,10,7,93,95,1,1,1,1,1,1,188,97,1
49,88,80,85,66,53,1,1,1,1,1,1,173,248,
18,53,41,36,87,19,1,1,1,1,1,1,140,114,
76,96,15,99,25,67,1,1,1,1,1,1,195,183,
65,79,38,7,73,67,1,1,1,1,1,1,152,177,
39,51,88,18,73,86,1,1,1,1,1,1,174,181,
23,90,57,96,15,84,1,1,1,1,1,1,186,179,
36,79,81,32,83,74,1,1,1,1,1,1,164,221,
48,80,59,82,9,78,1,1,1,1,1,1,162,194,
49,75,8,15,50,100,1,1,1,1,1,1,175,122,
99,59,70,12,46,6,1,1,1,1,1,1,169,123,
79,46,22,11,95,7,1,1,1,1,1,1,174,86,1
99,64,5,95,49,7,1,1,1,1,1,1,194,125,1
68,14,10,12,39,8,1,1,1,1,1,1,107,44,1
88,92,66,31,70,94,1,1,1,1,1,1,186,255,
63,62,55,58,14,95,1,1,1,1,1,1,158,189,
6,100,80,22,49,53,1,1,1,1,1,1,180,130,
1,77,91,8,93,33,1,1,1,1,1,1,184,119,1
35,23,55,97,36,33,1,1,1,1,1,1,152,127,
73,67,22,2,27,11,1,1,1,1,1,1,140,62,1
94,69,88,46,11,2,1,1,1,1,1,1,182,128,
100,75,86,84,88,50,1,1,1,1,1,1,188,295,
58,57,29,26,90,16,1,1,1,1,1,1,148,128,
62,79,97,27,9,64,1,1,1,1,1,1,176,162,
80,42,61,65,36,46,1,1,1,1,1,1,145,185,
72,26,55,86,53,20,1,1,1,1,1,1,158,154,
92,79,90,31,36,32,1,1,1,1,1,1,182,178,
55,24,12,94,63,32,1,1,1,1,1,1,157,123,
81,30,21,77,20,19,1,1,1,1,1,1,158,90,1
42,33,27,76,41,86,1,1,1,1,1,1,162,143,
52,2,96,99,84,88,1,1,1,1,1,1,195,226,
68,60,16,38,14,28,1,1,1,1,1,1,128,96,
60,72,46,40,96,91,1,1,1,1,1,1,187,218,
15,81,8,57,92,33,1,1,1,1,1,1,173,113,1
37,86,76,41,65,38,1,1,1,1,1,1,162,181,
9,98,74,28,18,54,1,1,1,1,1,1,172,109,1
69,55,41,90,76,56,1,1,1,1,1,1,166,221,
73,13,10,57,43,18,1,1,1,1,1,1,130,84,1
44,54,93,92,100,46,1,1,1,1,1,1,193,236,
77,4,54,67,47,82,1,1,1,1,1,1,159,172,
73,75,70,14,94,37,1,1,1,1,1,1,169,194,
62,67,95,34,6,24,1,1,1,1,1,1,162,126,
17,35,26,14,91,64,1,1,1,1,1,1,155,92,1
68,99,59,5,10,47,1,1,1,1,1,1,167,121,
96,81,31,97,20,25,1,1,1,1,1,1,193,157,
91,73,86,5,63,58,1,1,1,1,1,1,177,199,
30,27,82,33,61,20,1,1,1,1,1,1,143,110,
43,60,45,70,96,100,1,1,1,1,1,1,196,218,
15,8,31,100,29,74,1,1,1,1,1,1,174,83,1
50,8,34,5,26,52,1,1,1,1,1,1,102,73,
10,71,25,36,47,5,1,1,1,1,1,1,118,76,1
1,58,22,85,96,9,1,1,1,1,1,1,181,90,1
66,71,2,46,95,92,1,1,1,1,1,1,187,185,
33,77,79,64,65,25,1,1,1,1,1,1,156,187,
50,10,82,79,80,31,1,1,1,1,1,1,162,170,
26,84,2,53,27,48,1,1,1,1,1,1,137,103,
7,44,78,4,43,2,1,1,1,1,1,1,122,56,1
57,62,79,95,14,4,1,1,1,1,1,1,174,137,
35,99,34,96,41,74,1,1,1,1,1,1,195,184,
22,31,5,73,38,88,1,1,1,1,1,1,161,96,1
40,42,78,52,21,76,1,1,1,1,1,1,154,155,
45,87,72,95,38,33,1,1,1,1,1,1,182,188,
24,21,8,29,49,98,1,1,1,1,1,1,147,82,1
22,92,53,14,8,76,1,1,1,1,1,1,168,97,1
41,84,89,91,96,10,1,1,1,1,1,1,187,224,
6,44,72,66,49,7,1,1,1,1,1,1,138,106,
94,58,63,88,50,99,1,1,1,1,1,1,193,259,
72,51,48,71,86,20,1,1,1,1,1,1,158,190,
45,25,40,75,52,81,1,1,1,1,1,1,156,162,
55,7,59,16,6,100,1,1,1,1,1,1,159,84,1
16,78,42,41,31,13,1,1,1,1,1,1,120,101,
69,63,40,62,24,18,1,1,1,1,1,1,132,144,
53,33,57,61,11,50,1,1,1,1,1,1,118,147,
46,95,18,62,6,58,1,1,1,1,1,1,157,128,
38,85,98,69,77,14,1,1,1,1,1,1,183,198,
77,37,69,61,78,76,1,1,1,1,1,1,155,243,
87,1,76,67,3,92,1,1,1,1,1,1,179,147,
51,26,100,38,39,11,1,1,1,1,1,1,151,114,
58,85,88,49,92,12,1,1,1,1,1,1,180,204,
79,16,94,47,92,3,1,1,1,1,1,1,186,145,
11,95,55,29,56,80,1,1,1,1,1,1,175,151,
27,74,38,5,92,100,1,1,1,1,1,1,192,144,
23,29,80,21,56,16,1,1,1,1,1,1,136,89,1
82,80,1,29,61,31,1,1,1,1,1,1,162,122,
76,15,74,27,45,41,1,1,1,1,1,1,150,128,
82,48,12,26,41,34,1,1,1,1,1,1,130,113,
58,13,43,19,28,73,1,1,1,1,1,1,131,103,
87,35,22,26,30,15,1,1,1,1,1,1,122,93,
85,18,29,25,62,46,1,1,1,1,1,1,147,118,
78,43,7,58,17,5,1,1,1,1,1,1,136,72,1
27,58,56,70,62,87,1,1,1,1,1,1,157,203,
75,90,53,74,29,67,1,1,1,1,1,1,165,223,
39,95,78,38,64,30,1,1,1,1,1,1,173,171,
37,28,34,59,58,2,1,1,1,1,1,1,117,101,
83,82,66,35,32,3,1,1,1,1,1,1,165,136,
35,13,11,9,2,20,1,1,1,1,1,1,55,35,1
80,95,43,22,21,11,1,1,1,1,1,1,175,97,1
84,59,26,100,50,10,1,1,1,1,1,1,184,145,
24,76,37,31,53,81,1,1,1,1,1,1,157,145,
76,94,39,41,70,44,1,1,1,1,1,1,170,194,
17,39,41,16,77,6,1,1,1,1,1,1,118,78,1
4,100,77,32,79,49,1,1,1,1,1,1,179,162,
97,87,51,43,37,18,1,1,1,1,1,1,184,149,
70,26,9,80,6,42,1,1,1,1,1,1,150,83,1
37,55,80,2,16,54,1,1,1,1,1,1,135,109,
38,93,15,59,34,64,1,1,1,1,1,1,157,146,
83,56,85,38,95,58,1,1,1,1,1,1,180,235,
39,14,95,92,61,23,1,1,1,1,1,1,187,137,
8,6,68,26,95,21,1,1,1,1,1,1,163,61,1
92,82,43,54,12,58,1,1,1,1,1,1,174,167,
52,42,18,16,41,77,1,1,1,1,1,1,129,117,
93,42,43,70,10,79,1,1,1,1,1,1,172,165,
27,40,2,47,45,20,1,1,1,1,1,1,92,89,
99,28,49,98,96,36,1,1,1,1,1,1,197,209,
84,26,3,88,81,59,1,1,1,1,1,1,172,169,
19,37,30,74,33,55,1,1,1,1,1,1,129,119,
97,44,80,75,15,41,1,1,1,1,1,1,177,175,
7,74,28,80,64,56,1,1,1,1,1,1,154,155,
72,17,50,23,63,32,1,1,1,1,1,1,135,122,
73,95,20,88,50,96,1,1,1,1,1,1,191,231,
80,41,55,10,16,28,1,1,1,1,1,1,135,95,
49,35,68,69,2,67,1,1,1,1,1,1,137,153,
85,67,54,83,64,66,1,1,1,1,1,1,168,251,
70,93,62,55,43,45,1,1,1,1,1,1,163,205,
59,78,45,62,15,16,1,1,1,1,1,1,140,135,
50,26,43,36,53,96,1,1,1,1,1,1,149,155,
34,6,79,30,62,63,1,1,1,1,1,1,142,132,
71,93,47,58,67,40,1,1,1,1,1,1,164,212,
81,34,19,87,58,50,1,1,1,1,1,1,168,161,
69,79,86,19,9,5,1,1,1,1,1,1,165,102,1
65,89,15,49,97,35,1,1,1,1,1,1,186,164,
77,53,89,84,67,96,1,1,1,1,1,1,185,281,
95,32,62,64,59,85,1,1,1,1,1,1,180,217,
54,24,32,23,57,1,1,1,1,1,1,1,111,80,
63,89,53,64,82,62,1,1,1,1,1,1,171,242,
11,51,92,37,74,21,1,1,1,1,1,1,166,120,
35,65,73,71,63,29,1,1,1,1,1,1,144,192,
48,11,90,85,68,92,1,1,1,1,1,1,182,212,
75,89,39,88,8,94,1,1,1,1,1,1,183,210,
9,45,4,75,3,30,1,1,1,1,1,1,120,46,1
38,53,65,21,7,83,1,1,1,1,1,1,148,119,
78,13,14,77,22,62,1,1,1,1,1,1,155,111,
74,71,82,18,50,46,1,1,1,1,1,1,156,185,
41,34,60,74,58,59,1,1,1,1,1,1,134,192,
65,94,95,62,98,41,1,1,1,1,1,1,193,262,
2,28,40,90,11,53,1,1,1,1,1,1,143,81,1
29,55,53,48,54,62,1,1,1,1,1,1,117,184,
52,7,99,43,90,19,1,1,1,1,1,1,189,121,1
81,100,79,71,23,30,1,1,1,1,1,1,181,203,
23,19,27,56,22,10,1,1,1,1,1,1,83,74,
95,43,58,18,26,34,1,1,1,1,1,1,153,121,
25,83,73,4,19,23,1,1,1,1,1,1,156,71,1
89,42,90,29,58,98,1,1,1,1,1,1,188,218,
20,73,85,52,15,66,1,1,1,1,1,1,158,153,
99,4,97,95,70,57,1,1,1,1,1,1,196,226,
93,21,98,86,99,7,1,1,1,1,1,1,197,207,
54,77,52,43,78,45,1,1,1,1,1,1,155,194,
72,2,87,53,6,97,1,1,1,1,1,1,184,133,
36,56,90,41,31,20,1,1,1,1,1,1,146,128,
33,10,36,91,24,60,1,1,1,1,1,1,151,103,
79,64,22,67,12,86,1,1,1,1,1,1,165,165,
64,26,8,69,80,36,1,1,1,1,1,1,149,134,
1,94,8,99,10,89,1,1,1,1,1,1,193,108,1
10,21,16,13,25,75,1,1,1,1,1,1,100,60,1
53,13,62,82,43,24,1,1,1,1,1,1,144,133,
73,19,97,39,68,99,1,1,1,1,1,1,196,199,
79,29,83,22,1,43,1,1,1,1,1,1,162,95,1
100,31,42,39,54,55,1,1,1,1,1,1,155,166,
57,79,29,2,72,18,1,1,1,1,1,1,151,106,
92,98,56,48,5,2,1,1,1,1,1,1,190,111,1
66,87,91,64,5,32,1,1,1,1,1,1,178,167,
76,21,90,39,13,89,1,1,1,1,1,1,179,149,
47,57,22,12,59,95,1,1,1,1,1,1,154,138,
23,39,52,74,14,57,1,1,1,1,1,1,131,128,
33,39,68,86,8,94,1,1,1,1,1,1,180,148,
67,52,39,78,56,17,1,1,1,1,1,1,145,164,
70,45,18,16,57,34,1,1,1,1,1,1,127,113,
79,26,75,59,5,91,1,1,1,1,1,1,170,165,
77,73,12,34,97,20,1,1,1,1,1,1,174,139,
73,5,84,31,24,74,1,1,1,1,1,1,158,133,
59,34,44,43,11,3,1,1,1,1,1,1,103,91,
45,13,47,16,29,36,1,1,1,1,1,1,92,94,
41,58,26,77,73,76,1,1,1,1,1,1,153,198,
24,36,18,40,8,7,1,1,1,1,1,1,76,57,
55,64,99,50,91,4,1,1,1,1,1,1,190,173,
32,3,27,71,21,89,1,1,1,1,1,1,160,83,1
22,42,66,79,84,17,1,1,1,1,1,1,163,147,
16,45,64,61,40,27,1,1,1,1,1,1,125,128,
61,35,44,63,16,55,1,1,1,1,1,1,124,150,
58,34,78,36,88,89,1,1,1,1,1,1,177,206,
36,30,40,3,8,85,1,1,1,1,1,1,125,77,1
49,23,37,75,100,53,1,1,1,1,1,1,175,162,
93,67,94,42,98,71,1,1,1,1,1,1,192,273,
47,82,5,3,25,76,1,1,1,1,1,1,158,80,1
12,42,85,48,73,66,1,1,1,1,1,1,158,168,
7,22,57,25,78,92,1,1,1,1,1,1,170,111,1
47,96,70,19,84,1,1,1,1,1,1,1,180,137,
38,13,8,94,70,81,1,1,1,1,1,1,175,129,
21,89,15,19,30,81,1,1,1,1,1,1,170,85,1
69,74,49,78,41,26,1,1,1,1,1,1,152,185,
76,94,14,19,62,26,1,1,1,1,1,1,170,121,
19,39,42,74,81,52,1,1,1,1,1,1,155,152,
11,93,29,14,40,7,1,1,1,1,1,1,133,61,1
73,96,37,48,62,71,1,1,1,1,1,1,169,218,
23,60,50,65,87,73,1,1,1,1,1,1,160,198,
40,87,47,17,98,30,1,1,1,1,1,1,185,134,
68,43,77,25,19,11,1,1,1,1,1,1,145,98,
25,43,73,99,66,15,1,1,1,1,1,1,172,149,
2,18,11,65,37,60,1,1,1,1,1,1,125,68,1
9,100,61,89,7,43,1,1,1,1,1,1,189,120,1
86,55,94,88,61,72,1,1,1,1,1,1,182,274,
3,50,62,84,63,85,1,1,1,1,1,1,169,178,
45,7,82,3,8,1,1,1,1,1,1,1,127,19,1
15,75,7,48,69,93,1,1,1,1,1,1,168,139,
23,10,57,46,58,36,1,1,1,1,1,1,115,115,
12,93,92,98,31,13,1,1,1,1,1,1,191,148,
93,69,72,56,49,25,1,1,1,1,1,1,165,199,
37,72,99,24,88,44,1,1,1,1,1,1,187,177,
46,47,52,76,29,10,1,1,1,1,1,1,128,132,
5,51,12,44,86,63,1,1,1,1,1,1,149,112,
75,57,7,81,28,6,1,1,1,1,1,1,156,98,1
73,16,29,87,35,84,1,1,1,1,1,1,171,153,
79,2,27,97,14,59,1,1,1,1,1,1,176,102,1
4,100,88,1,51,47,1,1,1,1,1,1,188,103,1
84,44,36,45,54,32,1,1,1,1,1,1,138,157,
14,74,92,71,77,95,1,1,1,1,1,1,187,236,
21,24,11,94,91,77,1,1,1,1,1,1,185,133,
47,100,63,73,37,60,1,1,1,1,1,1,173,207,
11,76,25,46,86,57,1,1,1,1,1,1,162,139,
32,48,85,94,34,46,1,1,1,1,1,1,179,160,
65,15,98,70,42,88,1,1,1,1,1,1,186,192,
5,96,45,66,6,38,1,1,1,1,1,1,162,94,1
75,91,97,58,7,1,1,1,1,1,1,1,188,141,
87,59,10,42,24,99,1,1,1,1,1,1,186,135,
41,5,13,6,31,70,1,1,1,1,1,1,111,55,1
13,23,8,88,73,99,1,1,1,1,1,1,187,117,1
56,51,8,52,6,21,1,1,1,1,1,1,108,86,
93,67,52,46,79,2,1,1,1,1,1,1,172,167,
63,95,35,79,6,100,1,1,1,1,1,1,195,183,
52,84,17,26,58,25,1,1,1,1,1,1,142,120,
66,44,24,53,67,60,1,1,1,1,1,1,133,181,
53,17,25,28,54,45,1,1,1,1,1,1,107,115,
40,14,80,15,57,7,1,1,1,1,1,1,137,76,1
5,66,21,4,13,29,1,1,1,1,1,1,95,43,1
83,66,61,10,48,59,1,1,1,1,1,1,149,178,
17,22,90,56,11,61,1,1,1,1,1,1,151,106,
24,55,35,85,25,93,1,1,1,1,1,1,178,139,
72,76,71,41,1,91,1,1,1,1,1,1,167,185,
94,40,31,91,90,52,1,1,1,1,1,1,185,213,
99,14,42,44,75,51,1,1,1,1,1,1,174,151,
8,58,93,30,79,99,1,1,1,1,1,1,192,175,
14,21,40,73,29,42,1,1,1,1,1,1,115,104,
25,81,23,20,43,48,1,1,1,1,1,1,129,111,
36,87,64,98,89,49,1,1,1,1,1,1,187,236,
35,42,56,55,47,51,1,1,1,1,1,1,111,175,
24,11,61,66,23,30,1,1,1,1,1,1,127,88,
14,57,66,8,51,63,1,1,1,1,1,1,129,130,
5,97,89,51,42,32,1,1,1,1,1,1,186,130,
38,25,67,5,9,63,1,1,1,1,1,1,130,77,1
11,89,22,46,58,7,1,1,1,1,1,1,147,86,1
12,54,26,75,93,95,1,1,1,1,1,1,188,167,
37,8,72,90,79,62,1,1,1,1,1,1,169,179,
2,33,8,85,36,20,1,1,1,1,1,1,121,63,1
73,17,74,67,43,66,1,1,1,1,1,1,147,193,
24,17,53,32,9,42,1,1,1,1,1,1,95,82,
55,83,32,16,10,57,1,1,1,1,1,1,140,113,
64,9,72,57,96,86,1,1,1,1,1,1,182,202,
35,76,13,96,45,81,1,1,1,1,1,1,177,169,
100,72,51,7,26,66,1,1,1,1,1,1,172,150,
71,29,44,15,51,39,1,1,1,1,1,1,122,127,
100,92,29,86,34,91,1,1,1,1,1,1,192,240,
17,63,20,16,80,23,1,1,1,1,1,1,143,76,1
30,58,93,72,83,81,1,1,1,1,1,1,176,241,
54,85,9,84,81,40,1,1,1,1,1,1,169,184,
77,80,63,48,4,69,1,1,1,1,1,1,157,184,
51,70,88,17,81,78,1,1,1,1,1,1,169,216,
20,72,49,84,37,17,1,1,1,1,1,1,156,123,
58,79,93,56,7,15,1,1,1,1,1,1,172,136,
85,8,22,93,7,28,1,1,1,1,1,1,178,65,1
28,78,17,73,47,45,1,1,1,1,1,1,151,137,
14,21,74,86,8,34,1,1,1,1,1,1,160,77,1
27,62,25,11,90,31,1,1,1,1,1,1,152,94,1
59,99,28,86,6,63,1,1,1,1,1,1,185,156,
18,32,54,7,6,48,1,1,1,1,1,1,102,63,1
24,77,71,33,47,52,1,1,1,1,1,1,148,156,
73,96,77,29,23,82,1,1,1,1,1,1,178,202,
83,56,68,86,64,100,1,1,1,1,1,1,186,271,
66,83,55,41,14,63,1,1,1,1,1,1,149,173,
84,90,9,48,35,96,1,1,1,1,1,1,186,176,
32,57,2,38,1,78,1,1,1,1,1,1,135,73,1
99,65,50,22,91,3,1,1,1,1,1,1,190,140,
67,56,6,66,65,14,1,1,1,1,1,1,133,141,
28,83,52,31,95,79,1,1,1,1,1,1,178,190,
68,58,36,59,94,23,1,1,1,1,1,1,162,176,
60,79,27,3,70,67,1,1,1,1,1,1,149,157,
29,35,33,24,45,2,1,1,1,1,1,1,80,88,
6,48,65,7,83,57,1,1,1,1,1,1,148,118,
8,67,28,40,42,68,1,1,1,1,1,1,135,118,
29,57,61,93,46,8,1,1,1,1,1,1,154,140,
76,2,45,88,28,7,1,1,1,1,1,1,164,82,1
13,69,47,5,1,81,1,1,1,1,1,1,150,66,1
89,65,42,31,68,24,1,1,1,1,1,1,157,162,
8,62,48,81,9,37,1,1,1,1,1,1,143,102,
39,8,49,77,95,89,1,1,1,1,1,1,184,173,
54,80,91,83,99,71,1,1,1,1,1,1,190,288,
73,99,44,48,76,32,1,1,1,1,1,1,175,197,
92,11,78,72,87,79,1,1,1,1,1,1,179,240,
16,66,99,89,88,81,1,1,1,1,1,1,188,251,
91,53,51,6,34,83,1,1,1,1,1,1,174,144,
99,44,17,13,7,27,1,1,1,1,1,1,143,64,1
81,51,70,16,27,71,1,1,1,1,1,1,152,164,
18,86,43,12,22,30,1,1,1,1,1,1,129,82,1
60,21,20,91,22,26,1,1,1,1,1,1,151,89,1
39,27,61,21,3,7,1,1,1,1,1,1,100,58,1
73,97,12,63,84,67,1,1,1,1,1,1,181,215,
71,49,45,27,82,69,1,1,1,1,1,1,153,190,
49,53,75,48,3,24,1,1,1,1,1,1,128,124,
68,39,52,58,27,59,1,1,1,1,1,1,127,176,
80,71,53,90,17,45,1,1,1,1,1,1,170,186,
22,76,30,67,93,6,1,1,1,1,1,1,169,125,
98,64,83,20,32,84,1,1,1,1,1,1,182,199,
77,25,35,26,98,49,1,1,1,1,1,1,175,135,
5,70,27,90,64,52,1,1,1,1,1,1,160,148,
61,32,77,93,39,59,1,1,1,1,1,1,170,191,
81,15,26,68,58,52,1,1,1,1,1,1,149,151,
42,93,31,97,55,28,1,1,1,1,1,1,190,156,
11,36,70,5,24,87,1,1,1,1,1,1,157,76,1
44,95,2,40,82,26,1,1,1,1,1,1,177,112,1
67,40,89,87,84,74,1,1,1,1,1,1,176,265,
65,20,42,43,51,58,1,1,1,1,1,1,123,156,
19,72,65,7,70,48,1,1,1,1,1,1,142,139,
49,1,92,8,33,52,1,1,1,1,1,1,144,91,1
53,77,74,94,57,90,1,1,1,1,1,1,184,261,
64,16,95,8,57,5,1,1,1,1,1,1,159,86,1
97,20,74,40,11,49,1,1,1,1,1,1,171,120,
21,84,62,28,88,76,1,1,1,1,1,1,172,187,
17,51,80,28,26,91,1,1,1,1,1,1,171,122,
29,98,86,74,34,21,1,1,1,1,1,1,184,158,
38,14,96,30,82,17,1,1,1,1,1,1,178,99,1
54,33,1,36,40,73,1,1,1,1,1,1,127,110,
2,66,42,89,29,33,1,1,1,1,1,1,155,106,
86,56,94,44,84,29,1,1,1,1,1,1,180,213,
76,82,80,36,62,58,1,1,1,1,1,1,162,232,
20,42,3,70,55,69,1,1,1,1,1,1,139,120,
16,99,60,18,11,26,1,1,1,1,1,1,159,71,1
84,85,16,89,21,48,1,1,1,1,1,1,174,169,
29,14,77,12,84,64,1,1,1,1,1,1,161,119,
17,78,82,4,8,59,1,1,1,1,1,1,160,88,1
52,63,34,19,66,44,1,1,1,1,1,1,129,149,
100,83,52,18,39,1,1,1,1,1,1,1,183,110,1
55,98,79,68,90,97,1,1,1,1,1,1,195,292,
92,50,33,28,41,20,1,1,1,1,1,1,142,122,
33,85,19,11,96,16,1,1,1,1,1,1,181,79,1
96,27,87,55,29,98,1,1,1,1,1,1,194,198,
92,84,99,40,100,88,1,1,1,1,1,1,199,304,
29,32,96,24,100,9,1,1,1,1,1,1,196,94,1
85,66,5,90,24,53,1,1,1,1,1,1,175,148,
15,65,87,64,55,100,1,1,1,1,1,1,187,199,
60,54,81,77,26,24,1,1,1,1,1,1,158,164,
31,52,58,59,1,74,1,1,1,1,1,1,133,142,
30,44,65,8,89,10,1,1,1,1,1,1,154,92,1
3,52,38,5,63,45,1,1,1,1,1,1,115,91,
34,54,60,99,5,49,1,1,1,1,1,1,159,142,
83,70,1,55,27,71,1,1,1,1,1,1,154,153,
99,5,2,69,35,36,1,1,1,1,1,1,168,78,1
5,8,96,31,11,48,1,1,1,1,1,1,144,55,1
81,50,45,16,56,66,1,1,1,1,1,1,147,167,
99,41,53,97,88,34,1,1,1,1,1,1,196,216,
31,97,56,88,23,60,1,1,1,1,1,1,185,170,
14,40,95,32,87,80,1,1,1,1,1,1,182,166,
51,8,100,17,92,88,1,1,1,1,1,1,192,164,
34,45,50,71,67,74,1,1,1,1,1,1,145,196,
94,80,47,50,65,9,1,1,1,1,1,1,174,171,
46,17,2,27,82,68,1,1,1,1,1,1,150,92,1
51,23,44,16,63,15,1,1,1,1,1,1,114,98,
10,27,91,3,74,4,1,1,1,1,1,1,165,44,1
12,37,52,6,84,31,1,1,1,1,1,1,136,86,1
3,69,14,71,41,13,1,1,1,1,1,1,140,71,1
70,93,86,87,22,36,1,1,1,1,1,1,180,214,
20,16,46,63,92,70,1,1,1,1,1,1,162,145,
22,51,85,14,26,61,1,1,1,1,1,1,146,113,
93,85,61,55,92,23,1,1,1,1,1,1,185,224,
94,56,22,30,21,17,1,1,1,1,1,1,150,90,1
47,64,17,46,29,40,1,1,1,1,1,1,111,132,
53,100,66,54,95,61,1,1,1,1,1,1,195,234,
99,21,81,40,92,84,1,1,1,1,1,1,191,226,
34,15,36,44,19,42,1,1,1,1,1,1,86,104,
30,79,44,74,37,81,1,1,1,1,1,1,160,185,
40,32,20,48,70,79,1,1,1,1,1,1,149,140,
87,57,17,9,99,65,1,1,1,1,1,1,186,148,
37,12,53,21,33,27,1,1,1,1,1,1,90,93,
60,57,35,99,30,81,1,1,1,1,1,1,180,182,
23,35,52,59,60,48,1,1,1,1,1,1,119,158,
4,45,31,22,20,60,1,1,1,1,1,1,105,77,
36,16,55,63,95,1,1,1,1,1,1,1,158,108,
60,50,46,31,66,85,1,1,1,1,1,1,151,187,
68,53,26,81,23,40,1,1,1,1,1,1,149,142,
28,1,63,36,53,27,1,1,1,1,1,1,116,92,
2,85,5,62,60,13,1,1,1,1,1,1,147,80,1
81,15,91,94,27,51,1,1,1,1,1,1,185,174,
90,2,95,37,8,92,1,1,1,1,1,1,187,137,
78,58,100,65,92,88,1,1,1,1,1,1,192,289,
8,38,2,82,28,72,1,1,1,1,1,1,154,76,1
77,56,40,85,45,46,1,1,1,1,1,1,162,187,
57,74,88,96,82,18,1,1,1,1,1,1,184,231,
43,61,29,68,23,37,1,1,1,1,1,1,129,132,
74,87,12,3,69,21,1,1,1,1,1,1,161,105,1
33,86,71,87,52,16,1,1,1,1,1,1,173,172,
95,33,85,87,53,16,1,1,1,1,1,1,182,187,
48,76,70,100,63,35,1,1,1,1,1,1,176,216,
80,82,50,86,71,6,1,1,1,1,1,1,168,207,
4,94,26,85,35,51,1,1,1,1,1,1,179,116,1
12,79,31,36,68,85,1,1,1,1,1,1,164,147,
6,40,51,63,20,76,1,1,1,1,1,1,139,117,
48,49,18,88,63,25,1,1,1,1,1,1,151,140,
34,53,59,62,26,87,1,1,1,1,1,1,149,172,
32,26,83,33,65,61,1,1,1,1,1,1,148,152,
40,45,47,14,71,67,1,1,1,1,1,1,138,146,
35,80,33,24,57,4,1,1,1,1,1,1,137,96,
88,11,25,46,66,31,1,1,1,1,1,1,154,113,
46,10,23,47,43,76,1,1,1,1,1,1,123,122,
34,9,54,22,87,55,1,1,1,1,1,1,142,119,
20,70,94,47,51,5,1,1,1,1,1,1,164,123,
85,31,72,98,77,34,1,1,1,1,1,1,183,214,
2,21,100,51,42,82,1,1,1,1,1,1,182,116,1
15,68,51,3,23,10,1,1,1,1,1,1,119,51,1
77,6,83,23,33,80,1,1,1,1,1,1,163,139,
79,63,80,30,85,69,1,1,1,1,1,1,165,241,
9,13,2,60,7,62,1,1,1,1,1,1,122,31,1
52,91,28,75,71,14,1,1,1,1,1,1,166,165,
68,56,46,8,19,87,1,1,1,1,1,1,155,129,
21,1,43,34,72,97,1,1,1,1,1,1,169,99,1
76,94,49,68,6,67,1,1,1,1,1,1,170,190,
37,29,49,15,21,43,1,1,1,1,1,1,92,102,
38,10,28,95,53,26,1,1,1,1,1,1,148,102,
74,25,36,58,83,53,1,1,1,1,1,1,157,172,
30,49,33,51,67,90,1,1,1,1,1,1,157,163,
60,5,21,81,89,24,1,1,1,1,1,1,170,110,1
42,5,65,30,27,23,1,1,1,1,1,1,107,85,
15,57,92,89,95,36,1,1,1,1,1,1,187,197,
66,65,17,80,86,37,1,1,1,1,1,1,166,185,
68,81,37,58,33,75,1,1,1,1,1,1,156,196,
82,28,61,63,5,30,1,1,1,1,1,1,145,124,
46,21,87,12,72,78,1,1,1,1,1,1,165,151,
77,25,15,57,45,71,1,1,1,1,1,1,148,142,
3,30,40,33,2,65,1,1,1,1,1,1,105,68,1
12,6,15,91,81,34,1,1,1,1,1,1,172,67,1
84,11,54,40,25,74,1,1,1,1,1,1,158,130,
85,87,94,48,47,49,1,1,1,1,1,1,181,229,
30,94,73,9,17,40,1,1,1,1,1,1,167,96,1
40,38,21,45,89,26,1,1,1,1,1,1,134,125,
48,29,44,28,14,23,1,1,1,1,1,1,92,94,
80,18,65,85,24,79,1,1,1,1,1,1,165,186,
36,92,39,76,97,52,1,1,1,1,1,1,189,203,
53,65,46,21,32,52,1,1,1,1,1,1,118,151,
6,72,66,12,68,32,1,1,1,1,1,1,140,116,
80,70,88,69,83,32,1,1,1,1,1,1,171,251,
74,10,36,23,73,57,1,1,1,1,1,1,147,126,
95,92,39,45,62,24,1,1,1,1,1,1,187,170,
40,9,35,25,80,45,1,1,1,1,1,1,125,109,
81,91,94,37,72,76,1,1,1,1,1,1,185,266,
44,66,81,32,43,63,1,1,1,1,1,1,147,182,
34,3,45,66,99,33,1,1,1,1,1,1,165,115,
14,9,34,26,97,54,1,1,1,1,1,1,151,83,1
82,76,1,48,58,77,1,1,1,1,1,1,159,183,
62,1,87,19,13,12,1,1,1,1,1,1,149,45,1
79,37,31,91,43,95,1,1,1,1,1,1,186,190,
55,49,46,92,88,24,1,1,1,1,1,1,180,174,
61,10,16,87,23,6,1,1,1,1,1,1,148,55,1
20,100,40,30,71,38,1,1,1,1,1,1,171,128,
39,41,95,74,40,27,1,1,1,1,1,1,169,147,
42,2,96,57,78,74,1,1,1,1,1,1,174,175,
18,65,36,78,39,49,1,1,1,1,1,1,143,142,
100,54,60,71,80,70,1,1,1,1,1,1,180,255,
67,9,3,37,58,66,1,1,1,1,1,1,133,107,
15,28,68,12,54,20,1,1,1,1,1,1,122,75,1
15,46,82,34,88,69,1,1,1,1,1,1,170,164,
30,36,37,6,11,86,1,1,1,1,1,1,123,83,
45,1,63,51,75,25,1,1,1,1,1,1,138,122,
37,5,49,2,48,14,1,1,1,1,1,1,97,58,1
40,100,22,50,85,86,1,1,1,1,1,1,186,197,
89,84,39,21,27,20,1,1,1,1,1,1,173,107,1
78,15,93,10,17,22,1,1,1,1,1,1,171,64,1
27,6,77,63,8,37,1,1,1,1,1,1,140,78,1
62,27,100,23,13,89,1,1,1,1,1,1,189,125,1
52,17,24,60,62,15,1,1,1,1,1,1,122,108,
23,28,70,55,90,81,1,1,1,1,1,1,171,176,
45,11,98,1,29,39,1,1,1,1,1,1,143,80,1
8,35,67,44,14,96,1,1,1,1,1,1,163,101,1
83,11,67,10,28,34,1,1,1,1,1,1,150,83,1
5,25,66,97,85,53,1,1,1,1,1,1,182,149,
47,36,27,21,29,37,1,1,1,1,1,1,84,113,
92,81,69,36,33,96,1,1,1,1,1,1,188,219,
5,18,46,55,89,90,1,1,1,1,1,1,179,124,
2,81,27,33,20,11,1,1,1,1,1,1,114,60,1
67,8,1,96,41,61,1,1,1,1,1,1,163,111,
90,4,33,37,99,27,1,1,1,1,1,1,189,101,1
28,89,13,93,19,64,1,1,1,1,1,1,182,124,
46,99,60,93,97,50,1,1,1,1,1,1,196,249,
54,87,26,99,6,47,1,1,1,1,1,1,186,133,
4,68,41,61,82,32,1,1,1,1,1,1,150,138,
76,11,66,26,53,72,1,1,1,1,1,1,148,156,
66,54,53,6,90,34,1,1,1,1,1,1,156,147,
96,92,84,100,61,35,1,1,1,1,1,1,196,272,
70,100,61,17,89,63,1,1,1,1,1,1,189,211,
52,66,60,58,59,84,1,1,1,1,1,1,150,229,
52,53,35,42,95,18,1,1,1,1,1,1,148,147,
18,88,4,46,40,65,1,1,1,1,1,1,153,108,
46,56,55,37,52,29,1,1,1,1,1,1,111,164,
3,67,30,99,86,13,1,1,1,1,1,1,185,113,1
11,25,71,51,46,88,1,1,1,1,1,1,159,133,
25,20,77,30,89,96,1,1,1,1,1,1,185,152,
32,89,91,17,54,39,1,1,1,1,1,1,180,142,
12,44,58,95,59,96,1,1,1,1,1,1,191,173,
2,63,9,100,83,86,1,1,1,1,1,1,186,157,
32,25,19,72,40,74,1,1,1,1,1,1,146,116,
26,58,73,93,11,2,1,1,1,1,1,1,166,97,1
39,4,18,100,8,49,1,1,1,1,1,1,149,69,1
56,65,98,83,33,69,1,1,1,1,1,1,181,223,
29,17,95,60,5,72,1,1,1,1,1,1,167,111,1
51,93,39,69,27,37,1,1,1,1,1,1,162,154,
48,71,65,55,45,47,1,1,1,1,1,1,136,195,
13,58,60,80,9,16,1,1,1,1,1,1,140,96,
34,22,27,25,29,81,1,1,1,1,1,1,115,103,
35,71,40,36,89,87,1,1,1,1,1,1,176,182,
95,3,73,18,19,53,1,1,1,1,1,1,168,93,1
4,2,90,5,38,21,1,1,1,1,1,1,128,32,1
72,43,80,9,47,22,1,1,1,1,1,1,152,121,
41,1,42,36,78,65,1,1,1,1,1,1,143,120,
19,68,4,74,34,77,1,1,1,1,1,1,151,125,
38,4,82,86,45,34,1,1,1,1,1,1,168,121,
67,83,76,85,71,49,1,1,1,1,1,1,168,263,
26,48,73,34,35,49,1,1,1,1,1,1,122,143,
17,85,39,3,53,46,1,1,1,1,1,1,138,105,
70,87,95,82,28,77,1,1,1,1,1,1,182,257,
30,86,37,22,50,26,1,1,1,1,1,1,136,115,
68,39,55,42,20,95,1,1,1,1,1,1,163,156,
50,65,53,80,59,71,1,1,1,1,1,1,151,227,
26,55,21,10,68,25,1,1,1,1,1,1,123,82,1
78,98,33,17,23,70,1,1,1,1,1,1,176,143,
11,18,76,57,41,2,1,1,1,1,1,1,133,72,1
82,97,69,7,54,44,1,1,1,1,1,1,179,174,
68,47,74,67,2,14,1,1,1,1,1,1,142,130,
14,16,27,71,35,100,1,1,1,1,1,1,171,92,1
7,17,82,63,94,21,1,1,1,1,1,1,176,108,1
62,20,3,93,53,23,1,1,1,1,1,1,155,99,1
16,47,11,64,52,69,1,1,1,1,1,1,133,126,
58,40,92,82,62,22,1,1,1,1,1,1,174,182,
71,66,89,10,7,93,1,1,1,1,1,1,182,154,
44,92,62,1,26,9,1,1,1,1,1,1,154,80,1
89,2,13,39,36,73,1,1,1,1,1,1,162,90,1
85,61,52,34,39,48,1,1,1,1,1,1,146,173,
99,39,100,25,85,59,1,1,1,1,1,1,199,208,
92,60,100,27,50,81,1,1,1,1,1,1,192,218,
35,42,8,33,40,52,1,1,1,1,1,1,94,116,
45,31,19,95,83,68,1,1,1,1,1,1,178,163,
100,24,30,96,52,50,1,1,1,1,1,1,196,156,
28,39,1,60,3,13,1,1,1,1,1,1,99,45,1
75,6,80,41,79,24,1,1,1,1,1,1,159,146,
48,36,16,67,93,35,1,1,1,1,1,1,160,135,
35,5,59,81,29,15,1,1,1,1,1,1,140,84,1
63,42,38,45,59,48,1,1,1,1,1,1,122,173,
97,86,35,42,81,16,1,1,1,1,1,1,183,174,
57,14,66,89,21,96,1,1,1,1,1,1,185,158,
81,32,56,59,69,2,1,1,1,1,1,1,150,149,
22,20,21,89,3,55,1,1,1,1,1,1,144,66,1
56,21,44,52,19,100,1,1,1,1,1,1,156,136,
91,65,82,70,63,66,1,1,1,1,1,1,173,264,
65,14,35,25,67,66,1,1,1,1,1,1,133,139,
6,20,58,69,46,78,1,1,1,1,1,1,147,130,
25,100,54,13,86,66,1,1,1,1,1,1,186,158,
98,70,8,72,82,28,1,1,1,1,1,1,180,178,
90,50,6,95,70,14,1,1,1,1,1,1,185,140,
48,42,7,6,43,63,1,1,1,1,1,1,111,98,
12,69,62,14,47,63,1,1,1,1,1,1,132,135,
22,19,4,9,57,64,1,1,1,1,1,1,121,54,1
13,49,31,82,51,93,1,1,1,1,1,1,175,144,
11,37,86,97,67,83,1,1,1,1,1,1,183,198,
85,20,23,93,68,86,1,1,1,1,1,1,179,196,
26,23,20,65,49,92,1,1,1,1,1,1,157,118,
90,51,32,5,40,33,1,1,1,1,1,1,141,110,
67,71,89,17,68,55,1,1,1,1,1,1,160,207,
15,7,98,80,49,23,1,1,1,1,1,1,178,94,1
14,43,46,84,5,97,1,1,1,1,1,1,181,108,1
89,86,11,52,25,99,1,1,1,1,1,1,188,174,
94,18,35,48,86,25,1,1,1,1,1,1,180,126,
74,68,70,60,19,72,1,1,1,1,1,1,146,217,
44,54,65,70,79,43,1,1,1,1,1,1,149,206,
67,21,66,97,83,59,1,1,1,1,1,1,180,213,
92,94,61,76,89,72,1,1,1,1,1,1,186,298,
18,63,83,25,82,99,1,1,1,1,1,1,182,188,
68,64,3,94,2,89,1,1,1,1,1,1,183,137,
82,45,60,46,10,30,1,1,1,1,1,1,142,131,
87,43,27,92,32,59,1,1,1,1,1,1,179,161,
75,32,1,14,76,83,1,1,1,1,1,1,159,122,
16,91,14,1,95,20,1,1,1,1,1,1,186,51,1
40,77,73,60,92,38,1,1,1,1,1,1,169,211,
70,61,49,38,10,19,1,1,1,1,1,1,131,116,
74,69,44,38,81,67,1,1,1,1,1,1,155,218,
39,95,57,51,90,23,1,1,1,1,1,1,185,170,
25,57,80,13,64,61,1,1,1,1,1,1,144,156,
41,2,71,86,28,9,1,1,1,1,1,1,157,80,1
30,78,89,9,51,33,1,1,1,1,1,1,167,123,
8,25,72,1,50,56,1,1,1,1,1,1,128,84,1
25,50,57,73,83,5,1,1,1,1,1,1,156,137,
38,28,10,89,39,99,1,1,1,1,1,1,188,115,1
58,71,90,53,85,39,1,1,1,1,1,1,175,221,
23,43,82,21,41,76,1,1,1,1,1,1,158,128,
64,58,51,25,45,88,1,1,1,1,1,1,152,179,
22,35,56,15,74,80,1,1,1,1,1,1,154,128,
38,43,1,59,47,100,1,1,1,1,1,1,159,129,
86,15,28,25,54,77,1,1,1,1,1,1,163,122,
80,87,86,70,97,6,1,1,1,1,1,1,184,242,
11,87,90,19,32,77,1,1,1,1,1,1,177,139,
88,64,77,1,45,20,1,1,1,1,1,1,165,130,
47,93,54,96,51,66,1,1,1,1,1,1,189,218,
49,40,13,6,18,61,1,1,1,1,1,1,110,77,
71,93,72,45,41,18,1,1,1,1,1,1,165,175,
47,81,40,86,26,12,1,1,1,1,1,1,167,125,
36,52,13,100,38,51,1,1,1,1,1,1,152,138,
39,29,92,47,22,9,1,1,1,1,1,1,139,99,
55,2,3,20,60,36,1,1,1,1,1,1,115,61,1
52,73,76,84,65,56,1,1,1,1,1,1,160,246,
93,28,49,85,1,11,1,1,1,1,1,1,178,89,1
21,85,72,37,29,11,1,1,1,1,1,1,157,98,1
67,12,99,97,93,13,1,1,1,1,1,1,196,185,
30,6,48,74,62,52,1,1,1,1,1,1,136,136,
24,20,94,61,62,79,1,1,1,1,1,1,173,167,
64,87,34,30,21,31,1,1,1,1,1,1,151,116,
53,7,92,83,91,1,1,1,1,1,1,1,183,144,
20,80,9,63,32,2,1,1,1,1,1,1,143,63,1
87,61,62,79,29,33,1,1,1,1,1,1,166,185,
78,24,10,62,88,75,1,1,1,1,1,1,166,171,
22,87,43,4,42,97,1,1,1,1,1,1,184,111,1
50,84,40,61,33,58,1,1,1,1,1,1,145,181,
83,100,66,87,54,77,1,1,1,1,1,1,187,280,
16,53,69,47,70,83,1,1,1,1,1,1,153,185,
19,3,36,21,30,48,1,1,1,1,1,1,84,73,
56,100,73,85,77,59,1,1,1,1,1,1,185,265,
89,16,76,58,90,73,1,1,1,1,1,1,179,223,
87,7,33,29,24,83,1,1,1,1,1,1,170,93,1
89,30,91,54,43,8,1,1,1,1,1,1,180,135,
62,58,18,86,67,16,1,1,1,1,1,1,153,154,
92,91,34,6,53,21,1,1,1,1,1,1,183,114,1
28,55,70,60,39,51,1,1,1,1,1,1,130,173,
4,60,84,31,3,5,1,1,1,1,1,1,144,43,1
77,72,34,78,48,82,1,1,1,1,1,1,160,231,
87,15,13,51,32,99,1,1,1,1,1,1,186,111,1
44,50,12,75,17,68,1,1,1,1,1,1,143,123,
100,41,78,6,39,49,1,1,1,1,1,1,178,135,
52,60,24,71,6,64,1,1,1,1,1,1,135,142,
78,35,69,50,30,57,1,1,1,1,1,1,147,172,
72,92,57,11,73,24,1,1,1,1,1,1,165,164,
14,75,69,73,80,18,1,1,1,1,1,1,155,174,
15,35,37,18,47,90,1,1,1,1,1,1,137,105,
19,51,92,96,35,58,1,1,1,1,1,1,188,163,
99,41,45,14,42,64,1,1,1,1,1,1,163,142,
1,50,3,57,66,6,1,1,1,1,1,1,123,60,1
37,72,58,97,89,77,1,1,1,1,1,1,186,244,
33,82,68,18,19,30,1,1,1,1,1,1,150,100,1
73,51,37,9,36,92,1,1,1,1,1,1,165,133,
29,53,35,20,30,97,1,1,1,1,1,1,150,114,
27,13,57,42,68,47,1,1,1,1,1,1,125,129,
52,53,43,1,5,8,1,1,1,1,1,1,105,57,1
99,65,58,19,74,47,1,1,1,1,1,1,173,189,
66,1,95,16,59,43,1,1,1,1,1,1,161,119,
72,15,66,89,79,55,1,1,1,1,1,1,168,208,
87,11,94,37,52,28,1,1,1,1,1,1,181,128,
66,88,56,70,21,2,1,1,1,1,1,1,158,145,
18,42,65,25,87,71,1,1,1,1,1,1,158,150,
23,12,90,70,27,14,1,1,1,1,1,1,160,76,1
35,37,14,15,3,59,1,1,1,1,1,1,96,67,
13,26,7,28,55,41,1,1,1,1,1,1,96,74,
14,72,13,98,4,96,1,1,1,1,1,1,194,103,1
79,2,29,64,12,41,1,1,1,1,1,1,143,84,1
15,36,23,26,12,97,1,1,1,1,1,1,133,76,1
18,20,78,51,36,57,1,1,1,1,1,1,135,125,
93,24,59,84,26,32,1,1,1,1,1,1,177,141,
26,46,74,14,83,81,1,1,1,1,1,1,164,160,
59,74,62,22,90,85,1,1,1,1,1,1,175,217,
96,50,15,95,41,33,1,1,1,1,1,1,191,139,
36,51,34,35,90,96,1,1,1,1,1,1,186,156,
35,46,85,13,39,79,1,1,1,1,1,1,164,133,
14,90,94,91,38,17,1,1,1,1,1,1,185,159,
88,99,45,40,11,68,1,1,1,1,1,1,187,164,
18,32,99,53,68,90,1,1,1,1,1,1,189,171,
85,39,98,50,30,91,1,1,1,1,1,1,189,204,
96,50,75,52,84,55,1,1,1,1,1,1,180,232,
4,95,73,79,30,27,1,1,1,1,1,1,174,134,
11,39,25,31,29,73,1,1,1,1,1,1,112,96,
38,24,89,82,62,98,1,1,1,1,1,1,187,206,
62,93,48,11,32,4,1,1,1,1,1,1,155,95,1
79,47,73,21,23,65,1,1,1,1,1,1,152,156,
51,49,36,73,91,80,1,1,1,1,1,1,171,209,
84,75,1,96,14,88,1,1,1,1,1,1,184,174,
61,59,16,33,37,77,1,1,1,1,1,1,138,145,
43,41,95,92,59,73,1,1,1,1,1,1,187,216,
6,24,40,10,4,1,1,1,1,1,1,1,64,21,1
41,63,71,15,22,64,1,1,1,1,1,1,135,141,
48,76,66,68,8,100,1,1,1,1,1,1,176,190,
21,95,88,98,80,28,1,1,1,1,1,1,193,217,
25,62,57,5,15,33,1,1,1,1,1,1,119,78,1
17,34,75,85,37,94,1,1,1,1,1,1,179,163,
34,1,62,70,57,68,1,1,1,1,1,1,138,154,
43,35,17,9,92,98,1,1,1,1,1,1,190,104,1
68,35,62,80,7,38,1,1,1,1,1,1,148,142,
95,66,45,42,90,1,1,1,1,1,1,1,185,154,
26,13,53,1,11,6,1,1,1,1,1,1,79,31,1
23,93,51,77,72,40,1,1,1,1,1,1,170,186,
1,64,59,78,49,95,1,1,1,1,1,1,173,173,
40,59,57,55,89,46,1,1,1,1,1,1,148,198,
96,16,61,69,58,41,1,1,1,1,1,1,165,176,
29,74,16,34,50,59,1,1,1,1,1,1,133,129,
35,17,2,69,39,58,1,1,1,1,1,1,127,93,
20,8,18,61,60,55,1,1,1,1,1,1,121,101,
89,10,45,15,88,43,1,1,1,1,1,1,177,113,1
5,36,28,63,17,43,1,1,1,1,1,1,106,86,
49,13,55,16,26,77,1,1,1,1,1,1,132,104,
28,79,35,10,66,53,1,1,1,1,1,1,145,126,
99,11,81,52,54,1,1,1,1,1,1,1,180,118,1
9,27,75,20,62,16,1,1,1,1,1,1,137,72,1
26,60,81,44,42,69,1,1,1,1,1,1,150,172,
61,23,54,49,48,6,1,1,1,1,1,1,115,126,
97,10,81,99,16,37,1,1,1,1,1,1,196,144,
26,42,11,1,58,97,1,1,1,1,1,1,155,80,1
31,86,25,35,6,34,1,1,1,1,1,1,121,96,
35,48,20,73,49,96,1,1,1,1,1,1,169,152,
55,9,46,11,50,16,1,1,1,1,1,1,105,82,
17,1,26,37,92,52,1,1,1,1,1,1,144,81,1
56,66,54,9,27,20,1,1,1,1,1,1,122,110,
86,17,71,90,80,33,1,1,1,1,1,1,176,201,
53,63,75,32,27,88,1,1,1,1,1,1,163,175,
53,74,73,92,28,45,1,1,1,1,1,1,166,199,
6,22,59,20,96,75,1,1,1,1,1,1,171,107,1
77,86,96,62,47,23,1,1,1,1,1,1,182,209,
50,8,85,42,65,69,1,1,1,1,1,1,154,165,
56,47,91,61,52,9,1,1,1,1,1,1,152,164,
78,38,27,50,85,45,1,1,1,1,1,1,163,160,
2,47,21,48,96,57,1,1,1,1,1,1,153,118,
47,85,41,92,63,14,1,1,1,1,1,1,177,165,
74,8,47,32,78,50,1,1,1,1,1,1,152,137,
17,77,78,25,81,88,1,1,1,1,1,1,169,197,
36,14,40,12,38,18,1,1,1,1,1,1,78,80,
40,27,50,75,90,82,1,1,1,1,1,1,172,192,
100,28,91,41,44,77,1,1,1,1,1,1,191,190,
64,5,82,42,74,60,1,1,1,1,1,1,156,171,
80,40,10,71,43,78,1,1,1,1,1,1,158,164,
92,2,48,67,32,77,1,1,1,1,1,1,169,149,
51,86,66,4,47,93,1,1,1,1,1,1,179,168,
78,29,14,64,26,20,1,1,1,1,1,1,142,89,1
89,64,67,55,81,26,1,1,1,1,1,1,170,212,
85,79,56,39,16,17,1,1,1,1,1,1,164,128,
44,40,60,75,69,56,1,1,1,1,1,1,144,200,
9,48,41,74,81,51,1,1,1,1,1,1,155,149,
76,50,31,29,90,48,1,1,1,1,1,1,166,158,
91,37,26,5,1,54,1,1,1,1,1,1,145,69,1
33,12,50,14,65,42,1,1,1,1,1,1,115,101,
89,55,87,64,15,46,1,1,1,1,1,1,176,180,
25,45,71,14,9,23,1,1,1,1,1,1,116,71,1
28,77,67,23,57,64,1,1,1,1,1,1,144,172,
60,56,19,65,36,63,1,1,1,1,1,1,128,171,
20,49,83,30,15,27,1,1,1,1,1,1,132,92,
84,60,90,77,67,13,1,1,1,1,1,1,174,217,
69,62,76,52,66,22,1,1,1,1,1,1,145,202,
17,81,55,58,74,85,1,1,1,1,1,1,166,204,
75,24,43,7,82,87,1,1,1,1,1,1,169,149,
62,8,19,14,90,36,1,1,1,1,1,1,152,77,1
23,39,47,31,48,61,1,1,1,1,1,1,109,140,
51,66,47,84,32,31,1,1,1,1,1,1,150,161,
20,16,43,58,77,27,1,1,1,1,1,1,135,106,
62,85,30,51,22,74,1,1,1,1,1,1,159,165,
68,76,54,73,87,64,1,1,1,1,1,1,163,259,
36,93,38,81,5,34,1,1,1,1,1,1,174,113,1
73,85,67,16,29,96,1,1,1,1,1,1,181,185,
93,78,41,69,27,37,1,1,1,1,1,1,171,174,
29,45,41,75,88,89,1,1,1,1,1,1,177,190,
60,66,26,27,23,13,1,1,1,1,1,1,126,89,
98,16,67,24,25,45,1,1,1,1,1,1,165,110,1
22,93,43,74,92,90,1,1,1,1,1,1,185,229,
82,23,28,36,100,12,1,1,1,1,1,1,182,99,1
65,57,51,3,83,37,1,1,1,1,1,1,148,148,
31,77,42,95,83,52,1,1,1,1,1,1,178,202,
67,33,59,1,28,16,1,1,1,1,1,1,126,78,1
84,90,39,91,56,52,1,1,1,1,1,1,181,231,
99,66,95,54,24,56,1,1,1,1,1,1,194,200,
17,54,22,38,73,6,1,1,1,1,1,1,127,83,1
19,12,67,66,100,32,1,1,1,1,1,1,167,129,
89,77,54,83,9,98,1,1,1,1,1,1,187,223,
43,24,52,59,74,4,1,1,1,1,1,1,133,123,
19,71,85,90,29,92,1,1,1,1,1,1,182,204,
59,95,89,84,79,45,1,1,1,1,1,1,184,267,
59,18,68,21,82,61,1,1,1,1,1,1,150,159,
5,86,52,44,29,91,1,1,1,1,1,1,177,130,
19,13,82,81,57,87,1,1,1,1,1,1,169,170,
77,40,70,43,49,22,1,1,1,1,1,1,147,154,
46,61,21,36,13,99,1,1,1,1,1,1,160,116,
17,18,51,56,47,58,1,1,1,1,1,1,114,133,
99,7,33,49,78,68,1,1,1,1,1,1,177,157,
36,60,58,13,78,28,1,1,1,1,1,1,138,135,
81,42,49,82,73,29,1,1,1,1,1,1,163,193,
22,77,55,80,91,38,1,1,1,1,1,1,171,192,
33,41,86,74,91,98,1,1,1,1,1,1,189,234,
79,35,83,26,12,4,1,1,1,1,1,1,162,77,1
45,26,86,14,42,51,1,1,1,1,1,1,137,127,
6,17,76,46,60,55,1,1,1,1,1,1,136,124,
24,20,57,19,47,17,1,1,1,1,1,1,104,80,
79,25,23,51,33,49,1,1,1,1,1,1,130,130,
9,29,3,86,95,80,1,1,1,1,1,1,181,121,
70,95,18,60,78,37,1,1,1,1,1,1,173,185,
22,71,42,44,87,89,1,1,1,1,1,1,176,179,
89,20,66,3,19,37,1,1,1,1,1,1,155,79,1
51,31,62,35,63,40,1,1,1,1,1,1,125,157,
59,28,38,49,20,56,1,1,1,1,1,1,115,135,
31,78,82,7,5,8,1,1,1,1,1,1,160,51,1
78,64,12,45,100,76,1,1,1,1,1,1,178,197,
24,88,4,91,83,66,1,1,1,1,1,1,179,177,
85,96,62,35,48,69,1,1,1,1,1,1,181,214,
40,5,37,65,38,18,1,1,1,1,1,1,105,98,
15,79,25,59,91,51,1,1,1,1,1,1,170,150,
80,4,26,38,89,55,1,1,1,1,1,1,169,123,
91,54,13,81,44,58,1,1,1,1,1,1,172,169,
20,91,75,73,92,21,1,1,1,1,1,1,183,189,
36,34,44,76,29,23,1,1,1,1,1,1,120,122,
62,28,54,48,37,5,1,1,1,1,1,1,116,118,
25,39,22,62,43,71,1,1,1,1,1,1,133,129,
52,15,72,74,18,31,1,1,1,1,1,1,146,116,
85,32,34,21,65,63,1,1,1,1,1,1,150,150,
75,6,92,50,32,72,1,1,1,1,1,1,167,160,
21,24,45,58,38,22,1,1,1,1,1,1,103,105,
81,53,10,86,56,69,1,1,1,1,1,1,167,188,
77,97,79,13,24,44,1,1,1,1,1,1,176,158,
4,61,98,65,29,53,1,1,1,1,1,1,163,147,
11,89,92,26,20,12,1,1,1,1,1,1,181,69,1
72,87,25,83,36,22,1,1,1,1,1,1,170,155,
79,91,93,95,16,19,1,1,1,1,1,1,188,205,
31,99,84,35,29,8,1,1,1,1,1,1,183,103,1
22,56,1,62,66,30,1,1,1,1,1,1,128,109,
25,56,10,68,24,20,1,1,1,1,1,1,124,79,1
2,69,1,12,14,47,1,1,1,1,1,1,116,29,1
52,69,58,63,75,73,1,1,1,1,1,1,148,242,
92,76,12,18,23,90,1,1,1,1,1,1,182,129,
2,35,16,55,22,70,1,1,1,1,1,1,125,75,1
69,53,20,75,6,50,1,1,1,1,1,1,144,129,
100,7,78,97,49,70,1,1,1,1,1,1,197,204,
34,23,65,44,3,7,1,1,1,1,1,1,109,67,1
1,9,26,15,7,84,1,1,1,1,1,1,110,32,1
45,14,5,70,24,84,1,1,1,1,1,1,154,88,1
64,38,29,79,52,40,1,1,1,1,1,1,143,159,
71,51,97,62,9,99,1,1,1,1,1,1,196,193,
64,57,85,51,17,81,1,1,1,1,1,1,166,189,
7,18,87,8,93,12,1,1,1,1,1,1,180,45,1
2,65,79,20,18,87,1,1,1,1,1,1,166,105,1
33,53,30,23,64,84,1,1,1,1,1,1,148,139,
16,53,30,20,2,67,1,1,1,1,1,1,120,68,1
5,21,91,66,29,9,1,1,1,1,1,1,157,64,1
49,39,65,53,41,42,1,1,1,1,1,1,118,171,
61,89,100,59,54,64,1,1,1,1,1,1,189,238,
62,73,84,21,49,59,1,1,1,1,1,1,157,191,
95,25,16,82,28,45,1,1,1,1,1,1,177,114,1
94,23,75,14,5,12,1,1,1,1,1,1,169,54,1
73,86,75,51,80,53,1,1,1,1,1,1,166,252,
21,78,46,87,17,23,1,1,1,1,1,1,165,107,1
69,84,34,58,42,68,1,1,1,1,1,1,153,202,
82,98,74,36,86,89,1,1,1,1,1,1,187,278,
69,70,40,58,53,84,1,1,1,1,1,1,154,220,
93,90,7,76,28,17,1,1,1,1,1,1,183,128,
92,53,18,10,96,49,1,1,1,1,1,1,188,130,
23,15,6,63,75,96,1,1,1,1,1,1,171,107,1
70,87,8,98,38,67,1,1,1,1,1,1,185,183,
50,48,14,100,22,84,1,1,1,1,1,1,184,134,
91,4,71,44,59,61,1,1,1,1,1,1,162,168,
96,15,60,84,81,36,1,1,1,1,1,1,180,192,
15,89,80,3,6,42,1,1,1,1,1,1,169,66,1
92,33,76,83,52,32,1,1,1,1,1,1,175,193,
12,84,42,90,73,10,1,1,1,1,1,1,174,137,
48,83,15,7,20,59,1,1,1,1,1,1,142,90,1
43,92,17,73,71,4,1,1,1,1,1,1,165,135,
10,55,39,93,16,79,1,1,1,1,1,1,172,120,
12,8,17,76,46,41,1,1,1,1,1,1,122,78,1
45,82,4,7,47,90,1,1,1,1,1,1,172,103,1
34,39,68,83,36,50,1,1,1,1,1,1,151,159,
18,27,7,65,95,29,1,1,1,1,1,1,160,81,1
30,70,67,81,38,100,1,1,1,1,1,1,181,205,
90,38,55,20,5,35,1,1,1,1,1,1,145,98,
76,93,81,33,25,94,1,1,1,1,1,1,187,215,
31,45,5,82,64,96,1,1,1,1,1,1,178,145,
2,66,98,37,27,42,1,1,1,1,1,1,164,108,1
43,22,45,88,5,79,1,1,1,1,1,1,167,115,
29,11,30,84,34,22,1,1,1,1,1,1,118,92,
43,99,55,2,9,8,1,1,1,1,1,1,154,62,1
32,53,10,100,37,27,1,1,1,1,1,1,153,106,
83,71,43,65,51,64,1,1,1,1,1,1,154,223,
97,25,99,29,64,43,1,1,1,1,1,1,196,161,
31,79,38,96,64,40,1,1,1,1,1,1,175,173,
71,20,98,74,75,24,1,1,1,1,1,1,173,189,
3,86,14,65,12,80,1,1,1,1,1,1,166,94,1
93,53,89,70,63,73,1,1,1,1,1,1,182,259,
38,84,76,48,12,85,1,1,1,1,1,1,169,174,
72,62,86,44,12,37,1,1,1,1,1,1,158,155,
48,12,2,55,17,74,1,1,1,1,1,1,129,79,1
67,11,74,25,73,92,1,1,1,1,1,1,166,176,
93,27,4,46,96,6,1,1,1,1,1,1,189,83,1
88,80,86,58,28,98,1,1,1,1,1,1,186,252,
100,43,33,62,30,34,1,1,1,1,1,1,162,140,
23,36,50,17,9,53,1,1,1,1,1,1,103,85,
7,18,95,37,39,65,1,1,1,1,1,1,160,101,1
46,16,26,25,58,6,1,1,1,1,1,1,104,73,
35,5,74,2,75,15,1,1,1,1,1,1,149,57,1
13,75,86,64,15,6,1,1,1,1,1,1,161,98,1
31,80,66,74,77,97,1,1,1,1,1,1,177,248,
48,50,53,9,4,47,1,1,1,1,1,1,103,108,
1,8,80,4,68,20,1,1,1,1,1,1,148,33,1
30,4,73,86,9,53,1,1,1,1,1,1,159,96,1
70,88,32,48,18,76,1,1,1,1,1,1,164,168,
20,37,30,26,1,73,1,1,1,1,1,1,110,77,
32,57,86,90,54,38,1,1,1,1,1,1,176,181,
56,81,1,73,5,29,1,1,1,1,1,1,154,91,1
77,55,36,66,19,73,1,1,1,1,1,1,150,176,
87,38,50,100,67,19,1,1,1,1,1,1,187,174,
87,20,91,44,51,80,1,1,1,1,1,1,178,195,
56,78,46,66,47,14,1,1,1,1,1,1,144,163,
85,75,39,79,7,56,1,1,1,1,1,1,164,177,
26,86,95,81,11,27,1,1,1,1,1,1,181,145,
99,76,2,66,56,50,1,1,1,1,1,1,175,174,
45,48,95,47,49,20,1,1,1,1,1,1,144,160,
80,23,15,41,99,73,1,1,1,1,1,1,179,152,
34,9,1,45,47,39,1,1,1,1,1,1,92,83,
59,35,68,41,87,38,1,1,1,1,1,1,155,173,
75,20,59,11,87,98,1,1,1,1,1,1,185,165,
14,50,69,83,27,17,1,1,1,1,1,1,152,108,
88,98,90,81,63,7,1,1,1,1,1,1,188,239,
70,24,76,8,50,95,1,1,1,1,1,1,171,152,
18,66,60,55,26,41,1,1,1,1,1,1,126,140,
15,68,81,10,95,16,1,1,1,1,1,1,176,109,1
48,98,90,23,58,82,1,1,1,1,1,1,188,211,
25,68,52,75,88,10,1,1,1,1,1,1,163,155,
74,21,58,13,55,46,1,1,1,1,1,1,132,135,
69,7,40,30,14,31,1,1,1,1,1,1,109,82,
74,58,97,90,24,46,1,1,1,1,1,1,187,202,
98,59,81,72,71,22,1,1,1,1,1,1,179,224,
91,29,70,60,13,53,1,1,1,1,1,1,161,155,
98,76,46,72,6,86,1,1,1,1,1,1,184,200,
73,15,84,55,3,49,1,1,1,1,1,1,157,122,
10,21,45,98,99,95,1,1,1,1,1,1,197,171,
34,18,59,1,66,51,1,1,1,1,1,1,125,104,
9,70,34,24,4,99,1,1,1,1,1,1,169,71,1
67,51,46,71,84,32,1,1,1,1,1,1,155,196,
19,33,84,59,74,35,1,1,1,1,1,1,158,146,
65,23,44,74,25,83,1,1,1,1,1,1,157,157,
62,45,26,69,88,83,1,1,1,1,1,1,171,202,
100,50,18,64,5,17,1,1,1,1,1,1,164,90,1
28,79,96,50,60,54,1,1,1,1,1,1,175,192,
87,19,82,67,76,63,1,1,1,1,1,1,169,225,
59,27,18,91,55,93,1,1,1,1,1,1,184,159,
35,22,40,65,72,77,1,1,1,1,1,1,149,162,
12,75,55,65,43,41,1,1,1,1,1,1,140,151,
62,84,53,1,11,75,1,1,1,1,1,1,159,127,
99,32,19,62,89,7,1,1,1,1,1,1,188,120,1
77,5,37,76,78,50,1,1,1,1,1,1,155,168,
28,50,8,18,6,23,1,1,1,1,1,1,78,55,
77,61,94,2,67,44,1,1,1,1,1,1,171,174,
12,64,16,54,25,19,1,1,1,1,1,1,118,72,1
65,9,73,90,1,17,1,1,1,1,1,1,163,92,1
20,91,57,99,43,45,1,1,1,1,1,1,190,165,
89,73,84,58,70,39,1,1,1,1,1,1,173,240,
87,7,1,10,91,80,1,1,1,1,1,1,178,98,1
18,3,83,89,14,80,1,1,1,1,1,1,172,115,
13,32,48,69,64,39,1,1,1,1,1,1,133,132,
42,100,90,75,16,86,1,1,1,1,1,1,190,219,
59,83,39,43,71,89,1,1,1,1,1,1,172,212,
84,57,25,55,2,15,1,1,1,1,1,1,141,97,
39,43,83,62,88,17,1,1,1,1,1,1,171,161,
72,22,100,39,3,35,1,1,1,1,1,1,172,99,1
31,43,41,2,16,49,1,1,1,1,1,1,92,90,
83,86,75,50,67,70,1,1,1,1,1,1,169,262,
3,11,56,37,21,86,1,1,1,1,1,1,142,72,1
61,25,17,11,22,41,1,1,1,1,1,1,102,75,
25,28,47,84,100,11,1,1,1,1,1,1,184,111,1
71,51,43,41,91,93,1,1,1,1,1,1,184,206,
46,48,16,99,58,92,1,1,1,1,1,1,191,168,
12,76,97,11,64,30,1,1,1,1,1,1,173,117,
1,7,8,77,90,74,1,1,1,1,1,1,167,90,1
17,60,90,38,18,73,1,1,1,1,1,1,163,133,
26,40,36,90,62,43,1,1,1,1,1,1,152,145,
28,6,44,60,51,61,1,1,1,1,1,1,121,129,
88,90,20,5,29,26,1,1,1,1,1,1,178,80,1
73,64,44,17,67,32,1,1,1,1,1,1,140,157,
15,1,93,4,16,86,1,1,1,1,1,1,179,36,1
18,14,43,58,1,23,1,1,1,1,1,1,101,56,1
37,1,92,49,51,13,1,1,1,1,1,1,143,100,
66,99,3,81,28,47,1,1,1,1,1,1,180,144,
64,89,15,58,93,79,1,1,1,1,1,1,182,216,
65,30,97,22,77,79,1,1,1,1,1,1,176,194,
7,16,29,2,5,35,1,1,1,1,1,1,64,30,1
56,51,24,72,67,59,1,1,1,1,1,1,139,190,
46,58,75,93,13,72,1,1,1,1,1,1,168,189,
53,17,94,65,34,36,1,1,1,1,1,1,159,140,
51,53,86,25,76,55,1,1,1,1,1,1,162,184,
80,68,42,83,99,49,1,1,1,1,1,1,182,239,
56,95,68,41,6,42,1,1,1,1,1,1,163,145,
8,94,57,75,54,42,1,1,1,1,1,1,169,161,
95,2,59,15,69,57,1,1,1,1,1,1,164,133,
8,46,24,5,22,26,1,1,1,1,1,1,72,59,
14,82,47,5,16,21,1,1,1,1,1,1,129,56,1
50,36,54,7,27,17,1,1,1,1,1,1,104,87,
43,38,41,59,80,73,1,1,1,1,1,1,153,181,
93,30,60,91,12,94,1,1,1,1,1,1,187,193,
60,87,12,47,14,5,1,1,1,1,1,1,147,78,1
62,17,95,16,47,74,1,1,1,1,1,1,169,142,
86,75,28,43,95,15,1,1,1,1,1,1,181,161,
92,73,25,26,61,67,1,1,1,1,1,1,165,179,
53,44,5,36,9,56,1,1,1,1,1,1,109,94,
33,25,48,91,4,92,1,1,1,1,1,1,183,110,1
79,95,33,41,25,26,1,1,1,1,1,1,174,125,
100,60,94,77,27,72,1,1,1,1,1,1,194,236,
8,82,17,5,40,75,1,1,1,1,1,1,157,70,1
43,74,8,61,37,1,1,1,1,1,1,1,135,89,1
35,71,74,57,33,46,1,1,1,1,1,1,145,171,
60,33,35,11,8,62,1,1,1,1,1,1,122,87,
9,31,59,36,11,58,1,1,1,1,1,1,117,87,
60,24,5,38,20,3,1,1,1,1,1,1,98,52,1
63,42,94,55,52,43,1,1,1,1,1,1,157,192,
54,23,76,34,93,85,1,1,1,1,1,1,178,187,
2,1,71,32,66,85,1,1,1,1,1,1,156,101,1
68,81,65,51,93,92,1,1,1,1,1,1,185,265,
44,42,46,8,52,38,1,1,1,1,1,1,98,132,
14,87,66,76,42,57,1,1,1,1,1,1,163,179,
55,21,43,50,38,69,1,1,1,1,1,1,124,152,
97,92,75,40,28,43,1,1,1,1,1,1,189,186,
96,67,57,29,98,15,1,1,1,1,1,1,194,168,
57,75,30,61,86,93,1,1,1,1,1,1,179,223,
98,83,55,91,38,14,1,1,1,1,1,1,189,190,
40,67,47,2,85,44,1,1,1,1,1,1,152,133,
26,85,56,69,76,47,1,1,1,1,1,1,161,198,
93,59,40,71,39,65,1,1,1,1,1,1,164,203,
56,71,91,54,76,62,1,1,1,1,1,1,167,243,
12,66,25,64,24,99,1,1,1,1,1,1,165,125,
55,29,63,97,14,11,1,1,1,1,1,1,160,109,
84,79,55,56,28,93,1,1,1,1,1,1,177,218,
62,56,33,59,42,90,1,1,1,1,1,1,152,190,
21,100,47,86,85,64,1,1,1,1,1,1,186,217,
75,45,70,98,76,60,1,1,1,1,1,1,174,250,
66,9,51,77,36,64,1,1,1,1,1,1,143,160,
67,32,52,61,71,33,1,1,1,1,1,1,138,178,
12,7,99,27,2,60,1,1,1,1,1,1,159,48,1
12,84,25,16,40,38,1,1,1,1,1,1,124,91,
61,70,18,43,89,83,1,1,1,1,1,1,172,192,
72,85,31,100,32,99,1,1,1,1,1,1,199,220,
17,19,37,58,27,15,1,1,1,1,1,1,95,78,
17,85,100,61,53,82,1,1,1,1,1,1,185,213,
26,64,92,55,98,14,1,1,1,1,1,1,190,159,
74,100,15,79,59,33,1,1,1,1,1,1,179,181,
65,96,53,31,45,81,1,1,1,1,1,1,177,194,
37,57,73,45,72,74,1,1,1,1,1,1,147,211,
17,33,38,11,3,43,1,1,1,1,1,1,81,64,
15,73,38,87,30,2,1,1,1,1,1,1,160,85,1
58,84,29,47,76,64,1,1,1,1,1,1,160,198,
97,34,41,88,42,92,1,1,1,1,1,1,189,205,
44,86,11,29,22,12,1,1,1,1,1,1,130,74,1
59,81,17,5,72,94,1,1,1,1,1,1,175,153,
39,28,73,11,1,17,1,1,1,1,1,1,112,57,1
55,89,76,24,56,64,1,1,1,1,1,1,165,199,
61,67,74,44,72,91,1,1,1,1,1,1,165,244,
85,10,99,16,56,25,1,1,1,1,1,1,184,107,1
53,24,39,40,97,96,1,1,1,1,1,1,193,156,
65,93,43,35,30,14,1,1,1,1,1,1,158,122,
82,49,93,21,18,41,1,1,1,1,1,1,175,129,
7,78,6,40,70,77,1,1,1,1,1,1,155,123,
98,50,42,47,80,26,1,1,1,1,1,1,178,165,
26,90,9,99,63,40,1,1,1,1,1,1,189,138,
53,77,73,9,20,81,1,1,1,1,1,1,158,155,
73,49,21,87,89,85,1,1,1,1,1,1,176,228,
100,49,39,83,38,20,1,1,1,1,1,1,183,146,
86,10,41,52,95,1,1,1,1,1,1,1,181,104,1
97,53,90,32,29,44,1,1,1,1,1,1,187,158,
75,21,61,31,89,94,1,1,1,1,1,1,183,188,
27,20,86,8,96,87,1,1,1,1,1,1,183,141,
79,28,5,12,20,73,1,1,1,1,1,1,152,65,1
56,74,62,23,40,11,1,1,1,1,1,1,136,130,
16,59,9,71,53,41,1,1,1,1,1,1,130,119,
87,2,69,12,10,9,1,1,1,1,1,1,156,33,1
33,65,87,34,1,5,1,1,1,1,1,1,152,73,1
50,56,10,6,3,97,1,1,1,1,1,1,153,69,1
92,20,37,70,73,100,1,1,1,1,1,1,192,200,
82,55,9,36,69,80,1,1,1,1,1,1,162,169,
4,74,36,94,40,99,1,1,1,1,1,1,193,154,
65,82,17,88,78,89,1,1,1,1,1,1,177,242,
16,61,5,35,86,65,1,1,1,1,1,1,151,117,
95,65,98,47,74,92,1,1,1,1,1,1,193,278,
87,76,30,1,78,28,1,1,1,1,1,1,165,135,
99,36,12,56,2,31,1,1,1,1,1,1,155,81,1
86,50,2,25,32,26,1,1,1,1,1,1,136,85,1
44,25,52,9,11,7,1,1,1,1,1,1,96,52,1
65,64,60,6,15,18,1,1,1,1,1,1,129,99,
43,76,31,30,62,2,1,1,1,1,1,1,138,106,
52,54,12,96,42,1,1,1,1,1,1,1,150,107,
99,19,57,81,71,39,1,1,1,1,1,1,180,186,
7,65,72,20,86,9,1,1,1,1,1,1,158,101,1
80,58,90,55,100,87,1,1,1,1,1,1,190,280,
33,66,72,31,64,60,1,1,1,1,1,1,138,188,
14,28,41,74,29,69,1,1,1,1,1,1,143,112,
60,100,87,32,75,52,1,1,1,1,1,1,187,219,
35,6,57,51,18,50,1,1,1,1,1,1,108,109,
58,14,80,95,35,69,1,1,1,1,1,1,175,176,
35,60,95,18,91,96,1,1,1,1,1,1,191,204,
28,97,55,46,69,70,1,1,1,1,1,1,167,198,
23,86,67,59,78,53,1,1,1,1,1,1,164,202,
18,68,20,78,86,32,1,1,1,1,1,1,164,138,
55,42,95,68,1,27,1,1,1,1,1,1,163,125,
10,14,24,97,16,40,1,1,1,1,1,1,137,64,1
85,9,43,53,37,83,1,1,1,1,1,1,168,142,
23,61,81,71,20,75,1,1,1,1,1,1,156,175,
11,32,12,29,1,68,1,1,1,1,1,1,100,53,1
90,10,2,82,55,11,1,1,1,1,1,1,172,78,1
61,47,11,33,93,28,1,1,1,1,1,1,154,119,
79,27,1,19,14,77,1,1,1,1,1,1,156,61,1
12,43,4,65,2,94,1,1,1,1,1,1,159,61,1
3,56,7,6,51,72,1,1,1,1,1,1,128,67,1
6,81,42,39,22,44,1,1,1,1,1,1,125,109,
90,91,86,21,56,46,1,1,1,1,1,1,181,209,
52,56,60,73,17,22,1,1,1,1,1,1,133,147,
91,74,67,47,41,23,1,1,1,1,1,1,165,178,
84,5,66,62,78,73,1,1,1,1,1,1,162,206,
78,47,71,28,91,65,1,1,1,1,1,1,169,211,
81,95,22,43,24,63,1,1,1,1,1,1,176,152,
36,48,96,60,67,9,1,1,1,1,1,1,163,153,
41,13,42,1,32,19,1,1,1,1,1,1,83,65,
99,1,88,86,44,29,1,1,1,1,1,1,187,160,
99,32,13,90,16,85,1,1,1,1,1,1,189,146,
90,3,25,7,48,17,1,1,1,1,1,1,138,52,1
10,79,25,61,78,60,1,1,1,1,1,1,157,156,
20,99,39,97,73,41,1,1,1,1,1,1,196,173,
78,85,43,19,30,89,1,1,1,1,1,1,174,170,
67,20,99,79,4,98,1,1,1,1,1,1,197,170,
78,21,81,57,40,16,1,1,1,1,1,1,159,134,
100,6,50,89,72,7,1,1,1,1,1,1,189,135,
22,3,11,51,30,10,1,1,1,1,1,1,81,46,1
55,1,22,64,70,7,1,1,1,1,1,1,134,85,1
69,60,50,76,10,66,1,1,1,1,1,1,145,186,
53,85,3,93,31,27,1,1,1,1,1,1,178,114,1
9,66,94,79,30,43,1,1,1,1,1,1,173,148,
67,73,55,4,5,52,1,1,1,1,1,1,140,116,
74,93,70,2,79,47,1,1,1,1,1,1,172,193,
3,86,28,44,47,72,1,1,1,1,1,1,158,122,
87,45,30,75,86,88,1,1,1,1,1,1,175,236,
42,79,2,81,55,64,1,1,1,1,1,1,160,163,
51,33,1,71,34,30,1,1,1,1,1,1,122,98,
99,96,64,80,86,43,1,1,1,1,1,1,195,273,
63,16,84,78,45,18,1,1,1,1,1,1,162,142,
50,40,45,78,95,71,1,1,1,1,1,1,173,206,
97,94,56,51,21,82,1,1,1,1,1,1,191,210,
17,39,62,95,3,63,1,1,1,1,1,1,158,121,
98,61,80,76,65,66,1,1,1,1,1,1,178,268,
97,94,59,68,78,40,1,1,1,1,1,1,191,245,
99,65,76,28,73,63,1,1,1,1,1,1,175,229,
48,96,35,85,39,36,1,1,1,1,1,1,181,158,
41,81,66,62,37,67,1,1,1,1,1,1,148,206,
89,50,25,32,15,63,1,1,1,1,1,1,152,122,
36,83,92,69,78,48,1,1,1,1,1,1,175,231,
69,83,53,13,7,45,1,1,1,1,1,1,152,118,
87,9,4,80,85,86,1,1,1,1,1,1,173,178,
16,12,31,8,14,49,1,1,1,1,1,1,80,50,1
95,25,5,99,56,53,1,1,1,1,1,1,194,139,
18,28,8,34,94,7,1,1,1,1,1,1,128,61,1
85,35,25,7,58,4,1,1,1,1,1,1,143,71,1
61,38,13,87,52,45,1,1,1,1,1,1,148,148,
91,88,3,26,82,14,1,1,1,1,1,1,179,125,
93,87,47,24,95,75,1,1,1,1,1,1,188,233,
57,65,29,82,8,49,1,1,1,1,1,1,147,143,
58,71,12,96,9,51,1,1,1,1,1,1,167,130,
77,5,2,53,76,88,1,1,1,1,1,1,165,136,
20,6,34,98,47,63,1,1,1,1,1,1,161,107,1
32,17,24,19,81,7,1,1,1,1,1,1,113,67,1
19,3,28,67,83,49,1,1,1,1,1,1,150,99,1
14,87,53,71,34,91,1,1,1,1,1,1,178,172,
34,2,72,26,37,67,1,1,1,1,1,1,139,99,
90,88,89,91,27,56,1,1,1,1,1,1,181,260,
78,21,28,29,85,31,1,1,1,1,1,1,163,109,
37,98,19,64,69,24,1,1,1,1,1,1,167,144,
91,60,83,27,97,3,1,1,1,1,1,1,188,173,
32,9,75,30,46,25,1,1,1,1,1,1,121,96,
60,82,13,35,40,12,1,1,1,1,1,1,142,100,
73,95,92,26,67,71,1,1,1,1,1,1,187,237,
6,67,77,52,82,15,1,1,1,1,1,1,159,140,
52,64,87,47,75,40,1,1,1,1,1,1,162,203,
54,43,97,88,18,95,1,1,1,1,1,1,192,203,
10,28,21,48,62,97,1,1,1,1,1,1,159,107,
67,60,88,38,48,30,1,1,1,1,1,1,155,176,
39,55,87,45,72,71,1,1,1,1,1,1,159,210,
90,7,40,34,73,26,1,1,1,1,1,1,163,107,1
55,98,14,25,92,89,1,1,1,1,1,1,190,183,
40,23,94,98,47,27,1,1,1,1,1,1,192,137,
77,17,16,52,81,68,1,1,1,1,1,1,158,153,
38,2,94,15,8,5,1,1,1,1,1,1,132,30,1
92,31,68,62,66,52,1,1,1,1,1,1,160,211,
95,78,96,53,15,9,1,1,1,1,1,1,191,155,
21,58,98,29,84,49,1,1,1,1,1,1,182,157,
52,25,97,53,22,71,1,1,1,1,1,1,168,152,
16,86,78,3,91,41,1,1,1,1,1,1,177,138,
35,84,46,51,68,48,1,1,1,1,1,1,152,180,
52,88,29,95,13,70,1,1,1,1,1,1,183,164,
36,86,45,12,82,44,1,1,1,1,1,1,168,137,
14,48,4,73,98,82,1,1,1,1,1,1,180,139,
9,68,21,26,30,18,1,1,1,1,1,1,98,74,
51,31,52,7,66,10,1,1,1,1,1,1,118,99,
53,73,10,85,40,15,1,1,1,1,1,1,158,118,
4,16,13,100,72,88,1,1,1,1,1,1,188,105,1
41,37,11,72,84,5,1,1,1,1,1,1,156,94,1
22,31,24,3,83,80,1,1,1,1,1,1,163,80,1
67,86,84,24,26,39,1,1,1,1,1,1,170,156,
11,67,6,5,38,68,1,1,1,1,1,1,135,60,1
47,42,87,24,64,95,1,1,1,1,1,1,182,177,
40,46,2,60,98,35,1,1,1,1,1,1,158,123,
34,51,75,30,87,59,1,1,1,1,1,1,162,174,
61,24,78,9,21,43,1,1,1,1,1,1,139,97,
94,24,100,20,2,10,1,1,1,1,1,1,194,56,1
15,12,65,3,32,73,1,1,1,1,1,1,138,62,1
69,53,91,90,58,26,1,1,1,1,1,1,181,206,
39,19,81,68,40,17,1,1,1,1,1,1,149,115,
2,82,72,85,94,7,1,1,1,1,1,1,179,163,
86,70,3,65,42,76,1,1,1,1,1,1,162,180,
82,99,2,79,64,83,1,1,1,1,1,1,182,227,
43,41,83,89,59,8,1,1,1,1,1,1,172,151,
5,75,96,43,84,8,1,1,1,1,1,1,180,131,
61,44,80,43,70,87,1,1,1,1,1,1,167,218,
69,56,8,78,10,13,1,1,1,1,1,1,147,87,1
93,14,57,83,100,48,1,1,1,1,1,1,193,202,
99,24,28,62,17,20,1,1,1,1,1,1,161,89,1
72,73,32,90,23,43,1,1,1,1,1,1,163,170,
84,91,10,64,19,1,1,1,1,1,1,1,175,94,1
7,40,88,23,79,54,1,1,1,1,1,1,167,124,
24,68,53,40,75,1,1,1,1,1,1,1,143,118,
35,48,59,29,42,73,1,1,1,1,1,1,132,154,
67,72,26,69,24,85,1,1,1,1,1,1,157,186,
46,96,49,23,78,29,1,1,1,1,1,1,174,147,
38,81,56,4,20,62,1,1,1,1,1,1,143,118,
2,97,4,77,60,94,1,1,1,1,1,1,191,143,
70,21,68,36,82,25,1,1,1,1,1,1,152,150,
74,7,42,25,100,81,1,1,1,1,1,1,181,148,
51,32,12,49,26,44,1,1,1,1,1,1,100,114,
74,90,33,80,39,18,1,1,1,1,1,1,170,164,
43,84,17,90,15,98,1,1,1,1,1,1,188,159,
72,14,73,48,18,91,1,1,1,1,1,1,164,152,
77,70,24,62,14,8,1,1,1,1,1,1,147,108,
62,43,87,2,79,66,1,1,1,1,1,1,166,173,
49,84,29,28,91,36,1,1,1,1,1,1,175,142,
76,92,50,99,48,96,1,1,1,1,1,1,195,266,
76,89,98,83,39,1,1,1,1,1,1,1,187,199,
48,35,47,20,24,93,1,1,1,1,1,1,141,126,
38,72,45,76,71,7,1,1,1,1,1,1,148,161,
35,47,8,20,68,99,1,1,1,1,1,1,167,110,1
19,97,94,23,42,46,1,1,1,1,1,1,191,130,
22,93,44,69,35,24,1,1,1,1,1,1,162,125,
21,47,31,8,30,69,1,1,1,1,1,1,116,90,
73,34,10,56,77,55,1,1,1,1,1,1,150,155,
89,26,73,23,82,28,1,1,1,1,1,1,171,150,
25,30,14,34,31,3,1,1,1,1,1,1,65,72,
91,83,44,32,28,11,1,1,1,1,1,1,174,115,1
11,25,4,69,60,37,1,1,1,1,1,1,129,77,1
88,7,32,91,19,57,1,1,1,1,1,1,179,115,1
61,71,13,55,87,76,1,1,1,1,1,1,163,200,
96,69,51,34,32,90,1,1,1,1,1,1,186,186,
93,8,3,48,54,58,1,1,1,1,1,1,151,113,
79,70,90,17,24,28,1,1,1,1,1,1,169,139,
2,25,74,97,82,28,1,1,1,1,1,1,179,129,
15,71,70,31,29,17,1,1,1,1,1,1,141,92,1
96,21,85,73,13,97,1,1,1,1,1,1,193,192,
29,76,98,38,88,1,1,1,1,1,1,1,186,144,
19,49,33,60,21,14,1,1,1,1,1,1,109,87,
56,40,83,85,39,31,1,1,1,1,1,1,168,166,
46,98,60,56,77,88,1,1,1,1,1,1,186,239,
69,68,33,99,30,74,1,1,1,1,1,1,173,200,
32,33,96,68,87,60,1,1,1,1,1,1,183,193,
46,5,62,40,71,3,1,1,1,1,1,1,133,94,
64,24,48,69,72,84,1,1,1,1,1,1,156,205,
40,27,85,37,9,7,1,1,1,1,1,1,125,80,1
73,82,94,4,57,76,1,1,1,1,1,1,176,210,
22,26,47,100,81,13,1,1,1,1,1,1,181,108,1
1,27,62,17,65,39,1,1,1,1,1,1,127,84,1
86,63,64,15,14,40,1,1,1,1,1,1,150,132,
13,86,77,80,23,85,1,1,1,1,1,1,171,193,
11,10,48,66,8,54,1,1,1,1,1,1,120,77,1
48,81,14,45,59,56,1,1,1,1,1,1,140,163,
13,80,10,54,66,42,1,1,1,1,1,1,146,119,
10,21,45,12,58,51,1,1,1,1,1,1,109,88,
70,84,75,4,16,23,1,1,1,1,1,1,159,113,
25,15,61,37,57,85,1,1,1,1,1,1,146,134,
19,75,50,88,31,70,1,1,1,1,1,1,163,170,
11,96,93,77,80,67,1,1,1,1,1,1,189,235,
6,13,48,36,18,26,1,1,1,1,1,1,84,63,
97,33,30,38,67,87,1,1,1,1,1,1,184,168,
48,34,24,43,64,63,1,1,1,1,1,1,127,149,
96,8,97,27,52,13,1,1,1,1,1,1,193,100,1
45,82,44,26,36,93,1,1,1,1,1,1,175,151,
82,61,96,77,85,93,1,1,1,1,1,1,189,305,
98,35,93,79,6,14,1,1,1,1,1,1,191,134,
74,81,39,19,80,85,1,1,1,1,1,1,166,212,
41,67,82,84,98,54,1,1,1,1,1,1,182,244,
15,85,72,73,6,88,1,1,1,1,1,1,173,166,
89,82,91,24,69,75,1,1,1,1,1,1,180,250,
90,97,13,55,14,73,1,1,1,1,1,1,187,155,
51,31,36,93,6,80,1,1,1,1,1,1,173,124,
33,62,55,71,98,92,1,1,1,1,1,1,190,221,
81,87,64,73,40,10,1,1,1,1,1,1,168,187,
31,39,12,81,29,28,1,1,1,1,1,1,120,100,
65,14,13,69,28,2,1,1,1,1,1,1,134,57,1
59,16,18,15,40,13,1,1,1,1,1,1,99,62,1
55,5,41,27,75,16,1,1,1,1,1,1,130,89,
20,76,11,6,36,82,1,1,1,1,1,1,158,73,1
73,59,6,37,89,31,1,1,1,1,1,1,162,133,
61,1,52,3,96,30,1,1,1,1,1,1,157,86,1
37,88,24,34,64,84,1,1,1,1,1,1,172,159,
88,84,45,55,32,68,1,1,1,1,1,1,172,200,
74,16,28,67,99,95,1,1,1,1,1,1,194,185,
99,84,57,68,34,59,1,1,1,1,1,1,183,218,
59,29,56,79,73,12,1,1,1,1,1,1,152,156,
36,82,30,98,96,92,1,1,1,1,1,1,194,240,
92,99,61,9,54,47,1,1,1,1,1,1,191,171,
28,64,49,70,27,34,1,1,1,1,1,1,134,138,
91,74,9,30,68,47,1,1,1,1,1,1,165,154,
44,69,50,67,57,41,1,1,1,1,1,1,136,192,
72,53,95,34,91,21,1,1,1,1,1,1,186,180,
79,99,12,5,70,49,1,1,1,1,1,1,178,136,
80,3,37,25,12,72,1,1,1,1,1,1,152,77,1
95,13,11,85,12,63,1,1,1,1,1,1,180,99,1
88,87,97,1,43,67,1,1,1,1,1,1,185,198,
91,54,40,34,64,9,1,1,1,1,1,1,155,137,
45,59,25,3,31,61,1,1,1,1,1,1,120,104,
96,26,40,84,76,20,1,1,1,1,1,1,180,162,
11,7,85,74,29,14,1,1,1,1,1,1,159,61,1
3,27,92,49,66,42,1,1,1,1,1,1,158,121,
24,60,87,12,79,66,1,1,1,1,1,1,166,162,
100,22,55,53,39,99,1,1,1,1,1,1,199,169,
80,48,66,68,14,45,1,1,1,1,1,1,148,173,
69,75,32,40,10,42,1,1,1,1,1,1,144,124,
63,36,74,43,61,40,1,1,1,1,1,1,137,180,
7,64,85,20,18,93,1,1,1,1,1,1,178,109,1
44,35,22,72,33,94,1,1,1,1,1,1,166,134,
69,10,88,78,87,59,1,1,1,1,1,1,175,216,
28,89,4,56,51,30,1,1,1,1,1,1,145,113,
18,23,88,96,97,32,1,1,1,1,1,1,193,161,
54,86,42,72,45,25,1,1,1,1,1,1,158,166,
66,96,95,11,65,49,1,1,1,1,1,1,191,191,
81,45,13,27,70,37,1,1,1,1,1,1,151,122,
28,2,56,21,62,7,1,1,1,1,1,1,118,58,1
98,52,3,7,91,58,1,1,1,1,1,1,189,120,1
7,6,36,19,48,41,1,1,1,1,1,1,89,68,
96,55,81,53,26,97,1,1,1,1,1,1,193,215,
6,100,28,2,50,10,1,1,1,1,1,1,150,46,1
99,64,72,28,83,6,1,1,1,1,1,1,182,170,
98,87,78,48,27,46,1,1,1,1,1,1,185,199,
15,67,9,78,32,44,1,1,1,1,1,1,145,100,
57,16,90,83,96,29,1,1,1,1,1,1,186,185,
63,72,18,91,26,14,1,1,1,1,1,1,163,121,
43,16,100,33,60,80,1,1,1,1,1,1,180,152,
66,83,100,43,80,7,1,1,1,1,1,1,183,196,
58,52,79,5,17,13,1,1,1,1,1,1,137,87,1
64,42,23,69,13,39,1,1,1,1,1,1,133,117,
97,23,75,71,37,67,1,1,1,1,1,1,172,198,
52,1,53,97,29,99,1,1,1,1,1,1,196,135,
27,99,41,40,12,91,1,1,1,1,1,1,190,120,1
99,10,54,57,91,29,1,1,1,1,1,1,190,150,
90,32,9,22,50,2,1,1,1,1,1,1,140,65,1
91,7,70,23,34,45,1,1,1,1,1,1,161,109,
70,53,79,47,41,11,1,1,1,1,1,1,149,152,
21,49,91,64,84,10,1,1,1,1,1,1,175,144,
28,78,25,22,26,92,1,1,1,1,1,1,170,101,1
58,47,73,92,64,21,1,1,1,1,1,1,165,190,
67,10,33,68,7,50,1,1,1,1,1,1,135,100,
24,8,62,16,38,2,1,1,1,1,1,1,100,50,1
19,71,97,93,23,84,1,1,1,1,1,1,190,197,
61,56,32,11,97,79,1,1,1,1,1,1,176,160,
38,43,30,71,89,74,1,1,1,1,1,1,163,182,
70,46,5,43,74,23,1,1,1,1,1,1,144,117,
55,58,10,18,27,39,1,1,1,1,1,1,113,94,
82,3,20,39,44,29,1,1,1,1,1,1,126,91,
2,35,42,24,28,87,1,1,1,1,1,1,129,89,
86,23,10,65,38,22,1,1,1,1,1,1,151,93,1
75,2,1,35,40,98,1,1,1,1,1,1,173,78,1
23,45,85,9,91,53,1,1,1,1,1,1,176,130,
19,58,12,4,21,83,1,1,1,1,1,1,141,56,1
97,14,49,3,19,42,1,1,1,1,1,1,146,78,1
92,33,34,47,29,87,1,1,1,1,1,1,179,143,
27,65,5,63,80,72,1,1,1,1,1,1,152,160,
73,52,72,82,92,28,1,1,1,1,1,1,174,225,
52,57,3,40,51,80,1,1,1,1,1,1,137,146,
68,58,10,26,2,66,1,1,1,1,1,1,134,96,
53,60,22,93,79,55,1,1,1,1,1,1,172,190,
40,72,20,31,43,93,1,1,1,1,1,1,165,134,
9,40,31,65,47,36,1,1,1,1,1,1,112,116,
93,74,37,6,80,73,1,1,1,1,1,1,173,190,
3,67,38,5,94,11,1,1,1,1,1,1,161,57,1
36,21,54,87,55,27,1,1,1,1,1,1,142,138,
32,88,8,39,6,34,1,1,1,1,1,1,127,80,1
96,32,87,65,72,53,1,1,1,1,1,1,183,222,
5,46,1,98,43,62,1,1,1,1,1,1,160,95,1
98,59,13,46,23,93,1,1,1,1,1,1,191,141,
97,99,44,6,82,67,1,1,1,1,1,1,196,199,
71,19,65,16,32,26,1,1,1,1,1,1,136,93,
75,77,34,40,83,97,1,1,1,1,1,1,180,226,
6,44,2,83,99,28,1,1,1,1,1,1,182,80,1
75,36,10,20,80,24,1,1,1,1,1,1,155,90,1
49,38,56,21,99,76,1,1,1,1,1,1,175,164,
51,2,44,59,69,31,1,1,1,1,1,1,128,128,
87,53,76,40,65,51,1,1,1,1,1,1,163,209,
20,1,56,82,13,12,1,1,1,1,1,1,138,46,1
21,60,89,65,38,25,1,1,1,1,1,1,154,144,
38,94,84,56,92,28,1,1,1,1,1,1,186,206,
84,12,68,50,82,80,1,1,1,1,1,1,166,210,
56,75,37,35,87,98,1,1,1,1,1,1,185,203,
48,4,64,52,16,43,1,1,1,1,1,1,116,111,
98,37,57,86,68,44,1,1,1,1,1,1,184,206,
79,60,95,100,42,82,1,1,1,1,1,1,195,263,
88,84,28,26,61,90,1,1,1,1,1,1,178,199,
84,91,51,52,7,1,1,1,1,1,1,1,175,111,1
61,99,87,89,39,92,1,1,1,1,1,1,191,276,
91,93,100,43,51,5,1,1,1,1,1,1,193,190,
90,9,74,87,97,70,1,1,1,1,1,1,187,240,
91,34,72,76,98,9,1,1,1,1,1,1,189,191,
90,50,14,13,38,95,1,1,1,1,1,1,185,115,1
36,91,70,46,78,100,1,1,1,1,1,1,191,230,
76,1,83,41,73,94,1,1,1,1,1,1,177,191,
12,65,29,35,87,63,1,1,1,1,1,1,152,139,
85,49,13,92,15,20,1,1,1,1,1,1,177,97,1
83,53,92,56,66,76,1,1,1,1,1,1,175,251,
45,64,63,3,95,23,1,1,1,1,1,1,159,134,
42,40,33,86,97,54,1,1,1,1,1,1,183,169,
55,72,68,100,83,6,1,1,1,1,1,1,183,201,
38,3,61,31,34,46,1,1,1,1,1,1,107,106,
32,65,40,56,54,98,1,1,1,1,1,1,163,182,
67,8,21,79,96,53,1,1,1,1,1,1,175,149,
55,9,20,89,16,33,1,1,1,1,1,1,144,78,1
53,76,39,78,88,69,1,1,1,1,1,1,166,237,
58,97,29,38,11,7,1,1,1,1,1,1,155,85,1
68,90,70,22,79,30,1,1,1,1,1,1,169,190,
65,72,33,84,25,53,1,1,1,1,1,1,156,176,
79,3,7,23,13,40,1,1,1,1,1,1,119,46,1
92,60,22,71,87,37,1,1,1,1,1,1,179,190,
7,53,47,17,18,68,1,1,1,1,1,1,121,89,
88,26,60,9,55,1,1,1,1,1,1,1,148,91,1
25,30,49,61,85,1,1,1,1,1,1,1,146,105,
76,82,11,50,73,37,1,1,1,1,1,1,158,171,
67,31,24,33,61,27,1,1,1,1,1,1,128,115,
42,24,72,62,91,100,1,1,1,1,1,1,191,200,
43,33,6,41,54,18,1,1,1,1,1,1,97,98,
63,93,46,79,58,73,1,1,1,1,1,1,172,240,
51,100,71,18,61,49,1,1,1,1,1,1,171,179,
41,56,82,17,62,97,1,1,1,1,1,1,179,176,
47,11,14,23,91,73,1,1,1,1,1,1,164,95,1
33,19,21,24,98,17,1,1,1,1,1,1,131,81,1
44,79,51,14,92,42,1,1,1,1,1,1,171,151,
53,92,35,87,20,67,1,1,1,1,1,1,179,175,
58,26,7,2,17,54,1,1,1,1,1,1,112,52,1
78,26,71,77,48,70,1,1,1,1,1,1,155,215,
62,99,3,8,89,20,1,1,1,1,1,1,188,93,1
8,41,26,100,79,75,1,1,1,1,1,1,179,150,
90,99,10,36,95,74,1,1,1,1,1,1,194,210,
90,99,27,46,36,40,1,1,1,1,1,1,189,149,
73,77,67,81,27,52,1,1,1,1,1,1,158,219,
35,14,52,30,39,51,1,1,1,1,1,1,103,118,
82,55,67,57,71,18,1,1,1,1,1,1,153,197,
86,75,4,2,55,59,1,1,1,1,1,1,161,120,
18,99,87,57,16,41,1,1,1,1,1,1,186,132,
66,95,26,58,89,24,1,1,1,1,1,1,184,174,
18,75,35,54,87,89,1,1,1,1,1,1,176,182,
46,38,58,93,95,37,1,1,1,1,1,1,188,179,
40,71,21,13,52,89,1,1,1,1,1,1,160,126,
48,84,73,74,59,83,1,1,1,1,1,1,167,254,
56,23,70,14,53,46,1,1,1,1,1,1,126,136,
65,45,29,4,90,83,1,1,1,1,1,1,173,143,
86,66,52,90,77,67,1,1,1,1,1,1,176,262,
62,88,84,86,49,46,1,1,1,1,1,1,174,241,
20,56,8,10,29,90,1,1,1,1,1,1,146,67,1
76,92,70,79,15,68,1,1,1,1,1,1,171,229,
89,16,7,11,22,55,1,1,1,1,1,1,144,56,1
37,97,65,89,60,66,1,1,1,1,1,1,186,228,
83,34,31,66,20,24,1,1,1,1,1,1,149,109,
56,13,80,16,91,14,1,1,1,1,1,1,171,99,1
2,16,4,97,83,91,1,1,1,1,1,1,188,105,1
6,82,54,98,100,45,1,1,1,1,1,1,198,187,
52,69,77,61,13,72,1,1,1,1,1,1,149,195,
77,94,41,43,28,48,1,1,1,1,1,1,171,160,
40,48,26,13,12,28,1,1,1,1,1,1,88,79,
73,85,90,20,19,9,1,1,1,1,1,1,175,121,
50,5,12,31,33,90,1,1,1,1,1,1,140,81,1
50,78,56,22,75,76,1,1,1,1,1,1,154,203,
28,60,90,25,53,40,1,1,1,1,1,1,150,146,
87,25,51,37,12,62,1,1,1,1,1,1,149,125,
3,99,9,15,13,45,1,1,1,1,1,1,144,40,1
64,76,70,77,27,22,1,1,1,1,1,1,153,183,
38,41,81,2,21,63,1,1,1,1,1,1,144,102,
89,6,58,71,24,87,1,1,1,1,1,1,176,159,
18,7,68,11,6,49,1,1,1,1,1,1,117,42,1
69,5,82,3,55,21,1,1,1,1,1,1,151,84,1
63,93,4,24,7,34,1,1,1,1,1,1,156,69,1
71,89,68,34,91,3,1,1,1,1,1,1,180,176,
76,14,74,17,28,16,1,1,1,1,1,1,150,75,1
68,22,65,50,82,14,1,1,1,1,1,1,150,151,
55,96,53,71,52,89,1,1,1,1,1,1,185,231,
82,63,26,14,69,60,1,1,1,1,1,1,151,163,
87,88,25,100,30,1,1,1,1,1,1,1,188,143,
34,77,56,59,75,50,1,1,1,1,1,1,152,199,
63,61,11,18,99,77,1,1,1,1,1,1,176,153,
6,91,93,17,100,12,1,1,1,1,1,1,193,126,1
52,64,65,13,17,20,1,1,1,1,1,1,129,102,
98,14,44,32,83,70,1,1,1,1,1,1,181,160,
31,90,72,17,97,10,1,1,1,1,1,1,187,130,
25,28,19,98,42,61,1,1,1,1,1,1,159,114,
91,69,66,44,59,75,1,1,1,1,1,1,166,238,
55,30,15,10,49,50,1,1,1,1,1,1,105,104,
70,63,93,54,86,58,1,1,1,1,1,1,179,245,
52,74,48,75,2,23,1,1,1,1,1,1,149,125,
17,96,86,93,51,79,1,1,1,1,1,1,189,233,
53,32,50,93,34,25,1,1,1,1,1,1,146,141,
56,58,90,45,82,28,1,1,1,1,1,1,172,187,
51,49,86,91,29,19,1,1,1,1,1,1,177,148,
59,97,3,85,76,18,1,1,1,1,1,1,182,156,
93,94,20,80,77,32,1,1,1,1,1,1,187,209,
2,38,54,47,17,11,1,1,1,1,1,1,101,68,
22,48,17,53,6,42,1,1,1,1,1,1,101,87,
84,6,70,54,39,79,1,1,1,1,1,1,163,169,
36,97,32,33,58,60,1,1,1,1,1,1,157,159,
38,63,65,100,19,43,1,1,1,1,1,1,165,163,
30,49,1,79,91,73,1,1,1,1,1,1,170,153,
41,40,80,42,36,54,1,1,1,1,1,1,134,159,
60,30,26,98,59,37,1,1,1,1,1,1,158,152,
38,93,98,72,85,48,1,1,1,1,1,1,191,243,
43,87,83,55,66,57,1,1,1,1,1,1,170,221,
2,97,20,12,39,91,1,1,1,1,1,1,188,73,1
13,75,18,11,39,2,1,1,1,1,1,1,114,44,1
53,70,84,94,34,8,1,1,1,1,1,1,178,165,
59,13,77,63,62,14,1,1,1,1,1,1,140,148,
25,5,51,87,80,49,1,1,1,1,1,1,167,130,
41,81,12,59,67,93,1,1,1,1,1,1,174,179,
74,11,9,20,30,24,1,1,1,1,1,1,104,64,1
81,2,23,51,35,49,1,1,1,1,1,1,132,109,
47,77,27,16,54,56,1,1,1,1,1,1,133,144,
81,86,77,91,55,11,1,1,1,1,1,1,177,224,
19,87,49,40,100,92,1,1,1,1,1,1,192,195,
28,40,91,29,95,39,1,1,1,1,1,1,186,136,
96,12,80,64,75,44,1,1,1,1,1,1,176,195,
8,26,57,86,70,81,1,1,1,1,1,1,167,161,
76,13,87,47,96,73,1,1,1,1,1,1,183,209,
24,89,70,72,4,56,1,1,1,1,1,1,161,154,
89,35,92,29,81,95,1,1,1,1,1,1,187,234,
25,96,6,22,27,48,1,1,1,1,1,1,144,80,1
53,66,89,79,49,100,1,1,1,1,1,1,189,247,
70,52,47,90,50,100,1,1,1,1,1,1,190,219,
98,67,24,89,62,63,1,1,1,1,1,1,187,216,
96,40,55,13,19,79,1,1,1,1,1,1,175,127,
29,21,49,72,54,3,1,1,1,1,1,1,126,102,
72,22,54,58,79,89,1,1,1,1,1,1,168,206,
68,72,88,60,29,59,1,1,1,1,1,1,160,216,
54,73,36,11,76,24,1,1,1,1,1,1,149,125,
74,45,69,11,7,98,1,1,1,1,1,1,172,132,
78,30,86,59,42,72,1,1,1,1,1,1,164,203,
78,97,65,44,84,76,1,1,1,1,1,1,181,263,
42,38,77,54,100,1,1,1,1,1,1,1,177,135,
52,19,37,94,71,40,1,1,1,1,1,1,165,148,
98,85,36,31,8,96,1,1,1,1,1,1,194,160,
24,51,39,5,11,8,1,1,1,1,1,1,90,48,1
59,33,16,98,52,14,1,1,1,1,1,1,157,115,
21,41,66,50,77,38,1,1,1,1,1,1,143,150,
1,43,34,100,84,15,1,1,1,1,1,1,184,93,1
56,66,12,8,44,1,1,1,1,1,1,1,122,65,1
10,8,22,72,20,30,1,1,1,1,1,1,102,60,1
43,3,99,77,58,93,1,1,1,1,1,1,192,181,
45,67,31,11,33,89,1,1,1,1,1,1,156,120,
59,37,66,25,94,78,1,1,1,1,1,1,172,187,
42,63,15,2,52,90,1,1,1,1,1,1,153,111,
40,68,96,17,97,73,1,1,1,1,1,1,193,198,
2,28,33,100,89,45,1,1,1,1,1,1,189,108,1
3,57,21,29,61,20,1,1,1,1,1,1,118,73,1
32,22,34,57,41,45,1,1,1,1,1,1,102,129,
61,98,3,92,96,5,1,1,1,1,1,1,194,161,
2,74,40,62,33,23,1,1,1,1,1,1,136,98,
87,75,53,71,62,20,1,1,1,1,1,1,162,206,
82,15,93,13,22,51,1,1,1,1,1,1,175,101,1
81,61,65,21,62,89,1,1,1,1,1,1,170,209,
44,95,74,39,68,21,1,1,1,1,1,1,169,172,
50,61,18,86,38,91,1,1,1,1,1,1,177,167,
41,22,32,6,84,97,1,1,1,1,1,1,181,101,1
78,70,47,60,29,67,1,1,1,1,1,1,148,203,
38,66,89,46,29,9,1,1,1,1,1,1,155,122,
89,74,91,50,97,41,1,1,1,1,1,1,188,254,
43,33,41,98,84,57,1,1,1,1,1,1,182,174,
36,67,96,34,76,21,1,1,1,1,1,1,172,158,
78,64,97,79,28,69,1,1,1,1,1,1,176,239,
68,20,97,36,39,100,1,1,1,1,1,1,197,163,
41,22,79,14,85,40,1,1,1,1,1,1,164,117,
72,62,70,56,29,25,1,1,1,1,1,1,142,172,
7,65,27,83,78,39,1,1,1,1,1,1,161,138,
97,86,45,29,90,12,1,1,1,1,1,1,187,172,
27,52,35,34,24,47,1,1,1,1,1,1,99,120,
92,30,16,19,97,28,1,1,1,1,1,1,189,93,1
38,10,4,64,84,34,1,1,1,1,1,1,148,86,1
55,87,68,84,17,36,1,1,1,1,1,1,171,176,
97,24,18,98,45,35,1,1,1,1,1,1,195,122,1
88,38,73,40,97,48,1,1,1,1,1,1,185,199,
11,3,64,29,38,58,1,1,1,1,1,1,122,81,1
39,23,61,83,33,45,1,1,1,1,1,1,144,140,
54,28,95,88,76,84,1,1,1,1,1,1,183,242,
3,23,32,25,41,12,1,1,1,1,1,1,73,63,
88,4,90,60,18,48,1,1,1,1,1,1,178,130,
23,50,83,59,67,51,1,1,1,1,1,1,150,183,
9,77,48,1,72,56,1,1,1,1,1,1,149,114,
85,15,67,36,45,83,1,1,1,1,1,1,168,163,
29,13,38,37,97,95,1,1,1,1,1,1,192,117,1
20,93,42,81,99,53,1,1,1,1,1,1,192,196,
34,80,28,90,6,55,1,1,1,1,1,1,170,123,
62,17,25,33,72,91,1,1,1,1,1,1,163,137,
10,5,18,93,55,37,1,1,1,1,1,1,148,70,1
85,76,82,75,37,42,1,1,1,1,1,1,167,230,
44,42,71,35,45,11,1,1,1,1,1,1,116,132,
54,39,99,66,32,33,1,1,1,1,1,1,165,158,
77,81,43,11,56,30,1,1,1,1,1,1,158,140,
65,45,25,95,52,91,1,1,1,1,1,1,186,187,
40,14,77,38,37,84,1,1,1,1,1,1,161,129,
40,35,78,61,14,5,1,1,1,1,1,1,139,94,
48,57,38,64,83,24,1,1,1,1,1,1,147,167,
58,98,15,46,82,69,1,1,1,1,1,1,180,188,
66,75,81,23,93,84,1,1,1,1,1,1,177,245,
50,22,8,89,34,92,1,1,1,1,1,1,181,114,1
100,51,65,85,57,28,1,1,1,1,1,1,185,201,
96,82,77,81,47,58,1,1,1,1,1,1,178,263,
3,7,60,72,50,22,1,1,1,1,1,1,132,82,1
98,86,44,32,84,56,1,1,1,1,1,1,184,216,
96,78,26,48,5,3,1,1,1,1,1,1,174,82,1
3,23,97,96,15,79,1,1,1,1,1,1,193,120,1
32,98,72,100,47,48,1,1,1,1,1,1,198,199,
81,14,90,80,92,69,1,1,1,1,1,1,182,244,
40,25,26,88,13,10,1,1,1,1,1,1,128,74,1
39,14,67,27,32,46,1,1,1,1,1,1,113,112,
47,41,21,89,19,84,1,1,1,1,1,1,173,128,
79,56,18,35,100,23,1,1,1,1,1,1,179,132,
28,65,30,17,1,74,1,1,1,1,1,1,139,76,1
90,1,82,10,46,73,1,1,1,1,1,1,172,130,
95,42,5,4,17,97,1,1,1,1,1,1,192,68,1
58,18,9,86,56,10,1,1,1,1,1,1,144,93,1
15,99,4,38,31,76,1,1,1,1,1,1,175,88,1
31,28,20,60,24,11,1,1,1,1,1,1,91,83,
43,100,90,48,19,26,1,1,1,1,1,1,190,136,
64,57,9,10,84,22,1,1,1,1,1,1,148,98,1
20,41,65,70,31,59,1,1,1,1,1,1,135,151,
84,58,70,63,66,42,1,1,1,1,1,1,154,229,
7,55,64,81,88,56,1,1,1,1,1,1,169,182,
17,4,42,3,48,12,1,1,1,1,1,1,90,36,1
37,21,36,23,47,42,1,1,1,1,1,1,89,117,
77,8,18,16,90,76,1,1,1,1,1,1,167,118,
36,50,47,77,40,46,1,1,1,1,1,1,127,169,
57,85,14,44,94,29,1,1,1,1,1,1,179,144,
98,31,82,94,21,72,1,1,1,1,1,1,192,206,
91,100,48,63,16,76,1,1,1,1,1,1,191,203,
75,71,29,54,2,57,1,1,1,1,1,1,146,142,
94,29,50,27,67,68,1,1,1,1,1,1,162,173,
86,74,55,59,38,72,1,1,1,1,1,1,160,224,
91,15,30,37,47,31,1,1,1,1,1,1,138,113,
5,51,9,72,25,31,1,1,1,1,1,1,123,70,1
4,49,40,45,67,74,1,1,1,1,1,1,141,138,
17,8,70,52,23,20,1,1,1,1,1,1,122,68,1
53,9,22,76,18,40,1,1,1,1,1,1,129,89,
26,37,92,59,88,48,1,1,1,1,1,1,180,170,
29,98,88,1,63,14,1,1,1,1,1,1,186,107,1
43,8,58,24,89,66,1,1,1,1,1,1,155,133,
12,49,23,76,25,13,1,1,1,1,1,1,125,73,1
100,8,1,29,6,86,1,1,1,1,1,1,186,44,1
27,34,40,2,6,55,1,1,1,1,1,1,95,69,
17,90,50,74,46,69,1,1,1,1,1,1,164,182,
97,23,3,75,13,46,1,1,1,1,1,1,172,85,1
63,59,9,94,22,91,1,1,1,1,1,1,185,153,
75,46,5,1,80,18,1,1,1,1,1,1,155,70,1
30,49,19,91,29,6,1,1,1,1,1,1,140,84,1
88,43,30,64,80,92,1,1,1,1,1,1,180,217,
5,21,18,15,16,13,1,1,1,1,1,1,39,49,
26,61,20,89,21,52,1,1,1,1,1,1,150,119,
83,60,3,22,90,89,1,1,1,1,1,1,179,168,
25,87,45,36,83,59,1,1,1,1,1,1,170,165,
17,41,57,34,62,12,1,1,1,1,1,1,119,104,
63,1,71,57,42,35,1,1,1,1,1,1,134,135,
79,44,24,16,88,7,1,1,1,1,1,1,167,91,1
40,14,99,96,30,70,1,1,1,1,1,1,195,154,
65,20,49,93,51,35,1,1,1,1,1,1,158,155,
28,63,88,70,13,15,1,1,1,1,1,1,158,119,
55,46,25,10,86,47,1,1,1,1,1,1,141,128,
93,3,14,11,70,10,1,1,1,1,1,1,163,38,1
70,68,29,1,71,86,1,1,1,1,1,1,157,168,
42,68,25,39,10,53,1,1,1,1,1,1,121,116,
95,64,80,90,86,63,1,1,1,1,1,1,185,293,
30,85,81,59,67,44,1,1,1,1,1,1,166,200,
88,65,4,75,78,51,1,1,1,1,1,1,166,195,
14,51,45,48,43,34,1,1,1,1,1,1,99,136,
38,26,56,54,69,24,1,1,1,1,1,1,125,142,
17,71,72,99,11,55,1,1,1,1,1,1,171,154,
7,50,3,99,94,27,1,1,1,1,1,1,193,87,1
41,30,18,66,1,20,1,1,1,1,1,1,107,69,1
93,8,56,88,23,14,1,1,1,1,1,1,181,101,1
59,83,56,46,40,53,1,1,1,1,1,1,142,195,
78,77,54,86,41,61,1,1,1,1,1,1,164,233,
49,62,92,33,68,31,1,1,1,1,1,1,160,175,
43,51,9,50,33,97,1,1,1,1,1,1,148,135,
85,9,28,82,77,60,1,1,1,1,1,1,167,174,
79,24,77,50,60,82,1,1,1,1,1,1,161,211,
7,13,79,60,10,34,1,1,1,1,1,1,139,64,1
61,90,95,40,9,17,1,1,1,1,1,1,185,127,
9,19,88,46,5,76,1,1,1,1,1,1,164,79,1
13,45,10,22,59,14,1,1,1,1,1,1,104,59,1
39,18,60,53,24,23,1,1,1,1,1,1,113,104,
32,34,87,95,16,93,1,1,1,1,1,1,188,169,
11,20,94,70,52,17,1,1,1,1,1,1,164,100,1
57,23,34,89,42,85,1,1,1,1,1,1,174,156,
24,37,19,12,11,89,1,1,1,1,1,1,126,66,1
82,44,52,39,41,57,1,1,1,1,1,1,139,176,
82,26,96,44,81,49,1,1,1,1,1,1,178,200,
51,2,97,50,24,92,1,1,1,1,1,1,189,127,
82,45,72,40,100,70,1,1,1,1,1,1,182,227,
33,31,50,77,66,59,1,1,1,1,1,1,143,173,
80,67,72,76,37,7,1,1,1,1,1,1,156,183,
31,32,64,77,75,9,1,1,1,1,1,1,152,136,
52,84,88,100,10,64,1,1,1,1,1,1,188,210,
78,32,70,65,64,48,1,1,1,1,1,1,148,209,
22,95,65,59,14,24,1,1,1,1,1,1,160,119,
91,12,63,14,93,10,1,1,1,1,1,1,184,99,1
40,61,62,24,48,89,1,1,1,1,1,1,151,173,
31,22,74,90,98,87,1,1,1,1,1,1,188,214,
25,100,91,8,15,42,1,1,1,1,1,1,191,90,1
15,57,53,43,71,10,1,1,1,1,1,1,128,121,
11,100,40,71,73,51,1,1,1,1,1,1,173,173,
14,71,98,59,86,11,1,1,1,1,1,1,184,155,
73,92,51,65,17,99,1,1,1,1,1,1,191,206,
29,38,40,41,1,77,1,1,1,1,1,1,118,108,
39,25,99,8,23,4,1,1,1,1,1,1,138,60,1
73,92,91,48,99,27,1,1,1,1,1,1,191,239,
85,67,94,15,75,43,1,1,1,1,1,1,179,200,
21,84,51,71,39,73,1,1,1,1,1,1,157,182,
1,66,44,62,17,100,1,1,1,1,1,1,166,124,
77,18,30,67,98,33,1,1,1,1,1,1,175,148,
15,61,66,75,84,8,1,1,1,1,1,1,159,150,
51,66,44,86,76,84,1,1,1,1,1,1,170,237,
30,60,23,100,22,33,1,1,1,1,1,1,160,108,
72,27,92,70,13,42,1,1,1,1,1,1,164,152,
91,12,64,38,95,50,1,1,1,1,1,1,186,164,
66,98,80,2,81,8,1,1,1,1,1,1,179,156,
21,23,82,31,25,76,1,1,1,1,1,1,158,100,1
61,85,88,77,53,96,1,1,1,1,1,1,184,276,
100,42,89,19,2,8,1,1,1,1,1,1,189,71,1
40,89,7,93,85,35,1,1,1,1,1,1,182,167,
15,74,65,62,16,41,1,1,1,1,1,1,139,134,
55,28,79,37,30,11,1,1,1,1,1,1,134,106,
78,68,2,96,72,48,1,1,1,1,1,1,174,190,
72,38,22,74,95,39,1,1,1,1,1,1,169,171,
14,9,75,46,86,72,1,1,1,1,1,1,161,141,
78,30,88,99,77,81,1,1,1,1,1,1,187,266,
52,36,92,87,47,83,1,1,1,1,1,1,179,218,
12,48,10,98,93,25,1,1,1,1,1,1,191,95,1
51,96,12,8,39,49,1,1,1,1,1,1,147,108,
1,83,64,63,43,35,1,1,1,1,1,1,147,142,
40,18,38,39,21,48,1,1,1,1,1,1,88,116,
19,70,59,8,93,40,1,1,1,1,1,1,163,126,
4,98,60,86,41,72,1,1,1,1,1,1,184,177,
50,75,7,28,26,85,1,1,1,1,1,1,160,111,
50,30,85,86,62,60,1,1,1,1,1,1,171,202,
20,44,21,25,35,48,1,1,1,1,1,1,92,101,
30,9,79,39,63,68,1,1,1,1,1,1,147,141,
73,34,63,96,37,56,1,1,1,1,1,1,169,190,
28,84,99,61,98,92,1,1,1,1,1,1,197,265,
59,80,90,94,67,92,1,1,1,1,1,1,186,296,
8,21,83,27,100,36,1,1,1,1,1,1,183,92,1
11,74,93,4,67,30,1,1,1,1,1,1,167,112,
29,48,45,54,49,59,1,1,1,1,1,1,113,171,
40,34,2,9,27,73,1,1,1,1,1,1,113,72,1
22,27,52,35,41,46,1,1,1,1,1,1,98,125,
9,22,32,65,73,95,1,1,1,1,1,1,168,128,
80,29,64,69,98,30,1,1,1,1,1,1,178,192,
29,50,83,52,91,89,1,1,1,1,1,1,180,214,
22,8,6,93,92,90,1,1,1,1,1,1,185,126,
80,18,16,99,24,60,1,1,1,1,1,1,179,118,1
13,20,45,87,85,33,1,1,1,1,1,1,172,111,1
82,98,43,5,27,26,1,1,1,1,1,1,180,101,1
25,26,41,68,4,70,1,1,1,1,1,1,138,96,
23,79,85,2,17,83,1,1,1,1,1,1,168,121,
49,82,79,60,80,4,1,1,1,1,1,1,162,192,
45,60,95,92,48,32,1,1,1,1,1,1,187,185,
87,10,90,57,13,27,1,1,1,1,1,1,177,107,1
10,15,38,92,34,1,1,1,1,1,1,1,130,60,1
92,78,3,17,4,47,1,1,1,1,1,1,170,71,1
19,81,97,66,70,99,1,1,1,1,1,1,196,236,
41,38,39,57,100,34,1,1,1,1,1,1,157,152,
44,14,82,53,84,59,1,1,1,1,1,1,166,170,
97,17,72,50,60,64,1,1,1,1,1,1,169,191,
70,57,8,99,40,3,1,1,1,1,1,1,169,108,1
46,38,48,57,1,12,1,1,1,1,1,1,105,97,
95,20,35,66,5,93,1,1,1,1,1,1,188,126,
76,3,39,69,14,23,1,1,1,1,1,1,145,79,1
45,88,17,100,21,49,1,1,1,1,1,1,188,132,
29,78,43,86,23,73,1,1,1,1,1,1,164,168,
50,37,64,92,26,87,1,1,1,1,1,1,179,177,
89,67,94,26,2,14,1,1,1,1,1,1,183,109,1
13,7,81,62,98,88,1,1,1,1,1,1,186,163,
10,23,77,56,49,40,1,1,1,1,1,1,133,122,
35,85,92,72,84,65,1,1,1,1,1,1,177,256,
52,15,60,84,48,21,1,1,1,1,1,1,144,136,
28,100,53,19,6,96,1,1,1,1,1,1,196,106,1
66,50,59,9,72,23,1,1,1,1,1,1,138,141,
96,65,79,85,83,5,1,1,1,1,1,1,181,232,
41,63,83,1,98,48,1,1,1,1,1,1,181,153,
54,72,58,31,91,64,1,1,1,1,1,1,163,207,
7,85,98,37,58,19,1,1,1,1,1,1,183,121,1
61,72,95,13,37,36,1,1,1,1,1,1,167,147,
13,98,82,41,78,100,1,1,1,1,1,1,198,214,
25,91,39,88,82,93,1,1,1,1,1,1,184,234,
26,88,94,15,80,40,1,1,1,1,1,1,182,161,
95,53,88,93,29,80,1,1,1,1,1,1,188,250,
83,11,5,52,25,59,1,1,1,1,1,1,142,93,1
6,51,55,3,24,85,1,1,1,1,1,1,140,84,1
54,84,19,80,71,55,1,1,1,1,1,1,164,199,
35,33,43,47,4,44,1,1,1,1,1,1,91,115,
74,60,19,76,35,46,1,1,1,1,1,1,150,160,
17,7,96,100,30,84,1,1,1,1,1,1,196,138,
57,79,42,69,62,29,1,1,1,1,1,1,148,190,
67,21,64,84,56,79,1,1,1,1,1,1,163,208,
28,34,52,86,85,87,1,1,1,1,1,1,173,199,
25,50,19,49,75,69,1,1,1,1,1,1,144,143,
22,39,83,26,6,73,1,1,1,1,1,1,156,93,1
31,25,50,40,93,57,1,1,1,1,1,1,150,146,
51,95,3,5,66,10,1,1,1,1,1,1,161,69,1
44,54,81,29,66,67,1,1,1,1,1,1,148,193,
74,44,87,66,99,49,1,1,1,1,1,1,186,233,
93,84,86,7,1,59,1,1,1,1,1,1,179,151,
43,75,39,45,34,95,1,1,1,1,1,1,170,161,
87,36,100,67,53,44,1,1,1,1,1,1,187,200,
51,99,8,15,21,3,1,1,1,1,1,1,150,47,1
78,21,57,28,19,92,1,1,1,1,1,1,170,125,
87,38,10,69,39,75,1,1,1,1,1,1,162,156,
78,32,9,25,90,8,1,1,1,1,1,1,168,74,1
3,5,26,39,9,58,1,1,1,1,1,1,97,43,1
12,19,3,44,77,48,1,1,1,1,1,1,125,78,1
3,16,48,13,75,58,1,1,1,1,1,1,133,80,1
83,68,26,99,40,95,1,1,1,1,1,1,194,217,
96,4,67,15,59,80,1,1,1,1,1,1,176,145,
35,33,2,77,60,19,1,1,1,1,1,1,137,89,1
31,23,60,67,34,97,1,1,1,1,1,1,164,148,
82,41,30,1,40,12,1,1,1,1,1,1,123,83,
28,37,53,26,45,82,1,1,1,1,1,1,135,136,
28,9,86,26,73,35,1,1,1,1,1,1,159,98,1
1,29,27,44,24,47,1,1,1,1,1,1,91,81,
56,47,34,40,68,60,1,1,1,1,1,1,128,177,
34,74,98,82,69,51,1,1,1,1,1,1,180,228,
97,9,5,86,18,99,1,1,1,1,1,1,196,118,1
98,32,83,27,3,86,1,1,1,1,1,1,184,145,
1,55,15,99,41,58,1,1,1,1,1,1,157,112,
63,17,42,86,92,5,1,1,1,1,1,1,178,127,
67,12,84,79,21,96,1,1,1,1,1,1,180,179,
11,38,28,20,12,67,1,1,1,1,1,1,105,71,
23,45,86,34,64,69,1,1,1,1,1,1,155,166,
96,95,73,2,5,49,1,1,1,1,1,1,191,129,
8,11,48,25,84,56,1,1,1,1,1,1,140,92,1
66,93,54,33,18,49,1,1,1,1,1,1,159,154,
39,43,46,59,62,72,1,1,1,1,1,1,134,187,
15,24,70,2,69,68,1,1,1,1,1,1,139,109,
45,60,82,79,64,68,1,1,1,1,1,1,161,237,
61,88,100,65,90,1,1,1,1,1,1,1,190,215,
60,17,16,55,72,82,1,1,1,1,1,1,154,148,
35,80,23,88,13,58,1,1,1,1,1,1,168,129,
35,28,23,48,64,63,1,1,1,1,1,1,127,134,
93,15,26,23,44,83,1,1,1,1,1,1,176,108,1
73,55,15,59,39,61,1,1,1,1,1,1,134,168,
80,19,88,78,92,24,1,1,1,1,1,1,180,201,
26,50,13,66,100,79,1,1,1,1,1,1,179,155,
77,50,96,51,32,54,1,1,1,1,1,1,173,187,
76,14,71,63,93,84,1,1,1,1,1,1,177,224,
8,14,43,91,12,83,1,1,1,1,1,1,174,77,1
82,42,65,31,35,92,1,1,1,1,1,1,174,173,
57,87,84,36,56,64,1,1,1,1,1,1,171,213,
58,60,8,91,18,10,1,1,1,1,1,1,151,94,1
88,97,85,55,73,5,1,1,1,1,1,1,185,218,
2,41,39,14,84,55,1,1,1,1,1,1,139,96,
27,84,51,20,91,73,1,1,1,1,1,1,175,171,
49,46,26,93,5,66,1,1,1,1,1,1,159,126,
97,59,26,45,24,15,1,1,1,1,1,1,156,110,
58,14,62,67,61,59,1,1,1,1,1,1,129,192,
35,98,7,60,76,72,1,1,1,1,1,1,174,174,
93,5,25,94,89,36,1,1,1,1,1,1,187,155,
53,14,32,73,5,22,1,1,1,1,1,1,126,73,1
91,16,53,35,7,22,1,1,1,1,1,1,144,80,1
82,67,32,7,69,26,1,1,1,1,1,1,151,132,
36,85,29,53,91,95,1,1,1,1,1,1,186,203,
59,53,23,83,56,86,1,1,1,1,1,1,169,191,
74,20,33,92,24,89,1,1,1,1,1,1,181,151,
72,53,99,50,38,84,1,1,1,1,1,1,183,213,
54,49,16,77,61,56,1,1,1,1,1,1,138,175,
71,57,53,26,94,82,1,1,1,1,1,1,176,207,
77,46,73,20,14,84,1,1,1,1,1,1,161,153,
16,14,72,76,45,79,1,1,1,1,1,1,155,147,
84,89,58,61,4,53,1,1,1,1,1,1,173,176,
60,77,9,99,84,4,1,1,1,1,1,1,183,150,
10,90,7,64,82,60,1,1,1,1,1,1,172,141,
22,81,71,44,100,43,1,1,1,1,1,1,181,180,
57,65,37,24,64,19,1,1,1,1,1,1,129,137,
1,26,100,43,35,67,1,1,1,1,1,1,167,105,1
93,72,1,91,43,17,1,1,1,1,1,1,184,133,
87,54,12,39,65,44,1,1,1,1,1,1,152,149,
65,94,49,28,90,58,1,1,1,1,1,1,184,200,
36,63,9,89,7,66,1,1,1,1,1,1,155,115,
89,48,1,21,96,23,1,1,1,1,1,1,185,93,1
18,97,86,100,49,26,1,1,1,1,1,1,197,179,
77,45,48,68,73,42,1,1,1,1,1,1,150,203,
43,63,60,48,92,74,1,1,1,1,1,1,166,214,
26,8,53,83,73,95,1,1,1,1,1,1,178,160,
26,77,97,38,93,83,1,1,1,1,1,1,190,224,
21,100,41,80,47,20,1,1,1,1,1,1,180,129,
72,65,20,75,3,76,1,1,1,1,1,1,151,160,
49,6,9,95,60,58,1,1,1,1,1,1,155,122,
33,53,19,92,34,45,1,1,1,1,1,1,145,131,
94,14,65,15,91,62,1,1,1,1,1,1,185,156,
67,85,61,98,89,80,1,1,1,1,1,1,187,293,
95,47,86,88,59,72,1,1,1,1,1,1,183,264,
48,81,13,55,10,66,1,1,1,1,1,1,147,126,
49,92,59,53,12,43,1,1,1,1,1,1,151,157,
57,59,53,19,47,52,1,1,1,1,1,1,116,171,
27,14,31,6,70,58,1,1,1,1,1,1,128,78,1
68,16,31,87,15,88,1,1,1,1,1,1,175,130,
98,68,62,96,11,8,1,1,1,1,1,1,194,149,
95,40,5,16,76,100,1,1,1,1,1,1,195,137,
61,40,28,97,72,81,1,1,1,1,1,1,178,201,
68,2,4,66,60,37,1,1,1,1,1,1,134,103,
25,24,27,72,66,99,1,1,1,1,1,1,171,142,
86,28,16,49,11,93,1,1,1,1,1,1,179,104,1
37,81,32,5,24,16,1,1,1,1,1,1,118,77,1
95,73,40,61,17,56,1,1,1,1,1,1,168,174,
24,32,7,55,60,27,1,1,1,1,1,1,115,90,
41,92,37,60,32,86,1,1,1,1,1,1,178,170,
37,8,21,63,95,33,1,1,1,1,1,1,158,99,1
91,94,53,12,40,54,1,1,1,1,1,1,185,159,
91,49,83,38,47,42,1,1,1,1,1,1,174,176,
22,3,10,9,84,24,1,1,1,1,1,1,108,44,1
25,2,82,78,32,52,1,1,1,1,1,1,160,111,
11,70,27,47,17,29,1,1,1,1,1,1,117,84,
87,61,77,63,62,45,1,1,1,1,1,1,164,231,
32,38,83,53,50,29,1,1,1,1,1,1,136,149,
49,4,33,44,1,17,1,1,1,1,1,1,93,55,1
61,63,28,69,92,97,1,1,1,1,1,1,189,221,
92,48,83,38,7,76,1,1,1,1,1,1,175,169,
96,49,83,34,39,97,1,1,1,1,1,1,193,205,
50,96,4,100,34,6,1,1,1,1,1,1,196,94,1
74,23,12,1,42,22,1,1,1,1,1,1,116,58,1
78,87,74,5,90,17,1,1,1,1,1,1,177,174,
14,41,32,42,2,82,1,1,1,1,1,1,124,89,
43,74,59,29,100,94,1,1,1,1,1,1,194,205,
9,66,49,94,59,57,1,1,1,1,1,1,160,174,
49,88,98,47,45,48,1,1,1,1,1,1,186,189,
31,15,89,88,29,64,1,1,1,1,1,1,177,139,
43,3,46,45,99,16,1,1,1,1,1,1,145,107,
23,63,83,91,33,53,1,1,1,1,1,1,174,172,
15,21,67,66,84,99,1,1,1,1,1,1,183,169,
67,5,24,9,42,90,1,1,1,1,1,1,157,80,1
20,89,16,73,68,72,1,1,1,1,1,1,162,176,
49,100,79,5,71,35,1,1,1,1,1,1,179,160,
10,47,19,15,48,36,1,1,1,1,1,1,95,80,
34,51,100,48,68,1,1,1,1,1,1,1,168,134,
91,14,86,64,41,9,1,1,1,1,1,1,177,128,
100,56,34,22,32,83,1,1,1,1,1,1,183,144,
33,88,82,72,76,24,1,1,1,1,1,1,170,205,
95,4,24,22,39,17,1,1,1,1,1,1,134,67,1
34,2,72,28,65,23,1,1,1,1,1,1,137,87,1
78,96,51,22,37,85,1,1,1,1,1,1,181,188,
25,85,3,37,24,27,1,1,1,1,1,1,122,79,1
39,49,26,63,97,6,1,1,1,1,1,1,160,120,
59,42,60,35,22,54,1,1,1,1,1,1,119,153,
47,1,93,63,61,80,1,1,1,1,1,1,173,172,
26,11,79,30,96,14,1,1,1,1,1,1,175,81,1
96,4,20,24,100,17,1,1,1,1,1,1,196,65,1
66,55,89,56,76,98,1,1,1,1,1,1,187,253,
83,85,42,84,44,81,1,1,1,1,1,1,169,250,
58,48,62,41,10,50,1,1,1,1,1,1,120,149,
64,48,89,7,56,40,1,1,1,1,1,1,153,151,
81,13,79,5,44,16,1,1,1,1,1,1,160,78,1
23,91,20,67,39,1,1,1,1,1,1,1,158,83,1
32,35,4,8,91,60,1,1,1,1,1,1,151,79,1
94,19,40,71,88,34,1,1,1,1,1,1,182,164,
87,84,57,98,92,17,1,1,1,1,1,1,190,245,
19,49,14,87,8,62,1,1,1,1,1,1,149,90,1
37,44,93,98,23,53,1,1,1,1,1,1,191,157,
45,83,24,29,16,82,1,1,1,1,1,1,165,114,
32,96,97,82,52,86,1,1,1,1,1,1,193,252,
46,37,8,86,68,19,1,1,1,1,1,1,154,110,
8,81,55,89,92,4,1,1,1,1,1,1,181,148,
58,22,14,96,32,64,1,1,1,1,1,1,160,126,
83,25,7,9,42,73,1,1,1,1,1,1,156,83,1
18,90,59,40,17,72,1,1,1,1,1,1,162,134,
75,44,61,85,62,2,1,1,1,1,1,1,160,169,
38,53,9,70,22,78,1,1,1,1,1,1,148,122,
37,93,83,36,54,74,1,1,1,1,1,1,176,201,
56,48,58,93,17,55,1,1,1,1,1,1,151,176,
4,74,89,100,75,66,1,1,1,1,1,1,189,219,
50,29,93,81,54,25,1,1,1,1,1,1,174,158,
44,27,89,88,56,83,1,1,1,1,1,1,177,210,
4,88,15,49,52,91,1,1,1,1,1,1,179,120,
100,89,24,34,54,91,1,1,1,1,1,1,191,201,
10,13,22,40,81,64,1,1,1,1,1,1,145,85,1
65,36,97,75,63,41,1,1,1,1,1,1,172,205,
54,89,3,93,24,49,1,1,1,1,1,1,182,130,
31,23,8,11,35,38,1,1,1,1,1,1,73,73,
5,51,88,28,7,100,1,1,1,1,1,1,188,91,1
87,73,88,58,64,71,1,1,1,1,1,1,175,266,
65,29,72,83,21,15,1,1,1,1,1,1,155,130,
25,6,80,17,18,21,1,1,1,1,1,1,105,62,1
95,6,57,7,82,90,1,1,1,1,1,1,185,152,
59,88,17,28,70,44,1,1,1,1,1,1,158,148,
7,75,94,14,27,2,1,1,1,1,1,1,169,50,1
86,36,20,77,55,22,1,1,1,1,1,1,163,133,
34,17,35,2,94,50,1,1,1,1,1,1,144,88,1
26,94,45,96,79,52,1,1,1,1,1,1,190,202,
43,13,64,100,79,39,1,1,1,1,1,1,179,159,
89,18,58,85,60,96,1,1,1,1,1,1,185,221,
58,26,23,100,90,55,1,1,1,1,1,1,190,162,
7,23,19,13,69,70,1,1,1,1,1,1,139,62,1
79,77,91,46,39,54,1,1,1,1,1,1,170,216,
85,91,30,70,76,22,1,1,1,1,1,1,176,198,
84,41,29,30,60,6,1,1,1,1,1,1,144,106,
32,81,42,78,58,40,1,1,1,1,1,1,159,172,
33,22,77,31,21,89,1,1,1,1,1,1,166,107,1
33,51,50,67,35,66,1,1,1,1,1,1,133,169,
53,16,31,89,92,14,1,1,1,1,1,1,181,114,1
46,81,52,8,25,38,1,1,1,1,1,1,133,117,
7,39,86,58,24,100,1,1,1,1,1,1,186,128,
45,35,83,22,19,53,1,1,1,1,1,1,136,121,
58,15,60,25,23,37,1,1,1,1,1,1,118,100,
12,79,75,95,72,99,1,1,1,1,1,1,194,238,
30,24,34,58,77,18,1,1,1,1,1,1,135,106,
24,51,79,8,48,15,1,1,1,1,1,1,130,95,
20,4,42,33,27,13,1,1,1,1,1,1,75,64,
10,100,67,78,8,68,1,1,1,1,1,1,178,153,
61,96,64,12,99,76,1,1,1,1,1,1,195,213,
36,31,67,32,80,7,1,1,1,1,1,1,147,106,
69,32,82,40,67,3,1,1,1,1,1,1,151,142,
81,75,44,22,24,26,1,1,1,1,1,1,156,116,
88,63,92,62,15,94,1,1,1,1,1,1,186,228,
19,83,71,57,90,32,1,1,1,1,1,1,173,179,
5,37,2,42,80,64,1,1,1,1,1,1,144,86,1
47,61,25,94,72,56,1,1,1,1,1,1,166,189,
73,31,30,18,62,97,1,1,1,1,1,1,170,141,
66,27,14,36,79,73,1,1,1,1,1,1,152,143,
73,66,54,52,37,51,1,1,1,1,1,1,139,194,
97,70,46,92,26,44,1,1,1,1,1,1,189,186,
47,32,91,58,23,72,1,1,1,1,1,1,163,160,
6,29,50,45,56,40,1,1,1,1,1,1,106,120,
39,20,4,10,44,11,1,1,1,1,1,1,83,45,1
56,38,3,61,1,94,1,1,1,1,1,1,155,98,1
80,31,8,27,60,3,1,1,1,1,1,1,140,69,1
24,89,96,56,6,91,1,1,1,1,1,1,187,175,
26,83,95,25,48,40,1,1,1,1,1,1,178,139,
27,95,97,99,24,54,1,1,1,1,1,1,196,200,
16,85,56,46,20,62,1,1,1,1,1,1,147,138,
73,43,82,84,10,38,1,1,1,1,1,1,166,164,
53,70,14,46,87,57,1,1,1,1,1,1,157,170,
25,61,60,65,86,43,1,1,1,1,1,1,151,189,
17,62,9,6,63,70,1,1,1,1,1,1,133,94,
40,86,61,80,96,62,1,1,1,1,1,1,182,243,
31,30,13,46,65,51,1,1,1,1,1,1,116,120,
33,42,52,50,65,24,1,1,1,1,1,1,117,149,
90,5,29,46,52,55,1,1,1,1,1,1,145,132,
60,98,90,96,59,87,1,1,1,1,1,1,194,296,
35,23,92,3,84,6,1,1,1,1,1,1,176,67,1
29,93,5,6,20,64,1,1,1,1,1,1,157,60,1
23,61,17,72,94,62,1,1,1,1,1,1,166,163,
81,60,48,56,6,100,1,1,1,1,1,1,181,170,
26,52,95,64,63,99,1,1,1,1,1,1,194,205,
89,35,66,48,82,47,1,1,1,1,1,1,171,196,
84,89,20,33,19,51,1,1,1,1,1,1,173,123,
86,97,48,27,9,26,1,1,1,1,1,1,183,110,1
15,64,87,36,60,76,1,1,1,1,1,1,163,175,
90,88,15,52,80,28,1,1,1,1,1,1,178,175,
90,39,86,78,89,74,1,1,1,1,1,1,179,277,
65,6,21,73,50,68,1,1,1,1,1,1,141,142,
71,42,13,52,87,69,1,1,1,1,1,1,158,176,
5,52,78,72,55,42,1,1,1,1,1,1,150,154,
87,74,13,35,34,47,1,1,1,1,1,1,161,129,
9,26,84,81,21,25,1,1,1,1,1,1,165,81,1
92,86,36,49,37,72,1,1,1,1,1,1,178,194,
54,36,45,85,96,26,1,1,1,1,1,1,181,161,
64,70,73,63,40,74,1,1,1,1,1,1,147,237,
50,38,23,93,22,48,1,1,1,1,1,1,143,131,
49,11,31,22,32,7,1,1,1,1,1,1,81,71,
50,90,52,3,92,81,1,1,1,1,1,1,182,186,
90,54,55,33,45,79,1,1,1,1,1,1,169,187,
54,77,42,45,59,57,1,1,1,1,1,1,136,198,
5,37,67,90,72,65,1,1,1,1,1,1,162,174,
8,6,49,1,63,21,1,1,1,1,1,1,112,36,1
25,30,75,58,33,10,1,1,1,1,1,1,133,98,
54,33,95,14,72,47,1,1,1,1,1,1,167,148,
6,80,21,32,61,2,1,1,1,1,1,1,141,61,1
66,2,82,18,67,76,1,1,1,1,1,1,158,153,
47,39,46,56,61,50,1,1,1,1,1,1,117,182,
47,80,57,56,24,5,1,1,1,1,1,1,137,132,
43,52,89,100,55,56,1,1,1,1,1,1,189,206,
97,47,10,87,56,31,1,1,1,1,1,1,184,144,
84,80,1,18,3,7,1,1,1,1,1,1,164,29,1
75,56,83,63,20,64,1,1,1,1,1,1,158,203,
8,49,29,27,88,45,1,1,1,1,1,1,137,109,
10,88,52,55,81,65,1,1,1,1,1,1,169,182,
70,8,31,17,7,71,1,1,1,1,1,1,141,63,1
1,73,98,22,57,83,1,1,1,1,1,1,181,153,
93,74,97,96,41,77,1,1,1,1,1,1,193,285,
55,62,25,9,7,8,1,1,1,1,1,1,117,49,1
22,15,29,62,70,84,1,1,1,1,1,1,154,128,
19,96,53,79,98,77,1,1,1,1,1,1,194,228,
65,67,42,68,35,84,1,1,1,1,1,1,152,209,
35,29,57,93,19,3,1,1,1,1,1,1,150,86,1
70,28,41,66,54,10,1,1,1,1,1,1,136,133,
29,54,8,52,27,40,1,1,1,1,1,1,106,104,
58,19,90,26,97,91,1,1,1,1,1,1,188,193,
73,96,11,80,63,59,1,1,1,1,1,1,176,206,
35,16,31,21,62,75,1,1,1,1,1,1,137,103,
34,1,60,23,51,38,1,1,1,1,1,1,111,96,
64,9,58,42,31,83,1,1,1,1,1,1,147,140,
64,8,33,45,69,16,1,1,1,1,1,1,133,102,
96,45,86,29,30,5,1,1,1,1,1,1,182,109,1
15,14,16,9,28,79,1,1,1,1,1,1,107,54,1
86,8,39,63,48,55,1,1,1,1,1,1,149,150,
78,66,87,64,95,17,1,1,1,1,1,1,182,225,
52,66,23,70,99,81,1,1,1,1,1,1,180,211,
17,89,21,77,24,16,1,1,1,1,1,1,166,78,1
79,40,46,45,64,24,1,1,1,1,1,1,143,155,
49,73,61,62,40,34,1,1,1,1,1,1,135,184,
91,69,99,57,77,34,1,1,1,1,1,1,190,237,
46,37,36,98,78,41,1,1,1,1,1,1,176,160,
83,36,71,43,55,30,1,1,1,1,1,1,154,164,
78,41,48,10,28,99,1,1,1,1,1,1,177,127,
30,2,71,9,67,64,1,1,1,1,1,1,138,105,
93,24,98,44,35,39,1,1,1,1,1,1,191,142,
51,17,61,32,1,22,1,1,1,1,1,1,112,72,1
11,8,86,91,52,65,1,1,1,1,1,1,177,136,
33,37,44,5,82,78,1,1,1,1,1,1,160,119,
80,61,46,67,21,74,1,1,1,1,1,1,154,195,
53,5,72,67,60,43,1,1,1,1,1,1,139,161,
60,47,42,49,32,58,1,1,1,1,1,1,118,170,
13,72,88,20,25,64,1,1,1,1,1,1,160,122,
97,72,28,95,51,88,1,1,1,1,1,1,192,239,
83,98,23,50,11,91,1,1,1,1,1,1,189,167,
51,35,4,14,26,50,1,1,1,1,1,1,101,79,
32,2,41,96,53,14,1,1,1,1,1,1,149,89,1
4,44,1,53,92,24,1,1,1,1,1,1,145,73,1
49,29,47,72,54,78,1,1,1,1,1,1,150,179,
40,20,91,92,80,39,1,1,1,1,1,1,183,179,
79,37,61,42,69,46,1,1,1,1,1,1,148,186,
83,77,32,39,28,45,1,1,1,1,1,1,160,144,
34,19,82,58,67,21,1,1,1,1,1,1,149,132,
73,54,3,21,87,97,1,1,1,1,1,1,184,151,
44,70,79,81,2,63,1,1,1,1,1,1,160,179,
95,76,70,51,80,15,1,1,1,1,1,1,175,212,
41,1,48,52,25,69,1,1,1,1,1,1,121,115,
86,29,11,35,78,85,1,1,1,1,1,1,171,153,
79,24,25,44,12,81,1,1,1,1,1,1,160,105,1
76,79,64,11,6,40,1,1,1,1,1,1,155,121,
70,95,68,66,5,19,1,1,1,1,1,1,165,158,
31,22,1,43,63,13,1,1,1,1,1,1,106,67,1
9,89,100,77,44,87,1,1,1,1,1,1,189,217,
17,62,71,31,37,96,1,1,1,1,1,1,167,147,
2,88,39,40,80,31,1,1,1,1,1,1,168,112,1
63,79,42,77,54,69,1,1,1,1,1,1,156,228,
31,27,67,41,81,64,1,1,1,1,1,1,148,163,
90,54,12,40,9,6,1,1,1,1,1,1,144,67,1
55,1,2,22,96,78,1,1,1,1,1,1,174,80,1
79,66,67,92,26,27,1,1,1,1,1,1,171,186,
6,51,23,27,98,41,1,1,1,1,1,1,149,97,1
12,24,93,60,43,83,1,1,1,1,1,1,176,139,
91,76,63,34,10,13,1,1,1,1,1,1,167,120,
52,63,29,5,54,70,1,1,1,1,1,1,133,140,
19,9,69,42,41,77,1,1,1,1,1,1,146,111,
30,36,31,91,15,49,1,1,1,1,1,1,140,112,
82,86,94,65,71,38,1,1,1,1,1,1,180,256,
82,23,48,50,62,83,1,1,1,1,1,1,165,183,
83,41,39,76,40,31,1,1,1,1,1,1,159,151,
17,63,46,73,1,93,1,1,1,1,1,1,166,127,
73,35,66,96,43,52,1,1,1,1,1,1,169,196,
66,1,62,31,99,37,1,1,1,1,1,1,165,131,
78,13,28,30,33,80,1,1,1,1,1,1,158,104,1
4,69,83,36,48,86,1,1,1,1,1,1,169,157,
28,8,1,10,22,86,1,1,1,1,1,1,114,41,1
82,85,31,37,2,43,1,1,1,1,1,1,167,113,
72,99,85,77,25,43,1,1,1,1,1,1,184,217,
72,86,20,24,96,7,1,1,1,1,1,1,182,123,
91,41,19,30,98,84,1,1,1,1,1,1,189,174,
73,45,1,71,97,17,1,1,1,1,1,1,170,134,
67,57,40,29,95,79,1,1,1,1,1,1,174,193,
92,66,31,58,95,84,1,1,1,1,1,1,187,239,
88,22,93,82,94,77,1,1,1,1,1,1,187,269,
52,86,90,28,24,22,1,1,1,1,1,1,176,126,
12,25,1,54,26,96,1,1,1,1,1,1,150,64,1
12,81,24,54,86,11,1,1,1,1,1,1,167,101,1
9,89,78,42,20,93,1,1,1,1,1,1,182,149,
99,18,97,6,58,54,1,1,1,1,1,1,196,136,
57,41,13,29,11,34,1,1,1,1,1,1,98,87,
67,21,93,51,100,9,1,1,1,1,1,1,193,148,
40,81,53,72,3,97,1,1,1,1,1,1,178,168,
33,97,5,83,7,44,1,1,1,1,1,1,180,89,1
30,29,81,21,8,16,1,1,1,1,1,1,111,74,1
56,77,3,19,84,46,1,1,1,1,1,1,161,124,
58,78,80,68,40,95,1,1,1,1,1,1,175,244,
98,11,96,84,88,8,1,1,1,1,1,1,194,191,
99,42,72,76,58,13,1,1,1,1,1,1,175,185,
58,35,55,27,95,70,1,1,1,1,1,1,165,175,
100,62,31,95,91,49,1,1,1,1,1,1,195,233,
13,16,35,5,92,36,1,1,1,1,1,1,128,69,1
32,10,35,15,34,62,1,1,1,1,1,1,97,91,
75,92,51,30,78,80,1,1,1,1,1,1,172,234,
5,64,28,63,76,75,1,1,1,1,1,1,151,160,
84,46,69,22,83,1,1,1,1,1,1,1,167,138,
52,31,66,63,7,68,1,1,1,1,1,1,134,153,
5,33,95,14,100,17,1,1,1,1,1,1,195,69,1
27,42,54,38,93,85,1,1,1,1,1,1,178,161,
5,50,71,79,18,40,1,1,1,1,1,1,150,113,
40,52,72,5,15,66,1,1,1,1,1,1,138,112,
11,15,83,13,67,23,1,1,1,1,1,1,150,62,1
50,61,95,85,11,46,1,1,1,1,1,1,180,168,
71,86,100,78,24,97,1,1,1,1,1,1,197,259,
43,59,16,37,85,7,1,1,1,1,1,1,144,103,
75,95,51,24,76,5,1,1,1,1,1,1,171,155,
19,11,74,13,51,30,1,1,1,1,1,1,125,73,1
35,97,59,78,39,51,1,1,1,1,1,1,175,184,
18,45,33,51,62,17,1,1,1,1,1,1,113,113,
37,34,61,19,81,55,1,1,1,1,1,1,142,145,
79,49,75,12,30,33,1,1,1,1,1,1,154,124,
41,51,38,62,57,65,1,1,1,1,1,1,127,187,
96,40,56,2,54,35,1,1,1,1,1,1,152,131,
61,76,24,75,70,69,1,1,1,1,1,1,151,224,
42,62,61,54,49,45,1,1,1,1,1,1,123,190,
13,95,77,3,54,43,1,1,1,1,1,1,172,113,1
46,26,58,25,79,8,1,1,1,1,1,1,137,105,
45,87,88,3,54,1,1,1,1,1,1,1,175,103,1
23,27,28,92,9,57,1,1,1,1,1,1,149,87,1
42,36,25,12,85,50,1,1,1,1,1,1,135,115,
21,89,17,11,12,45,1,1,1,1,1,1,134,61,1
59,31,97,15,1,42,1,1,1,1,1,1,156,89,1
34,59,64,82,100,7,1,1,1,1,1,1,182,164,
85,42,44,69,17,11,1,1,1,1,1,1,154,114,
22,55,78,93,25,2,1,1,1,1,1,1,171,104,1
18,42,40,94,89,41,1,1,1,1,1,1,183,141,
19,82,3,81,56,65,1,1,1,1,1,1,163,143,
67,63,83,4,47,37,1,1,1,1,1,1,150,151,
98,69,18,92,38,61,1,1,1,1,1,1,190,186,
47,60,77,5,44,83,1,1,1,1,1,1,160,156,
87,83,16,26,93,85,1,1,1,1,1,1,180,210,
37,59,16,81,64,44,1,1,1,1,1,1,145,156,
78,74,25,64,13,6,1,1,1,1,1,1,152,108,
83,21,8,86,54,1,1,1,1,1,1,1,169,84,1
59,97,85,90,78,64,1,1,1,1,1,1,187,286,
76,50,70,82,51,25,1,1,1,1,1,1,158,196,
13,37,78,1,66,97,1,1,1,1,1,1,175,117,
45,88,66,2,42,26,1,1,1,1,1,1,154,115,
33,78,96,95,18,65,1,1,1,1,1,1,191,194,
35,87,9,29,30,84,1,1,1,1,1,1,171,103,1
10,25,41,27,6,35,1,1,1,1,1,1,76,68,
46,72,81,53,74,75,1,1,1,1,1,1,156,245,
17,58,37,84,98,13,1,1,1,1,1,1,182,125,
49,69,42,4,63,30,1,1,1,1,1,1,132,125,
66,43,47,34,17,76,1,1,1,1,1,1,142,141,
26,19,54,68,33,74,1,1,1,1,1,1,142,132,
25,74,40,46,36,98,1,1,1,1,1,1,172,147,
37,75,44,93,59,20,1,1,1,1,1,1,168,160,
9,14,15,73,30,84,1,1,1,1,1,1,157,68,1
81,41,79,29,67,51,1,1,1,1,1,1,160,188,
3,99,100,5,55,51,1,1,1,1,1,1,199,114,1
3,19,57,12,68,95,1,1,1,1,1,1,163,91,1
2,85,31,19,52,7,1,1,1,1,1,1,137,59,1
41,18,46,50,74,6,1,1,1,1,1,1,124,111,
46,94,61,3,44,65,1,1,1,1,1,1,159,154,
82,35,95,31,51,45,1,1,1,1,1,1,177,162,
28,6,95,87,60,53,1,1,1,1,1,1,182,147,
45,62,3,48,39,11,1,1,1,1,1,1,110,98,
36,79,95,66,57,63,1,1,1,1,1,1,174,222,
33,31,3,61,9,85,1,1,1,1,1,1,146,76,1
46,49,43,12,59,42,1,1,1,1,1,1,108,143,
10,4,89,39,67,64,1,1,1,1,1,1,156,117,
53,14,86,99,73,23,1,1,1,1,1,1,185,163,
34,31,2,78,84,67,1,1,1,1,1,1,162,134,
9,17,27,41,96,58,1,1,1,1,1,1,154,94,1
85,75,19,64,20,55,1,1,1,1,1,1,160,158,
37,36,38,2,82,80,1,1,1,1,1,1,162,113,
100,92,64,63,52,24,1,1,1,1,1,1,192,203,
86,91,41,37,5,20,1,1,1,1,1,1,177,103,1
4,5,97,6,56,35,1,1,1,1,1,1,153,50,1
73,10,25,89,55,24,1,1,1,1,1,1,162,114,
12,78,25,64,71,87,1,1,1,1,1,1,165,172,
97,37,41,55,21,82,1,1,1,1,1,1,179,154,
88,94,34,76,83,10,1,1,1,1,1,1,182,203,
3,65,86,49,77,53,1,1,1,1,1,1,163,170,
90,35,55,7,100,13,1,1,1,1,1,1,190,110,1
1,78,43,28,24,45,1,1,1,1,1,1,123,96,
56,95,8,18,50,79,1,1,1,1,1,1,174,132,
30,5,52,53,75,26,1,1,1,1,1,1,128,113,
91,22,12,31,84,4,1,1,1,1,1,1,175,69,1
5,50,74,45,90,52,1,1,1,1,1,1,164,152,
94,29,93,82,91,63,1,1,1,1,1,1,187,265,
83,95,32,73,94,67,1,1,1,1,1,1,189,255,
89,13,90,9,5,25,1,1,1,1,1,1,179,52,1
42,1,8,21,29,16,1,1,1,1,1,1,71,46,1
33,22,30,95,36,19,1,1,1,1,1,1,131,104,
81,76,92,28,16,63,1,1,1,1,1,1,173,183,
76,38,2,62,45,86,1,1,1,1,1,1,162,147,
98,84,12,49,20,87,1,1,1,1,1,1,185,165,
32,42,8,25,13,67,1,1,1,1,1,1,109,78,
61,96,53,63,67,7,1,1,1,1,1,1,163,184,
82,87,52,84,81,56,1,1,1,1,1,1,171,271,
92,13,25,94,52,68,1,1,1,1,1,1,186,158,
22,91,3,62,13,51,1,1,1,1,1,1,153,89,1
51,22,97,100,46,34,1,1,1,1,1,1,197,153,
81,24,63,14,76,98,1,1,1,1,1,1,179,177,
93,71,41,53,9,59,1,1,1,1,1,1,164,162,
90,50,14,36,80,45,1,1,1,1,1,1,170,145,
64,98,84,51,93,21,1,1,1,1,1,1,191,220,
17,11,78,58,1,34,1,1,1,1,1,1,136,63,1
15,42,54,89,61,51,1,1,1,1,1,1,150,162,
47,23,65,82,33,56,1,1,1,1,1,1,147,159,
46,24,87,91,28,70,1,1,1,1,1,1,178,168,
19,11,73,92,55,29,1,1,1,1,1,1,165,114,
59,50,16,10,92,42,1,1,1,1,1,1,151,118,
78,79,12,7,40,15,1,1,1,1,1,1,157,74,1
11,7,1,61,59,25,1,1,1,1,1,1,120,44,1
49,39,50,80,11,8,1,1,1,1,1,1,130,107,
59,30,94,12,57,5,1,1,1,1,1,1,153,104,
80,46,68,43,45,85,1,1,1,1,1,1,165,202,
47,12,7,22,1,81,1,1,1,1,1,1,128,42,1
79,61,4,78,71,33,1,1,1,1,1,1,157,169,
64,93,29,42,41,21,1,1,1,1,1,1,157,133,
82,3,97,31,21,72,1,1,1,1,1,1,179,127,
96,87,51,38,30,71,1,1,1,1,1,1,183,190,
34,65,31,46,21,78,1,1,1,1,1,1,143,132,
16,81,20,62,46,66,1,1,1,1,1,1,147,144,
68,11,30,94,89,76,1,1,1,1,1,1,183,185,
73,97,81,61,89,78,1,1,1,1,1,1,186,293,
19,39,70,69,63,35,1,1,1,1,1,1,139,156,
73,68,2,98,85,51,1,1,1,1,1,1,183,194,
11,75,82,30,1,72,1,1,1,1,1,1,157,114,
79,3,86,42,65,24,1,1,1,1,1,1,165,134,
29,52,21,12,77,99,1,1,1,1,1,1,176,114,1
32,37,27,94,82,48,1,1,1,1,1,1,176,144,
67,8,27,41,80,6,1,1,1,1,1,1,147,82,1
57,87,75,48,62,22,1,1,1,1,1,1,162,189,
5,99,48,76,12,53,1,1,1,1,1,1,175,118,
13,21,58,25,56,47,1,1,1,1,1,1,114,106,
68,100,58,45,7,61,1,1,1,1,1,1,168,171,
79,56,23,91,18,40,1,1,1,1,1,1,170,137,
37,57,49,44,4,33,1,1,1,1,1,1,106,118,
54,76,5,12,27,95,1,1,1,1,1,1,171,98,1
96,88,13,10,26,64,1,1,1,1,1,1,184,113,1
10,95,85,37,9,100,1,1,1,1,1,1,195,141,
71,40,96,19,8,62,1,1,1,1,1,1,167,129,
27,87,35,81,29,59,1,1,1,1,1,1,168,150,
14,86,83,89,31,77,1,1,1,1,1,1,175,205,
47,10,78,87,37,18,1,1,1,1,1,1,165,112,
60,77,51,28,90,46,1,1,1,1,1,1,167,185,
99,28,33,45,4,65,1,1,1,1,1,1,164,110,
8,99,50,27,10,17,1,1,1,1,1,1,149,62,1
26,51,84,25,61,57,1,1,1,1,1,1,145,159,
5,13,67,53,94,92,1,1,1,1,1,1,186,138,
13,33,16,75,18,29,1,1,1,1,1,1,108,76,
5,51,82,45,84,18,1,1,1,1,1,1,166,119,
80,57,82,97,67,39,1,1,1,1,1,1,179,243,
61,41,63,80,27,68,1,1,1,1,1,1,148,192,
19,42,2,41,38,61,1,1,1,1,1,1,103,100,
23,56,65,28,71,79,1,1,1,1,1,1,150,172,
27,30,3,59,74,77,1,1,1,1,1,1,151,119,
63,71,54,14,77,98,1,1,1,1,1,1,175,202,
59,72,70,66,8,29,1,1,1,1,1,1,142,162,
97,15,95,13,73,20,1,1,1,1,1,1,192,121,1
46,84,3,59,83,1,1,1,1,1,1,1,167,109,1
43,90,13,97,36,19,1,1,1,1,1,1,187,111,1
53,22,60,79,9,100,1,1,1,1,1,1,179,144,
59,73,99,50,97,23,1,1,1,1,1,1,196,205,
74,73,68,7,88,3,1,1,1,1,1,1,162,151,
47,83,64,52,23,48,1,1,1,1,1,1,147,170,
14,45,73,32,43,37,1,1,1,1,1,1,118,126,
29,76,80,69,70,15,1,1,1,1,1,1,156,183,
99,12,56,33,1,94,1,1,1,1,1,1,193,102,1
11,64,98,77,6,37,1,1,1,1,1,1,175,118,
5,68,27,2,92,99,1,1,1,1,1,1,191,102,1
56,59,19,70,28,21,1,1,1,1,1,1,129,124,
100,63,14,77,31,89,1,1,1,1,1,1,189,185,
88,53,43,12,47,3,1,1,1,1,1,1,141,105,
60,24,18,93,59,3,1,1,1,1,1,1,153,104,
19,65,74,47,20,10,1,1,1,1,1,1,139,96,
91,17,9,83,6,59,1,1,1,1,1,1,174,91,1
25,47,20,97,62,23,1,1,1,1,1,1,159,115,
72,92,87,20,32,62,1,1,1,1,1,1,179,186,
21,40,9,66,22,57,1,1,1,1,1,1,123,92,
29,33,87,35,90,42,1,1,1,1,1,1,177,139,
86,11,39,17,44,12,1,1,1,1,1,1,130,79,1
68,31,29,99,52,4,1,1,1,1,1,1,167,116,
6,82,41,15,43,11,1,1,1,1,1,1,125,73,1
15,39,47,54,96,26,1,1,1,1,1,1,150,127,
86,91,39,20,100,83,1,1,1,1,1,1,191,228,
28,18,27,39,47,98,1,1,1,1,1,1,145,112,
78,5,10,47,27,35,1,1,1,1,1,1,125,77,1
77,63,72,25,54,86,1,1,1,1,1,1,163,214,
27,45,42,71,26,50,1,1,1,1,1,1,121,140,
50,18,8,13,30,97,1,1,1,1,1,1,147,69,1
28,60,65,71,12,19,1,1,1,1,1,1,136,119,
25,13,72,4,54,66,1,1,1,1,1,1,138,96,
72,28,78,98,21,69,1,1,1,1,1,1,176,190,
6,67,86,94,51,75,1,1,1,1,1,1,180,199,
3,92,52,91,66,56,1,1,1,1,1,1,183,177,
73,42,40,19,38,75,1,1,1,1,1,1,148,139,
87,61,54,60,84,32,1,1,1,1,1,1,171,207,
21,80,16,52,10,12,1,1,1,1,1,1,132,59,1
7,87,11,74,29,50,1,1,1,1,1,1,161,97,1
6,58,88,92,73,81,1,1,1,1,1,1,180,218,
68,96,44,20,42,66,1,1,1,1,1,1,164,172,
27,42,100,7,44,17,1,1,1,1,1,1,144,93,1
1,3,94,78,59,50,1,1,1,1,1,1,172,113,1
17,23,68,15,87,37,1,1,1,1,1,1,155,92,1
69,28,23,72,79,18,1,1,1,1,1,1,151,138,
81,77,46,79,68,26,1,1,1,1,1,1,160,217,
57,88,77,61,18,52,1,1,1,1,1,1,165,188,
87,15,67,94,41,8,1,1,1,1,1,1,181,131,
55,13,51,58,90,45,1,1,1,1,1,1,148,164,
36,21,67,54,27,69,1,1,1,1,1,1,136,138,
68,42,34,16,57,75,1,1,1,1,1,1,143,149,
77,88,27,73,22,96,1,1,1,1,1,1,184,199,
1,100,40,92,55,47,1,1,1,1,1,1,192,143,
44,78,27,80,66,72,1,1,1,1,1,1,158,209,
36,82,74,89,76,6,1,1,1,1,1,1,171,192,
100,53,13,39,95,24,1,1,1,1,1,1,195,129,1
8,22,55,14,42,49,1,1,1,1,1,1,104,86,
75,4,36,87,38,7,1,1,1,1,1,1,162,85,1
43,82,45,5,44,79,1,1,1,1,1,1,161,137,
60,67,61,71,11,12,1,1,1,1,1,1,138,144,
88,56,21,40,22,19,1,1,1,1,1,1,144,102,
29,72,1,65,52,10,1,1,1,1,1,1,137,92,
86,78,19,36,15,69,1,1,1,1,1,1,164,139,
85,92,100,62,72,74,1,1,1,1,1,1,192,293,
9,23,8,95,18,70,1,1,1,1,1,1,165,58,1
9,66,28,52,37,18,1,1,1,1,1,1,118,92,
95,94,2,9,72,81,1,1,1,1,1,1,189,164,
10,81,87,6,41,77,1,1,1,1,1,1,168,134,
92,99,17,100,35,22,1,1,1,1,1,1,199,166,
58,98,70,97,54,31,1,1,1,1,1,1,195,213,
72,82,57,58,21,6,1,1,1,1,1,1,154,142,
58,77,72,14,52,73,1,1,1,1,1,1,150,196,
69,72,18,57,3,94,1,1,1,1,1,1,166,147,
16,60,1,11,34,35,1,1,1,1,1,1,95,62,1
8,10,18,5,47,57,1,1,1,1,1,1,104,41,1
87,50,81,71,90,29,1,1,1,1,1,1,177,231,
9,49,14,72,4,32,1,1,1,1,1,1,121,59,1
1,63,60,24,95,71,1,1,1,1,1,1,166,148,
38,4,46,22,19,49,1,1,1,1,1,1,95,83,
32,98,70,89,59,23,1,1,1,1,1,1,187,184,
98,93,79,71,22,27,1,1,1,1,1,1,191,199,
46,52,4,27,15,11,1,1,1,1,1,1,98,57,1
2,32,24,53,16,4,1,1,1,1,1,1,85,46,1
1,53,81,95,57,41,1,1,1,1,1,1,176,152,
90,27,37,93,74,97,1,1,1,1,1,1,190,228,
24,31,47,7,77,49,1,1,1,1,1,1,126,109,
47,37,83,84,41,32,1,1,1,1,1,1,167,157,
18,46,16,66,4,60,1,1,1,1,1,1,126,84,1
72,47,7,82,29,35,1,1,1,1,1,1,154,118,
68,7,61,73,66,12,1,1,1,1,1,1,141,146,
51,90,27,2,86,12,1,1,1,1,1,1,176,92,1
51,82,67,18,66,97,1,1,1,1,1,1,179,202,
51,98,47,56,22,12,1,1,1,1,1,1,154,132,
29,82,39,19,70,12,1,1,1,1,1,1,152,99,1
13,43,69,100,22,5,1,1,1,1,1,1,169,83,1
10,3,56,62,40,64,1,1,1,1,1,1,126,109,
16,31,3,39,43,78,1,1,1,1,1,1,121,89,
63,76,20,58,26,95,1,1,1,1,1,1,171,167,
5,18,87,99,23,51,1,1,1,1,1,1,186,97,1
30,73,32,53,92,45,1,1,1,1,1,1,165,160,
37,54,24,96,59,58,1,1,1,1,1,1,155,173,
62,36,64,25,49,58,1,1,1,1,1,1,126,168,
32,11,76,27,30,70,1,1,1,1,1,1,146,100,
31,53,93,79,54,75,1,1,1,1,1,1,172,213,
52,40,47,8,10,100,1,1,1,1,1,1,152,105,
93,69,40,62,26,11,1,1,1,1,1,1,162,139,
35,96,68,78,93,67,1,1,1,1,1,1,189,248,
49,33,6,78,81,93,1,1,1,1,1,1,174,166,
20,56,13,86,26,67,1,1,1,1,1,1,153,115,
68,54,42,21,84,29,1,1,1,1,1,1,152,146,
82,100,43,51,77,63,1,1,1,1,1,1,182,234,
58,21,96,92,52,5,1,1,1,1,1,1,188,136,
64,45,13,86,76,99,1,1,1,1,1,1,185,198,
10,93,61,53,89,20,1,1,1,1,1,1,182,144,
87,4,65,1,25,85,1,1,1,1,1,1,172,95,1
26,47,34,48,5,30,1,1,1,1,1,1,95,95,
32,14,92,96,69,43,1,1,1,1,1,1,188,158,
73,27,90,2,20,32,1,1,1,1,1,1,163,81,1
82,56,25,36,32,79,1,1,1,1,1,1,161,149,
8,79,67,74,37,16,1,1,1,1,1,1,153,128,
22,55,63,32,18,35,1,1,1,1,1,1,118,107,
14,99,41,3,58,87,1,1,1,1,1,1,186,116,1
9,62,32,88,81,19,1,1,1,1,1,1,169,122,
4,2,50,46,81,62,1,1,1,1,1,1,143,102,
36,62,5,76,10,69,1,1,1,1,1,1,145,113,
37,35,3,92,59,87,1,1,1,1,1,1,179,134,
68,99,49,79,14,71,1,1,1,1,1,1,178,202,
53,7,64,8,78,51,1,1,1,1,1,1,142,119,
83,21,79,57,6,17,1,1,1,1,1,1,162,101,1
43,20,78,12,100,14,1,1,1,1,1,1,178,89,1
95,45,28,16,15,35,1,1,1,1,1,1,140,94,
92,15,58,95,99,11,1,1,1,1,1,1,194,176,
27,56,80,39,19,51,1,1,1,1,1,1,136,136,
23,21,26,41,66,79,1,1,1,1,1,1,145,111,
99,88,23,2,77,54,1,1,1,1,1,1,187,156,
70,89,59,31,47,65,1,1,1,1,1,1,159,202,
47,65,81,61,20,22,1,1,1,1,1,1,146,150,
12,13,35,21,75,24,1,1,1,1,1,1,110,70,1
95,84,72,79,25,21,1,1,1,1,1,1,179,197,
83,43,67,31,84,99,1,1,1,1,1,1,183,224,
53,7,25,54,19,83,1,1,1,1,1,1,137,104,
72,96,60,82,3,5,1,1,1,1,1,1,178,140,
39,24,49,55,62,1,1,1,1,1,1,1,117,113,
2,52,14,81,84,21,1,1,1,1,1,1,165,89,1
41,14,39,7,55,10,1,1,1,1,1,1,96,70,
54,97,98,11,52,66,1,1,1,1,1,1,195,183,
28,86,34,61,4,69,1,1,1,1,1,1,155,127,
89,55,69,91,43,8,1,1,1,1,1,1,180,175,
24,57,53,6,96,100,1,1,1,1,1,1,196,140,
5,25,55,19,95,93,1,1,1,1,1,1,188,104,1
60,16,51,68,72,91,1,1,1,1,1,1,163,195,
100,66,33,69,84,6,1,1,1,1,1,1,184,174,
25,47,2,74,87,98,1,1,1,1,1,1,185,148,
84,30,49,70,18,19,1,1,1,1,1,1,154,116,
35,42,86,56,20,80,1,1,1,1,1,1,166,153,
77,82,69,5,10,44,1,1,1,1,1,1,159,128,
25,22,41,3,52,97,1,1,1,1,1,1,149,91,1
45,19,1,65,97,53,1,1,1,1,1,1,162,118,
65,7,86,48,5,17,1,1,1,1,1,1,151,77,1
11,66,57,90,23,4,1,1,1,1,1,1,156,95,1
57,17,94,93,71,24,1,1,1,1,1,1,187,169,
50,59,70,13,64,75,1,1,1,1,1,1,145,186,
28,97,81,22,96,48,1,1,1,1,1,1,193,179,
52,94,11,82,12,92,1,1,1,1,1,1,186,157,
2,7,70,59,82,90,1,1,1,1,1,1,172,138,
22,41,59,83,42,71,1,1,1,1,1,1,154,164,
22,27,23,3,14,15,1,1,1,1,1,1,50,54,
35,50,44,29,77,90,1,1,1,1,1,1,167,158,
5,4,92,86,59,32,1,1,1,1,1,1,178,100,1
37,72,74,2,18,79,1,1,1,1,1,1,153,129,
46,61,50,48,78,8,1,1,1,1,1,1,139,152,
44,84,36,68,8,71,1,1,1,1,1,1,155,156,
40,33,92,28,81,63,1,1,1,1,1,1,173,164,
69,48,47,46,18,90,1,1,1,1,1,1,159,159,
93,37,86,33,87,69,1,1,1,1,1,1,180,225,
100,44,23,89,49,55,1,1,1,1,1,1,189,171,
66,94,76,84,73,93,1,1,1,1,1,1,187,299,
36,35,52,54,93,21,1,1,1,1,1,1,147,144,
57,61,24,83,1,7,1,1,1,1,1,1,144,89,1
72,92,12,61,83,59,1,1,1,1,1,1,175,204,
57,14,61,35,12,93,1,1,1,1,1,1,154,118,
43,14,89,63,92,26,1,1,1,1,1,1,181,146,
82,55,72,76,73,94,1,1,1,1,1,1,176,276,
7,40,4,67,62,59,1,1,1,1,1,1,129,110,
52,99,11,81,27,2,1,1,1,1,1,1,180,92,1
84,5,20,28,26,48,1,1,1,1,1,1,132,79,1
55,22,75,86,87,79,1,1,1,1,1,1,173,231,
23,54,37,47,62,11,1,1,1,1,1,1,116,118,
34,67,33,91,14,7,1,1,1,1,1,1,158,88,1
48,22,29,34,93,74,1,1,1,1,1,1,167,133,
83,62,39,95,34,81,1,1,1,1,1,1,178,216,
40,45,87,36,70,16,1,1,1,1,1,1,157,137,
70,15,80,54,74,41,1,1,1,1,1,1,154,180,
83,82,73,98,54,58,1,1,1,1,1,1,181,267,
91,16,79,93,57,2,1,1,1,1,1,1,184,154,
55,21,61,5,39,47,1,1,1,1,1,1,116,112,
2,1,69,37,7,39,1,1,1,1,1,1,108,47,1
87,7,99,45,74,36,1,1,1,1,1,1,186,162,
37,27,91,80,40,78,1,1,1,1,1,1,171,182,
47,65,30,60,46,57,1,1,1,1,1,1,125,180,
58,66,89,20,3,78,1,1,1,1,1,1,167,147,
65,75,73,7,48,81,1,1,1,1,1,1,156,193,
60,72,83,100,59,27,1,1,1,1,1,1,183,218,
51,87,5,80,58,74,1,1,1,1,1,1,167,188,
91,45,54,48,4,68,1,1,1,1,1,1,159,151,
98,19,42,13,48,73,1,1,1,1,1,1,171,122,
47,11,66,94,8,24,1,1,1,1,1,1,160,90,1
28,47,56,90,67,81,1,1,1,1,1,1,171,198,
5,82,93,1,78,80,1,1,1,1,1,1,175,164,
73,27,83,88,22,26,1,1,1,1,1,1,171,148,
61,74,33,96,52,71,1,1,1,1,1,1,170,217,
35,59,48,1,47,81,1,1,1,1,1,1,140,131,
84,16,53,78,7,31,1,1,1,1,1,1,162,107,1
32,71,70,54,62,45,1,1,1,1,1,1,141,193,
16,9,7,73,5,79,1,1,1,1,1,1,152,37,1
1,72,81,5,76,2,1,1,1,1,1,1,157,80,1
28,15,27,91,53,100,1,1,1,1,1,1,191,123,1
29,44,98,4,60,54,1,1,1,1,1,1,158,131,
89,22,79,24,97,2,1,1,1,1,1,1,186,127,
82,28,33,62,41,26,1,1,1,1,1,1,144,128,
33,40,12,36,49,47,1,1,1,1,1,1,96,121,
67,35,61,44,99,24,1,1,1,1,1,1,166,164,
30,41,31,6,38,100,1,1,1,1,1,1,141,105,
78,69,18,56,12,30,1,1,1,1,1,1,147,116,
36,8,53,31,13,72,1,1,1,1,1,1,125,88,
67,74,3,39,28,19,1,1,1,1,1,1,141,89,1
90,29,21,78,13,79,1,1,1,1,1,1,169,141,
57,73,38,6,53,3,1,1,1,1,1,1,130,100,
4,28,51,2,78,95,1,1,1,1,1,1,173,85,1
10,42,92,11,26,40,1,1,1,1,1,1,134,87,1
43,6,75,81,87,59,1,1,1,1,1,1,168,183,
11,75,14,54,41,43,1,1,1,1,1,1,129,109,
51,52,41,38,5,49,1,1,1,1,1,1,103,133,
25,91,18,87,59,14,1,1,1,1,1,1,178,116,1
88,73,85,40,10,17,1,1,1,1,1,1,173,140,
21,35,4,65,93,45,1,1,1,1,1,1,158,105,1
14,96,88,79,77,97,1,1,1,1,1,1,193,258,
94,9,79,90,82,62,1,1,1,1,1,1,184,232,
31,96,38,56,76,97,1,1,1,1,1,1,193,201,
84,9,93,25,54,48,1,1,1,1,1,1,177,136,
88,2,59,42,29,8,1,1,1,1,1,1,147,81,1
27,92,85,21,53,10,1,1,1,1,1,1,177,111,1
83,42,6,17,78,71,1,1,1,1,1,1,161,136,
95,45,20,16,61,75,1,1,1,1,1,1,170,142,
19,64,40,73,31,47,1,1,1,1,1,1,137,137,
75,53,40,11,77,78,1,1,1,1,1,1,155,179,
73,85,71,77,23,31,1,1,1,1,1,1,162,198,
71,5,93,96,56,69,1,1,1,1,1,1,189,201,
69,93,84,41,53,25,1,1,1,1,1,1,177,188,
92,17,91,42,8,48,1,1,1,1,1,1,183,115,1
93,67,73,65,75,87,1,1,1,1,1,1,180,280,
75,25,97,81,98,36,1,1,1,1,1,1,195,217,
42,15,56,48,73,62,1,1,1,1,1,1,135,161,
92,9,94,91,80,12,1,1,1,1,1,1,186,192,
29,36,47,70,26,25,1,1,1,1,1,1,117,116,
82,68,54,75,45,32,1,1,1,1,1,1,157,199,
48,93,84,65,82,36,1,1,1,1,1,1,177,231,
52,87,40,78,15,12,1,1,1,1,1,1,165,119,
46,69,80,38,3,49,1,1,1,1,1,1,149,136,
20,83,5,30,4,43,1,1,1,1,1,1,126,59,1
32,5,29,27,72,1,1,1,1,1,1,1,104,62,1
99,81,34,73,33,13,1,1,1,1,1,1,180,153,
98,15,36,54,84,43,1,1,1,1,1,1,182,148,
37,68,76,74,11,91,1,1,1,1,1,1,167,190,
73,2,48,80,63,60,1,1,1,1,1,1,153,173,
66,5,61,32,12,19,1,1,1,1,1,1,127,68,1
34,9,48,14,98,90,1,1,1,1,1,1,188,105,1
40,97,93,14,83,63,1,1,1,1,1,1,190,200,
100,86,89,20,54,83,1,1,1,1,1,1,189,243,
98,87,70,75,68,78,1,1,1,1,1,1,185,291,
26,72,42,91,75,7,1,1,1,1,1,1,166,147,
6,33,31,7,62,2,1,1,1,1,1,1,95,46,1
82,21,26,94,55,27,1,1,1,1,1,1,176,129,
59,60,51,15,92,81,1,1,1,1,1,1,173,185,
24,32,48,33,34,94,1,1,1,1,1,1,142,123,
43,19,74,98,50,36,1,1,1,1,1,1,172,148,
88,10,72,70,61,18,1,1,1,1,1,1,160,159,
13,82,54,78,7,31,1,1,1,1,1,1,160,105,1
65,72,44,63,12,87,1,1,1,1,1,1,159,184,
2,99,66,56,1,89,1,1,1,1,1,1,188,125,1
82,15,94,41,87,71,1,1,1,1,1,1,181,209,
8,92,1,61,99,11,1,1,1,1,1,1,191,81,1
50,21,37,77,61,98,1,1,1,1,1,1,175,169,
62,38,80,98,40,15,1,1,1,1,1,1,178,155,
11,8,35,89,19,33,1,1,1,1,1,1,124,71,1
63,35,86,13,91,59,1,1,1,1,1,1,177,170,
2,19,27,16,25,7,1,1,1,1,1,1,52,44,
95,27,10,80,52,17,1,1,1,1,1,1,175,106,1
21,99,76,18,35,66,1,1,1,1,1,1,175,140,
54,98,17,72,52,65,1,1,1,1,1,1,170,188,
8,79,88,96,100,63,1,1,1,1,1,1,196,238,
10,73,93,85,71,2,1,1,1,1,1,1,178,156,
36,66,51,68,61,15,1,1,1,1,1,1,134,163,
75,23,99,56,79,48,1,1,1,1,1,1,178,202,
83,37,89,75,53,33,1,1,1,1,1,1,172,198,
18,80,91,79,25,39,1,1,1,1,1,1,171,161,
90,56,33,55,57,23,1,1,1,1,1,1,147,167,
79,16,4,49,81,13,1,1,1,1,1,1,160,82,1
89,21,63,15,91,55,1,1,1,1,1,1,180,154,
82,2,5,90,13,40,1,1,1,1,1,1,172,60,1
60,11,74,100,32,48,1,1,1,1,1,1,174,151,
77,86,94,92,58,48,1,1,1,1,1,1,186,269,
44,59,98,18,96,95,1,1,1,1,1,1,194,216,
84,31,59,63,15,38,1,1,1,1,1,1,147,143,
48,80,54,36,19,95,1,1,1,1,1,1,175,157,
82,30,76,33,98,53,1,1,1,1,1,1,180,192,
64,23,31,93,78,95,1,1,1,1,1,1,188,196,
14,50,25,11,37,33,1,1,1,1,1,1,87,83,
37,16,9,41,75,7,1,1,1,1,1,1,116,69,1
23,49,18,16,1,4,1,1,1,1,1,1,72,39,1
93,53,62,71,55,31,1,1,1,1,1,1,164,201,
70,76,91,59,85,49,1,1,1,1,1,1,176,254,
37,18,35,56,1,17,1,1,1,1,1,1,93,71,
33,78,64,37,75,59,1,1,1,1,1,1,153,193,
69,91,39,59,19,7,1,1,1,1,1,1,160,124,
20,7,80,29,64,6,1,1,1,1,1,1,144,62,1
58,9,36,33,26,3,1,1,1,1,1,1,94,71,
65,64,26,81,90,7,1,1,1,1,1,1,171,162,
50,53,94,81,5,32,1,1,1,1,1,1,175,140,
8,44,98,55,3,77,1,1,1,1,1,1,175,110,1
36,90,21,14,40,55,1,1,1,1,1,1,145,111,
59,27,82,81,26,29,1,1,1,1,1,1,163,141,
15,5,28,85,95,97,1,1,1,1,1,1,192,133,
39,70,27,38,37,5,1,1,1,1,1,1,109,107,
10,48,7,39,61,76,1,1,1,1,1,1,137,104,
59,95,91,10,38,86,1,1,1,1,1,1,186,193,
65,33,60,21,63,51,1,1,1,1,1,1,128,165,
43,81,97,27,12,14,1,1,1,1,1,1,178,96,1
44,82,11,23,50,55,1,1,1,1,1,1,137,128,
65,70,26,91,96,3,1,1,1,1,1,1,187,164,
10,42,16,43,83,31,1,1,1,1,1,1,126,99,
36,45,60,67,37,57,1,1,1,1,1,1,127,175,
36,35,63,24,17,94,1,1,1,1,1,1,157,112,
74,67,14,83,21,25,1,1,1,1,1,1,157,127,
91,5,99,18,73,97,1,1,1,1,1,1,196,187,
80,15,86,10,43,79,1,1,1,1,1,1,166,147,
67,18,58,82,47,63,1,1,1,1,1,1,149,186,
16,80,79,49,84,58,1,1,1,1,1,1,164,202,
31,78,18,4,77,89,1,1,1,1,1,1,167,130,
34,60,93,36,52,14,1,1,1,1,1,1,153,136,
35,36,59,26,30,45,1,1,1,1,1,1,104,127,
14,80,9,59,49,66,1,1,1,1,1,1,146,131,
37,92,22,1,36,77,1,1,1,1,1,1,169,96,1
10,97,96,53,83,9,1,1,1,1,1,1,193,155,
39,26,56,80,71,92,1,1,1,1,1,1,172,192,
4,75,27,41,33,21,1,1,1,1,1,1,116,85,
4,10,61,44,33,20,1,1,1,1,1,1,105,67,1
76,61,79,72,4,20,1,1,1,1,1,1,155,157,
66,26,16,37,63,15,1,1,1,1,1,1,129,94,
61,66,93,23,69,37,1,1,1,1,1,1,162,187,
54,16,48,33,8,81,1,1,1,1,1,1,135,105,
4,65,98,37,35,24,1,1,1,1,1,1,163,100,1
44,12,5,41,61,93,1,1,1,1,1,1,154,102,1
16,22,54,78,64,77,1,1,1,1,1,1,155,156,
95,58,35,43,48,53,1,1,1,1,1,1,153,179,
77,21,1,55,6,96,1,1,1,1,1,1,173,83,1
15,56,75,33,57,32,1,1,1,1,1,1,132,136,
22,66,10,87,74,79,1,1,1,1,1,1,166,172,
30,76,32,49,66,13,1,1,1,1,1,1,142,124,
82,75,62,61,96,86,1,1,1,1,1,1,182,280,
54,69,28,51,81,3,1,1,1,1,1,1,150,136,
93,42,60,75,16,72,1,1,1,1,1,1,168,190,
22,73,2,3,68,70,1,1,1,1,1,1,143,95,1
27,88,13,33,24,1,1,1,1,1,1,1,121,65,1
94,49,45,41,89,53,1,1,1,1,1,1,183,188,
70,95,23,62,92,89,1,1,1,1,1,1,187,244,
98,93,75,9,5,30,1,1,1,1,1,1,191,119,1
57,75,73,26,86,94,1,1,1,1,1,1,180,231,
44,21,76,32,98,34,1,1,1,1,1,1,174,131,
94,36,60,3,71,65,1,1,1,1,1,1,165,164,
27,40,46,62,73,47,1,1,1,1,1,1,135,160,
49,39,55,43,90,10,1,1,1,1,1,1,145,141,
8,57,93,92,42,4,1,1,1,1,1,1,185,111,1
36,94,3,77,68,88,1,1,1,1,1,1,182,184,
57,1,22,81,17,42,1,1,1,1,1,1,138,82,1
89,4,85,25,11,59,1,1,1,1,1,1,174,99,1
17,7,82,84,44,51,1,1,1,1,1,1,166,119,
99,22,38,83,49,28,1,1,1,1,1,1,182,137,
92,43,55,49,8,9,1,1,1,1,1,1,147,109,
79,90,53,48,96,50,1,1,1,1,1,1,186,230,
93,1,19,77,65,96,1,1,1,1,1,1,189,162,
7,87,35,32,20,39,1,1,1,1,1,1,126,94,
61,58,4,64,75,22,1,1,1,1,1,1,139,145,
55,77,99,4,96,39,1,1,1,1,1,1,195,175,
26,95,36,6,53,13,1,1,1,1,1,1,148,81,1
61,16,63,28,43,13,1,1,1,1,1,1,124,100,
45,79,66,88,82,98,1,1,1,1,1,1,186,272,
95,9,89,71,79,28,1,1,1,1,1,1,184,187,
18,22,7,89,100,11,1,1,1,1,1,1,189,58,1
81,57,63,21,79,25,1,1,1,1,1,1,160,166,
87,34,47,22,94,10,1,1,1,1,1,1,181,113,1
39,75,91,47,18,22,1,1,1,1,1,1,166,126,
52,10,1,32,84,31,1,1,1,1,1,1,136,74,1
92,72,91,24,21,96,1,1,1,1,1,1,188,208,
50,11,7,34,40,66,1,1,1,1,1,1,116,92,
16,15,17,33,61,11,1,1,1,1,1,1,94,59,1
6,75,71,97,9,69,1,1,1,1,1,1,172,155,
63,16,70,8,28,25,1,1,1,1,1,1,133,77,1
61,76,6,8,80,13,1,1,1,1,1,1,156,88,1
82,19,23,92,2,99,1,1,1,1,1,1,191,126,1
45,17,99,82,47,21,1,1,1,1,1,1,181,130,
32,28,37,83,36,40,1,1,1,1,1,1,123,133,
60,71,53,39,43,9,1,1,1,1,1,1,131,144,
25,88,30,39,74,66,1,1,1,1,1,1,162,160,
33,11,54,83,18,56,1,1,1,1,1,1,139,116,
84,34,89,22,44,73,1,1,1,1,1,1,173,173,
45,3,68,83,37,27,1,1,1,1,1,1,151,112,
46,31,52,72,13,35,1,1,1,1,1,1,124,125,
84,75,73,29,21,31,1,1,1,1,1,1,159,154,
94,43,48,11,50,60,1,1,1,1,1,1,154,152,
84,77,53,8,50,51,1,1,1,1,1,1,161,162,
64,28,52,30,1,43,1,1,1,1,1,1,116,102,
92,5,78,89,46,35,1,1,1,1,1,1,181,164,
67,5,95,45,20,82,1,1,1,1,1,1,177,137,
62,31,10,5,59,22,1,1,1,1,1,1,121,68,1
24,97,23,92,53,29,1,1,1,1,1,1,189,129,
42,10,64,84,12,79,1,1,1,1,1,1,163,128,
63,57,77,28,36,25,1,1,1,1,1,1,140,146,
74,42,29,62,77,35,1,1,1,1,1,1,151,168,
52,86,66,63,29,74,1,1,1,1,1,1,160,210,
56,62,80,39,32,55,1,1,1,1,1,1,142,182,
7,31,41,52,45,38,1,1,1,1,1,1,97,117,
31,65,30,49,76,98,1,1,1,1,1,1,174,175,
84,23,94,91,50,8,1,1,1,1,1,1,185,165,
76,41,13,96,86,71,1,1,1,1,1,1,182,201,
85,29,5,95,10,11,1,1,1,1,1,1,180,55,1
57,72,25,32,20,19,1,1,1,1,1,1,129,96,
85,7,31,69,34,67,1,1,1,1,1,1,154,139,
84,3,38,11,21,74,1,1,1,1,1,1,158,73,1
15,96,65,41,20,57,1,1,1,1,1,1,161,133,
35,64,24,92,15,85,1,1,1,1,1,1,177,138,
84,40,61,90,42,31,1,1,1,1,1,1,174,174,
90,73,27,36,41,80,1,1,1,1,1,1,170,177,
31,53,84,44,4,79,1,1,1,1,1,1,163,132,
91,57,97,5,13,85,1,1,1,1,1,1,188,160,
24,89,94,75,2,40,1,1,1,1,1,1,183,141,
82,15,89,6,52,50,1,1,1,1,1,1,171,123,
60,64,79,89,30,15,1,1,1,1,1,1,168,169,
6,68,76,81,55,9,1,1,1,1,1,1,157,138,
59,75,88,54,17,86,1,1,1,1,1,1,174,205,
20,13,42,36,15,31,1,1,1,1,1,1,78,79,
4,69,63,52,13,62,1,1,1,1,1,1,132,131,
100,30,96,8,92,51,1,1,1,1,1,1,196,181,
29,79,4,66,5,64,1,1,1,1,1,1,145,102,
61,74,91,67,84,5,1,1,1,1,1,1,175,207,
11,77,39,73,63,54,1,1,1,1,1,1,150,167,
96,66,85,23,43,100,1,1,1,1,1,1,196,217,
13,23,73,88,69,82,1,1,1,1,1,1,170,178,
35,21,27,98,51,46,1,1,1,1,1,1,149,129,
19,97,8,75,12,57,1,1,1,1,1,1,172,96,1
98,51,59,2,100,79,1,1,1,1,1,1,198,191,
17,18,53,41,89,73,1,1,1,1,1,1,162,129,
15,43,42,64,80,84,1,1,1,1,1,1,164,164,
64,86,96,46,27,21,1,1,1,1,1,1,182,158,
24,100,88,36,96,82,1,1,1,1,1,1,196,230,
85,62,16,89,46,10,1,1,1,1,1,1,174,134,
69,57,96,25,83,34,1,1,1,1,1,1,179,185,
45,28,46,19,12,69,1,1,1,1,1,1,115,104,
52,80,77,62,67,28,1,1,1,1,1,1,157,209,
9,30,66,63,28,75,1,1,1,1,1,1,141,130,
6,2,10,29,66,100,1,1,1,1,1,1,166,47,1
72,10,90,22,65,92,1,1,1,1,1,1,182,169,
66,39,70,9,16,11,1,1,1,1,1,1,136,75,1
3,98,12,46,19,87,1,1,1,1,1,1,185,80,1
30,67,43,86,49,95,1,1,1,1,1,1,181,189,
46,32,9,81,58,26,1,1,1,1,1,1,139,113,
29,22,10,24,5,77,1,1,1,1,1,1,106,61,1
90,76,96,26,13,73,1,1,1,1,1,1,186,188,
100,50,86,22,2,74,1,1,1,1,1,1,186,148,
83,10,76,94,87,73,1,1,1,1,1,1,181,242,
33,46,90,49,30,69,1,1,1,1,1,1,159,158,
93,63,9,57,18,95,1,1,1,1,1,1,188,147,
4,29,97,10,12,28,1,1,1,1,1,1,126,54,1
61,12,67,39,40,87,1,1,1,1,1,1,154,152,
66,17,77,74,37,70,1,1,1,1,1,1,151,190,
52,24,74,10,70,43,1,1,1,1,1,1,144,129,
70,52,87,85,76,8,1,1,1,1,1,1,172,206,
44,86,11,27,74,56,1,1,1,1,1,1,160,138,
39,25,28,80,38,47,1,1,1,1,1,1,127,130,
83,63,8,82,64,44,1,1,1,1,1,1,165,179,
79,19,95,10,62,8,1,1,1,1,1,1,174,99,1
40,61,90,78,59,19,1,1,1,1,1,1,168,179,
2,55,68,15,9,63,1,1,1,1,1,1,131,81,1
56,38,5,21,13,27,1,1,1,1,1,1,94,66,
4,78,17,9,66,18,1,1,1,1,1,1,144,48,1
80,8,17,66,27,37,1,1,1,1,1,1,146,89,1
2,69,59,96,71,78,1,1,1,1,1,1,174,201,
24,75,98,15,62,1,1,1,1,1,1,1,173,102,1
29,2,27,35,87,76,1,1,1,1,1,1,163,93,1
3,56,83,76,64,4,1,1,1,1,1,1,159,127,
31,15,54,84,49,45,1,1,1,1,1,1,138,140,
5,11,91,63,77,75,1,1,1,1,1,1,168,154,
42,36,54,20,22,83,1,1,1,1,1,1,137,120,
29,4,59,82,12,5,1,1,1,1,1,1,141,50,1
88,1,43,86,68,25,1,1,1,1,1,1,174,137,
70,12,63,3,62,17,1,1,1,1,1,1,133,94,
26,2,69,85,48,15,1,1,1,1,1,1,154,91,1
42,61,88,38,14,83,1,1,1,1,1,1,171,155,
51,63,93,13,80,44,1,1,1,1,1,1,173,171,
91,54,85,17,82,65,1,1,1,1,1,1,176,218,
34,57,17,12,87,66,1,1,1,1,1,1,153,120,
66,22,79,10,78,19,1,1,1,1,1,1,157,117,
54,17,42,95,29,70,1,1,1,1,1,1,165,142,
25,98,69,8,100,67,1,1,1,1,1,1,198,169,
16,58,66,95,39,32,1,1,1,1,1,1,161,145,
53,20,93,18,52,74,1,1,1,1,1,1,167,143,
12,67,75,1,9,47,1,1,1,1,1,1,142,69,1
73,26,2,34,77,57,1,1,1,1,1,1,150,119,
27,16,78,45,14,61,1,1,1,1,1,1,139,102,
60,1,55,15,45,98,1,1,1,1,1,1,158,116,
95,10,4,53,45,42,1,1,1,1,1,1,148,101,
18,38,34,97,35,56,1,1,1,1,1,1,153,125,
88,28,60,51,21,17,1,1,1,1,1,1,148,117,
28,20,21,32,35,51,1,1,1,1,1,1,86,101,
24,4,15,53,47,59,1,1,1,1,1,1,112,90,
10,5,7,79,32,40,1,1,1,1,1,1,119,54,1
27,89,38,64,72,37,1,1,1,1,1,1,161,166,
73,92,25,19,12,99,1,1,1,1,1,1,191,129,
89,21,74,71,35,16,1,1,1,1,1,1,163,143,
89,9,90,77,2,26,1,1,1,1,1,1,179,114,1
79,91,78,58,36,71,1,1,1,1,1,1,170,243,
38,16,47,67,52,14,1,1,1,1,1,1,119,115,
51,2,42,91,4,83,1,1,1,1,1,1,174,99,1
34,51,95,42,86,28,1,1,1,1,1,1,181,155,
22,56,40,31,65,81,1,1,1,1,1,1,146,149,
67,27,19,80,83,87,1,1,1,1,1,1,170,193,
70,64,27,69,21,22,1,1,1,1,1,1,139,134,
98,43,13,89,2,69,1,1,1,1,1,1,187,127,
82,78,49,11,51,24,1,1,1,1,1,1,160,135,
3,33,9,85,30,51,1,1,1,1,1,1,136,75,1
84,1,26,23,48,66,1,1,1,1,1,1,150,98,1
36,8,45,42,87,49,1,1,1,1,1,1,136,131,
60,46,8,77,47,79,1,1,1,1,1,1,156,161,
66,41,15,94,45,90,1,1,1,1,1,1,184,167,
26,80,87,10,37,5,1,1,1,1,1,1,167,78,1
1,21,76,49,11,38,1,1,1,1,1,1,125,71,1
92,70,50,81,72,3,1,1,1,1,1,1,173,195,
47,35,17,33,88,16,1,1,1,1,1,1,135,101,
19,37,58,39,3,84,1,1,1,1,1,1,142,98,
62,85,46,61,54,80,1,1,1,1,1,1,165,223,
5,7,88,9,57,51,1,1,1,1,1,1,145,72,1
31,13,24,57,43,81,1,1,1,1,1,1,138,111,
10,11,48,49,23,76,1,1,1,1,1,1,125,92,
66,44,54,69,88,14,1,1,1,1,1,1,157,178,
46,10,84,4,83,32,1,1,1,1,1,1,167,92,1
36,23,44,35,91,82,1,1,1,1,1,1,173,138,
90,39,30,50,80,31,1,1,1,1,1,1,170,150,
82,50,39,5,73,30,1,1,1,1,1,1,155,124,
34,77,11,63,9,83,1,1,1,1,1,1,160,117,
20,61,50,75,79,83,1,1,1,1,1,1,162,206,
74,56,71,30,41,8,1,1,1,1,1,1,145,135,
59,94,14,63,20,13,1,1,1,1,1,1,157,106,
82,53,33,99,14,72,1,1,1,1,1,1,181,172,
72,8,58,51,28,89,1,1,1,1,1,1,161,145,
7,5,20,17,2,42,1,1,1,1,1,1,62,31,1
91,27,82,1,41,85,1,1,1,1,1,1,176,151,
92,60,76,73,56,53,1,1,1,1,1,1,168,242,
62,4,72,80,93,48,1,1,1,1,1,1,173,186,
36,25,29,21,31,67,1,1,1,1,1,1,103,106,
1,66,61,97,50,60,1,1,1,1,1,1,163,172,
48,34,49,77,60,70,1,1,1,1,1,1,147,191,
66,94,69,43,91,55,1,1,1,1,1,1,185,233,
38,65,57,54,83,30,1,1,1,1,1,1,148,179,
26,64,74,38,68,11,1,1,1,1,1,1,142,139,
18,77,53,92,59,27,1,1,1,1,1,1,169,157,
90,13,97,95,79,25,1,1,1,1,1,1,192,207,
87,93,28,83,90,71,1,1,1,1,1,1,183,269,
55,43,86,38,23,8,1,1,1,1,1,1,141,112,
72,90,70,27,76,80,1,1,1,1,1,1,170,245,
55,52,69,35,12,38,1,1,1,1,1,1,124,137,
32,96,89,42,97,4,1,1,1,1,1,1,193,167,
44,69,99,26,20,77,1,1,1,1,1,1,176,159,
91,55,18,8,98,39,1,1,1,1,1,1,189,120,1
9,53,46,36,70,84,1,1,1,1,1,1,154,144,
42,29,20,58,75,78,1,1,1,1,1,1,153,149,
97,18,61,69,32,79,1,1,1,1,1,1,176,180,
97,23,44,52,98,70,1,1,1,1,1,1,195,189,
37,40,60,46,70,7,1,1,1,1,1,1,130,130,
82,28,22,26,84,32,1,1,1,1,1,1,166,108,1
73,17,75,52,7,74,1,1,1,1,1,1,149,149,
81,20,64,92,23,10,1,1,1,1,1,1,173,117,
2,1,3,97,80,41,1,1,1,1,1,1,177,47,1
41,52,80,63,84,43,1,1,1,1,1,1,164,199,
32,51,75,46,88,35,1,1,1,1,1,1,163,164,
98,35,28,31,87,38,1,1,1,1,1,1,185,132,
37,90,53,6,18,58,1,1,1,1,1,1,148,114,
75,37,56,98,22,31,1,1,1,1,1,1,173,146,
93,87,51,85,15,33,1,1,1,1,1,1,180,184,
40,2,1,86,9,92,1,1,1,1,1,1,178,52,1
85,83,23,100,59,76,1,1,1,1,1,1,185,241,
38,29,66,24,34,100,1,1,1,1,1,1,166,125,
7,53,24,51,36,16,1,1,1,1,1,1,104,83,
22,9,59,89,63,86,1,1,1,1,1,1,175,153,
19,56,98,58,32,68,1,1,1,1,1,1,166,165,
53,2,73,36,46,70,1,1,1,1,1,1,143,137,
20,12,94,75,92,43,1,1,1,1,1,1,186,150,
39,60,15,88,29,47,1,1,1,1,1,1,148,130,
79,10,61,11,80,40,1,1,1,1,1,1,159,122,
37,63,49,93,11,25,1,1,1,1,1,1,156,122,
38,30,79,28,53,22,1,1,1,1,1,1,132,118,
27,75,2,93,64,88,1,1,1,1,1,1,181,168,
26,36,37,33,76,78,1,1,1,1,1,1,154,132,
3,50,94,70,55,9,1,1,1,1,1,1,164,117,
17,93,57,73,97,62,1,1,1,1,1,1,190,209,
17,11,99,52,15,57,1,1,1,1,1,1,156,95,1
88,68,47,55,75,66,1,1,1,1,1,1,163,236,
34,37,62,28,74,54,1,1,1,1,1,1,136,153,
87,6,13,63,54,98,1,1,1,1,1,1,185,136,
96,78,10,69,14,91,1,1,1,1,1,1,187,171,
98,88,56,15,68,24,1,1,1,1,1,1,186,163,
53,82,66,32,69,48,1,1,1,1,1,1,151,199,
76,96,98,10,84,30,1,1,1,1,1,1,194,200,
66,13,28,68,5,4,1,1,1,1,1,1,134,50,1
7,68,79,19,96,36,1,1,1,1,1,1,175,130,
31,87,96,15,14,92,1,1,1,1,1,1,188,147,
98,47,92,71,21,53,1,1,1,1,1,1,190,192,
87,58,68,42,3,37,1,1,1,1,1,1,155,140,
27,77,95,81,50,68,1,1,1,1,1,1,176,222,
48,53,72,89,38,92,1,1,1,1,1,1,181,211,
5,91,19,66,67,100,1,1,1,1,1,1,191,157,
41,49,9,31,29,90,1,1,1,1,1,1,139,110,
81,93,7,61,19,57,1,1,1,1,1,1,174,144,
52,55,66,69,41,82,1,1,1,1,1,1,151,214,
11,61,4,51,50,92,1,1,1,1,1,1,153,116,
53,32,38,55,72,85,1,1,1,1,1,1,157,178,
76,54,96,29,63,59,1,1,1,1,1,1,172,205,
80,86,25,73,93,66,1,1,1,1,1,1,179,244,
76,91,51,99,48,19,1,1,1,1,1,1,190,194,
93,35,30,89,36,28,1,1,1,1,1,1,182,129,
17,21,13,38,14,79,1,1,1,1,1,1,117,65,1
22,67,91,50,43,36,1,1,1,1,1,1,158,151,
59,55,92,12,34,20,1,1,1,1,1,1,151,121,
61,84,89,85,55,22,1,1,1,1,1,1,174,222,
25,91,8,58,69,77,1,1,1,1,1,1,168,160,
63,14,30,35,12,72,1,1,1,1,1,1,135,91,
99,94,44,12,65,8,1,1,1,1,1,1,193,129,
93,38,7,11,13,81,1,1,1,1,1,1,174,69,1
15,69,13,5,25,57,1,1,1,1,1,1,126,58,1
2,92,49,23,38,10,1,1,1,1,1,1,141,73,1
33,34,1,48,54,10,1,1,1,1,1,1,102,78,
34,20,84,96,93,39,1,1,1,1,1,1,189,177,
39,1,99,14,25,20,1,1,1,1,1,1,138,60,1
79,88,73,46,44,26,1,1,1,1,1,1,167,189,
7,23,49,94,57,69,1,1,1,1,1,1,163,136,
17,25,21,31,71,64,1,1,1,1,1,1,135,94,
39,19,100,93,77,10,1,1,1,1,1,1,193,145,
11,28,24,68,18,57,1,1,1,1,1,1,125,81,1
96,100,25,40,26,86,1,1,1,1,1,1,196,177,
41,13,23,21,91,33,1,1,1,1,1,1,132,90,
82,16,7,48,14,77,1,1,1,1,1,1,159,85,1
60,15,4,67,66,69,1,1,1,1,1,1,136,145,
56,26,9,19,89,79,1,1,1,1,1,1,168,110,1
67,7,17,26,98,51,1,1,1,1,1,1,165,101,1
69,32,72,78,15,93,1,1,1,1,1,1,171,188,
2,29,40,31,72,77,1,1,1,1,1,1,149,102,
40,20,28,93,80,16,1,1,1,1,1,1,173,104,1
34,40,66,99,30,70,1,1,1,1,1,1,169,170,
19,96,6,39,12,37,1,1,1,1,1,1,135,74,1
3,62,56,54,14,88,1,1,1,1,1,1,150,127,
39,32,33,30,95,54,1,1,1,1,1,1,149,134,
34,87,30,36,65,73,1,1,1,1,1,1,160,165,
42,78,17,18,56,48,1,1,1,1,1,1,134,125,
76,63,74,40,29,7,1,1,1,1,1,1,150,139,
21,2,64,55,9,56,1,1,1,1,1,1,120,87,
85,70,3,46,81,14,1,1,1,1,1,1,166,133,
84,20,99,92,86,40,1,1,1,1,1,1,191,230,
55,18,39,72,79,47,1,1,1,1,1,1,151,159,
94,22,56,2,75,51,1,1,1,1,1,1,169,131,
85,82,19,22,11,41,1,1,1,1,1,1,167,93,1
90,9,67,8,41,20,1,1,1,1,1,1,157,78,1
97,83,79,55,45,57,1,1,1,1,1,1,180,236,
36,82,79,25,5,12,1,1,1,1,1,1,161,78,1
81,28,80,67,64,77,1,1,1,1,1,1,161,236,
10,68,34,31,86,89,1,1,1,1,1,1,175,143,
78,10,86,14,13,6,1,1,1,1,1,1,164,43,1
2,31,44,84,76,37,1,1,1,1,1,1,160,114,
51,91,80,49,100,53,1,1,1,1,1,1,191,233,
21,93,64,8,16,83,1,1,1,1,1,1,176,109,1
46,67,92,48,34,16,1,1,1,1,1,1,159,144,
13,15,35,58,92,7,1,1,1,1,1,1,150,70,1
88,22,73,34,5,66,1,1,1,1,1,1,161,127,
72,3,95,92,36,73,1,1,1,1,1,1,187,184,
83,33,65,53,42,73,1,1,1,1,1,1,156,193,
44,89,3,73,84,50,1,1,1,1,1,1,173,170,
32,44,66,9,42,33,1,1,1,1,1,1,110,116,
34,75,26,95,11,52,1,1,1,1,1,1,170,123,
66,16,28,40,48,54,1,1,1,1,1,1,120,132,
11,12,86,82,66,71,1,1,1,1,1,1,168,160,
75,64,19,79,72,51,1,1,1,1,1,1,154,206,
80,52,28,58,62,36,1,1,1,1,1,1,142,174,
7,3,23,5,48,95,1,1,1,1,1,1,143,38,1
38,25,3,97,55,12,1,1,1,1,1,1,152,78,1
6,79,89,61,75,18,1,1,1,1,1,1,168,160,
34,52,64,40,14,5,1,1,1,1,1,1,116,93,
23,5,81,43,91,38,1,1,1,1,1,1,172,109,1
93,59,43,51,36,30,1,1,1,1,1,1,152,160,
95,62,34,9,8,77,1,1,1,1,1,1,172,113,1
52,71,58,84,79,47,1,1,1,1,1,1,163,228,
69,39,12,100,78,42,1,1,1,1,1,1,178,162,
36,69,3,19,28,47,1,1,1,1,1,1,116,86,
86,9,38,37,87,13,1,1,1,1,1,1,173,97,1
80,100,48,98,24,8,1,1,1,1,1,1,198,160,
61,23,95,81,97,12,1,1,1,1,1,1,192,177,
46,74,78,9,38,33,1,1,1,1,1,1,152,126,
75,52,8,22,74,47,1,1,1,1,1,1,149,129,
86,61,72,47,55,83,1,1,1,1,1,1,169,235,
42,26,46,100,97,53,1,1,1,1,1,1,197,167,
37,72,56,85,35,10,1,1,1,1,1,1,157,138,
49,21,81,100,76,43,1,1,1,1,1,1,181,189,
1,74,88,4,78,63,1,1,1,1,1,1,166,142,
95,78,49,33,73,40,1,1,1,1,1,1,173,195,
90,53,43,59,49,81,1,1,1,1,1,1,171,204,
30,34,68,16,10,37,1,1,1,1,1,1,105,90,
84,78,70,77,64,36,1,1,1,1,1,1,162,247,
30,69,17,66,32,90,1,1,1,1,1,1,159,145,
100,28,3,48,14,58,1,1,1,1,1,1,158,93,1
87,32,69,15,80,65,1,1,1,1,1,1,167,181,
9,25,21,22,100,58,1,1,1,1,1,1,158,77,1
79,37,58,99,68,5,1,1,1,1,1,1,178,168,
27,25,19,23,34,53,1,1,1,1,1,1,87,94,
96,3,58,68,20,87,1,1,1,1,1,1,183,149,
28,9,76,39,16,2,1,1,1,1,1,1,115,55,1
88,51,36,90,91,1,1,1,1,1,1,1,181,176,
40,92,46,50,45,57,1,1,1,1,1,1,149,181,
12,61,91,15,99,54,1,1,1,1,1,1,190,142,
91,3,63,5,50,73,1,1,1,1,1,1,164,121,
75,7,41,17,51,65,1,1,1,1,1,1,140,116,
11,76,21,36,17,78,1,1,1,1,1,1,154,85,1
50,65,33,59,29,70,1,1,1,1,1,1,135,171,
62,68,79,98,80,21,1,1,1,1,1,1,178,230,
49,7,23,5,6,66,1,1,1,1,1,1,115,41,1
68,91,5,44,42,22,1,1,1,1,1,1,159,113,
12,40,19,100,92,67,1,1,1,1,1,1,192,138,
63,91,89,87,42,41,1,1,1,1,1,1,180,233,
50,46,70,77,63,62,1,1,1,1,1,1,147,221,
30,16,86,77,56,55,1,1,1,1,1,1,163,157,
35,33,72,100,67,73,1,1,1,1,1,1,173,207,
89,56,35,41,80,48,1,1,1,1,1,1,169,180,
55,90,17,78,24,92,1,1,1,1,1,1,182,174,
78,54,24,45,30,84,1,1,1,1,1,1,162,153,
25,94,21,50,47,75,1,1,1,1,1,1,169,143,
49,11,79,98,35,32,1,1,1,1,1,1,177,127,
48,95,25,85,30,69,1,1,1,1,1,1,180,172,
49,69,24,81,53,12,1,1,1,1,1,1,150,138,
49,27,60,73,22,93,1,1,1,1,1,1,166,158,
87,41,11,24,99,22,1,1,1,1,1,1,186,98,1
72,56,17,62,43,94,1,1,1,1,1,1,166,178,
2,82,40,54,14,57,1,1,1,1,1,1,139,110,
39,9,11,57,16,4,1,1,1,1,1,1,96,40,1
31,52,11,14,2,60,1,1,1,1,1,1,112,58,1
68,97,74,9,50,48,1,1,1,1,1,1,171,175,
51,91,34,26,23,28,1,1,1,1,1,1,142,111,
14,52,70,34,94,67,1,1,1,1,1,1,164,167,
24,17,29,43,5,9,1,1,1,1,1,1,72,55,
39,94,60,47,73,13,1,1,1,1,1,1,167,159,
32,57,66,92,36,1,1,1,1,1,1,1,158,126,
71,99,79,26,77,73,1,1,1,1,1,1,178,247,
98,47,81,91,87,36,1,1,1,1,1,1,189,251,
38,94,90,20,16,35,1,1,1,1,1,1,184,109,1
44,54,16,62,15,75,1,1,1,1,1,1,137,129,
95,31,14,74,27,71,1,1,1,1,1,1,169,143,
100,85,60,87,52,64,1,1,1,1,1,1,187,261,
77,10,54,32,4,41,1,1,1,1,1,1,131,87,1
34,4,42,94,100,26,1,1,1,1,1,1,194,106,1
15,92,45,56,41,50,1,1,1,1,1,1,148,151,
89,62,15,40,28,32,1,1,1,1,1,1,151,115,
22,52,71,81,56,15,1,1,1,1,1,1,152,145,
73,50,22,71,46,24,1,1,1,1,1,1,144,142,
11,76,66,41,1,51,1,1,1,1,1,1,142,104,
23,28,61,85,54,79,1,1,1,1,1,1,164,166,
38,85,44,93,71,90,1,1,1,1,1,1,183,238,
99,66,46,67,44,91,1,1,1,1,1,1,190,223,
74,80,59,41,76,73,1,1,1,1,1,1,156,247,
42,20,98,82,68,78,1,1,1,1,1,1,180,208,
18,76,43,2,93,78,1,1,1,1,1,1,171,139,
21,24,64,13,95,38,1,1,1,1,1,1,159,96,1
94,79,45,60,83,64,1,1,1,1,1,1,177,248,
15,16,28,30,40,10,1,1,1,1,1,1,70,69,
16,15,89,12,54,95,1,1,1,1,1,1,184,97,1
99,62,38,13,15,24,1,1,1,1,1,1,161,90,1
97,22,83,85,42,60,1,1,1,1,1,1,182,207,
94,45,28,46,66,73,1,1,1,1,1,1,167,185,
21,58,35,76,20,59,1,1,1,1,1,1,135,134,
82,70,23,24,34,28,1,1,1,1,1,1,152,109,
75,29,32,31,10,61,1,1,1,1,1,1,136,102,
34,60,19,17,75,68,1,1,1,1,1,1,143,130,
22,89,5,66,85,28,1,1,1,1,1,1,174,121,
64,49,19,5,22,59,1,1,1,1,1,1,123,95,
62,47,12,88,71,27,1,1,1,1,1,1,159,148,
36,92,90,63,75,77,1,1,1,1,1,1,182,251,
48,97,36,51,10,77,1,1,1,1,1,1,174,145,
53,100,94,39,38,18,1,1,1,1,1,1,194,148,
88,89,49,60,82,20,1,1,1,1,1,1,177,211,
16,82,5,39,81,90,1,1,1,1,1,1,172,141,
41,57,91,38,27,40,1,1,1,1,1,1,148,146,
69,39,31,27,78,25,1,1,1,1,1,1,147,122,
84,52,74,54,55,100,1,1,1,1,1,1,184,235,
76,24,57,98,64,49,1,1,1,1,1,1,174,194,
82,33,17,99,32,67,1,1,1,1,1,1,181,149,
72,35,10,31,78,23,1,1,1,1,1,1,150,99,1
59,49,36,72,4,6,1,1,1,1,1,1,131,95,
74,26,59,17,43,89,1,1,1,1,1,1,163,145,
87,99,33,73,46,13,1,1,1,1,1,1,186,165,
9,68,2,39,74,33,1,1,1,1,1,1,142,83,1
54,35,28,4,3,86,1,1,1,1,1,1,140,70,1
70,46,6,18,84,86,1,1,1,1,1,1,170,140,
25,59,8,43,63,44,1,1,1,1,1,1,122,120,
42,75,95,30,74,65,1,1,1,1,1,1,170,211,
41,30,6,93,95,26,1,1,1,1,1,1,188,103,1
14,81,10,89,96,64,1,1,1,1,1,1,185,169,
23,24,85,76,96,15,1,1,1,1,1,1,181,138,
13,28,15,60,16,27,1,1,1,1,1,1,88,71,
21,32,81,87,43,20,1,1,1,1,1,1,168,116,
60,97,85,45,22,37,1,1,1,1,1,1,182,164,
10,69,62,43,29,70,1,1,1,1,1,1,139,144,
90,46,21,75,24,79,1,1,1,1,1,1,169,166,
1,54,48,25,13,7,1,1,1,1,1,1,102,46,1
79,26,49,91,25,100,1,1,1,1,1,1,191,179,
19,13,70,92,77,80,1,1,1,1,1,1,172,179,
24,60,51,66,45,44,1,1,1,1,1,1,126,164,
96,87,2,43,32,81,1,1,1,1,1,1,183,158,
19,5,64,10,24,62,1,1,1,1,1,1,126,58,1
81,45,10,91,14,61,1,1,1,1,1,1,172,130,
94,55,1,96,37,58,1,1,1,1,1,1,190,151,
63,69,21,20,36,70,1,1,1,1,1,1,139,140,
1,79,23,21,73,94,1,1,1,1,1,1,173,118,
11,55,80,20,25,58,1,1,1,1,1,1,138,111,
27,71,93,15,3,9,1,1,1,1,1,1,164,54,1
28,55,85,17,18,38,1,1,1,1,1,1,140,101,
33,53,8,35,71,34,1,1,1,1,1,1,124,110,
39,30,23,99,9,59,1,1,1,1,1,1,158,101,1
53,49,59,71,90,89,1,1,1,1,1,1,179,232,
68,12,56,94,16,70,1,1,1,1,1,1,164,152,
98,49,17,3,9,15,1,1,1,1,1,1,147,44,1
11,91,56,84,63,51,1,1,1,1,1,1,175,181,
84,19,45,70,91,48,1,1,1,1,1,1,175,182,
20,12,66,99,7,24,1,1,1,1,1,1,165,63,1
25,32,97,49,85,63,1,1,1,1,1,1,182,169,
98,7,67,50,78,17,1,1,1,1,1,1,176,141,
66,39,42,81,16,76,1,1,1,1,1,1,157,163,
2,6,45,64,40,4,1,1,1,1,1,1,109,52,1
41,89,2,87,81,24,1,1,1,1,1,1,176,148,
49,59,3,41,34,46,1,1,1,1,1,1,108,124,
33,73,76,2,8,30,1,1,1,1,1,1,149,73,1
91,77,71,14,36,41,1,1,1,1,1,1,168,162,
86,50,18,44,34,48,1,1,1,1,1,1,136,144,
44,72,81,26,69,86,1,1,1,1,1,1,167,211,
23,32,84,34,39,2,1,1,1,1,1,1,123,91,
26,38,71,77,13,99,1,1,1,1,1,1,176,148,
10,49,89,1,43,54,1,1,1,1,1,1,143,103,
88,59,57,71,6,34,1,1,1,1,1,1,159,156,
74,83,66,69,99,19,1,1,1,1,1,1,182,228,
56,95,91,63,17,87,1,1,1,1,1,1,186,223,
29,59,73,99,57,55,1,1,1,1,1,1,172,200,
34,77,54,10,39,99,1,1,1,1,1,1,176,137,
68,59,16,65,33,92,1,1,1,1,1,1,160,173,
69,71,9,93,50,57,1,1,1,1,1,1,164,185,
81,94,46,17,76,88,1,1,1,1,1,1,182,220,
26,39,24,92,63,16,1,1,1,1,1,1,155,105,
5,12,98,16,27,29,1,1,1,1,1,1,127,60,1
71,13,1,45,62,100,1,1,1,1,1,1,171,121,
42,99,37,7,74,76,1,1,1,1,1,1,175,160,
15,26,87,100,23,63,1,1,1,1,1,1,187,127,
73,67,60,53,21,86,1,1,1,1,1,1,159,201,
30,100,38,6,94,17,1,1,1,1,1,1,194,91,1
18,99,90,93,50,86,1,1,1,1,1,1,192,244,
31,94,3,88,77,95,1,1,1,1,1,1,189,199,
55,68,22,73,42,65,1,1,1,1,1,1,141,184,
4,22,96,85,82,49,1,1,1,1,1,1,181,157,
39,77,21,4,12,64,1,1,1,1,1,1,141,76,1
33,22,68,82,32,94,1,1,1,1,1,1,176,155,
72,32,73,28,80,67,1,1,1,1,1,1,153,199,
30,54,74,69,77,92,1,1,1,1,1,1,169,227,
6,21,55,35,75,8,1,1,1,1,1,1,130,70,1
7,45,86,42,10,66,1,1,1,1,1,1,152,104,
94,58,35,64,28,76,1,1,1,1,1,1,170,185,
35,29,25,11,79,75,1,1,1,1,1,1,154,100,1
38,33,63,72,47,30,1,1,1,1,1,1,135,148,
5,49,12,84,80,53,1,1,1,1,1,1,164,119,
74,87,64,46,14,27,1,1,1,1,1,1,161,151,
94,85,92,38,28,14,1,1,1,1,1,1,186,165,
9,73,10,40,41,81,1,1,1,1,1,1,154,100,1
21,32,79,91,74,67,1,1,1,1,1,1,170,194,
68,64,51,80,69,33,1,1,1,1,1,1,149,216,
27,51,10,21,20,71,1,1,1,1,1,1,122,78,1
37,94,84,24,73,46,1,1,1,1,1,1,178,180,
43,15,85,59,45,31,1,1,1,1,1,1,144,134,
86,78,74,23,62,12,1,1,1,1,1,1,164,171,
79,49,46,42,52,70,1,1,1,1,1,1,149,189,
9,54,99,69,8,90,1,1,1,1,1,1,189,140,
72,47,85,55,11,82,1,1,1,1,1,1,167,185,
94,80,12,96,30,36,1,1,1,1,1,1,190,158,
70,60,95,21,55,13,1,1,1,1,1,1,165,149,
72,59,57,73,60,42,1,1,1,1,1,1,145,218,
64,80,89,77,59,21,1,1,1,1,1,1,169,221,
32,63,27,8,59,50,1,1,1,1,1,1,122,117,
46,49,96,16,4,28,1,1,1,1,1,1,145,94,1
33,59,46,76,5,44,1,1,1,1,1,1,135,128,
95,51,7,99,83,44,1,1,1,1,1,1,194,185,
82,78,72,17,51,68,1,1,1,1,1,1,160,208,
69,88,78,56,65,92,1,1,1,1,1,1,180,268,
12,85,65,99,24,38,1,1,1,1,1,1,184,139,
13,61,100,82,63,68,1,1,1,1,1,1,182,205,
2,88,25,82,91,39,1,1,1,1,1,1,179,148,
63,30,10,21,66,11,1,1,1,1,1,1,129,72,1
4,14,74,31,76,75,1,1,1,1,1,1,151,123,
34,39,27,89,94,12,1,1,1,1,1,1,183,112,1
57,13,82,69,6,37,1,1,1,1,1,1,151,113,
8,95,67,45,96,36,1,1,1,1,1,1,191,156,
77,38,3,54,61,79,1,1,1,1,1,1,156,156,
26,30,36,79,28,96,1,1,1,1,1,1,175,120,
92,82,11,91,9,98,1,1,1,1,1,1,190,193,
93,40,50,52,18,39,1,1,1,1,1,1,145,147,
86,58,28,72,53,23,1,1,1,1,1,1,158,162,
71,94,79,39,26,19,1,1,1,1,1,1,173,155,
17,39,46,91,58,83,1,1,1,1,1,1,174,160,
45,72,46,93,4,82,1,1,1,1,1,1,175,167,
60,22,93,72,32,14,1,1,1,1,1,1,165,128,
49,17,99,23,93,19,1,1,1,1,1,1,192,108,1
57,56,68,62,33,77,1,1,1,1,1,1,145,208,
57,28,71,76,81,12,1,1,1,1,1,1,157,168,
12,73,70,72,47,67,1,1,1,1,1,1,145,196,
36,8,11,54,87,6,1,1,1,1,1,1,141,61,1
26,67,97,39,17,13,1,1,1,1,1,1,164,95,1
73,61,52,68,34,14,1,1,1,1,1,1,141,161,
29,66,19,20,14,5,1,1,1,1,1,1,95,58,1
34,84,88,44,48,14,1,1,1,1,1,1,172,140,
62,18,73,99,14,84,1,1,1,1,1,1,183,167,
42,24,19,64,49,34,1,1,1,1,1,1,113,119,
25,81,72,41,31,33,1,1,1,1,1,1,153,130,
78,21,70,95,43,68,1,1,1,1,1,1,173,202,
20,32,10,66,16,25,1,1,1,1,1,1,98,71,
84,62,86,57,96,78,1,1,1,1,1,1,182,281,
43,80,76,56,37,51,1,1,1,1,1,1,156,187,
57,60,52,80,28,22,1,1,1,1,1,1,140,159,
100,40,65,29,20,78,1,1,1,1,1,1,178,154,
85,17,12,34,87,6,1,1,1,1,1,1,172,69,1
2,99,74,95,97,75,1,1,1,1,1,1,196,246,
20,46,78,80,98,91,1,1,1,1,1,1,189,224,
56,51,73,31,74,57,1,1,1,1,1,1,147,195,
68,32,31,100,25,57,1,1,1,1,1,1,168,145,
63,80,11,15,30,14,1,1,1,1,1,1,143,70,1
8,26,98,97,33,7,1,1,1,1,1,1,195,74,1
66,89,11,7,92,12,1,1,1,1,1,1,181,96,1
79,27,33,48,84,91,1,1,1,1,1,1,175,187,
68,64,24,3,44,39,1,1,1,1,1,1,132,110,
59,64,36,22,72,16,1,1,1,1,1,1,136,133,
95,100,29,98,77,55,1,1,1,1,1,1,198,256,
7,11,49,68,61,47,1,1,1,1,1,1,129,114,
75,27,87,67,96,24,1,1,1,1,1,1,183,193,
8,2,45,69,11,33,1,1,1,1,1,1,114,54,1
65,14,46,49,94,10,1,1,1,1,1,1,159,119,
73,35,55,8,31,94,1,1,1,1,1,1,167,129,
27,11,72,89,47,35,1,1,1,1,1,1,161,120,
36,67,1,89,57,14,1,1,1,1,1,1,156,108,
98,68,62,87,77,39,1,1,1,1,1,1,185,246,
60,81,29,99,17,59,1,1,1,1,1,1,180,165,
23,63,67,79,12,34,1,1,1,1,1,1,146,132,
1,8,29,14,71,80,1,1,1,1,1,1,151,52,1
69,40,21,29,33,9,1,1,1,1,1,1,109,92,
72,10,28,78,81,8,1,1,1,1,1,1,159,118,
52,53,51,82,31,6,1,1,1,1,1,1,135,140,
23,68,51,1,6,20,1,1,1,1,1,1,119,50,1
63,98,76,74,45,18,1,1,1,1,1,1,174,200,
22,91,5,35,25,76,1,1,1,1,1,1,167,87,1
51,12,57,23,52,58,1,1,1,1,1,1,115,138,
41,43,57,81,94,37,1,1,1,1,1,1,175,178,
96,69,7,47,88,46,1,1,1,1,1,1,184,169,
68,62,57,58,70,61,1,1,1,1,1,1,138,238,
27,41,85,62,45,94,1,1,1,1,1,1,179,175,
24,53,91,56,15,32,1,1,1,1,1,1,147,124,
78,46,40,60,11,72,1,1,1,1,1,1,150,157,
40,21,3,2,94,22,1,1,1,1,1,1,134,48,1
12,58,55,73,7,98,1,1,1,1,1,1,171,132,
79,9,81,84,47,58,1,1,1,1,1,1,165,193,
9,83,58,54,36,13,1,1,1,1,1,1,141,112,
70,43,25,61,17,45,1,1,1,1,1,1,131,130,
20,91,88,25,44,73,1,1,1,1,1,1,179,162,
17,37,34,6,42,13,1,1,1,1,1,1,79,70,
82,2,45,55,43,83,1,1,1,1,1,1,165,145,
33,44,65,12,54,43,1,1,1,1,1,1,119,132,
20,90,65,25,36,10,1,1,1,1,1,1,155,91,1
80,20,26,33,91,39,1,1,1,1,1,1,171,118,
85,60,82,89,64,98,1,1,1,1,1,1,187,291,
71,5,70,11,13,82,1,1,1,1,1,1,153,99,1
50,36,7,83,62,1,1,1,1,1,1,1,145,94,1
79,96,98,44,86,12,1,1,1,1,1,1,194,221,
60,62,95,79,19,8,1,1,1,1,1,1,174,149,
94,54,37,39,47,21,1,1,1,1,1,1,148,144,
12,15,76,6,60,99,1,1,1,1,1,1,175,93,1
58,36,96,87,23,63,1,1,1,1,1,1,183,180,
11,46,81,24,72,77,1,1,1,1,1,1,158,153,
70,46,41,54,45,87,1,1,1,1,1,1,157,186,
9,18,71,76,93,94,1,1,1,1,1,1,187,174,
73,26,93,65,81,50,1,1,1,1,1,1,174,214,
21,60,10,88,12,56,1,1,1,1,1,1,148,99,
92,19,38,72,90,73,1,1,1,1,1,1,182,202,
42,93,11,80,84,45,1,1,1,1,1,1,177,178,
28,18,48,85,62,69,1,1,1,1,1,1,154,156,
91,9,35,32,43,51,1,1,1,1,1,1,142,119,
21,2,76,86,15,1,1,1,1,1,1,1,162,39,1
37,70,5,16,39,53,1,1,1,1,1,1,123,97,
92,23,35,82,44,52,1,1,1,1,1,1,174,154,
20,49,52,14,18,23,1,1,1,1,1,1,101,75,
57,13,53,5,66,26,1,1,1,1,1,1,123,97,
32,49,65,62,2,78,1,1,1,1,1,1,143,145,
43,91,89,38,55,29,1,1,1,1,1,1,180,165,
31,60,4,74,76,36,1,1,1,1,1,1,150,131,
55,66,60,56,49,69,1,1,1,1,1,1,135,220,
98,4,9,2,42,1,1,1,1,1,1,1,140,16,1
40,61,69,52,23,37,1,1,1,1,1,1,130,152,
63,66,23,74,61,15,1,1,1,1,1,1,140,162,
75,98,73,25,82,88,1,1,1,1,1,1,186,255,
64,92,67,99,36,70,1,1,1,1,1,1,191,237,
25,53,35,77,68,69,1,1,1,1,1,1,146,181,
18,5,75,54,42,89,1,1,1,1,1,1,164,119,
42,33,81,35,87,6,1,1,1,1,1,1,168,116,
99,52,2,1,12,15,1,1,1,1,1,1,151,30,1
21,70,97,76,74,16,1,1,1,1,1,1,173,181,
61,26,100,49,42,5,1,1,1,1,1,1,161,122,
92,36,17,74,52,10,1,1,1,1,1,1,166,115,
59,91,75,13,43,97,1,1,1,1,1,1,188,190,
53,21,57,70,99,88,1,1,1,1,1,1,187,201,
40,5,2,7,26,8,1,1,1,1,1,1,66,22,1
96,49,17,58,3,54,1,1,1,1,1,1,154,123,
6,81,5,98,9,62,1,1,1,1,1,1,179,82,1
13,78,85,55,84,25,1,1,1,1,1,1,169,171,
91,60,9,15,36,64,1,1,1,1,1,1,155,120,
31,71,68,29,13,43,1,1,1,1,1,1,139,116,
71,18,82,44,60,65,1,1,1,1,1,1,153,187,
21,58,6,48,40,44,1,1,1,1,1,1,106,111,
58,60,43,100,51,99,1,1,1,1,1,1,199,212,
78,68,12,49,61,44,1,1,1,1,1,1,146,166,
46,69,17,55,52,1,1,1,1,1,1,1,124,116,
11,45,7,75,6,88,1,1,1,1,1,1,163,69,1
22,28,19,20,21,9,1,1,1,1,1,1,50,69,
77,39,83,23,56,61,1,1,1,1,1,1,160,179,
97,85,99,73,11,19,1,1,1,1,1,1,196,188,
52,57,2,68,47,43,1,1,1,1,1,1,125,144,
7,63,78,89,40,66,1,1,1,1,1,1,167,176,
83,88,40,11,94,48,1,1,1,1,1,1,182,182,
33,78,93,92,70,23,1,1,1,1,1,1,185,204,
46,5,85,97,84,96,1,1,1,1,1,1,193,220,
95,53,68,4,5,37,1,1,1,1,1,1,163,99,1
97,93,66,7,5,41,1,1,1,1,1,1,190,119,1
1,100,37,34,17,19,1,1,1,1,1,1,137,71,1
50,87,51,33,90,72,1,1,1,1,1,1,177,206,
53,1,37,90,84,88,1,1,1,1,1,1,178,175,
87,20,54,72,49,56,1,1,1,1,1,1,159,179,
30,70,8,33,11,72,1,1,1,1,1,1,142,82,1
25,44,85,22,87,88,1,1,1,1,1,1,175,176,
47,100,8,98,29,46,1,1,1,1,1,1,198,130,1
51,78,43,66,49,62,1,1,1,1,1,1,144,205,
28,64,52,80,36,65,1,1,1,1,1,1,145,180,
88,5,86,26,56,13,1,1,1,1,1,1,174,100,1
85,28,26,93,46,23,1,1,1,1,1,1,178,123,
1,13,44,11,19,40,1,1,1,1,1,1,84,44,1
85,4,58,87,86,18,1,1,1,1,1,1,173,165,
31,92,72,63,50,40,1,1,1,1,1,1,164,184,
78,85,70,42,26,16,1,1,1,1,1,1,163,154,
18,68,51,28,67,69,1,1,1,1,1,1,137,164,
22,42,8,90,71,78,1,1,1,1,1,1,168,143,
94,71,41,12,85,20,1,1,1,1,1,1,179,144,
88,60,37,39,18,52,1,1,1,1,1,1,148,146,
95,51,1,93,59,38,1,1,1,1,1,1,188,149,
42,4,27,45,15,18,1,1,1,1,1,1,87,64,
9,92,28,35,96,22,1,1,1,1,1,1,188,94,1
100,98,39,21,67,30,1,1,1,1,1,1,198,157,
53,32,67,51,34,15,1,1,1,1,1,1,120,132,
62,35,65,23,7,90,1,1,1,1,1,1,155,127,
46,73,96,45,92,74,1,1,1,1,1,1,188,238,
92,73,83,23,26,31,1,1,1,1,1,1,175,153,
46,37,48,18,53,34,1,1,1,1,1,1,101,135,
45,49,19,28,27,98,1,1,1,1,1,1,147,119,
21,42,98,10,55,12,1,1,1,1,1,1,153,85,1
22,89,75,59,64,26,1,1,1,1,1,1,164,171,
65,56,15,26,17,62,1,1,1,1,1,1,127,114,
59,64,28,48,60,9,1,1,1,1,1,1,124,144,
57,29,8,33,15,22,1,1,1,1,1,1,90,74,
25,72,35,83,81,32,1,1,1,1,1,1,164,164,
65,3,91,1,44,98,1,1,1,1,1,1,189,113,1
77,62,17,80,25,16,1,1,1,1,1,1,157,120,
51,97,29,99,90,82,1,1,1,1,1,1,196,252,
85,23,10,61,13,45,1,1,1,1,1,1,146,91,1
23,39,67,4,64,6,1,1,1,1,1,1,131,72,1
46,7,51,74,37,24,1,1,1,1,1,1,125,114,
63,15,66,90,59,88,1,1,1,1,1,1,178,203,
91,66,33,15,27,52,1,1,1,1,1,1,157,127,
60,25,90,55,40,59,1,1,1,1,1,1,150,179,
19,90,24,86,58,100,1,1,1,1,1,1,190,187,
85,74,58,25,31,95,1,1,1,1,1,1,180,188,
34,63,14,47,64,6,1,1,1,1,1,1,127,101,
58,68,11,49,57,13,1,1,1,1,1,1,126,130,
38,49,48,71,41,36,1,1,1,1,1,1,120,163,
11,34,29,55,13,1,1,1,1,1,1,1,89,54,1
79,47,90,38,26,67,1,1,1,1,1,1,169,178,
96,69,22,72,82,44,1,1,1,1,1,1,178,207,
33,89,12,30,100,50,1,1,1,1,1,1,189,125,1
25,69,28,92,79,5,1,1,1,1,1,1,171,127,
68,75,8,41,14,49,1,1,1,1,1,1,143,112,
71,35,49,74,12,5,1,1,1,1,1,1,145,101,
59,41,61,27,47,7,1,1,1,1,1,1,120,122,
32,25,99,12,61,30,1,1,1,1,1,1,160,99,1
50,16,41,44,13,82,1,1,1,1,1,1,132,114,
14,59,80,17,41,100,1,1,1,1,1,1,180,131,
5,75,65,86,18,54,1,1,1,1,1,1,161,142,
99,81,31,22,20,93,1,1,1,1,1,1,192,154,
84,20,47,57,72,33,1,1,1,1,1,1,156,157,
39,93,90,38,54,44,1,1,1,1,1,1,183,175,
56,83,61,7,45,32,1,1,1,1,1,1,144,140,
28,2,66,67,34,95,1,1,1,1,1,1,162,130,
24,90,68,40,28,72,1,1,1,1,1,1,162,160,
84,76,100,18,17,25,1,1,1,1,1,1,184,136,
23,98,73,49,36,42,1,1,1,1,1,1,171,150,
85,6,82,40,3,47,1,1,1,1,1,1,167,96,1
86,58,70,77,52,26,1,1,1,1,1,1,163,206,
15,69,12,2,42,10,1,1,1,1,1,1,111,39,1
44,71,38,80,74,81,1,1,1,1,1,1,161,227,
50,39,93,3,73,48,1,1,1,1,1,1,166,140,
23,56,51,75,14,41,1,1,1,1,1,1,131,129,
100,77,4,27,85,42,1,1,1,1,1,1,185,150,
35,38,23,87,14,99,1,1,1,1,1,1,186,110,1
87,20,4,12,69,2,1,1,1,1,1,1,156,38,1
79,73,48,46,95,80,1,1,1,1,1,1,175,246,
44,37,54,96,15,16,1,1,1,1,1,1,150,112,
39,84,31,7,52,40,1,1,1,1,1,1,136,117,
16,59,21,99,26,62,1,1,1,1,1,1,161,122,
49,4,62,29,17,84,1,1,1,1,1,1,146,99,
75,73,58,76,11,17,1,1,1,1,1,1,151,159,
42,30,7,78,80,44,1,1,1,1,1,1,158,123,
35,64,41,36,85,32,1,1,1,1,1,1,149,144,
89,68,84,57,4,40,1,1,1,1,1,1,173,169,
94,51,60,77,47,36,1,1,1,1,1,1,171,194,
21,22,81,55,58,65,1,1,1,1,1,1,146,156,
82,84,83,49,73,97,1,1,1,1,1,1,181,287,
18,87,57,3,17,76,1,1,1,1,1,1,163,95,1
52,5,67,55,20,21,1,1,1,1,1,1,122,98,
69,51,24,82,66,21,1,1,1,1,1,1,151,162,
46,74,91,61,37,94,1,1,1,1,1,1,185,218,
23,86,69,3,7,98,1,1,1,1,1,1,184,102,1
92,37,3,6,83,73,1,1,1,1,1,1,175,119,
83,54,99,63,28,19,1,1,1,1,1,1,182,164,
57,63,46,2,10,56,1,1,1,1,1,1,120,114,
23,74,11,88,50,13,1,1,1,1,1,1,162,97,1
37,88,16,31,98,84,1,1,1,1,1,1,186,168,
51,44,12,91,15,84,1,1,1,1,1,1,175,122,
29,13,15,28,37,61,1,1,1,1,1,1,98,85,
6,74,94,45,14,69,1,1,1,1,1,1,168,134,
1,45,51,81,22,4,1,1,1,1,1,1,132,72,1
74,98,77,85,18,68,1,1,1,1,1,1,183,237,
74,48,65,55,93,37,1,1,1,1,1,1,167,205,
21,8,45,69,7,61,1,1,1,1,1,1,130,81,1
85,30,93,69,60,34,1,1,1,1,1,1,178,193,
58,6,25,57,88,47,1,1,1,1,1,1,146,135,
87,33,31,91,37,30,1,1,1,1,1,1,178,131,
39,9,62,13,80,88,1,1,1,1,1,1,168,123,
23,50,31,27,66,10,1,1,1,1,1,1,116,91,
1,93,71,21,74,85,1,1,1,1,1,1,178,167,
71,67,52,64,5,38,1,1,1,1,1,1,138,159,
32,34,89,22,65,92,1,1,1,1,1,1,181,153,
48,33,60,3,47,11,1,1,1,1,1,1,108,94,
54,36,14,86,24,92,1,1,1,1,1,1,178,128,
25,16,62,97,6,86,1,1,1,1,1,1,183,109,1
57,42,75,31,95,28,1,1,1,1,1,1,170,158,
73,81,48,49,50,89,1,1,1,1,1,1,170,220,
69,96,59,46,56,99,1,1,1,1,1,1,195,230,
29,80,100,28,33,21,1,1,1,1,1,1,180,111,1
65,44,61,22,3,94,1,1,1,1,1,1,159,130,
37,74,30,47,35,94,1,1,1,1,1,1,168,149,
30,3,71,45,92,17,1,1,1,1,1,1,163,95,1
61,2,12,19,11,93,1,1,1,1,1,1,154,44,1
98,7,69,59,26,67,1,1,1,1,1,1,167,159,
94,2,63,29,98,31,1,1,1,1,1,1,192,125,1
2,29,77,11,97,33,1,1,1,1,1,1,174,75,1
71,53,28,37,19,13,1,1,1,1,1,1,124,97,
12,24,41,26,36,80,1,1,1,1,1,1,121,98,
76,30,61,35,56,9,1,1,1,1,1,1,137,130,
96,97,81,79,91,28,1,1,1,1,1,1,193,279,
46,48,45,68,19,28,1,1,1,1,1,1,116,138,
20,52,63,21,30,37,1,1,1,1,1,1,115,108,
96,43,98,11,78,25,1,1,1,1,1,1,194,157,
4,55,93,28,13,76,1,1,1,1,1,1,169,100,1
45,57,95,75,18,46,1,1,1,1,1,1,170,166,
80,90,6,39,18,38,1,1,1,1,1,1,170,101,1
60,63,56,90,48,3,1,1,1,1,1,1,153,167,
8,52,6,100,2,29,1,1,1,1,1,1,152,45,1
65,72,39,3,32,6,1,1,1,1,1,1,137,80,1
60,1,86,84,92,67,1,1,1,1,1,1,178,212,
69,40,66,53,94,89,1,1,1,1,1,1,183,228,
86,17,74,61,4,55,1,1,1,1,1,1,160,137,
88,21,49,35,33,48,1,1,1,1,1,1,137,137,
5,9,57,37,1,29,1,1,1,1,1,1,94,44,1
50,22,43,81,61,41,1,1,1,1,1,1,142,156,
77,72,59,30,26,42,1,1,1,1,1,1,149,157,
32,43,18,37,33,46,1,1,1,1,1,1,89,120,
89,5,65,67,19,47,1,1,1,1,1,1,156,136,
18,99,81,44,39,59,1,1,1,1,1,1,180,160,
9,39,84,24,13,40,1,1,1,1,1,1,124,85,
17,53,26,89,83,41,1,1,1,1,1,1,172,137,
81,96,75,99,85,42,1,1,1,1,1,1,195,283,
8,76,85,80,46,38,1,1,1,1,1,1,165,168,
61,2,64,84,24,27,1,1,1,1,1,1,148,114,
12,45,69,26,19,76,1,1,1,1,1,1,145,102,
80,37,72,45,88,6,1,1,1,1,1,1,168,160,
25,83,22,61,82,60,1,1,1,1,1,1,165,168,
33,48,78,67,52,61,1,1,1,1,1,1,145,194,
23,17,1,53,54,4,1,1,1,1,1,1,107,45,1
39,13,61,59,55,35,1,1,1,1,1,1,120,142,
24,44,61,14,20,40,1,1,1,1,1,1,105,98,
21,73,79,5,7,48,1,1,1,1,1,1,152,81,1
30,59,54,82,16,1,1,1,1,1,1,1,141,101,
49,83,80,67,29,14,1,1,1,1,1,1,163,159,
88,1,82,98,35,72,1,1,1,1,1,1,186,190,
85,54,63,49,91,7,1,1,1,1,1,1,176,173,
69,13,43,80,12,61,1,1,1,1,1,1,149,129,
15,85,80,46,86,31,1,1,1,1,1,1,171,172,
7,17,57,95,33,59,1,1,1,1,1,1,154,114,
71,58,82,23,57,63,1,1,1,1,1,1,153,201,
30,71,91,74,39,61,1,1,1,1,1,1,165,201,
100,9,23,4,25,45,1,1,1,1,1,1,145,61,1
48,99,90,72,26,36,1,1,1,1,1,1,189,182,
41,58,100,49,61,73,1,1,1,1,1,1,173,209,
29,97,55,8,33,34,1,1,1,1,1,1,152,104,
98,73,18,83,96,54,1,1,1,1,1,1,194,228,
19,53,39,18,6,91,1,1,1,1,1,1,144,82,1
62,3,53,77,94,68,1,1,1,1,1,1,171,186,
65,29,19,2,22,58,1,1,1,1,1,1,123,72,1
70,99,13,55,62,54,1,1,1,1,1,1,169,184,
66,60,9,15,98,78,1,1,1,1,1,1,176,150,
37,35,41,50,30,66,1,1,1,1,1,1,116,143,
62,88,54,91,14,84,1,1,1,1,1,1,179,214,
62,73,66,93,59,35,1,1,1,1,1,1,166,222,
49,69,28,21,27,96,1,1,1,1,1,1,165,125,
86,32,40,76,55,46,1,1,1,1,1,1,162,173,
64,25,3,45,95,41,1,1,1,1,1,1,159,114,
74,41,21,28,90,89,1,1,1,1,1,1,179,164,
36,48,54,44,27,90,1,1,1,1,1,1,144,155,
61,38,28,60,95,17,1,1,1,1,1,1,156,143,
97,36,68,91,6,55,1,1,1,1,1,1,188,165,
28,4,81,93,84,60,1,1,1,1,1,1,177,173,
86,9,79,37,40,75,1,1,1,1,1,1,165,161,
98,79,84,15,88,82,1,1,1,1,1,1,186,260,
89,11,48,65,43,6,1,1,1,1,1,1,154,108,
86,88,38,16,79,42,1,1,1,1,1,1,174,175,
13,44,58,31,4,93,1,1,1,1,1,1,151,92,1
69,9,95,71,28,46,1,1,1,1,1,1,166,152,
74,59,67,42,69,8,1,1,1,1,1,1,143,176,
73,19,23,12,72,62,1,1,1,1,1,1,145,116,
63,96,11,71,49,7,1,1,1,1,1,1,167,130,
23,40,74,93,55,59,1,1,1,1,1,1,167,177,
86,24,57,52,100,77,1,1,1,1,1,1,186,210,
88,76,70,94,65,33,1,1,1,1,1,1,182,244,
52,74,19,27,37,9,1,1,1,1,1,1,126,92,
64,86,37,29,18,45,1,1,1,1,1,1,150,129,
61,97,59,73,75,55,1,1,1,1,1,1,172,248,
27,28,66,47,63,3,1,1,1,1,1,1,129,105,
40,69,2,76,20,72,1,1,1,1,1,1,148,131,
8,25,23,90,33,69,1,1,1,1,1,1,159,89,1
44,25,80,67,92,96,1,1,1,1,1,1,188,216,
16,40,80,69,83,42,1,1,1,1,1,1,163,167,
7,81,86,25,77,34,1,1,1,1,1,1,167,143,
97,54,96,28,80,100,1,1,1,1,1,1,197,258,
67,72,62,87,64,39,1,1,1,1,1,1,159,232,
4,42,62,95,65,34,1,1,1,1,1,1,160,142,
2,20,100,60,49,12,1,1,1,1,1,1,160,83,1
26,60,11,99,3,7,1,1,1,1,1,1,159,47,1
55,21,24,27,97,94,1,1,1,1,1,1,191,127,1
25,30,62,68,73,19,1,1,1,1,1,1,141,136,
28,58,44,45,95,66,1,1,1,1,1,1,161,175,
67,91,37,84,42,86,1,1,1,1,1,1,177,230,
13,95,88,11,15,33,1,1,1,1,1,1,183,72,1
41,36,96,21,65,94,1,1,1,1,1,1,190,163,
31,30,40,15,80,44,1,1,1,1,1,1,124,116,
87,14,86,53,45,8,1,1,1,1,1,1,173,120,
69,65,78,17,30,70,1,1,1,1,1,1,148,181,
80,44,64,13,15,36,1,1,1,1,1,1,144,108,
98,87,89,72,3,35,1,1,1,1,1,1,187,197,
39,27,82,32,78,40,1,1,1,1,1,1,160,138,
100,52,29,2,33,50,1,1,1,1,1,1,152,114,
26,24,95,51,56,4,1,1,1,1,1,1,151,105,
89,26,55,38,84,91,1,1,1,1,1,1,180,203,
76,67,65,40,10,72,1,1,1,1,1,1,148,182,
40,72,88,99,93,58,1,1,1,1,1,1,192,258,
71,93,75,81,59,68,1,1,1,1,1,1,174,273,
36,44,77,54,53,83,1,1,1,1,1,1,160,187,
97,79,58,99,48,7,1,1,1,1,1,1,196,192,
85,98,66,1,17,59,1,1,1,1,1,1,183,143,
28,80,44,98,52,9,1,1,1,1,1,1,178,133,
67,29,6,97,16,61,1,1,1,1,1,1,164,112,
97,59,85,5,93,44,1,1,1,1,1,1,190,193,
78,29,32,1,65,36,1,1,1,1,1,1,143,98,
51,94,58,81,34,14,1,1,1,1,1,1,175,157,
17,15,41,75,8,2,1,1,1,1,1,1,116,42,1
5,56,79,94,23,97,1,1,1,1,1,1,191,163,
84,1,25,45,56,39,1,1,1,1,1,1,140,110,
39,81,83,1,49,71,1,1,1,1,1,1,164,160,
96,26,27,73,24,44,1,1,1,1,1,1,169,121,
68,52,24,58,69,36,1,1,1,1,1,1,137,170,
47,87,36,85,77,62,1,1,1,1,1,1,172,222,
99,73,9,16,34,22,1,1,1,1,1,1,172,81,1
93,65,29,85,57,42,1,1,1,1,1,1,178,193,
52,83,18,35,3,7,1,1,1,1,1,1,135,63,1
60,6,77,62,66,73,1,1,1,1,1,1,150,194,
23,15,40,20,17,53,1,1,1,1,1,1,93,75,
62,38,19,45,18,67,1,1,1,1,1,1,129,120,
40,11,23,44,21,48,1,1,1,1,1,1,92,95,
85,24,37,72,10,86,1,1,1,1,1,1,171,143,
47,7,71,94,25,91,1,1,1,1,1,1,185,150,
19,38,85,17,78,45,1,1,1,1,1,1,163,119,
16,12,31,5,50,47,1,1,1,1,1,1,97,64,1
59,64,57,63,34,42,1,1,1,1,1,1,127,192,
91,84,68,23,60,50,1,1,1,1,1,1,175,201,
79,7,38,71,70,6,1,1,1,1,1,1,150,121,
20,3,42,75,91,52,1,1,1,1,1,1,166,117,
84,49,82,61,90,19,1,1,1,1,1,1,174,211,
30,7,66,40,44,16,1,1,1,1,1,1,110,93,
90,52,83,37,51,80,1,1,1,1,1,1,173,220,
78,68,48,51,40,60,1,1,1,1,1,1,146,199,
97,32,86,89,6,18,1,1,1,1,1,1,186,142,
96,34,8,97,37,70,1,1,1,1,1,1,193,149,
23,100,45,70,40,2,1,1,1,1,1,1,170,110,1
15,63,44,57,96,99,1,1,1,1,1,1,195,179,
54,76,7,14,43,4,1,1,1,1,1,1,130,68,1
48,69,20,8,44,95,1,1,1,1,1,1,164,120,
25,17,100,50,81,77,1,1,1,1,1,1,181,169,
32,27,3,13,86,41,1,1,1,1,1,1,127,75,1
43,1,39,10,29,51,1,1,1,1,1,1,94,79,
49,20,57,83,56,6,1,1,1,1,1,1,140,131,
41,17,76,21,61,6,1,1,1,1,1,1,137,85,1
38,58,39,36,41,9,1,1,1,1,1,1,99,122,
33,13,48,66,72,38,1,1,1,1,1,1,138,132,
84,63,71,62,73,74,1,1,1,1,1,1,158,269,
83,2,67,31,15,63,1,1,1,1,1,1,150,111,
85,40,53,49,95,1,1,1,1,1,1,1,180,143,
36,3,55,34,19,2,1,1,1,1,1,1,91,58,1
72,65,24,17,74,36,1,1,1,1,1,1,146,142,
23,25,31,41,16,83,1,1,1,1,1,1,124,95,
32,11,62,6,79,2,1,1,1,1,1,1,141,51,1
55,31,83,17,34,7,1,1,1,1,1,1,138,89,1
53,90,43,55,64,4,1,1,1,1,1,1,154,155,
96,77,39,9,65,84,1,1,1,1,1,1,180,190,
47,97,78,68,100,8,1,1,1,1,1,1,197,201,
15,9,57,8,39,72,1,1,1,1,1,1,129,71,1
60,86,95,7,58,54,1,1,1,1,1,1,181,179,
46,86,14,71,10,78,1,1,1,1,1,1,164,141,
2,27,63,25,20,9,1,1,1,1,1,1,90,56,1
52,95,19,31,18,7,1,1,1,1,1,1,147,75,1
60,34,71,26,59,91,1,1,1,1,1,1,162,179,
96,38,75,82,11,59,1,1,1,1,1,1,178,183,
70,3,18,73,69,99,1,1,1,1,1,1,172,160,
47,33,96,36,92,83,1,1,1,1,1,1,188,199,
33,28,27,39,100,68,1,1,1,1,1,1,168,127,
66,18,7,1,89,98,1,1,1,1,1,1,187,92,1
84,70,66,17,26,42,1,1,1,1,1,1,154,151,
97,22,88,64,56,58,1,1,1,1,1,1,185,200,
70,97,14,64,47,45,1,1,1,1,1,1,167,170,
80,15,35,87,41,69,1,1,1,1,1,1,167,160,
33,60,94,82,48,41,1,1,1,1,1,1,176,182,
20,32,25,14,27,92,1,1,1,1,1,1,124,86,
11,81,58,31,33,63,1,1,1,1,1,1,144,133,
61,29,65,35,75,37,1,1,1,1,1,1,140,162,
69,84,77,72,44,28,1,1,1,1,1,1,161,213,
85,8,18,22,82,36,1,1,1,1,1,1,167,84,1
86,46,73,71,92,69,1,1,1,1,1,1,178,259,
73,72,85,71,98,74,1,1,1,1,1,1,183,290,
58,73,31,13,24,63,1,1,1,1,1,1,136,126,
88,87,57,63,55,45,1,1,1,1,1,1,175,220,
17,65,85,19,44,38,1,1,1,1,1,1,150,118,
2,92,57,96,18,62,1,1,1,1,1,1,188,139,
68,40,11,16,65,81,1,1,1,1,1,1,149,132,
100,63,82,93,98,10,1,1,1,1,1,1,198,248,
18,89,11,35,50,68,1,1,1,1,1,1,157,114,
88,27,72,80,5,61,1,1,1,1,1,1,168,165,
76,59,27,74,69,99,1,1,1,1,1,1,175,229,
29,49,23,56,32,83,1,1,1,1,1,1,139,133,
18,45,24,3,50,40,1,1,1,1,1,1,95,85,
38,12,54,27,34,11,1,1,1,1,1,1,92,84,
78,86,7,47,75,36,1,1,1,1,1,1,164,165,
10,51,50,85,16,45,1,1,1,1,1,1,136,121,
7,25,66,27,6,61,1,1,1,1,1,1,127,65,1
68,38,49,59,83,48,1,1,1,1,1,1,151,194,
89,29,43,86,61,48,1,1,1,1,1,1,175,181,
5,64,92,55,19,54,1,1,1,1,1,1,156,133,
18,17,1,34,66,63,1,1,1,1,1,1,129,70,1
48,42,34,90,17,75,1,1,1,1,1,1,165,141,
31,14,85,92,50,19,1,1,1,1,1,1,177,114,1
56,96,87,48,90,25,1,1,1,1,1,1,186,216,
23,76,2,28,94,97,1,1,1,1,1,1,191,129,
67,13,65,83,24,6,1,1,1,1,1,1,150,108,
69,41,15,46,68,52,1,1,1,1,1,1,137,154,
98,58,47,95,71,75,1,1,1,1,1,1,193,251,
90,32,49,51,45,11,1,1,1,1,1,1,141,137,
51,78,62,50,69,36,1,1,1,1,1,1,147,199,
88,2,58,29,72,43,1,1,1,1,1,1,160,132,
100,48,36,32,84,19,1,1,1,1,1,1,184,135,
20,34,9,99,81,65,1,1,1,1,1,1,180,128,
52,94,40,32,10,60,1,1,1,1,1,1,154,134,
46,19,96,90,68,72,1,1,1,1,1,1,186,205,
86,31,37,22,25,12,1,1,1,1,1,1,123,90,
91,1,76,72,20,34,1,1,1,1,1,1,167,127,
72,6,94,98,28,64,1,1,1,1,1,1,192,170,
44,4,86,46,87,84,1,1,1,1,1,1,173,178,
55,11,87,99,86,24,1,1,1,1,1,1,186,176,
20,60,48,7,79,53,1,1,1,1,1,1,139,128,
60,57,64,50,12,71,1,1,1,1,1,1,135,179,
37,82,81,52,36,15,1,1,1,1,1,1,163,140,
54,42,91,57,68,7,1,1,1,1,1,1,159,160,
52,44,51,41,91,1,1,1,1,1,1,1,143,137,
28,14,16,20,11,47,1,1,1,1,1,1,75,61,
61,12,79,76,65,85,1,1,1,1,1,1,164,214,
21,52,23,18,90,16,1,1,1,1,1,1,142,78,1
41,55,60,76,42,14,1,1,1,1,1,1,136,152,
64,99,54,60,18,49,1,1,1,1,1,1,163,181,
41,97,67,94,61,48,1,1,1,1,1,1,191,217,
98,14,36,10,73,34,1,1,1,1,1,1,171,94,1
86,44,98,58,76,31,1,1,1,1,1,1,184,209,
98,71,47,56,46,4,1,1,1,1,1,1,169,153,
82,32,17,37,38,44,1,1,1,1,1,1,126,124,
20,1,74,10,34,53,1,1,1,1,1,1,127,65,1
77,34,18,72,92,95,1,1,1,1,1,1,187,201,
71,36,83,13,29,91,1,1,1,1,1,1,174,149,
6,64,12,26,78,88,1,1,1,1,1,1,166,108,1
71,83,58,26,3,18,1,1,1,1,1,1,154,105,
66,21,98,40,13,53,1,1,1,1,1,1,164,127,
35,18,34,77,28,52,1,1,1,1,1,1,129,115,
51,10,84,23,75,78,1,1,1,1,1,1,162,159,
21,78,35,58,80,30,1,1,1,1,1,1,158,144,
47,31,51,80,5,56,1,1,1,1,1,1,136,134,
25,92,63,73,64,44,1,1,1,1,1,1,165,196,
55,93,21,60,22,64,1,1,1,1,1,1,157,158,
50,14,66,95,35,46,1,1,1,1,1,1,161,145,
85,10,28,98,8,37,1,1,1,1,1,1,183,83,1
55,48,85,81,78,56,1,1,1,1,1,1,166,237,
23,56,21,44,33,17,1,1,1,1,1,1,100,94,
71,63,3,9,1,70,1,1,1,1,1,1,141,76,1
18,79,51,34,10,57,1,1,1,1,1,1,136,113,
52,67,91,57,34,41,1,1,1,1,1,1,158,184,
1,52,15,13,39,99,1,1,1,1,1,1,151,68,1
6,35,45,3,59,26,1,1,1,1,1,1,104,70,
4,72,81,55,22,75,1,1,1,1,1,1,156,153,
9,64,42,48,40,71,1,1,1,1,1,1,135,139,
42,58,55,89,64,20,1,1,1,1,1,1,153,175,
30,19,56,10,74,98,1,1,1,1,1,1,172,115,
62,73,93,13,84,34,1,1,1,1,1,1,177,182,
11,85,65,8,35,54,1,1,1,1,1,1,150,108,
80,2,61,81,45,94,1,1,1,1,1,1,175,188,
67,39,68,31,40,86,1,1,1,1,1,1,154,177,
7,67,43,89,55,19,1,1,1,1,1,1,156,124,
84,76,34,25,14,85,1,1,1,1,1,1,169,149,
50,19,38,100,71,99,1,1,1,1,1,1,199,178,
32,44,86,8,12,28,1,1,1,1,1,1,130,80,1
47,59,44,12,96,4,1,1,1,1,1,1,155,107,
90,1,87,4,68,67,1,1,1,1,1,1,177,140,
79,66,34,67,22,98,1,1,1,1,1,1,177,189,
98,86,14,5,63,93,1,1,1,1,1,1,191,168,
30,24,29,66,82,18,1,1,1,1,1,1,148,101,
81,30,89,98,88,64,1,1,1,1,1,1,187,263,
97,60,18,22,28,74,1,1,1,1,1,1,171,128,
78,3,88,54,92,75,1,1,1,1,1,1,180,210,
40,73,99,89,16,52,1,1,1,1,1,1,188,181,
21,44,14,56,62,87,1,1,1,1,1,1,149,135,
37,46,42,14,1,67,1,1,1,1,1,1,113,94,
13,81,41,21,17,49,1,1,1,1,1,1,130,92,
2,65,27,72,39,26,1,1,1,1,1,1,137,94,
56,58,27,96,69,25,1,1,1,1,1,1,165,166,
73,95,46,49,78,14,1,1,1,1,1,1,173,182,
15,33,5,48,34,74,1,1,1,1,1,1,122,87,
69,32,8,46,12,87,1,1,1,1,1,1,156,98,1
44,35,24,16,93,4,1,1,1,1,1,1,137,79,1
12,17,36,46,61,14,1,1,1,1,1,1,107,79,
74,36,85,4,59,16,1,1,1,1,1,1,159,115,
5,79,31,35,10,63,1,1,1,1,1,1,142,81,1
39,93,37,9,46,98,1,1,1,1,1,1,191,131,
23,79,48,28,56,51,1,1,1,1,1,1,135,150,
4,87,90,36,9,41,1,1,1,1,1,1,177,90,1
52,7,91,55,15,99,1,1,1,1,1,1,190,129,
62,48,40,6,91,86,1,1,1,1,1,1,177,156,
42,83,56,78,43,20,1,1,1,1,1,1,161,161,
97,10,68,74,66,64,1,1,1,1,1,1,171,208,
88,29,95,48,100,73,1,1,1,1,1,1,195,238,
19,49,34,50,57,54,1,1,1,1,1,1,111,152,
53,77,49,3,59,86,1,1,1,1,1,1,163,164,
26,43,49,85,23,67,1,1,1,1,1,1,152,141,
45,40,74,60,66,91,1,1,1,1,1,1,165,211,
64,1,5,31,7,61,1,1,1,1,1,1,125,44,1
72,32,78,75,10,3,1,1,1,1,1,1,153,117,
13,12,65,59,90,52,1,1,1,1,1,1,155,136,
61,67,76,97,100,12,1,1,1,1,1,1,197,216,
72,83,45,62,48,79,1,1,1,1,1,1,162,227,
68,37,95,63,14,69,1,1,1,1,1,1,164,182,
68,38,25,86,8,29,1,1,1,1,1,1,154,100,1
21,60,98,46,85,25,1,1,1,1,1,1,183,152,
80,39,48,33,95,1,1,1,1,1,1,1,175,121,
92,55,24,10,69,87,1,1,1,1,1,1,179,158,
22,72,31,28,40,77,1,1,1,1,1,1,149,121,
96,26,79,45,92,90,1,1,1,1,1,1,188,240,
47,37,33,69,100,6,1,1,1,1,1,1,169,123,
82,77,50,11,95,7,1,1,1,1,1,1,177,145,
98,31,39,87,100,86,1,1,1,1,1,1,198,243,
37,85,88,29,43,90,1,1,1,1,1,1,178,194,
74,51,75,28,80,76,1,1,1,1,1,1,156,228,
9,75,3,33,57,35,1,1,1,1,1,1,132,80,1
87,79,14,51,92,77,1,1,1,1,1,1,179,221,
29,5,78,7,69,67,1,1,1,1,1,1,147,108,
5,10,19,33,85,41,1,1,1,1,1,1,126,67,1
59,78,44,62,2,98,1,1,1,1,1,1,176,167,
76,47,35,25,37,63,1,1,1,1,1,1,139,144,
20,53,33,90,93,89,1,1,1,1,1,1,183,195,
51,89,62,73,12,45,1,1,1,1,1,1,162,170,
40,14,91,73,19,67,1,1,1,1,1,1,164,140,
56,46,21,39,88,31,1,1,1,1,1,1,144,137,
82,89,32,46,31,53,1,1,1,1,1,1,171,162,
76,26,70,45,71,86,1,1,1,1,1,1,162,212,
97,96,64,38,43,39,1,1,1,1,1,1,193,184,
6,64,21,34,13,32,1,1,1,1,1,1,98,72,
78,98,71,57,31,9,1,1,1,1,1,1,176,168,
25,61,95,53,15,31,1,1,1,1,1,1,156,124,
54,86,32,79,94,81,1,1,1,1,1,1,180,246,
58,67,15,47,71,66,1,1,1,1,1,1,138,186,
71,51,41,23,78,66,1,1,1,1,1,1,149,181,
51,59,87,55,50,96,1,1,1,1,1,1,183,215,
28,54,10,87,1,89,1,1,1,1,1,1,176,93,1
21,67,32,79,7,53,1,1,1,1,1,1,146,113,
75,26,56,99,49,22,1,1,1,1,1,1,174,153,
87,67,66,79,76,96,1,1,1,1,1,1,183,288,
1,85,7,81,51,60,1,1,1,1,1,1,166,119,
25,33,40,11,85,22,1,1,1,1,1,1,125,91,
75,39,95,33,24,56,1,1,1,1,1,1,170,152,
87,65,58,91,93,41,1,1,1,1,1,1,184,251,
10,34,94,47,56,9,1,1,1,1,1,1,150,100,1
35,95,43,87,100,20,1,1,1,1,1,1,195,185,
70,85,97,75,100,44,1,1,1,1,1,1,197,274,
51,100,49,70,50,26,1,1,1,1,1,1,170,176,
39,42,33,6,53,80,1,1,1,1,1,1,133,120,
4,47,7,14,41,95,1,1,1,1,1,1,142,66,1
42,22,6,26,93,46,1,1,1,1,1,1,139,96,
17,12,86,28,98,49,1,1,1,1,1,1,184,106,1
59,16,41,60,33,70,1,1,1,1,1,1,130,149,
16,34,29,13,44,60,1,1,1,1,1,1,104,92,
79,24,37,61,27,41,1,1,1,1,1,1,140,129,
79,60,68,14,73,71,1,1,1,1,1,1,152,213,
58,99,90,40,16,93,1,1,1,1,1,1,192,204,
64,34,77,50,88,26,1,1,1,1,1,1,165,174,
61,70,38,4,11,74,1,1,1,1,1,1,144,114,
55,51,69,6,13,43,1,1,1,1,1,1,124,113,
23,15,46,19,2,24,1,1,1,1,1,1,70,59,
14,52,44,37,48,94,1,1,1,1,1,1,146,143,
56,72,53,8,67,100,1,1,1,1,1,1,172,184,
42,10,56,24,73,77,1,1,1,1,1,1,150,132,
60,45,56,47,22,1,1,1,1,1,1,1,116,115,
22,25,5,24,64,87,1,1,1,1,1,1,151,76,1
9,84,60,17,14,94,1,1,1,1,1,1,178,100,1
40,14,30,19,15,52,1,1,1,1,1,1,92,78,
59,16,93,9,15,42,1,1,1,1,1,1,152,82,1
96,98,36,15,25,29,1,1,1,1,1,1,194,105,1
61,59,25,2,31,79,1,1,1,1,1,1,140,117,
6,54,42,14,79,10,1,1,1,1,1,1,133,72,1
74,73,93,36,66,2,1,1,1,1,1,1,167,177,
94,44,58,37,50,41,1,1,1,1,1,1,152,172,
95,59,63,94,26,92,1,1,1,1,1,1,189,240,
24,13,71,11,55,32,1,1,1,1,1,1,126,80,1
70,6,97,7,94,18,1,1,1,1,1,1,191,101,1
82,73,17,54,74,2,1,1,1,1,1,1,156,146,
84,5,93,96,27,57,1,1,1,1,1,1,189,173,
57,39,20,16,5,67,1,1,1,1,1,1,124,80,1
75,24,90,37,13,19,1,1,1,1,1,1,165,93,1
68,82,89,70,85,62,1,1,1,1,1,1,174,282,
68,44,72,39,10,37,1,1,1,1,1,1,140,130,
23,87,52,76,47,33,1,1,1,1,1,1,163,155,
2,12,33,4,8,85,1,1,1,1,1,1,118,26,1
30,73,1,16,23,64,1,1,1,1,1,1,137,70,1
31,93,22,70,28,96,1,1,1,1,1,1,189,151,
4,37,36,10,59,81,1,1,1,1,1,1,140,87,1
51,95,52,25,21,70,1,1,1,1,1,1,165,149,
7,98,70,96,16,100,1,1,1,1,1,1,198,189,
11,55,2,4,26,74,1,1,1,1,1,1,129,43,1
19,5,29,58,11,45,1,1,1,1,1,1,103,64,1
83,93,29,75,90,38,1,1,1,1,1,1,183,225,
76,61,73,83,44,14,1,1,1,1,1,1,159,192,
18,28,12,9,30,42,1,1,1,1,1,1,72,67,
81,4,84,100,82,14,1,1,1,1,1,1,184,181,
3,89,58,74,41,32,1,1,1,1,1,1,163,134,
66,25,74,16,29,17,1,1,1,1,1,1,140,87,1
3,11,99,88,75,10,1,1,1,1,1,1,187,99,1
58,23,82,43,72,66,1,1,1,1,1,1,154,190,
83,74,3,64,25,62,1,1,1,1,1,1,157,154,
71,24,16,86,33,100,1,1,1,1,1,1,186,144,
22,51,57,34,60,66,1,1,1,1,1,1,126,164,
49,30,26,85,58,34,1,1,1,1,1,1,143,139,
74,72,100,20,39,12,1,1,1,1,1,1,174,143,
86,36,95,66,67,34,1,1,1,1,1,1,181,203,
40,2,38,74,81,55,1,1,1,1,1,1,155,135,
52,3,15,70,29,71,1,1,1,1,1,1,141,99,
62,7,41,24,95,16,1,1,1,1,1,1,157,88,1
94,87,37,90,34,9,1,1,1,1,1,1,184,167,
28,21,43,37,12,52,1,1,1,1,1,1,95,98,
17,75,98,38,23,7,1,1,1,1,1,1,173,85,1
91,58,82,2,27,97,1,1,1,1,1,1,188,169,
64,38,86,63,12,2,1,1,1,1,1,1,150,115,
96,80,29,7,98,78,1,1,1,1,1,1,194,194,
17,24,86,2,21,49,1,1,1,1,1,1,135,64,1
14,72,54,100,30,27,1,1,1,1,1,1,172,125,
74,77,4,35,93,38,1,1,1,1,1,1,170,151,
70,80,16,6,7,25,1,1,1,1,1,1,150,54,1
56,40,5,50,44,98,1,1,1,1,1,1,154,139,
64,27,99,50,85,46,1,1,1,1,1,1,184,187,
80,89,56,74,42,51,1,1,1,1,1,1,169,223,
46,63,7,11,48,38,1,1,1,1,1,1,111,102,
14,89,30,85,13,88,1,1,1,1,1,1,177,142,
22,91,6,59,25,62,1,1,1,1,1,1,153,112,
12,91,1,44,54,82,1,1,1,1,1,1,173,111,1
72,55,99,39,97,42,1,1,1,1,1,1,196,208,
51,93,14,39,80,21,1,1,1,1,1,1,173,125,
67,2,9,57,16,100,1,1,1,1,1,1,167,84,1
32,72,41,44,36,61,1,1,1,1,1,1,133,153,
51,97,70,24,95,84,1,1,1,1,1,1,192,229,
43,13,29,85,45,31,1,1,1,1,1,1,130,116,
45,95,29,41,68,55,1,1,1,1,1,1,163,170,
67,46,86,5,57,50,1,1,1,1,1,1,153,158,
71,26,87,42,61,27,1,1,1,1,1,1,158,156,
94,26,59,73,99,37,1,1,1,1,1,1,193,195,
20,43,79,92,66,58,1,1,1,1,1,1,171,187,
6,9,39,59,50,10,1,1,1,1,1,1,109,64,1
24,45,2,41,8,82,1,1,1,1,1,1,127,75,1
69,55,41,28,2,39,1,1,1,1,1,1,124,110,
12,4,35,85,61,53,1,1,1,1,1,1,146,104,
79,28,80,34,75,73,1,1,1,1,1,1,159,210,
70,95,90,24,61,84,1,1,1,1,1,1,185,239,
60,66,63,79,84,62,1,1,1,1,1,1,163,251,
68,7,5,43,77,45,1,1,1,1,1,1,145,100,
33,57,7,92,58,64,1,1,1,1,1,1,156,155,
46,38,20,53,62,48,1,1,1,1,1,1,115,152,
50,78,35,27,92,69,1,1,1,1,1,1,170,181,
13,33,64,40,53,5,1,1,1,1,1,1,117,91,
29,12,21,52,71,18,1,1,1,1,1,1,123,80,1
42,16,20,43,70,53,1,1,1,1,1,1,123,121,
20,77,55,47,72,49,1,1,1,1,1,1,149,171,
85,81,87,24,34,95,1,1,1,1,1,1,182,224,
26,53,27,67,7,40,1,1,1,1,1,1,120,100,
29,89,66,4,8,64,1,1,1,1,1,1,155,105,
20,78,100,52,95,87,1,1,1,1,1,1,195,237,
20,26,76,84,72,67,1,1,1,1,1,1,160,185,
55,56,28,98,17,65,1,1,1,1,1,1,163,156,
93,3,64,27,75,29,1,1,1,1,1,1,168,123,
31,72,25,98,87,56,1,1,1,1,1,1,185,184,
81,56,87,9,37,24,1,1,1,1,1,1,168,126,
93,10,13,81,17,7,1,1,1,1,1,1,174,47,1
98,9,17,83,18,96,1,1,1,1,1,1,194,127,1
19,49,6,25,67,91,1,1,1,1,1,1,158,99,1
3,69,18,38,56,53,1,1,1,1,1,1,125,112,
51,87,23,81,79,31,1,1,1,1,1,1,168,184,
65,87,57,60,44,51,1,1,1,1,1,1,152,212,
43,92,83,10,56,28,1,1,1,1,1,1,175,137,
44,7,94,20,10,51,1,1,1,1,1,1,145,81,1
4,80,2,93,57,20,1,1,1,1,1,1,173,83,1
34,51,66,37,91,26,1,1,1,1,1,1,157,148,
39,52,100,10,85,49,1,1,1,1,1,1,185,150,
52,55,67,85,31,27,1,1,1,1,1,1,152,165,
39,98,75,42,14,88,1,1,1,1,1,1,186,170,
90,22,11,62,9,31,1,1,1,1,1,1,152,73,1
43,50,19,84,14,2,1,1,1,1,1,1,134,78,1
35,92,27,30,34,66,1,1,1,1,1,1,158,126,
9,83,78,19,61,33,1,1,1,1,1,1,161,122,
67,58,56,57,86,48,1,1,1,1,1,1,153,219,
84,6,19,38,45,40,1,1,1,1,1,1,129,103,
77,95,15,65,63,78,1,1,1,1,1,1,173,220,
9,70,21,81,36,88,1,1,1,1,1,1,169,136,
93,90,36,68,70,35,1,1,1,1,1,1,183,209,
27,88,60,96,25,32,1,1,1,1,1,1,184,144,
60,29,39,80,89,53,1,1,1,1,1,1,169,181,
30,68,21,12,87,83,1,1,1,1,1,1,170,131,
44,79,9,77,90,23,1,1,1,1,1,1,169,153,
54,86,57,68,70,74,1,1,1,1,1,1,160,249,
66,64,97,60,95,37,1,1,1,1,1,1,192,227,
28,55,44,100,90,75,1,1,1,1,1,1,190,202,
98,96,70,64,15,27,1,1,1,1,1,1,194,176,
87,50,58,55,36,7,1,1,1,1,1,1,145,148,
45,67,43,20,94,11,1,1,1,1,1,1,161,119,
47,36,65,87,59,39,1,1,1,1,1,1,152,181,
79,89,91,97,5,6,1,1,1,1,1,1,188,179,
73,87,96,42,57,28,1,1,1,1,1,1,183,200,
23,1,28,36,80,65,1,1,1,1,1,1,145,88,1
63,84,70,19,20,98,1,1,1,1,1,1,182,172,
55,97,68,30,83,70,1,1,1,1,1,1,180,223,
68,27,40,94,57,78,1,1,1,1,1,1,172,192,
70,85,2,73,45,17,1,1,1,1,1,1,158,134,
44,71,70,100,40,4,1,1,1,1,1,1,171,158,
8,84,26,63,20,51,1,1,1,1,1,1,147,105,
57,48,30,87,21,16,1,1,1,1,1,1,144,115,
43,66,65,47,45,10,1,1,1,1,1,1,131,145,
31,42,88,69,11,1,1,1,1,1,1,1,157,85,1
67,83,44,13,52,86,1,1,1,1,1,1,169,176,
87,47,12,57,70,46,1,1,1,1,1,1,157,162,
53,10,93,100,80,73,1,1,1,1,1,1,193,216,
100,56,64,98,50,46,1,1,1,1,1,1,198,216,
52,76,4,6,42,17,1,1,1,1,1,1,128,69,1
58,35,34,40,45,20,1,1,1,1,1,1,103,129,
94,89,77,72,79,41,1,1,1,1,1,1,183,269,
37,54,34,41,91,87,1,1,1,1,1,1,178,166,
3,54,21,67,72,28,1,1,1,1,1,1,139,106,
23,2,13,28,22,55,1,1,1,1,1,1,83,60,
27,57,46,14,63,37,1,1,1,1,1,1,120,124,
15,13,59,14,64,83,1,1,1,1,1,1,147,101,
29,2,30,66,54,55,1,1,1,1,1,1,121,115,
41,12,97,63,56,49,1,1,1,1,1,1,160,158,
72,37,86,30,15,44,1,1,1,1,1,1,158,126,
12,49,16,91,32,74,1,1,1,1,1,1,165,109,1
1,4,60,74,68,49,1,1,1,1,1,1,142,114,
31,20,16,64,27,57,1,1,1,1,1,1,121,94,
25,16,75,46,7,79,1,1,1,1,1,1,154,94,1
50,45,36,70,18,47,1,1,1,1,1,1,120,146,
61,10,2,66,53,31,1,1,1,1,1,1,127,96,
64,53,17,90,21,28,1,1,1,1,1,1,154,119,
67,52,29,79,22,20,1,1,1,1,1,1,146,123,
40,22,11,18,62,20,1,1,1,1,1,1,102,71,
97,20,58,9,85,43,1,1,1,1,1,1,182,130,
16,1,85,3,7,61,1,1,1,1,1,1,146,27,1
40,67,91,42,100,83,1,1,1,1,1,1,191,232,
16,8,53,10,1,95,1,1,1,1,1,1,148,35,1
53,16,70,47,1,95,1,1,1,1,1,1,165,117,
38,42,58,36,90,85,1,1,1,1,1,1,175,174,
2,80,11,53,84,92,1,1,1,1,1,1,176,146,
13,7,85,92,99,86,1,1,1,1,1,1,191,191,
1,97,17,92,90,99,1,1,1,1,1,1,196,200,
65,29,50,78,85,16,1,1,1,1,1,1,163,160,
76,68,95,12,89,70,1,1,1,1,1,1,184,226,
93,70,29,40,37,85,1,1,1,1,1,1,178,176,
88,24,7,15,25,76,1,1,1,1,1,1,164,71,1
72,49,47,30,81,36,1,1,1,1,1,1,153,162,
73,66,18,37,60,79,1,1,1,1,1,1,152,181,
68,60,78,39,33,67,1,1,1,1,1,1,146,199,
1,98,88,5,40,16,1,1,1,1,1,1,186,62,1
3,97,83,100,15,55,1,1,1,1,1,1,197,156,
67,28,81,78,66,34,1,1,1,1,1,1,159,195,
50,9,83,65,15,70,1,1,1,1,1,1,153,139,
10,98,77,30,79,36,1,1,1,1,1,1,177,153,
8,38,88,68,45,11,1,1,1,1,1,1,156,102,1
31,67,57,36,62,30,1,1,1,1,1,1,129,154,
63,55,46,60,85,22,1,1,1,1,1,1,148,183,
2,28,95,82,51,18,1,1,1,1,1,1,177,99,1
86,48,30,32,41,99,1,1,1,1,1,1,185,151,
64,68,87,91,32,29,1,1,1,1,1,1,178,193,
36,16,51,41,76,35,1,1,1,1,1,1,127,128,
15,73,100,71,53,1,1,1,1,1,1,1,173,140,
2,38,87,90,18,61,1,1,1,1,1,1,177,119,
78,27,1,56,65,72,1,1,1,1,1,1,150,149,
61,28,68,22,55,35,1,1,1,1,1,1,129,140,
9,42,12,61,11,14,1,1,1,1,1,1,103,46,1
41,72,70,67,75,58,1,1,1,1,1,1,147,236,
51,84,74,1,91,37,1,1,1,1,1,1,175,163,
9,19,66,85,94,97,1,1,1,1,1,1,191,179,
6,86,68,55,24,57,1,1,1,1,1,1,154,142,
85,38,71,62,94,100,1,1,1,1,1,1,194,256,
75,69,61,27,38,8,1,1,1,1,1,1,144,134,
6,94,85,43,21,20,1,1,1,1,1,1,179,90,1
70,49,95,29,8,24,1,1,1,1,1,1,165,110,1
54,56,95,15,30,47,1,1,1,1,1,1,151,146,
88,61,99,26,13,82,1,1,1,1,1,1,187,182,
80,79,14,100,90,34,1,1,1,1,1,1,190,207,
60,9,32,13,46,94,1,1,1,1,1,1,154,100,1
18,54,5,1,24,61,1,1,1,1,1,1,115,48,1
30,35,8,2,100,51,1,1,1,1,1,1,151,75,1
41,26,70,43,99,30,1,1,1,1,1,1,169,140,
66,54,13,55,11,26,1,1,1,1,1,1,121,104,
53,97,78,16,66,43,1,1,1,1,1,1,175,178,
75,42,65,10,1,77,1,1,1,1,1,1,152,118,
32,17,37,20,41,35,1,1,1,1,1,1,78,104,
4,7,36,14,22,15,1,1,1,1,1,1,58,40,
95,6,74,14,82,94,1,1,1,1,1,1,189,176,
5,15,49,64,79,53,1,1,1,1,1,1,143,122,
49,83,62,64,9,95,1,1,1,1,1,1,178,184,
57,60,21,45,8,97,1,1,1,1,1,1,157,131,
31,66,61,68,69,41,1,1,1,1,1,1,137,199,
27,100,89,40,59,31,1,1,1,1,1,1,189,157,
98,46,50,63,94,25,1,1,1,1,1,1,192,184,
23,54,60,61,43,18,1,1,1,1,1,1,121,138,
88,76,50,60,9,62,1,1,1,1,1,1,164,181,
28,37,70,42,87,93,1,1,1,1,1,1,180,177,
30,60,86,4,81,25,1,1,1,1,1,1,167,119,
34,25,95,43,68,100,1,1,1,1,1,1,195,170,
14,23,66,57,51,8,1,1,1,1,1,1,123,96,
6,5,31,39,58,27,1,1,1,1,1,1,97,69,
6,53,87,89,26,5,1,1,1,1,1,1,176,90,1
88,100,39,77,19,36,1,1,1,1,1,1,188,171,
79,73,18,35,99,80,1,1,1,1,1,1,179,205,
7,36,13,49,32,38,1,1,1,1,1,1,87,88,
1,26,25,71,11,24,1,1,1,1,1,1,97,61,1
47,6,76,97,81,66,1,1,1,1,1,1,178,195,
46,79,65,92,9,28,1,1,1,1,1,1,171,148,
64,98,18,15,35,40,1,1,1,1,1,1,162,108,1
4,10,28,8,30,53,1,1,1,1,1,1,83,50,1
82,69,33,35,13,54,1,1,1,1,1,1,151,135,
4,26,55,85,21,95,1,1,1,1,1,1,180,106,1
57,44,84,95,100,77,1,1,1,1,1,1,195,262,
80,59,9,92,54,26,1,1,1,1,1,1,172,148,
81,42,9,43,2,94,1,1,1,1,1,1,175,96,1
42,36,84,31,22,72,1,1,1,1,1,1,156,131,
9,53,17,27,72,30,1,1,1,1,1,1,125,83,1
22,28,61,24,80,85,1,1,1,1,1,1,165,135,
49,58,7,33,13,98,1,1,1,1,1,1,156,102,1
87,39,58,62,20,25,1,1,1,1,1,1,149,142,
43,47,61,18,2,88,1,1,1,1,1,1,149,110,
88,28,55,19,21,10,1,1,1,1,1,1,143,78,1
13,7,12,15,10,95,1,1,1,1,1,1,110,42,1
29,78,66,76,36,44,1,1,1,1,1,1,154,175,
28,88,100,85,54,96,1,1,1,1,1,1,196,255,
11,63,96,45,88,30,1,1,1,1,1,1,184,149,
37,5,76,79,1,66,1,1,1,1,1,1,155,109,
72,73,62,82,43,46,1,1,1,1,1,1,155,223,
70,6,87,45,82,14,1,1,1,1,1,1,169,135,
12,11,78,51,90,41,1,1,1,1,1,1,168,115,
79,12,82,81,44,25,1,1,1,1,1,1,163,160,
14,21,7,16,22,25,1,1,1,1,1,1,47,58,
43,52,49,94,16,8,1,1,1,1,1,1,146,116,
31,55,48,40,80,82,1,1,1,1,1,1,162,174,
74,48,63,54,56,35,1,1,1,1,1,1,137,193,
69,12,53,27,82,90,1,1,1,1,1,1,172,161,
84,41,90,56,10,23,1,1,1,1,1,1,174,130,
35,65,74,12,8,95,1,1,1,1,1,1,169,120,
11,30,4,97,48,34,1,1,1,1,1,1,145,79,1
33,58,8,85,50,88,1,1,1,1,1,1,173,149,
75,5,28,25,17,77,1,1,1,1,1,1,152,75,1
75,45,12,90,91,82,1,1,1,1,1,1,181,214,
20,14,43,77,54,67,1,1,1,1,1,1,144,131,
81,25,100,79,17,8,1,1,1,1,1,1,181,129,
3,93,18,55,98,68,1,1,1,1,1,1,191,144,
98,87,69,52,20,77,1,1,1,1,1,1,185,218,
71,64,30,83,87,23,1,1,1,1,1,1,170,188,
42,13,63,48,16,53,1,1,1,1,1,1,116,119,
92,18,86,35,17,34,1,1,1,1,1,1,178,104,1
23,11,34,64,29,100,1,1,1,1,1,1,164,97,1
54,85,63,98,29,87,1,1,1,1,1,1,185,231,
34,53,98,94,68,77,1,1,1,1,1,1,192,232,
6,46,4,79,100,39,1,1,1,1,1,1,179,95,1
84,75,55,39,79,35,1,1,1,1,1,1,163,204,
37,44,64,3,41,75,1,1,1,1,1,1,139,125,
5,48,13,7,19,69,1,1,1,1,1,1,117,44,1
1,18,39,86,38,29,1,1,1,1,1,1,125,86,
4,16,95,86,67,3,1,1,1,1,1,1,181,90,1
84,21,80,76,25,53,1,1,1,1,1,1,164,175,
5,93,73,6,45,36,1,1,1,1,1,1,166,92,1
51,99,59,79,33,37,1,1,1,1,1,1,178,180,
70,55,37,66,53,28,1,1,1,1,1,1,136,173,
54,83,36,20,64,85,1,1,1,1,1,1,168,174,
23,83,96,43,50,87,1,1,1,1,1,1,183,199,
16,62,53,64,27,84,1,1,1,1,1,1,148,158,
26,14,3,51,91,41,1,1,1,1,1,1,142,84,1
31,76,98,33,55,69,1,1,1,1,1,1,174,188,
86,73,69,36,61,96,1,1,1,1,1,1,182,239,
83,27,84,52,64,92,1,1,1,1,1,1,176,226,
36,90,64,52,23,50,1,1,1,1,1,1,154,161,
53,18,17,83,100,79,1,1,1,1,1,1,183,167,
16,32,69,98,55,92,1,1,1,1,1,1,190,172,
7,91,14,96,54,30,1,1,1,1,1,1,187,105,1
87,29,52,40,47,94,1,1,1,1,1,1,181,168,
51,33,92,78,91,56,1,1,1,1,1,1,183,218,
9,75,99,66,68,51,1,1,1,1,1,1,174,194,
61,62,24,93,55,25,1,1,1,1,1,1,155,165,
59,13,1,55,62,56,1,1,1,1,1,1,121,125,
63,53,19,73,23,66,1,1,1,1,1,1,139,158,
10,24,59,6,46,49,1,1,1,1,1,1,108,86,
10,1,41,93,29,23,1,1,1,1,1,1,134,63,1
38,19,91,52,63,86,1,1,1,1,1,1,177,172,
64,21,74,41,91,96,1,1,1,1,1,1,187,200,
48,91,17,15,34,32,1,1,1,1,1,1,139,98,
77,99,71,18,32,26,1,1,1,1,1,1,176,147,
39,27,58,62,4,74,1,1,1,1,1,1,136,128,
49,12,5,20,54,70,1,1,1,1,1,1,124,86,
45,1,2,22,23,43,1,1,1,1,1,1,88,48,1
10,49,13,58,57,81,1,1,1,1,1,1,139,129,
88,15,1,43,98,67,1,1,1,1,1,1,186,126,
16,64,36,29,61,70,1,1,1,1,1,1,134,142,
60,15,22,100,18,39,1,1,1,1,1,1,160,94,1
64,67,65,57,62,25,1,1,1,1,1,1,132,208,
38,10,80,95,49,11,1,1,1,1,1,1,175,108,1
37,2,27,36,20,10,1,1,1,1,1,1,73,59,
13,88,97,45,64,70,1,1,1,1,1,1,185,192,
86,40,3,38,74,11,1,1,1,1,1,1,160,92,1
25,3,60,6,98,8,1,1,1,1,1,1,158,42,1
71,86,66,81,55,72,1,1,1,1,1,1,167,264,
87,3,70,22,14,78,1,1,1,1,1,1,165,109,1
89,29,44,48,39,68,1,1,1,1,1,1,157,160,
21,12,11,78,67,79,1,1,1,1,1,1,157,111,
55,49,25,60,99,80,1,1,1,1,1,1,179,189,
70,96,6,97,75,80,1,1,1,1,1,1,193,231,
12,60,78,48,63,44,1,1,1,1,1,1,141,164,
60,42,92,45,93,37,1,1,1,1,1,1,185,184,
7,81,82,63,38,67,1,1,1,1,1,1,163,175,
34,61,7,81,91,68,1,1,1,1,1,1,172,170,
44,100,40,19,31,77,1,1,1,1,1,1,177,134,
41,45,2,19,42,31,1,1,1,1,1,1,87,93,
43,66,62,20,65,77,1,1,1,1,1,1,143,190,
20,35,71,12,10,84,1,1,1,1,1,1,155,77,1
1,8,54,20,15,80,1,1,1,1,1,1,134,44,1
90,75,38,27,10,84,1,1,1,1,1,1,174,150,
37,76,46,89,49,51,1,1,1,1,1,1,165,183,
24,63,5,53,40,99,1,1,1,1,1,1,162,122,
56,90,83,29,80,15,1,1,1,1,1,1,173,180,
97,42,27,54,88,44,1,1,1,1,1,1,185,167,
75,66,61,65,28,56,1,1,1,1,1,1,141,210,
68,29,58,87,16,62,1,1,1,1,1,1,155,165,
71,22,23,64,69,8,1,1,1,1,1,1,140,117,
73,1,76,81,60,85,1,1,1,1,1,1,166,210,
52,64,78,99,93,42,1,1,1,1,1,1,192,236,
7,40,51,11,58,36,1,1,1,1,1,1,109,94,
83,28,85,87,54,96,1,1,1,1,1,1,183,250,
14,50,43,84,38,37,1,1,1,1,1,1,134,132,
51,92,84,65,8,63,1,1,1,1,1,1,176,187,
9,83,86,58,88,7,1,1,1,1,1,1,174,157,
41,52,15,13,64,26,1,1,1,1,1,1,116,95,
58,57,88,71,34,64,1,1,1,1,1,1,159,213,
80,45,4,7,66,61,1,1,1,1,1,1,146,117,
7,67,59,56,89,43,1,1,1,1,1,1,156,165,
8,29,50,60,22,15,1,1,1,1,1,1,110,74,
30,80,74,73,86,88,1,1,1,1,1,1,174,257,
44,1,80,25,32,64,1,1,1,1,1,1,144,102,
62,1,90,76,99,50,1,1,1,1,1,1,189,189,
45,76,88,5,44,99,1,1,1,1,1,1,187,170,
48,40,93,32,76,10,1,1,1,1,1,1,169,130,
49,61,62,57,85,84,1,1,1,1,1,1,169,229,
98,35,58,91,41,88,1,1,1,1,1,1,189,222,
72,40,96,84,15,2,1,1,1,1,1,1,180,129,
81,68,52,25,94,36,1,1,1,1,1,1,175,181,
59,56,83,28,88,90,1,1,1,1,1,1,178,226,
44,89,75,91,48,26,1,1,1,1,1,1,180,193,
29,87,93,8,60,10,1,1,1,1,1,1,180,107,1
42,55,98,2,52,7,1,1,1,1,1,1,153,103,
91,6,100,5,82,8,1,1,1,1,1,1,191,101,1
82,13,20,17,5,50,1,1,1,1,1,1,132,55,1
59,13,54,38,58,16,1,1,1,1,1,1,117,121,
93,73,59,62,38,78,1,1,1,1,1,1,171,232,
7,95,69,28,92,15,1,1,1,1,1,1,187,119,1
21,51,46,90,34,12,1,1,1,1,1,1,141,113,
45,46,65,1,11,18,1,1,1,1,1,1,111,75,
70,44,15,97,95,38,1,1,1,1,1,1,192,167,
79,53,93,99,66,84,1,1,1,1,1,1,192,282,
33,35,76,98,81,32,1,1,1,1,1,1,179,176,
69,95,65,77,87,21,1,1,1,1,1,1,182,232,
86,96,4,47,35,81,1,1,1,1,1,1,182,167,
60,70,29,66,55,18,1,1,1,1,1,1,136,162,
77,38,23,36,66,30,1,1,1,1,1,1,143,127,
91,22,49,65,17,68,1,1,1,1,1,1,159,153,
46,72,71,22,50,92,1,1,1,1,1,1,164,189,
25,13,33,83,28,79,1,1,1,1,1,1,162,99,1
92,24,76,94,51,49,1,1,1,1,1,1,186,200,
58,74,7,62,72,90,1,1,1,1,1,1,164,199,
43,48,15,27,40,78,1,1,1,1,1,1,126,125,
79,69,10,62,75,43,1,1,1,1,1,1,154,184,
64,91,49,73,99,6,1,1,1,1,1,1,190,192,
58,79,46,35,49,80,1,1,1,1,1,1,159,188,
40,62,19,97,42,68,1,1,1,1,1,1,165,163,
8,95,78,42,43,77,1,1,1,1,1,1,173,170,
28,75,4,9,74,31,1,1,1,1,1,1,149,72,1
21,97,37,48,95,77,1,1,1,1,1,1,192,183,
69,49,58,66,77,8,1,1,1,1,1,1,146,181,
49,59,75,68,46,45,1,1,1,1,1,1,143,199,
36,90,52,57,97,33,1,1,1,1,1,1,187,178,
18,96,81,95,65,38,1,1,1,1,1,1,191,202,
11,3,64,97,57,84,1,1,1,1,1,1,181,135,
44,93,25,74,76,16,1,1,1,1,1,1,169,159,
37,68,34,85,35,33,1,1,1,1,1,1,153,139,
88,34,8,97,92,63,1,1,1,1,1,1,189,193,
21,84,13,57,9,25,1,1,1,1,1,1,141,68,1
34,56,43,82,97,54,1,1,1,1,1,1,179,187,
48,74,76,63,88,23,1,1,1,1,1,1,164,208,
56,44,62,87,34,99,1,1,1,1,1,1,186,196,
37,78,77,64,31,79,1,1,1,1,1,1,157,209,
8,44,58,61,71,49,1,1,1,1,1,1,132,159,
1,8,72,54,49,64,1,1,1,1,1,1,136,112,
68,50,55,89,17,34,1,1,1,1,1,1,157,156,
94,32,59,25,29,46,1,1,1,1,1,1,153,132,
77,7,99,52,20,35,1,1,1,1,1,1,176,114,1
39,53,36,44,28,9,1,1,1,1,1,1,97,112,
55,82,12,18,80,77,1,1,1,1,1,1,162,162,
27,88,6,11,4,69,1,1,1,1,1,1,157,48,1
21,48,94,24,91,55,1,1,1,1,1,1,185,148,
87,82,70,65,95,9,1,1,1,1,1,1,182,226,
24,86,6,90,5,87,1,1,1,1,1,1,177,121,
25,73,2,86,65,7,1,1,1,1,1,1,159,99,1
15,33,48,42,35,39,1,1,1,1,1,1,90,122,
71,87,84,74,40,64,1,1,1,1,1,1,171,249,
79,95,81,82,87,9,1,1,1,1,1,1,182,251,
32,80,43,98,63,100,1,1,1,1,1,1,198,218,
70,13,95,40,58,55,1,1,1,1,1,1,165,166,
73,93,77,65,2,53,1,1,1,1,1,1,170,193,
52,62,41,77,48,20,1,1,1,1,1,1,139,161,
29,80,17,32,86,97,1,1,1,1,1,1,183,158,
23,19,86,28,7,87,1,1,1,1,1,1,173,77,1
71,83,70,4,54,1,1,1,1,1,1,1,154,129,
70,23,87,51,90,55,1,1,1,1,1,1,177,199,
6,46,9,53,71,65,1,1,1,1,1,1,136,114,
34,10,83,61,18,54,1,1,1,1,1,1,144,116,
100,44,57,36,55,99,1,1,1,1,1,1,199,192,
35,8,69,38,75,71,1,1,1,1,1,1,146,150,
57,17,7,11,80,16,1,1,1,1,1,1,137,51,1
85,8,45,80,91,77,1,1,1,1,1,1,176,210,
98,94,87,76,56,59,1,1,1,1,1,1,192,278,
53,50,9,89,2,95,1,1,1,1,1,1,184,114,1
17,82,98,22,41,64,1,1,1,1,1,1,180,144,
98,62,47,64,1,24,1,1,1,1,1,1,162,134,
86,18,1,42,91,95,1,1,1,1,1,1,186,147,
97,94,43,98,30,79,1,1,1,1,1,1,195,246,
42,55,8,97,34,36,1,1,1,1,1,1,152,120,
41,5,39,48,14,63,1,1,1,1,1,1,111,99,
67,56,43,9,66,25,1,1,1,1,1,1,133,133,
78,82,39,86,88,22,1,1,1,1,1,1,174,221,
84,71,43,47,16,30,1,1,1,1,1,1,155,136,
37,67,30,87,66,84,1,1,1,1,1,1,171,200,
77,54,56,73,65,80,1,1,1,1,1,1,157,248,
54,1,33,87,16,19,1,1,1,1,1,1,141,69,1
80,32,66,100,10,3,1,1,1,1,1,1,180,111,1
1,75,56,63,22,34,1,1,1,1,1,1,138,113,
91,7,76,92,15,96,1,1,1,1,1,1,188,189,
38,78,90,96,44,98,1,1,1,1,1,1,194,250,
3,27,44,56,46,22,1,1,1,1,1,1,102,96,
76,7,97,22,87,33,1,1,1,1,1,1,184,138,
17,10,56,1,79,90,1,1,1,1,1,1,169,84,1
40,27,91,90,46,41,1,1,1,1,1,1,181,154,
3,85,13,9,91,11,1,1,1,1,1,1,176,36,1
69,17,66,8,15,31,1,1,1,1,1,1,135,71,1
46,80,71,57,11,6,1,1,1,1,1,1,151,120,
73,92,11,68,69,58,1,1,1,1,1,1,165,206,
38,73,28,29,11,84,1,1,1,1,1,1,157,106,
67,41,54,19,8,46,1,1,1,1,1,1,121,114,
61,17,52,73,100,12,1,1,1,1,1,1,173,142,
95,4,14,98,1,88,1,1,1,1,1,1,193,107,1
36,74,96,88,16,47,1,1,1,1,1,1,184,173,
14,46,26,87,54,2,1,1,1,1,1,1,141,88,1
68,76,57,86,37,50,1,1,1,1,1,1,162,212,
22,65,89,27,1,37,1,1,1,1,1,1,154,87,1
70,53,59,7,80,54,1,1,1,1,1,1,150,173,
81,86,85,91,82,30,1,1,1,1,1,1,177,278,
18,25,97,55,100,9,1,1,1,1,1,1,197,107,1
28,5,65,22,79,61,1,1,1,1,1,1,144,116,
64,8,49,94,28,41,1,1,1,1,1,1,158,126,
19,69,51,50,80,95,1,1,1,1,1,1,175,189,
64,52,37,24,82,15,1,1,1,1,1,1,146,128,
52,17,10,37,63,86,1,1,1,1,1,1,149,116,
99,91,45,19,88,41,1,1,1,1,1,1,190,193,
17,40,81,61,38,11,1,1,1,1,1,1,142,106,
77,49,67,79,68,64,1,1,1,1,1,1,156,248,
30,36,52,17,78,40,1,1,1,1,1,1,130,123,
12,93,4,52,41,95,1,1,1,1,1,1,188,109,1
44,12,32,37,29,11,1,1,1,1,1,1,81,84,
93,20,37,86,58,88,1,1,1,1,1,1,181,201,
4,73,99,94,26,70,1,1,1,1,1,1,193,173,
95,80,49,97,48,70,1,1,1,1,1,1,192,247,
64,47,67,23,29,31,1,1,1,1,1,1,131,130,
8,10,68,15,96,11,1,1,1,1,1,1,164,44,1
65,71,44,10,28,43,1,1,1,1,1,1,136,125,
51,84,96,35,10,38,1,1,1,1,1,1,180,134,
54,2,14,28,39,32,1,1,1,1,1,1,93,76,
10,19,44,42,63,25,1,1,1,1,1,1,107,96,
36,17,8,69,26,50,1,1,1,1,1,1,119,87,
99,16,11,39,67,5,1,1,1,1,1,1,166,71,1
6,60,93,43,74,24,1,1,1,1,1,1,167,133,
37,32,91,16,27,30,1,1,1,1,1,1,128,105,
13,63,5,66,78,62,1,1,1,1,1,1,144,143,
55,40,47,9,22,82,1,1,1,1,1,1,137,118,
43,75,90,27,51,14,1,1,1,1,1,1,165,135,
19,33,65,91,55,86,1,1,1,1,1,1,177,172,
52,65,42,27,88,60,1,1,1,1,1,1,153,181,
24,81,15,42,47,61,1,1,1,1,1,1,142,128,
70,49,38,76,94,7,1,1,1,1,1,1,170,164,
55,77,90,85,39,52,1,1,1,1,1,1,175,223,
63,98,60,16,23,67,1,1,1,1,1,1,165,162,
63,34,75,85,24,96,1,1,1,1,1,1,181,196,
83,8,32,24,86,81,1,1,1,1,1,1,169,145,
89,81,76,92,65,6,1,1,1,1,1,1,181,228,
57,1,80,29,47,17,1,1,1,1,1,1,137,94,
3,39,8,6,53,91,1,1,1,1,1,1,144,56,1
65,2,69,4,20,66,1,1,1,1,1,1,135,91,
77,59,94,21,88,90,1,1,1,1,1,1,184,245,
44,95,53,8,88,72,1,1,1,1,1,1,183,177,
22,29,85,55,90,3,1,1,1,1,1,1,175,109,1
61,49,68,12,16,24,1,1,1,1,1,1,129,101,
18,86,49,87,97,56,1,1,1,1,1,1,184,209,
45,21,100,54,6,67,1,1,1,1,1,1,167,126,
52,51,22,30,39,54,1,1,1,1,1,1,106,142,
51,67,82,12,84,68,1,1,1,1,1,1,166,198,
34,84,77,49,12,54,1,1,1,1,1,1,161,149,
44,29,33,57,26,51,1,1,1,1,1,1,108,132,
56,72,68,39,28,58,1,1,1,1,1,1,140,181,
87,35,69,33,73,25,1,1,1,1,1,1,160,162,
40,54,94,98,55,26,1,1,1,1,1,1,192,175,
3,29,34,99,1,48,1,1,1,1,1,1,147,67,1
63,46,49,33,64,43,1,1,1,1,1,1,127,171,
46,22,94,78,41,48,1,1,1,1,1,1,172,157,
4,61,98,17,80,18,1,1,1,1,1,1,178,100,1
87,25,34,69,28,62,1,1,1,1,1,1,156,149,
67,22,27,77,38,42,1,1,1,1,1,1,144,129,
100,62,78,55,1,92,1,1,1,1,1,1,192,196,
27,82,48,9,4,22,1,1,1,1,1,1,130,62,1
50,96,84,13,41,92,1,1,1,1,1,1,188,188,
37,3,76,31,81,7,1,1,1,1,1,1,157,78,1
5,75,35,8,28,80,1,1,1,1,1,1,155,76,1
58,77,27,42,78,97,1,1,1,1,1,1,175,204,
31,29,67,17,75,43,1,1,1,1,1,1,142,120,
49,93,58,86,7,38,1,1,1,1,1,1,179,152,
42,53,13,5,4,7,1,1,1,1,1,1,95,29,1
70,29,53,59,97,48,1,1,1,1,1,1,167,189,
80,100,91,9,11,75,1,1,1,1,1,1,191,175,
97,8,73,44,33,10,1,1,1,1,1,1,170,95,1
15,17,8,30,71,44,1,1,1,1,1,1,115,70,1
43,18,45,84,98,21,1,1,1,1,1,1,182,127,
17,33,90,29,41,98,1,1,1,1,1,1,188,120,1
34,32,16,17,92,61,1,1,1,1,1,1,153,99,1
85,58,12,98,60,38,1,1,1,1,1,1,183,168,
59,71,64,69,57,1,1,1,1,1,1,1,140,181,
94,6,24,79,27,100,1,1,1,1,1,1,194,136,
61,53,32,24,84,83,1,1,1,1,1,1,167,170,
89,3,69,58,80,1,1,1,1,1,1,1,169,131,
57,56,39,92,30,61,1,1,1,1,1,1,153,182,
20,36,63,38,70,30,1,1,1,1,1,1,133,124,
26,38,4,30,90,8,1,1,1,1,1,1,128,68,1
96,48,99,60,29,69,1,1,1,1,1,1,195,206,
63,73,91,69,85,98,1,1,1,1,1,1,189,290,
97,24,23,64,55,57,1,1,1,1,1,1,161,159,
26,28,17,15,83,97,1,1,1,1,1,1,180,86,1
19,4,17,22,26,21,1,1,1,1,1,1,48,61,
80,88,90,39,99,38,1,1,1,1,1,1,189,245,
6,60,95,51,73,24,1,1,1,1,1,1,168,141,
6,7,2,36,72,66,1,1,1,1,1,1,138,51,1
5,28,23,46,61,25,1,1,1,1,1,1,107,81,
34,68,7,13,87,39,1,1,1,1,1,1,155,93,1
15,45,51,54,96,43,1,1,1,1,1,1,150,154,
1,99,84,95,65,88,1,1,1,1,1,1,194,238,
55,13,62,94,43,100,1,1,1,1,1,1,194,173,
94,27,8,76,5,59,1,1,1,1,1,1,170,99,1
94,10,35,88,14,25,1,1,1,1,1,1,182,84,1
45,35,11,78,75,93,1,1,1,1,1,1,171,166,
88,22,60,76,83,25,1,1,1,1,1,1,171,183,
92,96,9,93,14,28,1,1,1,1,1,1,189,143,
53,69,6,63,89,61,1,1,1,1,1,1,158,183,
77,17,95,91,22,28,1,1,1,1,1,1,186,144,
5,3,92,15,96,89,1,1,1,1,1,1,188,112,1
46,43,44,11,99,2,1,1,1,1,1,1,145,100,
86,84,50,15,51,29,1,1,1,1,1,1,170,145,
45,91,31,99,69,57,1,1,1,1,1,1,190,202,
16,13,91,87,79,76,1,1,1,1,1,1,178,184,
52,50,37,18,38,25,1,1,1,1,1,1,102,118,
8,39,41,98,15,71,1,1,1,1,1,1,169,103,1
37,84,8,70,61,28,1,1,1,1,1,1,154,134,
4,76,97,11,23,40,1,1,1,1,1,1,173,78,1
65,91,73,13,38,70,1,1,1,1,1,1,164,186,
92,39,85,8,16,91,1,1,1,1,1,1,183,148,
82,30,60,48,47,53,1,1,1,1,1,1,142,178,
53,79,81,26,32,11,1,1,1,1,1,1,160,122,
79,45,41,62,53,54,1,1,1,1,1,1,141,193,
65,70,18,53,69,68,1,1,1,1,1,1,139,204,
57,76,55,4,63,52,1,1,1,1,1,1,139,168,
6,28,55,30,32,88,1,1,1,1,1,1,143,96,
61,36,37,7,30,85,1,1,1,1,1,1,146,110,
78,67,13,18,69,86,1,1,1,1,1,1,164,167,
7,10,24,65,42,79,1,1,1,1,1,1,144,83,1
82,85,12,18,21,60,1,1,1,1,1,1,167,111,1
72,59,98,16,82,1,1,1,1,1,1,1,180,148,
53,74,9,93,75,85,1,1,1,1,1,1,178,211,
43,28,48,25,93,12,1,1,1,1,1,1,141,108,
6,51,9,97,59,71,1,1,1,1,1,1,168,125,
35,43,8,24,65,80,1,1,1,1,1,1,145,110,
53,2,54,1,96,99,1,1,1,1,1,1,195,110,1
54,27,25,79,31,71,1,1,1,1,1,1,150,137,
55,69,56,82,2,21,1,1,1,1,1,1,151,134,
11,92,31,68,63,2,1,1,1,1,1,1,160,107,
14,96,10,64,49,26,1,1,1,1,1,1,160,99,1
62,53,45,76,68,72,1,1,1,1,1,1,148,228,
93,56,86,2,54,61,1,1,1,1,1,1,179,173,
90,49,75,14,12,29,1,1,1,1,1,1,165,104,1
78,65,52,27,100,20,1,1,1,1,1,1,178,164,
7,89,68,86,84,35,1,1,1,1,1,1,175,194,
90,54,92,56,27,87,1,1,1,1,1,1,182,224,
70,92,85,5,87,83,1,1,1,1,1,1,179,243,
99,44,31,68,10,21,1,1,1,1,1,1,167,106,1
24,41,94,69,22,80,1,1,1,1,1,1,174,156,
21,44,42,49,25,16,1,1,1,1,1,1,93,104,
54,48,91,17,18,29,1,1,1,1,1,1,145,112,
66,38,49,72,99,58,1,1,1,1,1,1,171,211,
80,63,52,59,22,90,1,1,1,1,1,1,170,196,
79,39,33,2,36,9,1,1,1,1,1,1,118,80,
59,99,29,88,86,10,1,1,1,1,1,1,187,184,
68,46,11,66,16,51,1,1,1,1,1,1,134,124,
87,28,41,45,42,34,1,1,1,1,1,1,132,145,
52,7,27,12,1,8,1,1,1,1,1,1,79,28,1
1,30,22,57,87,5,1,1,1,1,1,1,144,58,1
26,67,87,84,7,66,1,1,1,1,1,1,171,166,
84,15,13,85,43,67,1,1,1,1,1,1,169,138,
73,37,39,26,79,9,1,1,1,1,1,1,152,111,
5,76,15,7,97,47,1,1,1,1,1,1,173,74,1
12,89,13,28,91,30,1,1,1,1,1,1,180,83,1
76,34,7,53,4,29,1,1,1,1,1,1,129,74,1
99,30,84,90,89,72,1,1,1,1,1,1,189,275,
8,97,48,64,3,23,1,1,1,1,1,1,161,82,1
66,17,31,49,73,77,1,1,1,1,1,1,150,163,
24,50,54,49,9,88,1,1,1,1,1,1,142,132,
50,93,61,96,85,33,1,1,1,1,1,1,189,229,
5,60,11,32,1,47,1,1,1,1,1,1,107,49,1
77,33,67,22,61,34,1,1,1,1,1,1,144,150,
47,81,46,11,57,59,1,1,1,1,1,1,140,161,
71,40,20,39,10,99,1,1,1,1,1,1,170,109,1
68,65,93,85,61,69,1,1,1,1,1,1,178,263,
29,75,61,27,9,73,1,1,1,1,1,1,148,126,
45,27,82,30,55,43,1,1,1,1,1,1,137,145,
20,10,65,12,32,70,1,1,1,1,1,1,135,74,1
58,83,70,29,97,93,1,1,1,1,1,1,190,240,
58,24,83,90,7,39,1,1,1,1,1,1,173,128,
3,53,56,87,38,77,1,1,1,1,1,1,164,150,
93,11,25,67,88,82,1,1,1,1,1,1,181,185,
23,69,41,29,86,46,1,1,1,1,1,1,155,139,
7,3,10,56,92,12,1,1,1,1,1,1,148,32,1
1,17,62,44,45,53,1,1,1,1,1,1,115,107,
85,58,75,62,81,91,1,1,1,1,1,1,176,276,
54,52,72,36,25,5,1,1,1,1,1,1,126,118,
3,37,12,41,49,27,1,1,1,1,1,1,90,79,
83,11,48,25,27,52,1,1,1,1,1,1,135,111,
58,41,18,94,15,37,1,1,1,1,1,1,152,111,
52,22,98,62,20,14,1,1,1,1,1,1,160,108,
68,13,43,8,87,63,1,1,1,1,1,1,155,127,
65,17,16,5,61,28,1,1,1,1,1,1,126,66,1
58,24,39,10,98,2,1,1,1,1,1,1,156,75,1
22,32,97,64,35,31,1,1,1,1,1,1,161,120,
79,78,24,64,22,14,1,1,1,1,1,1,157,124,
20,56,28,80,17,87,1,1,1,1,1,1,167,121,
87,58,27,17,19,41,1,1,1,1,1,1,145,104,
100,44,55,97,85,37,1,1,1,1,1,1,197,221,
50,17,27,81,41,12,1,1,1,1,1,1,131,97,
74,99,86,35,42,36,1,1,1,1,1,1,185,187,
59,76,34,61,63,71,1,1,1,1,1,1,147,217,
36,58,30,10,18,1,1,1,1,1,1,1,94,59,1
86,78,71,26,16,54,1,1,1,1,1,1,164,167,
73,99,48,10,36,31,1,1,1,1,1,1,172,125,
92,7,56,43,86,80,1,1,1,1,1,1,178,186,
92,89,34,41,11,33,1,1,1,1,1,1,181,119,1
87,30,95,33,2,40,1,1,1,1,1,1,182,105,1
72,55,56,58,82,38,1,1,1,1,1,1,154,207,
10,19,65,75,59,68,1,1,1,1,1,1,143,153,
74,6,38,37,15,65,1,1,1,1,1,1,139,96,
49,19,66,6,63,29,1,1,1,1,1,1,129,103,
85,95,26,31,88,12,1,1,1,1,1,1,183,154,
94,89,2,47,65,67,1,1,1,1,1,1,183,181,
95,76,52,32,64,24,1,1,1,1,1,1,171,172,
28,8,19,26,73,61,1,1,1,1,1,1,134,81,1
73,3,42,16,21,46,1,1,1,1,1,1,119,82,
14,22,49,41,18,3,1,1,1,1,1,1,90,57,1
26,20,6,88,45,99,1,1,1,1,1,1,187,97,1
28,45,91,30,56,6,1,1,1,1,1,1,147,109,
42,72,87,100,17,14,1,1,1,1,1,1,187,145,
74,35,1,52,80,17,1,1,1,1,1,1,154,105,
40,71,59,26,49,93,1,1,1,1,1,1,164,174,
28,97,38,74,49,33,1,1,1,1,1,1,171,148,
28,67,65,43,18,22,1,1,1,1,1,1,132,111,
55,43,76,38,88,32,1,1,1,1,1,1,164,168,
10,76,4,37,93,14,1,1,1,1,1,1,169,65,1
23,68,54,100,36,81,1,1,1,1,1,1,181,181,
39,70,31,98,95,53,1,1,1,1,1,1,193,193,
96,47,88,65,44,24,1,1,1,1,1,1,184,180,
29,21,53,69,92,93,1,1,1,1,1,1,185,172,
18,32,4,89,42,23,1,1,1,1,1,1,131,77,1
100,25,47,42,32,38,1,1,1,1,1,1,147,137,
12,4,43,88,58,11,1,1,1,1,1,1,146,70,1
91,73,19,13,64,46,1,1,1,1,1,1,164,142,
88,63,75,83,38,52,1,1,1,1,1,1,171,228,
5,32,55,20,72,22,1,1,1,1,1,1,127,79,1
70,1,89,19,87,79,1,1,1,1,1,1,176,169,
39,24,12,33,63,51,1,1,1,1,1,1,114,108,
54,81,100,22,59,18,1,1,1,1,1,1,181,153,
64,72,100,42,99,96,1,1,1,1,1,1,199,274,
77,67,50,88,74,38,1,1,1,1,1,1,165,229,
62,42,38,8,74,57,1,1,1,1,1,1,136,145,
27,100,39,23,95,70,1,1,1,1,1,1,195,159,
6,32,17,76,66,43,1,1,1,1,1,1,142,98,
27,20,53,7,37,99,1,1,1,1,1,1,152,91,1
25,36,2,9,30,6,1,1,1,1,1,1,66,42,1
49,21,57,8,60,26,1,1,1,1,1,1,117,104,
86,15,89,81,82,23,1,1,1,1,1,1,175,201,
9,13,17,77,42,31,1,1,1,1,1,1,119,70,1
58,46,30,61,2,54,1,1,1,1,1,1,119,132,
34,63,83,23,13,18,1,1,1,1,1,1,146,88,1
42,30,21,45,59,49,1,1,1,1,1,1,108,138,
74,20,3,22,88,34,1,1,1,1,1,1,162,79,1
84,88,20,91,62,22,1,1,1,1,1,1,179,188,
48,89,56,4,73,68,1,1,1,1,1,1,162,176,
78,5,25,34,74,28,1,1,1,1,1,1,152,92,1
40,18,59,2,46,51,1,1,1,1,1,1,110,106,
37,25,16,59,99,68,1,1,1,1,1,1,167,137,
56,42,67,90,74,39,1,1,1,1,1,1,164,204,
1,79,96,17,78,46,1,1,1,1,1,1,175,142,
89,95,27,15,30,97,1,1,1,1,1,1,192,161,
43,32,49,38,61,48,1,1,1,1,1,1,110,161,
7,17,60,48,97,61,1,1,1,1,1,1,158,132,
16,54,40,58,64,11,1,1,1,1,1,1,122,121,
78,10,64,16,87,22,1,1,1,1,1,1,165,112,
30,51,40,27,39,65,1,1,1,1,1,1,116,136,
41,4,58,7,85,36,1,1,1,1,1,1,143,88,1
94,5,3,18,77,73,1,1,1,1,1,1,171,99,1
86,83,37,23,72,63,1,1,1,1,1,1,169,195,
27,100,60,89,44,81,1,1,1,1,1,1,189,212,
41,64,68,15,45,38,1,1,1,1,1,1,132,139,
12,34,80,62,9,5,1,1,1,1,1,1,142,60,1
51,95,87,8,44,86,1,1,1,1,1,1,182,189,
66,35,5,55,25,13,1,1,1,1,1,1,121,78,1
65,30,34,58,33,45,1,1,1,1,1,1,123,142,
65,26,39,85,81,63,1,1,1,1,1,1,166,193,
82,90,72,79,68,32,1,1,1,1,1,1,172,251,
15,88,61,37,32,28,1,1,1,1,1,1,149,112,
88,51,50,52,54,83,1,1,1,1,1,1,171,207,
84,3,15,82,85,39,1,1,1,1,1,1,169,139,
30,19,34,75,59,13,1,1,1,1,1,1,134,96,
46,67,40,59,100,8,1,1,1,1,1,1,167,153,
61,83,20,72,28,60,1,1,1,1,1,1,155,169,
98,39,25,31,76,46,1,1,1,1,1,1,174,141,
10,2,28,73,43,49,1,1,1,1,1,1,122,83,
79,63,1,51,17,28,1,1,1,1,1,1,142,97,
77,8,30,23,18,82,1,1,1,1,1,1,159,79,1
5,18,84,40,62,78,1,1,1,1,1,1,162,125,
25,58,20,46,44,16,1,1,1,1,1,1,104,105,
84,4,57,60,35,14,1,1,1,1,1,1,144,110,
100,83,47,96,87,95,1,1,1,1,1,1,196,312,
68,69,80,67,56,53,1,1,1,1,1,1,149,244,
65,39,7,9,91,57,1,1,1,1,1,1,156,112,
62,56,87,94,22,88,1,1,1,1,1,1,182,227,
89,18,7,42,8,24,1,1,1,1,1,1,131,57,1
54,36,68,89,83,27,1,1,1,1,1,1,172,185,
62,31,47,36,26,41,1,1,1,1,1,1,109,134,
37,72,89,100,68,73,1,1,1,1,1,1,189,250,
93,37,18,44,53,12,1,1,1,1,1,1,146,111,
34,60,22,69,54,77,1,1,1,1,1,1,146,170,
25,46,8,12,51,48,1,1,1,1,1,1,99,91,
31,73,30,68,38,63,1,1,1,1,1,1,141,162,
20,38,11,6,91,47,1,1,1,1,1,1,138,75,1
23,81,9,30,45,52,1,1,1,1,1,1,133,107,
31,64,19,17,58,46,1,1,1,1,1,1,122,113,
96,36,63,80,32,1,1,1,1,1,1,1,176,132,
47,81,19,20,9,96,1,1,1,1,1,1,177,95,1
87,51,66,91,59,10,1,1,1,1,1,1,178,186,
56,86,73,70,57,92,1,1,1,1,1,1,178,256,
88,65,38,97,93,28,1,1,1,1,1,1,190,219,
8,77,24,31,80,65,1,1,1,1,1,1,157,128,
96,17,28,69,48,11,1,1,1,1,1,1,165,104,1
100,40,44,5,31,86,1,1,1,1,1,1,186,120,1
41,88,72,1,4,69,1,1,1,1,1,1,160,115,
2,17,1,7,57,50,1,1,1,1,1,1,107,27,1
41,50,44,71,12,89,1,1,1,1,1,1,160,147,
100,19,75,27,40,48,1,1,1,1,1,1,175,134,
91,9,16,40,92,18,1,1,1,1,1,1,183,83,1
48,7,32,68,96,13,1,1,1,1,1,1,164,100,1
80,45,41,36,42,84,1,1,1,1,1,1,164,164,
56,79,22,86,32,31,1,1,1,1,1,1,165,141,
65,83,48,94,50,17,1,1,1,1,1,1,177,180,
46,11,89,100,27,39,1,1,1,1,1,1,189,123,1
38,28,88,52,57,99,1,1,1,1,1,1,187,175,
80,52,71,59,74,47,1,1,1,1,1,1,154,229,
58,35,48,59,25,43,1,1,1,1,1,1,117,151,
27,72,24,30,5,75,1,1,1,1,1,1,147,86,1
64,79,85,72,34,11,1,1,1,1,1,1,164,181,
16,35,32,98,27,79,1,1,1,1,1,1,177,110,1
85,59,14,66,12,56,1,1,1,1,1,1,151,141,
77,72,57,6,3,92,1,1,1,1,1,1,169,138,
63,21,17,41,10,38,1,1,1,1,1,1,104,86,
47,90,78,3,81,35,1,1,1,1,1,1,171,163,
76,3,46,86,28,96,1,1,1,1,1,1,182,153,
53,39,93,3,61,98,1,1,1,1,1,1,191,156,
75,38,1,36,94,58,1,1,1,1,1,1,169,133,
32,90,23,45,24,73,1,1,1,1,1,1,163,124,
23,46,21,71,77,86,1,1,1,1,1,1,163,161,
92,82,79,85,99,29,1,1,1,1,1,1,191,275,
80,86,70,75,41,58,1,1,1,1,1,1,166,244,
77,96,23,22,74,54,1,1,1,1,1,1,173,173,
53,57,38,49,27,9,1,1,1,1,1,1,110,123,
44,76,40,100,7,69,1,1,1,1,1,1,176,160,
25,17,36,2,3,94,1,1,1,1,1,1,130,47,1
89,60,36,70,48,55,1,1,1,1,1,1,159,199,
15,89,9,19,59,97,1,1,1,1,1,1,186,102,1
68,50,42,15,76,61,1,1,1,1,1,1,144,168,
50,62,27,98,68,81,1,1,1,1,1,1,179,207,
67,25,96,55,88,90,1,1,1,1,1,1,186,235,
24,6,91,7,100,17,1,1,1,1,1,1,191,54,1
66,94,76,71,53,20,1,1,1,1,1,1,170,210,
75,55,42,9,94,82,1,1,1,1,1,1,176,181,
80,27,17,83,23,7,1,1,1,1,1,1,163,74,1
70,50,34,16,6,65,1,1,1,1,1,1,135,106,
99,87,5,66,68,77,1,1,1,1,1,1,186,216,
36,59,30,55,4,14,1,1,1,1,1,1,114,84,
28,29,88,57,12,66,1,1,1,1,1,1,154,126,
78,77,66,11,94,54,1,1,1,1,1,1,172,208,
11,22,17,99,58,36,1,1,1,1,1,1,157,86,1
51,58,31,47,40,49,1,1,1,1,1,1,109,167,
98,47,67,61,76,95,1,1,1,1,1,1,193,251,
57,88,64,20,53,96,1,1,1,1,1,1,184,194,
12,85,90,97,67,59,1,1,1,1,1,1,187,223,
32,44,46,67,45,41,1,1,1,1,1,1,113,162,
1,24,32,53,86,50,1,1,1,1,1,1,139,107,
46,23,52,95,8,5,1,1,1,1,1,1,147,82,1
76,62,52,19,93,26,1,1,1,1,1,1,169,159,
65,16,6,43,25,36,1,1,1,1,1,1,108,83,
33,69,3,100,86,11,1,1,1,1,1,1,186,116,1
54,68,91,4,66,61,1,1,1,1,1,1,159,185,
43,34,40,16,36,29,1,1,1,1,1,1,83,115,
53,24,91,5,67,93,1,1,1,1,1,1,184,149,
73,13,68,57,31,35,1,1,1,1,1,1,141,136,
2,72,5,62,40,10,1,1,1,1,1,1,134,57,1
66,80,73,60,87,23,1,1,1,1,1,1,167,222,
54,21,33,31,52,63,1,1,1,1,1,1,117,137,
53,78,77,1,47,30,1,1,1,1,1,1,155,131,
65,70,48,82,45,20,1,1,1,1,1,1,152,178,
4,88,95,80,23,6,1,1,1,1,1,1,183,113,1
98,78,56,39,3,7,1,1,1,1,1,1,176,105,1
98,66,15,33,72,69,1,1,1,1,1,1,170,183,
24,80,40,19,43,66,1,1,1,1,1,1,146,126,
18,96,6,30,23,87,1,1,1,1,1,1,183,77,1
81,45,84,57,49,15,1,1,1,1,1,1,165,166,
65,11,28,32,80,30,1,1,1,1,1,1,145,101,
42,38,43,29,65,9,1,1,1,1,1,1,108,118,
72,71,95,16,83,99,1,1,1,1,1,1,194,242,
65,89,68,64,85,55,1,1,1,1,1,1,174,252,
43,91,46,77,94,4,1,1,1,1,1,1,185,170,
5,49,27,44,50,6,1,1,1,1,1,1,99,82,
45,91,98,39,61,34,1,1,1,1,1,1,189,179,
11,52,61,18,84,87,1,1,1,1,1,1,171,142,
3,76,30,61,20,90,1,1,1,1,1,1,166,114,
79,56,43,26,21,20,1,1,1,1,1,1,135,110,
15,68,67,5,50,54,1,1,1,1,1,1,135,124,
65,49,16,11,90,88,1,1,1,1,1,1,178,141,
4,48,19,73,86,83,1,1,1,1,1,1,169,144,
77,36,38,70,65,74,1,1,1,1,1,1,151,209,
40,68,6,28,80,5,1,1,1,1,1,1,148,79,1
14,94,88,12,20,49,1,1,1,1,1,1,182,95,1
36,7,57,96,37,5,1,1,1,1,1,1,153,85,1
33,92,24,57,77,58,1,1,1,1,1,1,169,172,
58,1,92,62,28,14,1,1,1,1,1,1,154,101,1
22,33,5,65,16,25,1,1,1,1,1,1,98,68,
62,27,25,61,10,97,1,1,1,1,1,1,159,123,
52,85,31,25,63,60,1,1,1,1,1,1,148,168,
53,84,6,71,48,67,1,1,1,1,1,1,155,174,
88,83,30,51,94,56,1,1,1,1,1,1,182,220,
65,62,54,99,79,21,1,1,1,1,1,1,178,202,
65,80,25,87,67,5,1,1,1,1,1,1,167,162,
55,43,24,8,96,9,1,1,1,1,1,1,151,84,1
20,36,63,3,10,100,1,1,1,1,1,1,163,69,1
17,81,6,22,98,68,1,1,1,1,1,1,179,113,1
73,11,38,81,13,63,1,1,1,1,1,1,154,125,
79,8,69,10,90,9,1,1,1,1,1,1,169,96,1
23,28,87,97,5,82,1,1,1,1,1,1,184,138,
52,36,50,86,46,61,1,1,1,1,1,1,147,184,
36,85,78,26,6,56,1,1,1,1,1,1,163,124,
36,5,1,26,19,69,1,1,1,1,1,1,105,51,1
29,32,84,76,35,52,1,1,1,1,1,1,160,148,
73,26,6,51,8,93,1,1,1,1,1,1,166,91,1
94,95,78,50,35,65,1,1,1,1,1,1,189,228,
19,47,84,95,46,68,1,1,1,1,1,1,179,180,
4,92,62,28,15,69,1,1,1,1,1,1,161,109,
63,59,94,100,39,37,1,1,1,1,1,1,194,198,
24,36,56,8,31,17,1,1,1,1,1,1,92,80,
26,19,56,47,85,15,1,1,1,1,1,1,141,107,
37,60,42,47,44,71,1,1,1,1,1,1,131,170,
91,65,98,10,94,89,1,1,1,1,1,1,192,255,
25,24,67,70,60,58,1,1,1,1,1,1,137,167,
14,75,79,44,36,76,1,1,1,1,1,1,155,169,
28,6,76,31,13,42,1,1,1,1,1,1,118,78,1
69,13,35,20,59,25,1,1,1,1,1,1,128,93,
65,93,63,33,53,35,1,1,1,1,1,1,158,184,
89,73,29,25,18,62,1,1,1,1,1,1,162,134,
68,37,30,61,5,70,1,1,1,1,1,1,138,133,
65,84,64,80,37,83,1,1,1,1,1,1,167,246,
47,68,35,30,67,33,1,1,1,1,1,1,135,145,
64,95,51,43,42,72,1,1,1,1,1,1,167,200,
29,71,67,9,19,78,1,1,1,1,1,1,149,124,
81,88,65,67,5,72,1,1,1,1,1,1,169,209,
4,24,43,32,37,20,1,1,1,1,1,1,80,80,
96,35,85,17,63,33,1,1,1,1,1,1,181,148,
35,59,53,52,45,48,1,1,1,1,1,1,112,180,
16,34,72,99,12,7,1,1,1,1,1,1,171,69,1
9,30,5,10,87,80,1,1,1,1,1,1,167,54,1
38,68,51,55,42,40,1,1,1,1,1,1,123,171,
20,80,86,18,87,44,1,1,1,1,1,1,173,162,
42,63,73,24,71,44,1,1,1,1,1,1,144,173,
5,64,12,20,47,30,1,1,1,1,1,1,111,67,1
61,35,73,89,92,7,1,1,1,1,1,1,181,176,
44,10,76,97,91,21,1,1,1,1,1,1,188,151,
97,75,17,54,44,68,1,1,1,1,1,1,172,183,
54,85,68,2,28,22,1,1,1,1,1,1,153,106,
63,74,46,93,10,40,1,1,1,1,1,1,167,159,
55,46,1,2,83,6,1,1,1,1,1,1,138,55,1
62,81,53,46,58,22,1,1,1,1,1,1,143,179,
52,97,26,28,68,78,1,1,1,1,1,1,175,174,
10,1,97,81,91,2,1,1,1,1,1,1,188,94,1
31,23,15,44,50,77,1,1,1,1,1,1,127,113,
1,93,84,40,75,99,1,1,1,1,1,1,192,200,
6,65,41,51,62,43,1,1,1,1,1,1,127,141,
78,35,2,4,91,72,1,1,1,1,1,1,169,113,
99,27,4,8,97,17,1,1,1,1,1,1,196,56,1
42,41,24,50,3,76,1,1,1,1,1,1,126,110,
96,56,93,45,52,31,1,1,1,1,1,1,189,184,
89,58,80,27,4,69,1,1,1,1,1,1,169,158,
64,33,57,59,31,84,1,1,1,1,1,1,148,180,
42,68,76,58,92,66,1,1,1,1,1,1,168,234,
7,83,14,86,5,44,1,1,1,1,1,1,169,70,1
61,8,38,13,60,28,1,1,1,1,1,1,121,87,
63,52,7,18,24,49,1,1,1,1,1,1,115,98,
39,98,3,60,15,95,1,1,1,1,1,1,193,117,1
55,66,11,83,63,28,1,1,1,1,1,1,149,157,
98,90,35,86,61,53,1,1,1,1,1,1,188,235,
16,100,31,18,72,56,1,1,1,1,1,1,172,121,
7,57,14,24,90,93,1,1,1,1,1,1,183,102,1
57,47,28,86,20,17,1,1,1,1,1,1,143,112,
54,42,21,46,17,30,1,1,1,1,1,1,100,110,
22,65,7,35,99,26,1,1,1,1,1,1,164,90,1
99,45,14,81,33,48,1,1,1,1,1,1,180,140,
62,98,80,10,83,94,1,1,1,1,1,1,192,235,
9,88,16,31,30,8,1,1,1,1,1,1,119,63,1
57,49,5,75,38,13,1,1,1,1,1,1,132,105,
71,81,80,14,85,39,1,1,1,1,1,1,166,204,
51,58,50,92,99,30,1,1,1,1,1,1,191,189,
13,37,56,2,22,43,1,1,1,1,1,1,99,74,
86,21,6,5,100,79,1,1,1,1,1,1,186,111,1
50,65,100,64,70,28,1,1,1,1,1,1,170,207,
69,76,81,93,75,67,1,1,1,1,1,1,174,287,
94,69,89,51,55,46,1,1,1,1,1,1,183,221,
7,43,73,70,59,42,1,1,1,1,1,1,143,151,
9,51,23,72,25,85,1,1,1,1,1,1,157,108,
26,16,56,94,34,33,1,1,1,1,1,1,150,109,
23,30,85,46,62,37,1,1,1,1,1,1,147,136,
74,37,57,71,46,32,1,1,1,1,1,1,145,172,
59,57,12,53,61,94,1,1,1,1,1,1,155,181,
49,48,79,80,99,85,1,1,1,1,1,1,184,256,
19,13,37,88,60,31,1,1,1,1,1,1,148,100,
61,16,8,4,56,9,1,1,1,1,1,1,117,37,1
86,81,91,39,32,16,1,1,1,1,1,1,177,168,
35,44,30,41,3,47,1,1,1,1,1,1,91,109,
52,50,59,85,31,83,1,1,1,1,1,1,168,192,
33,60,19,93,54,7,1,1,1,1,1,1,153,113,
52,78,65,12,66,81,1,1,1,1,1,1,159,195,
67,61,86,77,32,7,1,1,1,1,1,1,163,167,
84,20,33,56,40,47,1,1,1,1,1,1,140,140,
99,53,36,33,11,76,1,1,1,1,1,1,175,133,
6,87,34,5,67,88,1,1,1,1,1,1,175,112,1
70,96,16,83,37,85,1,1,1,1,1,1,181,206,
76,81,14,86,18,70,1,1,1,1,1,1,167,178,
10,1,99,18,44,34,1,1,1,1,1,1,143,63,1
42,82,65,98,64,19,1,1,1,1,1,1,180,190,
4,90,91,73,89,81,1,1,1,1,1,1,181,247,
61,40,59,31,38,73,1,1,1,1,1,1,134,168,
14,37,43,69,95,25,1,1,1,1,1,1,164,119,
3,78,75,89,74,61,1,1,1,1,1,1,167,213,
12,15,83,82,39,43,1,1,1,1,1,1,165,109,1
52,100,58,19,71,15,1,1,1,1,1,1,171,144,
38,48,59,34,9,73,1,1,1,1,1,1,132,129,
95,11,32,43,4,91,1,1,1,1,1,1,186,90,1
48,26,20,78,54,71,1,1,1,1,1,1,149,148,
96,85,22,20,78,28,1,1,1,1,1,1,181,148,
15,27,1,22,43,46,1,1,1,1,1,1,89,65,
43,6,56,39,74,40,1,1,1,1,1,1,130,128,
77,24,93,66,79,91,1,1,1,1,1,1,184,246,
17,8,64,67,95,79,1,1,1,1,1,1,174,156,
84,9,88,96,55,61,1,1,1,1,1,1,184,209,
36,95,92,90,79,2,1,1,1,1,1,1,187,207,
1,49,83,35,87,66,1,1,1,1,1,1,170,151,
77,44,6,32,60,95,1,1,1,1,1,1,172,142,
91,37,100,84,63,2,1,1,1,1,1,1,191,186,
46,72,80,26,63,94,1,1,1,1,1,1,174,207,
65,17,58,30,67,60,1,1,1,1,1,1,132,165,
94,74,31,65,90,98,1,1,1,1,1,1,192,260,
17,67,44,35,16,52,1,1,1,1,1,1,119,112,
73,48,65,46,43,16,1,1,1,1,1,1,138,153,
52,57,69,6,35,74,1,1,1,1,1,1,143,150,
44,39,17,40,28,38,1,1,1,1,1,1,84,122,
46,36,44,68,14,66,1,1,1,1,1,1,134,140,
58,33,29,68,70,4,1,1,1,1,1,1,138,124,
88,14,68,29,19,53,1,1,1,1,1,1,156,115,
34,18,90,31,21,63,1,1,1,1,1,1,153,104,
76,17,53,45,93,18,1,1,1,1,1,1,169,133,
10,95,8,6,92,12,1,1,1,1,1,1,187,36,1
46,79,36,78,100,91,1,1,1,1,1,1,191,239,
18,8,88,99,92,46,1,1,1,1,1,1,191,160,
2,61,45,12,18,34,1,1,1,1,1,1,106,66,1
65,15,64,72,28,43,1,1,1,1,1,1,137,150,
92,86,48,28,15,52,1,1,1,1,1,1,178,143,
45,25,93,48,31,5,1,1,1,1,1,1,141,106,
22,97,56,53,3,11,1,1,1,1,1,1,153,89,1
2,40,74,10,90,63,1,1,1,1,1,1,164,115,
85,65,27,62,87,78,1,1,1,1,1,1,172,232,
94,90,38,22,33,69,1,1,1,1,1,1,184,162,
91,49,3,9,22,7,1,1,1,1,1,1,140,41,1
86,64,38,6,78,100,1,1,1,1,1,1,186,186,
9,77,20,61,88,51,1,1,1,1,1,1,165,141,
86,40,6,4,99,10,1,1,1,1,1,1,185,60,1
61,4,12,94,54,33,1,1,1,1,1,1,155,103,1
59,8,62,53,31,84,1,1,1,1,1,1,146,151,
31,79,15,55,2,83,1,1,1,1,1,1,162,103,1
78,40,7,13,90,46,1,1,1,1,1,1,168,106,1
79,93,2,91,10,9,1,1,1,1,1,1,184,100,1
69,3,36,9,2,48,1,1,1,1,1,1,117,50,1
39,46,74,16,77,18,1,1,1,1,1,1,151,119,
21,58,22,39,29,67,1,1,1,1,1,1,125,111,
32,50,64,61,93,22,1,1,1,1,1,1,157,165,
26,69,71,75,62,78,1,1,1,1,1,1,153,228,
59,27,46,58,95,20,1,1,1,1,1,1,154,151,
43,72,67,12,16,95,1,1,1,1,1,1,167,138,
19,35,69,3,50,7,1,1,1,1,1,1,119,64,1
58,39,54,90,64,29,1,1,1,1,1,1,154,180,
30,56,69,45,9,41,1,1,1,1,1,1,125,125,
1,90,93,89,79,77,1,1,1,1,1,1,183,246,
64,92,76,61,28,51,1,1,1,1,1,1,168,204,
56,28,10,78,40,53,1,1,1,1,1,1,134,131,
20,46,49,67,79,94,1,1,1,1,1,1,173,182,
84,86,80,10,41,87,1,1,1,1,1,1,173,215,
97,93,33,57,11,90,1,1,1,1,1,1,190,191,
40,85,62,36,20,74,1,1,1,1,1,1,159,158,
79,14,23,45,63,26,1,1,1,1,1,1,142,108,
74,57,39,93,83,44,1,1,1,1,1,1,176,214,
8,48,12,53,11,73,1,1,1,1,1,1,126,79,1
10,13,22,51,5,85,1,1,1,1,1,1,136,50,1
2,84,82,83,12,80,1,1,1,1,1,1,167,176,
41,62,49,36,81,46,1,1,1,1,1,1,143,172,
83,14,49,32,1,66,1,1,1,1,1,1,149,96,1
52,46,51,45,41,77,1,1,1,1,1,1,129,183,
7,66,95,31,86,62,1,1,1,1,1,1,181,166,
76,1,11,10,70,89,1,1,1,1,1,1,165,92,1
96,54,99,83,94,20,1,1,1,1,1,1,195,251,
39,58,52,25,15,76,1,1,1,1,1,1,134,131,
37,43,53,85,54,100,1,1,1,1,1,1,185,187,
99,61,53,65,80,18,1,1,1,1,1,1,179,197,
52,15,41,67,39,91,1,1,1,1,1,1,158,147,
82,88,10,32,44,23,1,1,1,1,1,1,170,109,1
9,68,64,15,6,69,1,1,1,1,1,1,137,94,
6,52,73,37,38,100,1,1,1,1,1,1,173,133,
8,32,64,66,9,45,1,1,1,1,1,1,130,94,
67,28,56,93,29,34,1,1,1,1,1,1,160,147,
38,20,29,49,57,50,1,1,1,1,1,1,107,136,
38,23,74,33,99,5,1,1,1,1,1,1,173,99,1
23,36,91,13,58,86,1,1,1,1,1,1,177,130,
79,63,82,27,64,59,1,1,1,1,1,1,161,213,
32,35,88,96,59,4,1,1,1,1,1,1,184,130,
27,77,79,46,51,8,1,1,1,1,1,1,156,132,
46,79,71,81,32,11,1,1,1,1,1,1,160,160,
61,65,71,89,1,18,1,1,1,1,1,1,160,145,
53,44,59,50,85,54,1,1,1,1,1,1,144,201,
80,52,4,15,91,56,1,1,1,1,1,1,171,127,
63,93,68,39,12,11,1,1,1,1,1,1,161,125,
94,88,69,37,96,40,1,1,1,1,1,1,190,234,
83,27,87,37,40,12,1,1,1,1,1,1,170,116,
20,29,93,84,86,57,1,1,1,1,1,1,179,190,
31,74,21,71,59,77,1,1,1,1,1,1,151,182,
48,82,12,18,41,78,1,1,1,1,1,1,160,119,
25,87,91,79,78,93,1,1,1,1,1,1,184,269,
64,62,39,56,78,89,1,1,1,1,1,1,167,221,
85,42,99,72,36,94,1,1,1,1,1,1,193,235,
54,21,7,15,91,67,1,1,1,1,1,1,158,97,1
93,41,66,1,55,76,1,1,1,1,1,1,169,163,
8,38,52,57,17,30,1,1,1,1,1,1,109,93,
66,38,70,10,15,78,1,1,1,1,1,1,148,129,
94,80,66,69,20,57,1,1,1,1,1,1,174,212,
8,80,69,42,87,65,1,1,1,1,1,1,167,184,
40,24,74,100,42,22,1,1,1,1,1,1,174,128,
37,78,39,16,89,81,1,1,1,1,1,1,170,170,
44,95,77,42,78,98,1,1,1,1,1,1,193,241,
72,80,33,32,53,15,1,1,1,1,1,1,152,133,
30,52,57,98,41,2,1,1,1,1,1,1,155,125,
52,51,81,40,28,96,1,1,1,1,1,1,177,171,
31,75,12,40,89,32,1,1,1,1,1,1,164,115,
70,84,67,15,64,46,1,1,1,1,1,1,154,192,
36,35,75,69,81,34,1,1,1,1,1,1,156,174,
98,80,54,11,52,43,1,1,1,1,1,1,178,160,
32,9,4,38,15,47,1,1,1,1,1,1,85,60,
22,39,61,52,88,98,1,1,1,1,1,1,186,174,
9,72,99,87,30,98,1,1,1,1,1,1,197,198,
11,61,8,93,90,17,1,1,1,1,1,1,183,97,1
25,22,91,88,94,84,1,1,1,1,1,1,185,219,
22,66,2,31,52,86,1,1,1,1,1,1,152,107,
98,25,1,13,20,85,1,1,1,1,1,1,183,59,1
13,46,45,67,57,2,1,1,1,1,1,1,124,106,
45,77,51,86,8,11,1,1,1,1,1,1,163,115,
70,77,89,60,40,68,1,1,1,1,1,1,166,238,
87,4,15,32,30,26,1,1,1,1,1,1,119,75,1
8,53,11,94,7,55,1,1,1,1,1,1,149,79,1
61,20,36,46,18,60,1,1,1,1,1,1,121,120,
32,58,84,96,12,4,1,1,1,1,1,1,180,106,1
8,57,92,29,4,20,1,1,1,1,1,1,149,61,1
1,18,46,88,75,11,1,1,1,1,1,1,163,76,1
25,76,19,67,55,64,1,1,1,1,1,1,143,163,
72,59,28,35,9,77,1,1,1,1,1,1,149,131,
44,40,3,69,1,21,1,1,1,1,1,1,113,65,1
71,31,7,89,22,70,1,1,1,1,1,1,160,130,
67,15,95,41,57,26,1,1,1,1,1,1,162,139,
30,100,60,55,64,9,1,1,1,1,1,1,164,154,
7,84,67,1,71,34,1,1,1,1,1,1,155,109,
53,95,74,20,91,54,1,1,1,1,1,1,186,201,
39,99,20,75,86,29,1,1,1,1,1,1,185,163,
26,33,85,64,77,86,1,1,1,1,1,1,171,200,
81,49,25,54,14,23,1,1,1,1,1,1,135,111,
42,59,63,93,70,25,1,1,1,1,1,1,163,189,
89,40,38,92,77,57,1,1,1,1,1,1,181,212,
77,9,86,60,78,36,1,1,1,1,1,1,164,182,
78,49,30,80,38,70,1,1,1,1,1,1,158,187,
82,53,66,57,30,4,1,1,1,1,1,1,148,144,
87,54,80,46,50,14,1,1,1,1,1,1,167,164,
100,7,71,80,60,2,1,1,1,1,1,1,180,140,
84,20,93,41,1,58,1,1,1,1,1,1,177,120,
75,52,99,20,86,69,1,1,1,1,1,1,185,216,
29,4,90,77,1,7,1,1,1,1,1,1,167,41,1
25,29,99,2,60,45,1,1,1,1,1,1,159,101,1
36,28,24,43,75,81,1,1,1,1,1,1,156,131,
31,90,52,14,35,87,1,1,1,1,1,1,177,132,
66,15,27,11,13,28,1,1,1,1,1,1,94,66,
84,69,72,56,51,45,1,1,1,1,1,1,156,221,
28,93,68,76,21,75,1,1,1,1,1,1,169,192,
54,36,22,9,37,24,1,1,1,1,1,1,91,91,
92,95,64,40,48,86,1,1,1,1,1,1,187,238,
89,21,19,50,26,53,1,1,1,1,1,1,142,116,
86,63,46,93,17,52,1,1,1,1,1,1,179,178,
87,82,4,61,19,1,1,1,1,1,1,1,169,85,1
43,76,8,82,97,16,1,1,1,1,1,1,179,143,
37,54,23,90,75,52,1,1,1,1,1,1,165,166,
37,30,49,44,62,81,1,1,1,1,1,1,143,160,
23,50,62,13,1,5,1,1,1,1,1,1,112,42,1
57,20,95,100,5,39,1,1,1,1,1,1,195,121,1
25,44,55,27,26,68,1,1,1,1,1,1,123,122,
66,33,9,38,68,99,1,1,1,1,1,1,167,146,
74,84,26,28,59,10,1,1,1,1,1,1,158,123,
25,11,5,48,1,62,1,1,1,1,1,1,110,42,1
40,49,39,91,89,66,1,1,1,1,1,1,180,194,
31,54,41,57,19,93,1,1,1,1,1,1,150,145,
91,32,6,56,77,75,1,1,1,1,1,1,168,169,
46,33,99,98,73,83,1,1,1,1,1,1,197,235,
34,74,79,56,55,87,1,1,1,1,1,1,166,219,
5,83,100,98,24,16,1,1,1,1,1,1,198,128,1
95,7,94,56,69,34,1,1,1,1,1,1,189,166,
83,5,53,75,42,59,1,1,1,1,1,1,158,159,
84,47,71,35,24,29,1,1,1,1,1,1,155,135,
66,87,54,36,77,52,1,1,1,1,1,1,164,208,
71,37,17,13,56,39,1,1,1,1,1,1,127,106,
90,72,78,84,23,2,1,1,1,1,1,1,174,175,
13,33,81,25,22,72,1,1,1,1,1,1,153,93,1
24,40,57,48,87,67,1,1,1,1,1,1,154,169,
3,97,61,74,54,67,1,1,1,1,1,1,171,185,
11,95,74,99,83,16,1,1,1,1,1,1,194,184,
28,24,2,81,89,42,1,1,1,1,1,1,170,96,1
5,14,41,7,74,87,1,1,1,1,1,1,161,67,1
73,54,14,92,30,69,1,1,1,1,1,1,165,167,
100,74,13,78,65,95,1,1,1,1,1,1,195,230,
13,4,7,72,58,36,1,1,1,1,1,1,130,60,1
67,57,4,10,19,41,1,1,1,1,1,1,124,74,1
35,55,87,94,68,42,1,1,1,1,1,1,181,200,
46,57,66,84,20,98,1,1,1,1,1,1,182,189,
77,93,66,15,24,88,1,1,1,1,1,1,181,182,
13,35,19,27,95,55,1,1,1,1,1,1,150,94,1
46,41,48,12,72,44,1,1,1,1,1,1,120,143,
16,61,54,33,14,85,1,1,1,1,1,1,146,117,
75,42,90,88,99,73,1,1,1,1,1,1,189,278,
88,63,89,38,39,99,1,1,1,1,1,1,188,228,
35,24,38,89,93,16,1,1,1,1,1,1,182,113,1
83,50,66,71,95,25,1,1,1,1,1,1,178,212,
82,53,14,15,38,87,1,1,1,1,1,1,169,120,
98,15,75,80,33,2,1,1,1,1,1,1,178,125,
40,74,6,100,23,19,1,1,1,1,1,1,174,88,1
42,55,24,45,76,18,1,1,1,1,1,1,131,129,
28,3,67,95,56,18,1,1,1,1,1,1,162,105,1
74,40,42,54,96,71,1,1,1,1,1,1,170,207,
60,7,63,1,17,86,1,1,1,1,1,1,149,85,1
100,58,32,29,89,90,1,1,1,1,1,1,190,208,
44,51,80,17,14,21,1,1,1,1,1,1,131,96,
21,86,5,30,63,81,1,1,1,1,1,1,167,119,
64,3,60,48,78,7,1,1,1,1,1,1,142,118,
24,36,46,6,31,27,1,1,1,1,1,1,82,88,
39,44,66,99,100,52,1,1,1,1,1,1,199,201,
54,2,19,94,73,30,1,1,1,1,1,1,167,105,1
26,17,74,7,19,75,1,1,1,1,1,1,149,69,1
37,52,36,54,66,58,1,1,1,1,1,1,124,179,
3,7,14,63,52,9,1,1,1,1,1,1,115,33,1
45,37,76,13,38,35,1,1,1,1,1,1,121,123,
1,83,36,100,78,67,1,1,1,1,1,1,183,182,
92,30,67,16,18,79,1,1,1,1,1,1,171,131,
99,66,56,22,79,60,1,1,1,1,1,1,178,204,
48,96,84,5,14,33,1,1,1,1,1,1,180,100,1
93,7,76,37,32,33,1,1,1,1,1,1,169,109,1
5,32,49,29,61,78,1,1,1,1,1,1,139,115,
36,66,80,56,42,41,1,1,1,1,1,1,146,175,
18,39,88,26,14,37,1,1,1,1,1,1,127,95,
65,4,73,71,91,70,1,1,1,1,1,1,164,210,
94,100,21,53,99,77,1,1,1,1,1,1,199,245,
29,76,34,17,77,98,1,1,1,1,1,1,175,156,
35,13,93,22,25,70,1,1,1,1,1,1,163,95,1
13,72,44,61,64,93,1,1,1,1,1,1,165,182,
5,62,100,43,15,81,1,1,1,1,1,1,181,125,
2,55,99,31,87,18,1,1,1,1,1,1,186,106,1
82,44,49,11,41,100,1,1,1,1,1,1,182,145,
69,20,61,2,68,16,1,1,1,1,1,1,137,99,
97,49,38,70,67,66,1,1,1,1,1,1,167,220,
16,63,45,38,77,59,1,1,1,1,1,1,140,158,
28,88,43,36,48,76,1,1,1,1,1,1,164,155,
24,11,33,79,89,65,1,1,1,1,1,1,168,133,
99,9,94,59,71,26,1,1,1,1,1,1,193,165,
72,100,61,39,85,63,1,1,1,1,1,1,185,235,
3,42,49,55,31,17,1,1,1,1,1,1,104,93,
39,79,10,74,37,14,1,1,1,1,1,1,153,100,1
83,25,51,84,78,28,1,1,1,1,1,1,167,182,
85,14,15,66,33,29,1,1,1,1,1,1,151,91,1
72,41,90,84,76,27,1,1,1,1,1,1,174,216,
91,33,73,54,59,46,1,1,1,1,1,1,164,192,
66,42,28,72,16,54,1,1,1,1,1,1,138,140,
64,86,15,93,71,35,1,1,1,1,1,1,179,185,
21,56,66,91,41,18,1,1,1,1,1,1,157,136,
64,96,33,38,14,18,1,1,1,1,1,1,160,103,1
61,84,68,3,24,98,1,1,1,1,1,1,182,156,
22,14,88,29,21,67,1,1,1,1,1,1,155,86,1
96,37,86,82,49,69,1,1,1,1,1,1,182,237,
92,13,94,29,65,84,1,1,1,1,1,1,186,191,
93,29,94,45,39,32,1,1,1,1,1,1,187,145,
40,58,34,7,69,66,1,1,1,1,1,1,135,139,
8,39,93,98,15,29,1,1,1,1,1,1,191,91,1
26,47,6,96,13,100,1,1,1,1,1,1,196,92,1
63,62,67,98,5,1,1,1,1,1,1,1,165,131,
80,13,67,53,21,11,1,1,1,1,1,1,147,98,1
11,63,1,22,20,47,1,1,1,1,1,1,110,54,1
77,40,93,92,7,76,1,1,1,1,1,1,185,200,
48,9,82,42,27,39,1,1,1,1,1,1,130,117,
81,11,21,5,14,83,1,1,1,1,1,1,164,51,1
31,84,30,10,20,27,1,1,1,1,1,1,115,87,
81,65,59,37,67,17,1,1,1,1,1,1,148,178,
61,16,58,72,57,27,1,1,1,1,1,1,133,158,
73,85,53,12,77,38,1,1,1,1,1,1,162,176,
50,13,36,59,84,55,1,1,1,1,1,1,143,154,
13,9,63,45,10,24,1,1,1,1,1,1,108,56,1
1,55,13,71,74,70,1,1,1,1,1,1,145,139,
89,13,1,25,72,64,1,1,1,1,1,1,161,103,1
95,20,90,81,98,43,1,1,1,1,1,1,193,234,
95,9,68,51,77,44,1,1,1,1,1,1,172,172,
99,39,15,70,98,89,1,1,1,1,1,1,197,213,
16,6,58,38,34,51,1,1,1,1,1,1,109,94,
11,86,91,20,60,42,1,1,1,1,1,1,177,133,
51,36,1,11,6,58,1,1,1,1,1,1,109,54,1
34,52,58,57,100,56,1,1,1,1,1,1,158,199,
11,73,45,8,74,72,1,1,1,1,1,1,147,136,
38,21,67,100,51,94,1,1,1,1,1,1,194,177,
46,40,97,28,15,36,1,1,1,1,1,1,143,119,
50,78,96,46,49,61,1,1,1,1,1,1,174,206,
82,62,16,45,92,91,1,1,1,1,1,1,183,205,
14,73,3,63,18,94,1,1,1,1,1,1,167,98,1
51,94,76,98,8,32,1,1,1,1,1,1,192,167,
63,42,73,44,77,94,1,1,1,1,1,1,171,222,
92,75,1,10,46,82,1,1,1,1,1,1,174,132,
39,35,95,26,59,83,1,1,1,1,1,1,178,159,
99,2,37,94,59,22,1,1,1,1,1,1,193,120,1
69,64,5,95,87,22,1,1,1,1,1,1,182,160,
96,30,48,16,6,81,1,1,1,1,1,1,177,100,1
74,51,15,89,40,84,1,1,1,1,1,1,173,180,
36,51,73,50,30,24,1,1,1,1,1,1,124,140,
31,15,28,53,94,78,1,1,1,1,1,1,172,127,
57,2,99,81,14,9,1,1,1,1,1,1,180,82,1
70,55,86,39,6,11,1,1,1,1,1,1,156,111,
60,21,23,61,48,1,1,1,1,1,1,1,121,93,
52,55,24,16,41,65,1,1,1,1,1,1,120,133,
38,84,12,91,59,75,1,1,1,1,1,1,175,184,
79,51,81,55,9,15,1,1,1,1,1,1,160,130,
69,58,93,54,10,56,1,1,1,1,1,1,162,178,
9,70,55,54,41,43,1,1,1,1,1,1,125,147,
52,11,28,73,69,27,1,1,1,1,1,1,142,118,
13,62,80,39,8,88,1,1,1,1,1,1,168,122,
54,87,80,63,24,30,1,1,1,1,1,1,167,171,
24,72,17,65,19,9,1,1,1,1,1,1,137,69,1
5,86,61,29,23,100,1,1,1,1,1,1,186,118,1
64,77,93,75,37,78,1,1,1,1,1,1,171,253,
98,35,75,53,72,78,1,1,1,1,1,1,176,235,
58,11,78,18,88,73,1,1,1,1,1,1,166,160,
53,83,67,42,74,90,1,1,1,1,1,1,173,236,
51,24,6,78,59,7,1,1,1,1,1,1,137,88,1
43,3,51,80,35,96,1,1,1,1,1,1,176,132,
2,5,31,26,4,64,1,1,1,1,1,1,95,37,1
61,68,79,80,42,17,1,1,1,1,1,1,159,188,
42,17,62,70,65,23,1,1,1,1,1,1,135,144,
3,88,39,48,17,70,1,1,1,1,1,1,158,107,
93,83,58,24,54,2,1,1,1,1,1,1,176,138,
24,60,82,54,78,64,1,1,1,1,1,1,160,202,
67,77,63,93,75,31,1,1,1,1,1,1,170,236,
24,65,46,87,38,25,1,1,1,1,1,1,152,133,
74,22,65,94,63,10,1,1,1,1,1,1,168,160,
68,91,16,17,38,21,1,1,1,1,1,1,159,92,1
9,15,72,56,48,69,1,1,1,1,1,1,141,128,
98,96,39,84,4,30,1,1,1,1,1,1,194,157,
40,2,1,6,12,56,1,1,1,1,1,1,96,21,1
56,39,55,61,63,15,1,1,1,1,1,1,124,165,
26,21,2,37,75,99,1,1,1,1,1,1,174,86,1
1,65,40,83,56,61,1,1,1,1,1,1,148,158,
89,78,77,84,27,21,1,1,1,1,1,1,173,203,
87,19,41,94,79,45,1,1,1,1,1,1,181,184,
88,37,64,82,95,70,1,1,1,1,1,1,183,253,
100,83,31,20,27,2,1,1,1,1,1,1,183,80,1
81,20,86,27,88,63,1,1,1,1,1,1,174,191,
18,59,42,33,65,11,1,1,1,1,1,1,124,104,
65,3,54,1,15,71,1,1,1,1,1,1,136,73,1
71,62,27,69,2,20,1,1,1,1,1,1,140,111,
78,56,54,80,18,77,1,1,1,1,1,1,158,205,
31,15,44,24,69,74,1,1,1,1,1,1,143,114,
98,29,35,24,20,50,1,1,1,1,1,1,148,108,
32,4,81,79,48,28,1,1,1,1,1,1,160,112,
14,86,77,32,41,84,1,1,1,1,1,1,170,164,
60,70,75,48,65,56,1,1,1,1,1,1,145,229,
54,22,5,27,44,64,1,1,1,1,1,1,118,98,
89,9,44,16,29,79,1,1,1,1,1,1,168,98,1
76,22,65,24,97,62,1,1,1,1,1,1,173,173,
9,90,32,31,44,80,1,1,1,1,1,1,170,116,
7,72,47,20,77,1,1,1,1,1,1,1,149,75,1
65,87,2,29,1,42,1,1,1,1,1,1,152,74,1
46,75,24,15,43,54,1,1,1,1,1,1,129,128,
94,40,21,48,61,76,1,1,1,1,1,1,170,170,
43,31,50,46,24,62,1,1,1,1,1,1,112,144,
66,63,10,64,71,84,1,1,1,1,1,1,155,203,
51,56,13,8,58,93,1,1,1,1,1,1,151,128,
89,23,52,35,97,54,1,1,1,1,1,1,186,164,
74,54,86,7,10,9,1,1,1,1,1,1,160,80,1
25,78,92,19,86,15,1,1,1,1,1,1,178,137,
99,95,92,50,67,74,1,1,1,1,1,1,194,283,
67,54,40,5,12,85,1,1,1,1,1,1,152,111,
74,78,34,66,36,47,1,1,1,1,1,1,152,183,
21,89,5,10,40,13,1,1,1,1,1,1,129,49,1
73,3,81,24,88,68,1,1,1,1,1,1,169,168,
39,19,52,82,57,83,1,1,1,1,1,1,165,167,
96,18,100,22,56,70,1,1,1,1,1,1,196,166,
95,51,12,72,90,34,1,1,1,1,1,1,185,169,
51,14,42,34,19,100,1,1,1,1,1,1,151,109,
85,29,88,15,4,90,1,1,1,1,1,1,178,133,
53,44,6,68,14,11,1,1,1,1,1,1,121,75,1
73,1,83,36,89,50,1,1,1,1,1,1,172,160,
11,42,50,95,52,99,1,1,1,1,1,1,194,155,
73,52,18,59,43,93,1,1,1,1,1,1,166,172,
43,49,56,32,34,21,1,1,1,1,1,1,105,130,
55,9,57,26,92,86,1,1,1,1,1,1,178,147,
93,64,15,7,27,25,1,1,1,1,1,1,157,74,1
1,78,80,5,90,36,1,1,1,1,1,1,170,120,
28,70,55,95,92,41,1,1,1,1,1,1,187,194,
100,22,41,72,81,63,1,1,1,1,1,1,181,198,
43,37,79,32,76,6,1,1,1,1,1,1,155,118,
30,2,12,16,57,50,1,1,1,1,1,1,107,60,1
71,22,48,92,85,58,1,1,1,1,1,1,177,199,
69,54,24,66,23,60,1,1,1,1,1,1,135,161,
45,30,79,24,33,57,1,1,1,1,1,1,136,132,
78,14,62,4,82,87,1,1,1,1,1,1,169,158,
95,62,67,100,64,25,1,1,1,1,1,1,195,218,
46,95,87,63,86,38,1,1,1,1,1,1,182,233,
41,25,17,88,52,100,1,1,1,1,1,1,188,135,
17,8,80,32,92,2,1,1,1,1,1,1,172,59,1
2,54,28,4,19,84,1,1,1,1,1,1,138,53,1
90,62,23,6,44,34,1,1,1,1,1,1,152,107,
58,49,29,50,69,30,1,1,1,1,1,1,127,158,
68,97,76,82,35,32,1,1,1,1,1,1,179,211,
91,20,71,94,84,12,1,1,1,1,1,1,185,187,
11,2,95,10,47,78,1,1,1,1,1,1,173,70,1
6,95,39,68,40,25,1,1,1,1,1,1,163,110,
21,44,67,31,39,63,1,1,1,1,1,1,130,135,
10,26,24,80,71,9,1,1,1,1,1,1,151,69,1
27,61,31,67,72,73,1,1,1,1,1,1,145,186,
40,86,55,68,46,61,1,1,1,1,1,1,154,202,
31,42,82,94,24,47,1,1,1,1,1,1,176,144,
53,11,56,32,7,93,1,1,1,1,1,1,149,103,
21,12,82,36,100,15,1,1,1,1,1,1,182,84,1
29,87,16,62,12,23,1,1,1,1,1,1,149,80,1
42,87,66,64,67,74,1,1,1,1,1,1,161,239,
40,95,45,53,81,5,1,1,1,1,1,1,176,143,
64,47,63,21,19,11,1,1,1,1,1,1,127,98,
6,65,29,72,63,83,1,1,1,1,1,1,155,163,
35,8,50,14,1,43,1,1,1,1,1,1,93,58,1
27,60,79,28,43,40,1,1,1,1,1,1,139,138,
75,50,33,19,34,74,1,1,1,1,1,1,149,136,
42,1,95,17,12,30,1,1,1,1,1,1,137,60,1
73,5,89,66,32,91,1,1,1,1,1,1,180,176,
24,81,30,5,54,37,1,1,1,1,1,1,135,96,
58,26,88,60,35,31,1,1,1,1,1,1,148,150,
91,28,41,59,37,83,1,1,1,1,1,1,174,165,
2,75,14,85,79,76,1,1,1,1,1,1,164,167,
77,6,72,55,13,2,1,1,1,1,1,1,149,76,1
73,8,6,3,54,83,1,1,1,1,1,1,156,71,1
55,56,23,12,77,33,1,1,1,1,1,1,133,123,
67,35,79,8,46,18,1,1,1,1,1,1,146,107,
60,22,47,58,89,68,1,1,1,1,1,1,157,187,
17,56,1,55,70,42,1,1,1,1,1,1,126,115,
1,93,80,86,9,31,1,1,1,1,1,1,179,121,
12,62,89,36,21,40,1,1,1,1,1,1,151,109,
4,26,20,12,70,39,1,1,1,1,1,1,109,62,1
10,48,62,6,51,4,1,1,1,1,1,1,113,68,1
58,11,9,30,61,24,1,1,1,1,1,1,119,74,1
82,42,66,70,4,98,1,1,1,1,1,1,180,182,
15,52,56,6,53,46,1,1,1,1,1,1,109,119,
45,5,66,8,40,2,1,1,1,1,1,1,111,55,1
71,76,97,53,34,36,1,1,1,1,1,1,173,194,
93,63,90,47,24,88,1,1,1,1,1,1,183,222,
80,68,14,31,52,18,1,1,1,1,1,1,148,115,
37,90,76,43,68,18,1,1,1,1,1,1,166,166,
27,9,98,33,100,5,1,1,1,1,1,1,198,74,1
69,25,95,18,47,46,1,1,1,1,1,1,164,136,
42,53,94,33,34,30,1,1,1,1,1,1,147,139,
2,14,17,90,61,46,1,1,1,1,1,1,151,79,1
100,89,76,81,63,9,1,1,1,1,1,1,189,229,
100,96,83,65,6,94,1,1,1,1,1,1,196,248,
92,56,89,53,44,54,1,1,1,1,1,1,181,207,
57,7,29,49,20,17,1,1,1,1,1,1,106,73,
49,21,69,45,67,78,1,1,1,1,1,1,147,182,
64,94,90,59,66,91,1,1,1,1,1,1,185,279,
45,74,96,1,37,5,1,1,1,1,1,1,170,88,1
58,88,48,50,44,29,1,1,1,1,1,1,146,171,
13,72,40,55,77,9,1,1,1,1,1,1,149,117,
82,69,15,90,88,54,1,1,1,1,1,1,178,220,
45,39,82,43,79,87,1,1,1,1,1,1,169,206,
63,54,25,32,60,70,1,1,1,1,1,1,133,171,
40,43,39,51,75,1,1,1,1,1,1,1,126,123,
99,90,85,94,52,73,1,1,1,1,1,1,193,300,
63,41,95,7,60,44,1,1,1,1,1,1,158,152,
10,46,56,47,73,78,1,1,1,1,1,1,151,159,
31,64,83,15,13,16,1,1,1,1,1,1,147,75,1
66,74,79,31,84,94,1,1,1,1,1,1,178,250,
69,50,15,57,60,66,1,1,1,1,1,1,135,182,
91,88,23,62,9,68,1,1,1,1,1,1,179,162,
57,24,4,98,12,15,1,1,1,1,1,1,155,55,1
67,20,68,56,57,16,1,1,1,1,1,1,135,149,
66,73,67,100,1,82,1,1,1,1,1,1,182,207,
26,1,62,21,19,64,1,1,1,1,1,1,126,67,1
91,50,61,79,64,72,1,1,1,1,1,1,170,247,
1,42,45,50,94,68,1,1,1,1,1,1,162,138,
12,93,81,43,56,21,1,1,1,1,1,1,174,132,
8,93,78,71,49,94,1,1,1,1,1,1,187,206,
22,52,97,34,69,81,1,1,1,1,1,1,178,177,
55,18,37,50,56,22,1,1,1,1,1,1,111,127,
72,44,19,62,89,67,1,1,1,1,1,1,161,192,
29,91,10,36,85,15,1,1,1,1,1,1,176,90,1
4,52,56,36,12,28,1,1,1,1,1,1,108,80,
73,33,28,48,7,6,1,1,1,1,1,1,121,74,1
65,82,50,84,56,95,1,1,1,1,1,1,179,253,
39,72,95,50,70,1,1,1,1,1,1,1,167,160,
94,20,74,52,99,77,1,1,1,1,1,1,193,223,
70,57,38,71,16,33,1,1,1,1,1,1,141,144,
14,55,67,75,99,18,1,1,1,1,1,1,174,154,
63,51,58,91,38,80,1,1,1,1,1,1,171,210,
10,39,66,73,59,97,1,1,1,1,1,1,170,174,
43,46,20,87,18,53,1,1,1,1,1,1,140,127,
12,70,86,61,51,64,1,1,1,1,1,1,156,188,
43,14,13,7,42,94,1,1,1,1,1,1,137,76,1
29,45,58,13,81,77,1,1,1,1,1,1,158,145,
39,62,51,83,23,21,1,1,1,1,1,1,145,134,
32,87,21,14,83,73,1,1,1,1,1,1,170,140,
4,82,26,46,63,49,1,1,1,1,1,1,145,125,
88,21,95,3,72,83,1,1,1,1,1,1,183,179,
51,22,77,95,5,37,1,1,1,1,1,1,172,115,
12,52,84,7,23,40,1,1,1,1,1,1,136,82,1
35,23,99,54,91,26,1,1,1,1,1,1,190,138,
14,77,29,63,12,33,1,1,1,1,1,1,140,88,1
86,5,11,94,52,32,1,1,1,1,1,1,180,100,1
69,53,11,48,8,49,1,1,1,1,1,1,122,116,
65,91,82,73,11,25,1,1,1,1,1,1,173,174,
65,21,1,38,25,10,1,1,1,1,1,1,103,57,1
49,90,32,6,43,16,1,1,1,1,1,1,139,97,
32,72,82,59,61,98,1,1,1,1,1,1,180,224,
52,28,96,44,48,29,1,1,1,1,1,1,148,149,
54,34,25,78,14,82,1,1,1,1,1,1,160,127,
74,93,77,7,73,100,1,1,1,1,1,1,193,231,
60,17,52,1,3,32,1,1,1,1,1,1,112,53,1
12,88,2,8,39,87,1,1,1,1,1,1,175,61,1
93,22,32,40,97,42,1,1,1,1,1,1,190,136,
34,86,38,50,51,76,1,1,1,1,1,1,162,173,
47,52,21,46,24,2,1,1,1,1,1,1,99,93,
51,18,43,83,100,14,1,1,1,1,1,1,183,126,
57,3,33,10,91,77,1,1,1,1,1,1,168,103,1
30,51,8,95,38,72,1,1,1,1,1,1,167,127,
10,77,38,13,48,6,1,1,1,1,1,1,125,67,1
62,89,86,44,12,24,1,1,1,1,1,1,175,142,
91,79,98,81,73,21,1,1,1,1,1,1,189,254,
60,6,80,61,35,52,1,1,1,1,1,1,141,153,
11,69,6,90,87,60,1,1,1,1,1,1,177,146,
56,9,85,95,27,14,1,1,1,1,1,1,180,106,1
12,76,34,72,89,30,1,1,1,1,1,1,165,148,
84,75,61,14,49,90,1,1,1,1,1,1,174,199,
42,39,1,80,62,38,1,1,1,1,1,1,142,120,
71,35,18,66,89,14,1,1,1,1,1,1,160,133,
20,5,41,26,83,54,1,1,1,1,1,1,137,92,
12,78,82,2,44,35,1,1,1,1,1,1,160,93,1
24,95,80,69,82,4,1,1,1,1,1,1,177,177,
60,61,78,56,36,38,1,1,1,1,1,1,139,190,
21,51,86,73,52,79,1,1,1,1,1,1,165,197,
32,61,64,2,69,29,1,1,1,1,1,1,133,124,
15,52,66,39,58,79,1,1,1,1,1,1,145,164,
97,45,61,63,6,80,1,1,1,1,1,1,177,175,
20,82,18,1,37,99,1,1,1,1,1,1,181,76,1
26,61,34,63,27,15,1,1,1,1,1,1,124,102,
19,94,28,7,75,59,1,1,1,1,1,1,169,113,
41,28,70,13,44,76,1,1,1,1,1,1,146,126,
13,47,55,93,46,69,1,1,1,1,1,1,162,161,
79,46,94,12,74,21,1,1,1,1,1,1,173,153,
5,99,2,89,15,87,1,1,1,1,1,1,188,109,1
88,58,48,70,26,82,1,1,1,1,1,1,170,202,
98,17,66,88,25,79,1,1,1,1,1,1,186,187,
13,30,37,36,2,47,1,1,1,1,1,1,84,81,
74,54,72,2,55,90,1,1,1,1,1,1,164,183,
10,91,61,15,26,100,1,1,1,1,1,1,191,112,1
26,16,57,92,67,88,1,1,1,1,1,1,180,166,
54,45,82,64,65,78,1,1,1,1,1,1,160,228,
56,96,24,16,35,30,1,1,1,1,1,1,152,105,
63,18,21,31,84,67,1,1,1,1,1,1,151,133,
5,51,7,92,17,69,1,1,1,1,1,1,161,80,1
42,25,67,56,78,45,1,1,1,1,1,1,145,168,
53,72,46,78,79,42,1,1,1,1,1,1,157,213,
92,17,87,51,96,53,1,1,1,1,1,1,188,208,
100,77,22,34,25,73,1,1,1,1,1,1,177,154,
90,30,91,67,25,15,1,1,1,1,1,1,181,137,
27,52,68,14,69,17,1,1,1,1,1,1,137,110,
23,55,74,78,16,43,1,1,1,1,1,1,152,137,
5,93,14,58,26,8,1,1,1,1,1,1,151,53,1
41,60,22,19,26,28,1,1,1,1,1,1,101,95,
24,85,3,83,76,5,1,1,1,1,1,1,168,108,1
80,91,42,76,31,13,1,1,1,1,1,1,171,162,
80,74,53,69,79,77,1,1,1,1,1,1,159,273,
48,85,55,30,68,2,1,1,1,1,1,1,153,135,
93,36,33,5,34,45,1,1,1,1,1,1,138,108,
7,85,50,26,10,29,1,1,1,1,1,1,135,72,1
67,63,52,37,92,56,1,1,1,1,1,1,159,208,
82,77,84,72,69,97,1,1,1,1,1,1,181,300,
42,69,32,56,21,53,1,1,1,1,1,1,125,148,
66,35,44,64,94,36,1,1,1,1,1,1,160,179,
70,59,61,53,6,13,1,1,1,1,1,1,131,131,
82,50,81,93,10,18,1,1,1,1,1,1,175,159,
15,41,54,86,72,95,1,1,1,1,1,1,181,182,
93,1,59,29,41,34,1,1,1,1,1,1,152,105,
7,36,80,39,21,22,1,1,1,1,1,1,119,86,
40,4,17,38,69,99,1,1,1,1,1,1,168,99,1
1,88,63,65,25,69,1,1,1,1,1,1,157,154,
44,70,93,1,83,60,1,1,1,1,1,1,176,175,
52,36,31,4,79,22,1,1,1,1,1,1,131,93,
90,36,13,77,73,75,1,1,1,1,1,1,167,197,
9,73,82,48,74,100,1,1,1,1,1,1,182,204,
3,42,59,71,87,77,1,1,1,1,1,1,164,175,
72,89,87,93,17,98,1,1,1,1,1,1,191,265,
26,32,42,49,99,7,1,1,1,1,1,1,148,107,
81,11,73,13,34,89,1,1,1,1,1,1,170,131,
36,56,92,57,53,47,1,1,1,1,1,1,149,192,
83,51,92,78,50,49,1,1,1,1,1,1,175,228,
67,8,33,6,31,26,1,1,1,1,1,1,100,71,
38,16,52,56,7,1,1,1,1,1,1,1,108,62,1
73,81,30,75,62,34,1,1,1,1,1,1,156,199,
59,2,40,13,80,69,1,1,1,1,1,1,149,114,
38,98,16,60,63,19,1,1,1,1,1,1,161,133,
91,13,27,7,32,86,1,1,1,1,1,1,177,79,1
32,27,29,5,11,45,1,1,1,1,1,1,77,72,
95,26,47,19,59,85,1,1,1,1,1,1,180,151,
83,89,65,14,61,37,1,1,1,1,1,1,172,177,
77,19,2,88,14,70,1,1,1,1,1,1,165,105,1
100,91,53,29,67,34,1,1,1,1,1,1,191,183,
48,73,56,66,9,94,1,1,1,1,1,1,167,179,
63,82,56,57,73,76,1,1,1,1,1,1,158,249,
65,3,56,61,40,18,1,1,1,1,1,1,126,117,
41,52,21,62,39,19,1,1,1,1,1,1,114,120,
47,45,53,79,57,83,1,1,1,1,1,1,162,202,
38,76,68,61,79,20,1,1,1,1,1,1,155,187,
64,43,14,2,79,21,1,1,1,1,1,1,143,80,1
27,17,90,43,88,9,1,1,1,1,1,1,178,96,1
39,29,23,95,86,31,1,1,1,1,1,1,181,122,
73,53,86,1,2,65,1,1,1,1,1,1,159,121,
30,82,24,97,21,20,1,1,1,1,1,1,179,95,1
47,1,72,38,78,69,1,1,1,1,1,1,150,155,
27,24,99,85,76,44,1,1,1,1,1,1,184,171,
5,91,95,32,13,15,1,1,1,1,1,1,186,65,1
85,47,2,10,84,62,1,1,1,1,1,1,169,121,
82,87,4,50,9,38,1,1,1,1,1,1,169,101,1
5,78,48,19,83,96,1,1,1,1,1,1,179,150,
45,9,81,62,69,68,1,1,1,1,1,1,150,184,
72,59,60,50,33,20,1,1,1,1,1,1,132,162,
86,14,49,65,39,56,1,1,1,1,1,1,151,158,
9,37,99,32,88,49,1,1,1,1,1,1,187,127,
86,9,38,68,74,6,1,1,1,1,1,1,160,121,
93,61,91,68,80,94,1,1,1,1,1,1,187,300,
32,89,84,24,7,66,1,1,1,1,1,1,173,129,
58,4,53,27,41,6,1,1,1,1,1,1,111,78,
27,78,80,20,23,24,1,1,1,1,1,1,158,94,1
49,87,23,20,67,86,1,1,1,1,1,1,173,159,
14,10,94,63,88,92,1,1,1,1,1,1,186,175,
84,52,92,53,82,47,1,1,1,1,1,1,176,234,
99,69,77,43,89,54,1,1,1,1,1,1,188,243,
78,82,18,75,26,41,1,1,1,1,1,1,160,160,
37,75,67,20,16,83,1,1,1,1,1,1,158,140,
83,32,4,6,87,50,1,1,1,1,1,1,170,92,1
31,5,26,58,70,30,1,1,1,1,1,1,128,92,
84,100,7,39,38,28,1,1,1,1,1,1,184,112,1
60,98,36,70,90,80,1,1,1,1,1,1,188,246,
66,57,45,47,95,55,1,1,1,1,1,1,161,204,
48,27,4,18,3,42,1,1,1,1,1,1,90,52,1
39,16,65,26,49,24,1,1,1,1,1,1,114,105,
45,87,9,91,39,59,1,1,1,1,1,1,178,152,
4,97,12,55,79,54,1,1,1,1,1,1,176,125,
43,9,1,99,78,46,1,1,1,1,1,1,177,99,1
99,42,6,41,9,80,1,1,1,1,1,1,179,98,1
54,26,46,93,40,14,1,1,1,1,1,1,147,126,
48,79,26,11,74,45,1,1,1,1,1,1,153,130,
85,72,49,30,88,36,1,1,1,1,1,1,173,187,
29,94,95,87,25,14,1,1,1,1,1,1,189,155,
24,10,49,43,30,66,1,1,1,1,1,1,115,107,
8,2,77,25,28,58,1,1,1,1,1,1,135,63,1
25,40,41,89,54,9,1,1,1,1,1,1,143,115,
18,60,59,13,9,68,1,1,1,1,1,1,128,99,
81,28,37,35,87,41,1,1,1,1,1,1,168,141,
93,65,37,91,80,35,1,1,1,1,1,1,184,217,
96,11,50,60,68,20,1,1,1,1,1,1,164,141,
90,15,95,87,72,96,1,1,1,1,1,1,191,264,
23,56,79,100,29,51,1,1,1,1,1,1,179,159,
48,50,100,24,96,71,1,1,1,1,1,1,196,193,
43,98,63,76,31,97,1,1,1,1,1,1,195,213,
99,93,68,13,48,20,1,1,1,1,1,1,192,149,
55,37,32,35,46,6,1,1,1,1,1,1,101,110,
90,98,88,69,19,8,1,1,1,1,1,1,188,184,
50,71,14,11,31,28,1,1,1,1,1,1,121,84,
93,51,96,77,42,45,1,1,1,1,1,1,189,215,
77,26,84,95,63,7,1,1,1,1,1,1,179,173,
8,36,33,16,67,82,1,1,1,1,1,1,149,93,1
28,46,78,44,66,30,1,1,1,1,1,1,144,148,
99,72,27,83,19,76,1,1,1,1,1,1,182,194,
34,18,59,87,84,89,1,1,1,1,1,1,176,195,
35,21,76,97,92,81,1,1,1,1,1,1,189,213,
45,87,73,41,50,30,1,1,1,1,1,1,160,166,
74,49,7,100,34,91,1,1,1,1,1,1,191,164,
19,26,41,78,65,93,1,1,1,1,1,1,171,151,
83,53,20,19,12,26,1,1,1,1,1,1,136,77,1
22,28,39,67,20,88,1,1,1,1,1,1,155,109,
94,60,37,13,51,17,1,1,1,1,1,1,154,118,
97,30,64,44,68,29,1,1,1,1,1,1,165,167,
29,32,95,12,55,81,1,1,1,1,1,1,176,128,
56,31,18,22,12,92,1,1,1,1,1,1,148,83,1
82,86,25,57,50,66,1,1,1,1,1,1,168,198,
72,13,78,48,98,12,1,1,1,1,1,1,176,145,
39,55,35,34,49,12,1,1,1,1,1,1,104,120,
4,66,28,21,80,74,1,1,1,1,1,1,154,119,
29,58,72,81,86,73,1,1,1,1,1,1,167,232,
71,77,15,86,93,41,1,1,1,1,1,1,179,204,
20,67,7,37,73,64,1,1,1,1,1,1,140,128,
17,21,40,25,59,16,1,1,1,1,1,1,99,79,
66,33,50,10,68,9,1,1,1,1,1,1,134,102,
2,56,65,85,70,30,1,1,1,1,1,1,155,153,
12,84,72,70,37,91,1,1,1,1,1,1,175,191,
27,21,40,38,81,84,1,1,1,1,1,1,165,126,
26,52,58,59,65,48,1,1,1,1,1,1,124,184,
82,13,98,18,16,3,1,1,1,1,1,1,180,50,1
18,53,31,72,11,82,1,1,1,1,1,1,154,113,
20,71,67,100,88,63,1,1,1,1,1,1,188,221,
39,19,31,15,89,18,1,1,1,1,1,1,128,83,1
31,19,41,84,55,52,1,1,1,1,1,1,139,143,
90,50,7,4,46,3,1,1,1,1,1,1,140,60,1
45,72,94,74,80,35,1,1,1,1,1,1,174,226,
32,74,59,97,92,67,1,1,1,1,1,1,189,232,
27,49,88,24,4,51,1,1,1,1,1,1,139,104,
67,45,46,53,99,35,1,1,1,1,1,1,166,179,
99,38,98,92,6,25,1,1,1,1,1,1,197,161,
71,68,90,76,16,69,1,1,1,1,1,1,166,224,
37,5,43,53,48,44,1,1,1,1,1,1,101,129,
22,57,19,93,9,81,1,1,1,1,1,1,174,107,1
75,30,15,18,1,87,1,1,1,1,1,1,162,64,1
32,52,54,75,98,8,1,1,1,1,1,1,173,146,
29,45,72,21,2,92,1,1,1,1,1,1,164,97,1
44,40,91,92,57,13,1,1,1,1,1,1,183,154,
59,81,35,24,89,94,1,1,1,1,1,1,183,199,
85,44,2,15,67,47,1,1,1,1,1,1,152,108,
23,36,64,67,65,50,1,1,1,1,1,1,132,173,
94,8,10,33,67,58,1,1,1,1,1,1,161,109,
22,3,76,1,46,29,1,1,1,1,1,1,122,55,1
78,82,98,8,77,89,1,1,1,1,1,1,187,245,
87,6,79,10,35,7,1,1,1,1,1,1,166,58,1
46,52,11,1,31,37,1,1,1,1,1,1,98,80,
96,44,6,100,32,82,1,1,1,1,1,1,196,164,
83,38,82,21,50,31,1,1,1,1,1,1,165,140,
2,29,88,13,96,6,1,1,1,1,1,1,184,50,1
54,74,86,95,10,43,1,1,1,1,1,1,181,181,
2,38,32,75,25,85,1,1,1,1,1,1,160,97,1
44,21,79,23,52,95,1,1,1,1,1,1,174,140,
9,31,23,57,3,49,1,1,1,1,1,1,106,66,1
20,38,14,12,70,81,1,1,1,1,1,1,151,84,1
51,15,12,4,45,29,1,1,1,1,1,1,96,60,1
91,92,16,35,8,18,1,1,1,1,1,1,183,77,1
62,10,3,82,70,95,1,1,1,1,1,1,177,145,
92,55,42,8,26,79,1,1,1,1,1,1,171,131,
77,97,90,84,53,71,1,1,1,1,1,1,187,285,
3,78,20,17,90,25,1,1,1,1,1,1,168,65,1
35,28,79,2,100,17,1,1,1,1,1,1,179,82,1
91,17,14,89,6,50,1,1,1,1,1,1,180,87,1
27,70,89,69,53,90,1,1,1,1,1,1,179,219,
94,65,92,39,11,22,1,1,1,1,1,1,186,137,
13,24,42,19,79,36,1,1,1,1,1,1,121,92,
11,90,54,44,65,6,1,1,1,1,1,1,155,115,
76,91,27,35,61,37,1,1,1,1,1,1,167,160,
20,86,38,73,65,94,1,1,1,1,1,1,180,196,
67,76,55,48,31,63,1,1,1,1,1,1,143,197,
9,71,94,33,35,69,1,1,1,1,1,1,165,146,
43,3,59,94,64,24,1,1,1,1,1,1,158,129,
48,38,74,5,55,64,1,1,1,1,1,1,138,146,
48,68,70,100,84,64,1,1,1,1,1,1,184,250,
86,15,66,24,35,16,1,1,1,1,1,1,152,90,1
96,46,17,48,52,53,1,1,1,1,1,1,149,163,
100,75,30,79,12,5,1,1,1,1,1,1,179,122,
91,96,1,47,26,94,1,1,1,1,1,1,190,165,
46,64,9,30,10,20,1,1,1,1,1,1,110,69,1
18,70,35,32,33,49,1,1,1,1,1,1,119,118,
95,41,30,16,31,81,1,1,1,1,1,1,176,118,
69,1,80,51,52,3,1,1,1,1,1,1,149,107,
48,84,81,87,72,92,1,1,1,1,1,1,179,285,
79,6,90,81,33,17,1,1,1,1,1,1,171,135,
20,37,72,24,9,8,1,1,1,1,1,1,109,61,1
22,34,63,47,69,2,1,1,1,1,1,1,132,105,
36,50,63,65,46,35,1,1,1,1,1,1,128,167,
91,18,55,39,40,82,1,1,1,1,1,1,173,152,
62,44,32,27,4,19,1,1,1,1,1,1,106,82,
5,68,67,23,91,28,1,1,1,1,1,1,159,123,
63,41,35,39,23,34,1,1,1,1,1,1,104,131,
7,1,35,51,23,42,1,1,1,1,1,1,93,66,
20,89,61,88,22,98,1,1,1,1,1,1,187,191,
31,88,89,39,34,76,1,1,1,1,1,1,177,180,
29,12,5,70,69,32,1,1,1,1,1,1,139,78,1
49,60,90,17,86,38,1,1,1,1,1,1,176,164,
13,43,34,5,2,80,1,1,1,1,1,1,123,54,1
8,20,68,81,16,60,1,1,1,1,1,1,149,104,
24,6,93,37,40,89,1,1,1,1,1,1,182,107,1
85,49,7,40,13,22,1,1,1,1,1,1,134,82,1
11,100,33,40,6,18,1,1,1,1,1,1,140,68,1
58,82,93,61,31,68,1,1,1,1,1,1,175,218,
88,38,18,86,56,45,1,1,1,1,1,1,174,157,
12,55,38,58,46,67,1,1,1,1,1,1,125,151,
43,24,71,36,56,16,1,1,1,1,1,1,127,119,
34,27,46,90,76,14,1,1,1,1,1,1,166,121,
27,33,2,21,5,75,1,1,1,1,1,1,108,55,1
39,79,4,27,19,8,1,1,1,1,1,1,118,58,1
17,45,44,38,6,37,1,1,1,1,1,1,89,98,
17,19,58,7,100,29,1,1,1,1,1,1,158,72,1
18,38,61,29,35,46,1,1,1,1,1,1,107,120,
21,59,28,13,70,56,1,1,1,1,1,1,129,118,
69,75,18,38,48,77,1,1,1,1,1,1,152,173,
19,67,74,84,85,70,1,1,1,1,1,1,169,230,
39,98,46,4,62,33,1,1,1,1,1,1,160,122,
65,50,39,74,60,16,1,1,1,1,1,1,139,165,
48,8,34,29,26,14,1,1,1,1,1,1,82,77,
19,37,32,22,48,92,1,1,1,1,1,1,140,110,
20,62,65,6,16,68,1,1,1,1,1,1,133,104,
69,60,71,72,42,94,1,1,1,1,1,1,166,242,
77,89,95,20,73,85,1,1,1,1,1,1,184,255,
89,67,71,25,82,100,1,1,1,1,1,1,189,245,
89,61,60,24,90,47,1,1,1,1,1,1,179,192,
31,34,9,33,75,63,1,1,1,1,1,1,138,107,
34,21,61,76,100,9,1,1,1,1,1,1,176,125,
65,94,11,51,8,84,1,1,1,1,1,1,178,135,
56,11,78,42,71,59,1,1,1,1,1,1,149,168,
6,22,87,91,73,2,1,1,1,1,1,1,178,103,1
13,22,97,51,8,34,1,1,1,1,1,1,148,77,1
73,6,40,32,74,23,1,1,1,1,1,1,147,101,
3,84,20,32,88,33,1,1,1,1,1,1,172,88,1
36,20,21,92,30,7,1,1,1,1,1,1,128,78,1
100,29,14,35,54,9,1,1,1,1,1,1,154,87,1
25,99,97,12,17,70,1,1,1,1,1,1,196,124,1
34,58,49,71,35,19,1,1,1,1,1,1,129,137,
24,69,66,91,96,99,1,1,1,1,1,1,195,250,
67,92,39,80,11,33,1,1,1,1,1,1,172,150,
8,58,9,6,7,80,1,1,1,1,1,1,138,30,1
53,81,92,71,19,16,1,1,1,1,1,1,173,159,
69,60,31,90,21,26,1,1,1,1,1,1,159,138,
92,24,12,75,28,6,1,1,1,1,1,1,167,70,1
61,67,3,27,4,32,1,1,1,1,1,1,128,66,1
25,60,87,46,65,64,1,1,1,1,1,1,152,195,
77,59,14,1,95,61,1,1,1,1,1,1,172,135,
85,34,70,7,44,28,1,1,1,1,1,1,155,113,
32,45,74,18,53,27,1,1,1,1,1,1,127,122,
62,30,100,11,61,63,1,1,1,1,1,1,163,164,
3,56,57,91,68,10,1,1,1,1,1,1,159,126,
2,24,58,78,82,65,1,1,1,1,1,1,160,149,
38,27,84,16,32,37,1,1,1,1,1,1,122,112,
33,18,45,26,56,41,1,1,1,1,1,1,101,118,
55,8,91,45,67,43,1,1,1,1,1,1,158,151,
97,90,21,18,40,81,1,1,1,1,1,1,187,160,
96,13,65,51,40,61,1,1,1,1,1,1,161,165,
60,49,80,65,33,90,1,1,1,1,1,1,170,207,
44,23,83,81,56,99,1,1,1,1,1,1,182,204,
9,78,61,65,82,21,1,1,1,1,1,1,160,156,
91,51,96,50,87,34,1,1,1,1,1,1,187,222,
27,28,85,60,57,97,1,1,1,1,1,1,182,172,
67,100,74,4,51,78,1,1,1,1,1,1,178,196,
3,38,63,78,90,58,1,1,1,1,1,1,168,162,
81,27,50,90,56,34,1,1,1,1,1,1,171,167,
36,4,39,76,1,95,1,1,1,1,1,1,171,80,1
43,92,3,46,35,53,1,1,1,1,1,1,145,127,
3,37,63,88,74,20,1,1,1,1,1,1,162,123,
97,28,79,73,35,30,1,1,1,1,1,1,176,166,
11,85,45,33,43,31,1,1,1,1,1,1,130,118,
1,44,94,58,22,42,1,1,1,1,1,1,152,109,
29,72,68,36,20,13,1,1,1,1,1,1,140,98,
51,50,24,40,9,74,1,1,1,1,1,1,125,123,
50,43,25,3,73,100,1,1,1,1,1,1,173,121,
63,74,80,78,85,77,1,1,1,1,1,1,165,292,
76,61,73,68,77,72,1,1,1,1,1,1,153,274,
59,61,66,99,17,57,1,1,1,1,1,1,165,194,
43,53,40,95,35,57,1,1,1,1,1,1,152,171,
31,15,99,39,94,76,1,1,1,1,1,1,193,161,
20,55,52,19,2,13,1,1,1,1,1,1,107,54,1
8,34,92,3,97,35,1,1,1,1,1,1,189,80,1
33,56,9,22,74,25,1,1,1,1,1,1,130,89,
93,98,52,36,40,53,1,1,1,1,1,1,191,181,
81,59,32,55,6,13,1,1,1,1,1,1,140,106,
79,53,64,40,37,52,1,1,1,1,1,1,143,182,
94,69,96,66,4,61,1,1,1,1,1,1,190,200,
13,4,33,21,80,50,1,1,1,1,1,1,130,71,1
88,24,9,56,19,60,1,1,1,1,1,1,148,108,
90,93,23,59,69,83,1,1,1,1,1,1,183,234,
42,69,73,71,78,3,1,1,1,1,1,1,151,185,
31,21,1,91,62,85,1,1,1,1,1,1,176,115,1
41,61,12,87,11,100,1,1,1,1,1,1,187,125,
54,42,99,84,15,32,1,1,1,1,1,1,183,143,
65,59,19,56,31,49,1,1,1,1,1,1,124,155,
54,98,6,25,22,28,1,1,1,1,1,1,152,81,1
2,58,72,60,48,80,1,1,1,1,1,1,152,168,
68,92,21,65,93,85,1,1,1,1,1,1,185,239,
22,71,3,27,19,74,1,1,1,1,1,1,145,71,1
79,1,28,82,72,95,1,1,1,1,1,1,177,180,
97,59,11,19,46,12,1,1,1,1,1,1,156,88,1
73,22,49,56,29,44,1,1,1,1,1,1,129,144,
22,43,97,89,75,94,1,1,1,1,1,1,191,229,
88,61,87,28,11,84,1,1,1,1,1,1,175,184,
71,83,78,75,73,68,1,1,1,1,1,1,161,287,
22,35,82,25,66,63,1,1,1,1,1,1,148,145,
83,93,39,59,92,43,1,1,1,1,1,1,185,224,
81,79,84,41,87,20,1,1,1,1,1,1,171,221,
68,91,60,17,100,73,1,1,1,1,1,1,191,218,
60,90,58,16,41,43,1,1,1,1,1,1,150,158,
76,56,38,8,4,21,1,1,1,1,1,1,132,71,1
27,70,98,10,46,47,1,1,1,1,1,1,168,130,
43,32,58,46,12,5,1,1,1,1,1,1,104,92,
15,14,22,67,78,92,1,1,1,1,1,1,170,118,
13,90,53,89,33,9,1,1,1,1,1,1,179,108,1
54,77,99,10,19,42,1,1,1,1,1,1,176,125,
58,91,32,99,15,60,1,1,1,1,1,1,190,165,
86,7,91,43,33,16,1,1,1,1,1,1,177,99,1
74,51,36,80,10,81,1,1,1,1,1,1,161,171,
17,79,44,63,80,34,1,1,1,1,1,1,159,158,
99,27,17,30,8,4,1,1,1,1,1,1,129,56,1
79,37,66,86,4,15,1,1,1,1,1,1,165,122,
39,42,82,94,89,26,1,1,1,1,1,1,183,189,
84,40,7,87,15,79,1,1,1,1,1,1,171,141,
76,88,50,12,99,39,1,1,1,1,1,1,187,177,
51,98,65,17,38,9,1,1,1,1,1,1,163,115,
43,33,24,87,11,73,1,1,1,1,1,1,160,111,
33,25,88,17,97,57,1,1,1,1,1,1,185,132,
100,57,38,42,69,75,1,1,1,1,1,1,175,206,
36,84,11,19,6,35,1,1,1,1,1,1,120,71,1
31,14,9,53,28,62,1,1,1,1,1,1,115,82,
97,77,88,90,1,14,1,1,1,1,1,1,187,180,
19,29,73,28,46,5,1,1,1,1,1,1,119,81,
50,27,54,52,94,57,1,1,1,1,1,1,151,183,
49,77,95,90,11,31,1,1,1,1,1,1,185,168,
56,71,69,91,12,36,1,1,1,1,1,1,162,173,
48,69,89,39,72,23,1,1,1,1,1,1,161,179,
28,44,25,99,98,64,1,1,1,1,1,1,197,161,
28,60,46,22,59,7,1,1,1,1,1,1,119,103,
10,16,15,55,76,30,1,1,1,1,1,1,131,71,1
14,34,43,47,62,80,1,1,1,1,1,1,142,138,
12,94,79,96,90,51,1,1,1,1,1,1,190,232,
17,58,89,29,9,5,1,1,1,1,1,1,147,60,1
3,74,56,10,67,72,1,1,1,1,1,1,146,136,
95,6,60,61,51,70,1,1,1,1,1,1,165,178,
93,68,29,30,82,79,1,1,1,1,1,1,175,206,
72,3,11,49,16,39,1,1,1,1,1,1,121,69,1
98,15,80,52,64,66,1,1,1,1,1,1,178,197,
40,62,6,55,52,19,1,1,1,1,1,1,117,117,
64,12,92,3,6,76,1,1,1,1,1,1,168,85,1
32,42,43,90,49,27,1,1,1,1,1,1,139,144,
22,50,10,38,98,86,1,1,1,1,1,1,184,120,1
89,60,41,59,93,100,1,1,1,1,1,1,193,249,
19,100,95,70,35,17,1,1,1,1,1,1,195,141,
79,14,67,28,54,97,1,1,1,1,1,1,176,163,
79,32,97,49,58,89,1,1,1,1,1,1,186,218,
54,29,5,96,81,42,1,1,1,1,1,1,177,130,
92,4,19,7,95,81,1,1,1,1,1,1,187,111,1
32,20,36,1,37,27,1,1,1,1,1,1,73,80,
42,8,5,21,9,25,1,1,1,1,1,1,67,43,1
93,47,45,98,70,58,1,1,1,1,1,1,191,220,
34,90,14,2,16,98,1,1,1,1,1,1,188,66,1
72,77,11,67,92,69,1,1,1,1,1,1,169,219,
37,51,35,99,39,67,1,1,1,1,1,1,166,162,
19,95,1,88,8,92,1,1,1,1,1,1,187,116,1
29,82,4,84,66,9,1,1,1,1,1,1,166,108,1
27,77,4,40,37,21,1,1,1,1,1,1,117,89,
97,79,22,80,26,94,1,1,1,1,1,1,191,207,
2,1,72,92,20,81,1,1,1,1,1,1,173,95,1
83,92,89,42,39,12,1,1,1,1,1,1,181,176,
49,92,80,58,54,52,1,1,1,1,1,1,172,213,
49,70,16,91,9,15,1,1,1,1,1,1,161,89,1
99,43,22,24,81,80,1,1,1,1,1,1,180,169,
28,53,37,46,83,13,1,1,1,1,1,1,136,124,
60,75,4,50,25,9,1,1,1,1,1,1,135,88,1
34,10,96,24,83,43,1,1,1,1,1,1,179,111,1
56,44,62,45,21,71,1,1,1,1,1,1,133,166,
14,63,29,75,76,50,1,1,1,1,1,1,151,156,
51,26,44,3,20,39,1,1,1,1,1,1,95,88,
95,69,88,49,43,20,1,1,1,1,1,1,183,181,
43,48,67,84,49,80,1,1,1,1,1,1,164,207,
70,65,67,49,17,40,1,1,1,1,1,1,137,171,
19,33,41,25,57,53,1,1,1,1,1,1,110,118,
95,19,33,28,3,68,1,1,1,1,1,1,163,83,1
67,94,61,22,75,12,1,1,1,1,1,1,169,162,
11,60,8,29,31,77,1,1,1,1,1,1,137,79,1
26,43,90,75,47,97,1,1,1,1,1,1,187,191,
13,66,29,65,99,57,1,1,1,1,1,1,165,164,
51,68,58,71,22,4,1,1,1,1,1,1,139,135,
59,18,66,38,39,17,1,1,1,1,1,1,125,112,
39,10,66,33,12,24,1,1,1,1,1,1,105,79,
100,42,11,97,56,3,1,1,1,1,1,1,197,112,1
30,86,10,9,62,57,1,1,1,1,1,1,148,106,
47,30,26,14,24,57,1,1,1,1,1,1,104,94,
36,56,9,46,28,66,1,1,1,1,1,1,122,119,
44,12,9,24,20,18,1,1,1,1,1,1,68,59,
3,78,84,16,59,86,1,1,1,1,1,1,170,156,
79,73,7,50,62,91,1,1,1,1,1,1,170,192,
28,55,81,99,57,15,1,1,1,1,1,1,180,155,
80,93,58,24,6,99,1,1,1,1,1,1,192,168,
24,92,41,84,35,79,1,1,1,1,1,1,176,179,
39,18,57,97,84,37,1,1,1,1,1,1,181,151,
29,89,24,16,96,94,1,1,1,1,1,1,190,158,
78,87,15,82,29,32,1,1,1,1,1,1,169,154,
84,46,93,43,98,71,1,1,1,1,1,1,191,244,
58,12,99,40,55,7,1,1,1,1,1,1,157,114,
26,11,14,48,4,19,1,1,1,1,1,1,74,48,1
97,95,98,52,85,9,1,1,1,1,1,1,195,241,
87,70,72,59,99,21,1,1,1,1,1,1,186,222,
10,80,93,44,55,35,1,1,1,1,1,1,173,144,
76,68,87,71,94,3,1,1,1,1,1,1,181,218,
100,14,18,70,96,60,1,1,1,1,1,1,196,162,
16,6,86,31,9,63,1,1,1,1,1,1,149,62,1
3,73,96,94,30,91,1,1,1,1,1,1,190,197,
31,65,75,70,94,4,1,1,1,1,1,1,169,170,
20,73,72,98,63,39,1,1,1,1,1,1,171,194,
37,13,87,2,79,62,1,1,1,1,1,1,166,114,
96,47,56,55,21,81,1,1,1,1,1,1,177,179,
65,11,7,26,58,94,1,1,1,1,1,1,159,102,1
64,14,76,85,10,87,1,1,1,1,1,1,172,164,
78,80,54,100,42,33,1,1,1,1,1,1,180,207,
10,7,77,78,55,52,1,1,1,1,1,1,155,124,
5,34,18,60,58,62,1,1,1,1,1,1,122,115,
12,96,31,66,68,86,1,1,1,1,1,1,182,177,
33,88,11,72,82,29,1,1,1,1,1,1,170,145,
47,6,9,70,69,5,1,1,1,1,1,1,139,67,1
100,67,93,2,11,65,1,1,1,1,1,1,193,145,
72,71,87,2,23,67,1,1,1,1,1,1,159,163,
80,18,3,39,10,47,1,1,1,1,1,1,127,70,1
86,8,14,18,16,64,1,1,1,1,1,1,150,56,1
92,88,23,19,45,49,1,1,1,1,1,1,180,136,
97,37,8,76,11,17,1,1,1,1,1,1,173,73,1
69,38,54,83,80,16,1,1,1,1,1,1,163,177,
91,14,59,85,79,80,1,1,1,1,1,1,176,232,
50,94,59,3,99,11,1,1,1,1,1,1,193,123,1
91,16,92,78,64,83,1,1,1,1,1,1,183,241,
83,78,60,3,88,95,1,1,1,1,1,1,183,224,
91,32,58,31,12,64,1,1,1,1,1,1,155,133,
37,17,81,55,87,63,1,1,1,1,1,1,168,172,
32,90,94,47,31,15,1,1,1,1,1,1,184,125,
62,76,58,83,40,5,1,1,1,1,1,1,159,165,
13,38,41,69,89,65,1,1,1,1,1,1,158,157,
83,17,91,37,32,65,1,1,1,1,1,1,174,151,
23,87,18,7,21,70,1,1,1,1,1,1,157,69,1
52,87,6,4,55,20,1,1,1,1,1,1,142,82,1
11,25,48,6,3,33,1,1,1,1,1,1,81,45,1
79,11,40,60,27,4,1,1,1,1,1,1,139,82,1
25,55,43,51,75,73,1,1,1,1,1,1,148,174,
13,36,77,47,46,39,1,1,1,1,1,1,124,134,
49,23,1,96,33,40,1,1,1,1,1,1,145,97,
63,49,64,88,75,19,1,1,1,1,1,1,163,195,
71,5,97,86,45,28,1,1,1,1,1,1,183,149,
73,59,67,52,48,25,1,1,1,1,1,1,140,184,
88,49,92,71,89,97,1,1,1,1,1,1,189,297,
56,15,5,35,43,76,1,1,1,1,1,1,132,98,
21,30,13,22,33,69,1,1,1,1,1,1,102,86,
91,35,99,43,9,92,1,1,1,1,1,1,191,178,
35,79,73,29,45,87,1,1,1,1,1,1,166,182,
100,69,52,7,90,68,1,1,1,1,1,1,190,196,
85,73,1,90,97,35,1,1,1,1,1,1,187,194,
35,52,33,55,11,42,1,1,1,1,1,1,107,121,
94,44,66,67,90,80,1,1,1,1,1,1,184,257,
29,100,93,11,27,85,1,1,1,1,1,1,193,152,
48,37,59,14,36,100,1,1,1,1,1,1,159,135,
47,45,61,22,97,40,1,1,1,1,1,1,158,154,
31,95,64,68,78,80,1,1,1,1,1,1,175,241,
100,56,37,13,20,51,1,1,1,1,1,1,156,121,
53,36,32,68,91,60,1,1,1,1,1,1,159,181,
17,36,42,61,96,60,1,1,1,1,1,1,157,155,
4,40,89,79,53,51,1,1,1,1,1,1,168,148,
12,50,26,97,30,52,1,1,1,1,1,1,149,118,
34,37,5,9,41,72,1,1,1,1,1,1,113,85,
64,25,86,37,15,99,1,1,1,1,1,1,185,141,
43,22,99,60,80,92,1,1,1,1,1,1,191,205,
42,59,53,58,96,65,1,1,1,1,1,1,161,212,
75,42,89,56,45,69,1,1,1,1,1,1,164,212,
36,28,63,52,99,33,1,1,1,1,1,1,162,149,
79,70,97,67,41,23,1,1,1,1,1,1,176,201,
2,77,83,95,53,70,1,1,1,1,1,1,178,202,
71,95,82,56,98,19,1,1,1,1,1,1,193,228,
32,78,95,8,86,81,1,1,1,1,1,1,181,199,
63,33,39,94,23,49,1,1,1,1,1,1,157,144,
45,66,37,89,83,59,1,1,1,1,1,1,172,207,
78,23,32,69,20,18,1,1,1,1,1,1,147,93,1
64,24,29,5,30,40,1,1,1,1,1,1,104,88,
12,61,59,16,95,15,1,1,1,1,1,1,156,102,1
16,93,51,94,22,6,1,1,1,1,1,1,187,95,1
40,54,100,42,33,51,1,1,1,1,1,1,154,166,
24,71,87,39,12,74,1,1,1,1,1,1,161,146,
35,43,63,55,24,56,1,1,1,1,1,1,119,157,
58,14,38,76,36,88,1,1,1,1,1,1,164,146,
10,87,21,31,6,46,1,1,1,1,1,1,133,68,1
3,27,32,39,7,40,1,1,1,1,1,1,79,69,
87,84,12,72,66,13,1,1,1,1,1,1,171,163,
99,28,51,79,98,70,1,1,1,1,1,1,197,228,
80,64,78,60,10,7,1,1,1,1,1,1,158,141,
68,16,92,35,93,58,1,1,1,1,1,1,185,177,
50,47,14,33,2,80,1,1,1,1,1,1,130,96,
74,77,44,56,10,32,1,1,1,1,1,1,151,142,
55,58,14,11,56,6,1,1,1,1,1,1,114,86,
19,73,67,17,23,66,1,1,1,1,1,1,140,125,
41,98,3,24,69,68,1,1,1,1,1,1,167,136,
70,32,27,69,40,51,1,1,1,1,1,1,139,150,
82,66,1,35,86,80,1,1,1,1,1,1,168,182,
14,84,55,94,91,62,1,1,1,1,1,1,185,215,
93,47,30,37,62,88,1,1,1,1,1,1,181,176,
90,95,88,18,79,69,1,1,1,1,1,1,185,254,
69,11,16,67,10,98,1,1,1,1,1,1,167,104,1
20,47,95,69,28,15,1,1,1,1,1,1,164,110,
4,63,20,92,53,43,1,1,1,1,1,1,155,120,
83,67,55,56,88,43,1,1,1,1,1,1,171,221,
31,18,94,34,48,45,1,1,1,1,1,1,142,128,
79,12,63,55,8,58,1,1,1,1,1,1,142,133,
73,11,85,81,62,50,1,1,1,1,1,1,166,196,
74,2,97,53,29,21,1,1,1,1,1,1,171,105,1
16,100,27,35,18,93,1,1,1,1,1,1,193,96,1
45,71,12,75,23,36,1,1,1,1,1,1,146,116,
27,12,32,22,100,78,1,1,1,1,1,1,178,93,1
27,15,82,67,88,19,1,1,1,1,1,1,170,128,
80,16,39,41,69,40,1,1,1,1,1,1,149,136,
68,20,4,58,81,62,1,1,1,1,1,1,149,144,
30,22,89,7,10,95,1,1,1,1,1,1,184,69,1
78,82,49,24,10,62,1,1,1,1,1,1,160,145,
66,71,98,54,65,48,1,1,1,1,1,1,169,233,
37,83,2,11,62,39,1,1,1,1,1,1,145,89,1
3,82,27,67,33,47,1,1,1,1,1,1,149,110,
13,38,15,34,30,54,1,1,1,1,1,1,92,92,
21,59,19,100,15,81,1,1,1,1,1,1,181,114,1
21,70,37,76,25,30,1,1,1,1,1,1,146,113,
95,87,16,7,62,11,1,1,1,1,1,1,182,96,1
87,36,86,12,42,43,1,1,1,1,1,1,173,133,
69,14,3,32,68,66,1,1,1,1,1,1,137,115,
84,80,89,49,85,96,1,1,1,1,1,1,185,298,
84,96,24,57,76,36,1,1,1,1,1,1,180,193,
73,42,68,18,17,93,1,1,1,1,1,1,166,145,
62,57,21,26,39,28,1,1,1,1,1,1,119,114,
21,96,59,93,18,50,1,1,1,1,1,1,189,148,
48,9,20,3,77,61,1,1,1,1,1,1,138,80,1
44,73,77,99,37,41,1,1,1,1,1,1,176,195,
81,90,43,85,30,45,1,1,1,1,1,1,175,199,
96,65,78,49,76,31,1,1,1,1,1,1,174,221,
62,16,50,22,99,10,1,1,1,1,1,1,161,98,1
54,12,91,79,41,84,1,1,1,1,1,1,175,186,
54,66,20,72,76,6,1,1,1,1,1,1,148,146,
15,4,90,80,72,51,1,1,1,1,1,1,170,142,
13,21,89,81,4,53,1,1,1,1,1,1,170,91,1
92,24,93,56,85,62,1,1,1,1,1,1,185,227,
38,40,58,92,69,5,1,1,1,1,1,1,161,141,
69,29,8,65,96,74,1,1,1,1,1,1,170,171,
84,52,29,64,91,3,1,1,1,1,1,1,175,148,
47,28,83,40,94,90,1,1,1,1,1,1,184,198,
89,70,2,56,27,63,1,1,1,1,1,1,159,148,
65,44,43,4,55,39,1,1,1,1,1,1,120,130,
70,7,57,95,89,84,1,1,1,1,1,1,184,218,
14,28,16,76,68,65,1,1,1,1,1,1,144,123,
10,89,29,36,50,81,1,1,1,1,1,1,170,125,
13,94,25,3,83,66,1,1,1,1,1,1,177,107,1
75,2,64,7,94,63,1,1,1,1,1,1,169,136,
37,38,62,25,81,70,1,1,1,1,1,1,151,162,
34,64,62,84,41,19,1,1,1,1,1,1,148,156,
20,81,54,85,80,60,1,1,1,1,1,1,166,214,
65,16,41,31,72,89,1,1,1,1,1,1,161,153,
37,13,12,26,31,80,1,1,1,1,1,1,117,82,
10,19,5,23,100,49,1,1,1,1,1,1,149,57,1
60,5,97,79,37,87,1,1,1,1,1,1,184,181,
15,87,42,9,73,66,1,1,1,1,1,1,160,132,
48,83,52,31,1,49,1,1,1,1,1,1,135,129,
76,31,8,70,75,7,1,1,1,1,1,1,151,116,
38,61,49,62,42,27,1,1,1,1,1,1,123,156,
64,97,81,29,1,26,1,1,1,1,1,1,178,120,
36,49,31,37,9,86,1,1,1,1,1,1,135,113,
29,60,5,20,43,30,1,1,1,1,1,1,103,84,
93,73,37,38,91,75,1,1,1,1,1,1,184,223,
4,33,95,9,69,38,1,1,1,1,1,1,164,84,1
94,85,67,16,88,15,1,1,1,1,1,1,182,183,
55,100,5,75,36,93,1,1,1,1,1,1,193,171,
89,30,12,48,11,76,1,1,1,1,1,1,165,101,1
23,62,71,61,99,30,1,1,1,1,1,1,170,176,
57,4,54,69,52,30,1,1,1,1,1,1,126,140,
5,69,50,68,64,1,1,1,1,1,1,1,137,120,
94,63,52,77,9,84,1,1,1,1,1,1,178,201,
84,61,39,97,18,66,1,1,1,1,1,1,181,184,
29,16,19,31,15,41,1,1,1,1,1,1,72,79,
46,16,68,56,58,9,1,1,1,1,1,1,126,127,
56,82,71,84,31,87,1,1,1,1,1,1,171,240,
92,47,81,60,65,78,1,1,1,1,1,1,173,250,
43,64,18,57,51,52,1,1,1,1,1,1,121,164,
75,48,4,91,21,18,1,1,1,1,1,1,166,91,1
44,53,45,55,2,52,1,1,1,1,1,1,108,143,
79,24,40,13,33,9,1,1,1,1,1,1,119,79,1
53,90,98,22,8,39,1,1,1,1,1,1,188,122,1
15,71,44,29,74,45,1,1,1,1,1,1,145,133,
6,85,53,70,21,41,1,1,1,1,1,1,155,121,
13,82,25,100,52,43,1,1,1,1,1,1,182,133,
31,51,89,43,49,24,1,1,1,1,1,1,140,147,
91,21,11,33,79,76,1,1,1,1,1,1,170,141,
94,61,52,67,93,75,1,1,1,1,1,1,187,255,
84,5,19,65,2,71,1,1,1,1,1,1,155,91,1
94,96,68,26,62,66,1,1,1,1,1,1,190,222,
89,87,100,7,54,58,1,1,1,1,1,1,189,206,
12,95,4,22,5,53,1,1,1,1,1,1,148,43,1
12,79,54,98,58,55,1,1,1,1,1,1,177,179,
44,9,27,93,97,45,1,1,1,1,1,1,190,125,1
17,94,43,57,91,45,1,1,1,1,1,1,185,162,
59,89,98,20,13,40,1,1,1,1,1,1,187,132,
34,64,22,60,27,36,1,1,1,1,1,1,124,119,
35,44,11,67,94,25,1,1,1,1,1,1,161,115,
65,90,67,15,91,68,1,1,1,1,1,1,181,215,
69,100,14,8,96,78,1,1,1,1,1,1,196,169,
19,51,26,2,13,71,1,1,1,1,1,1,122,60,1
47,53,50,20,59,16,1,1,1,1,1,1,112,133,
32,19,6,3,94,78,1,1,1,1,1,1,172,60,1
11,13,73,68,99,89,1,1,1,1,1,1,188,165,
8,59,71,86,27,97,1,1,1,1,1,1,183,165,
77,17,26,44,99,19,1,1,1,1,1,1,176,106,1
72,59,50,10,42,57,1,1,1,1,1,1,131,159,
3,21,93,52,48,100,1,1,1,1,1,1,193,124,1
19,37,3,32,69,85,1,1,1,1,1,1,154,91,1
60,41,25,100,4,23,1,1,1,1,1,1,160,93,1
58,89,9,2,50,24,1,1,1,1,1,1,147,85,1
48,23,80,29,57,95,1,1,1,1,1,1,175,157,
77,2,42,60,89,32,1,1,1,1,1,1,166,136,
23,78,21,76,25,43,1,1,1,1,1,1,154,112,
12,55,96,57,89,54,1,1,1,1,1,1,185,178,
16,55,50,84,80,79,1,1,1,1,1,1,164,200,
36,9,63,35,59,60,1,1,1,1,1,1,123,139,
49,31,56,42,88,59,1,1,1,1,1,1,147,178,
78,49,29,19,28,12,1,1,1,1,1,1,127,88,
18,86,88,95,8,93,1,1,1,1,1,1,188,200,
52,92,13,1,51,22,1,1,1,1,1,1,144,87,1
61,60,66,31,33,8,1,1,1,1,1,1,127,132,
25,37,63,10,95,45,1,1,1,1,1,1,158,117,
53,24,98,70,73,40,1,1,1,1,1,1,171,187,
78,63,31,5,55,96,1,1,1,1,1,1,174,154,
76,37,35,65,39,98,1,1,1,1,1,1,174,176,
91,8,49,30,79,3,1,1,1,1,1,1,170,90,1
96,12,67,69,42,85,1,1,1,1,1,1,181,190,
58,2,4,59,39,41,1,1,1,1,1,1,117,86,
96,1,47,34,19,5,1,1,1,1,1,1,143,59,1
17,20,1,36,35,8,1,1,1,1,1,1,71,46,1
9,67,3,73,32,20,1,1,1,1,1,1,140,64,1
79,71,18,33,48,54,1,1,1,1,1,1,150,153,
14,4,81,100,25,64,1,1,1,1,1,1,181,107,1
58,86,37,41,91,23,1,1,1,1,1,1,177,159,
51,80,77,47,31,64,1,1,1,1,1,1,157,193,
62,39,85,15,98,31,1,1,1,1,1,1,183,147,
48,75,59,28,62,31,1,1,1,1,1,1,137,166,
46,47,56,13,75,90,1,1,1,1,1,1,165,162,
41,38,1,56,33,77,1,1,1,1,1,1,133,113,
45,47,82,85,77,27,1,1,1,1,1,1,167,196,
78,53,54,77,23,32,1,1,1,1,1,1,155,162,
46,36,100,4,16,82,1,1,1,1,1,1,182,102,1
90,15,21,88,4,2,1,1,1,1,1,1,178,42,1
12,22,10,43,32,9,1,1,1,1,1,1,75,53,
60,63,40,21,70,27,1,1,1,1,1,1,133,148,
78,68,81,96,18,97,1,1,1,1,1,1,193,245,
25,4,52,17,86,6,1,1,1,1,1,1,138,52,1
97,91,6,23,26,32,1,1,1,1,1,1,188,87,1
57,32,91,55,46,95,1,1,1,1,1,1,186,190,
25,12,89,46,14,90,1,1,1,1,1,1,179,97,1
56,34,76,1,36,43,1,1,1,1,1,1,132,114,
66,32,40,27,81,24,1,1,1,1,1,1,147,123,
68,80,74,97,12,71,1,1,1,1,1,1,177,225,
98,64,5,39,91,13,1,1,1,1,1,1,189,121,1
59,1,7,61,42,66,1,1,1,1,1,1,127,109,
68,94,95,19,3,99,1,1,1,1,1,1,194,184,
90,61,52,51,24,44,1,1,1,1,1,1,151,171,
99,8,30,17,37,53,1,1,1,1,1,1,152,92,1
42,86,29,69,87,18,1,1,1,1,1,1,173,158,
71,2,64,37,10,45,1,1,1,1,1,1,135,94,
37,19,46,75,93,54,1,1,1,1,1,1,168,156,
44,63,3,82,14,57,1,1,1,1,1,1,145,118,
9,78,29,69,1,14,1,1,1,1,1,1,147,53,1
46,68,73,25,15,5,1,1,1,1,1,1,141,91,1
33,51,41,58,28,85,1,1,1,1,1,1,143,153,
26,87,75,27,77,98,1,1,1,1,1,1,185,205,
94,27,41,56,24,32,1,1,1,1,1,1,150,124,
54,70,10,77,92,14,1,1,1,1,1,1,169,148,
27,39,26,35,78,29,1,1,1,1,1,1,117,117,
54,6,58,60,12,1,1,1,1,1,1,1,118,73,1
61,50,80,66,58,16,1,1,1,1,1,1,146,185,
17,38,61,18,88,33,1,1,1,1,1,1,149,106,
15,32,5,64,46,51,1,1,1,1,1,1,115,98,
32,60,63,31,43,87,1,1,1,1,1,1,150,166,
14,46,58,97,24,33,1,1,1,1,1,1,155,117,
100,55,8,33,27,30,1,1,1,1,1,1,155,98,1
92,16,55,95,39,12,1,1,1,1,1,1,187,122,1
59,41,56,81,85,21,1,1,1,1,1,1,166,177,
84,14,73,95,93,61,1,1,1,1,1,1,188,232,
36,77,24,48,18,100,1,1,1,1,1,1,177,126,
27,85,13,2,83,95,1,1,1,1,1,1,180,125,
36,18,84,68,74,65,1,1,1,1,1,1,158,187,
83,3,74,9,53,81,1,1,1,1,1,1,164,139,
76,96,100,47,10,26,1,1,1,1,1,1,196,159,
86,54,49,34,84,30,1,1,1,1,1,1,170,167,
79,34,18,65,99,62,1,1,1,1,1,1,178,179,
82,29,98,59,16,92,1,1,1,1,1,1,190,186,
42,54,50,8,15,38,1,1,1,1,1,1,104,103,
59,75,19,40,20,10,1,1,1,1,1,1,134,89,1
2,33,61,56,16,49,1,1,1,1,1,1,117,100,
74,58,38,2,4,9,1,1,1,1,1,1,132,53,1
43,7,67,83,9,4,1,1,1,1,1,1,150,63,1
20,85,33,5,9,87,1,1,1,1,1,1,172,67,1
87,44,49,67,59,68,1,1,1,1,1,1,155,219,
56,24,76,33,15,2,1,1,1,1,1,1,132,74,1
46,56,33,53,32,57,1,1,1,1,1,1,113,164,
72,43,76,12,17,63,1,1,1,1,1,1,148,135,
65,31,50,19,74,100,1,1,1,1,1,1,174,165,
93,95,28,4,92,90,1,1,1,1,1,1,188,214,
38,37,96,13,23,84,1,1,1,1,1,1,180,111,1
37,38,94,80,71,14,1,1,1,1,1,1,174,160,
53,3,70,16,55,8,1,1,1,1,1,1,125,80,1
73,3,57,47,23,26,1,1,1,1,1,1,130,99,
72,14,28,1,73,13,1,1,1,1,1,1,145,56,1
70,36,18,67,14,96,1,1,1,1,1,1,166,135,
28,4,9,86,43,33,1,1,1,1,1,1,129,74,1
7,34,4,65,64,91,1,1,1,1,1,1,156,109,
25,63,30,43,57,32,1,1,1,1,1,1,120,130,
75,88,91,86,97,30,1,1,1,1,1,1,188,279,
73,65,27,77,82,49,1,1,1,1,1,1,159,214,
91,76,12,96,26,98,1,1,1,1,1,1,194,205,
26,88,25,39,38,5,1,1,1,1,1,1,127,94,
91,69,84,99,85,24,1,1,1,1,1,1,190,262,
63,82,83,2,85,86,1,1,1,1,1,1,171,230,
20,54,48,94,59,79,1,1,1,1,1,1,173,181,
19,50,91,11,55,71,1,1,1,1,1,1,162,135,
17,5,24,46,80,7,1,1,1,1,1,1,126,53,1
22,34,78,89,54,10,1,1,1,1,1,1,167,120,
48,61,76,45,9,39,1,1,1,1,1,1,137,141,
88,48,58,32,82,42,1,1,1,1,1,1,170,180,
61,12,39,89,17,84,1,1,1,1,1,1,173,129,
90,63,65,77,46,82,1,1,1,1,1,1,172,251,
44,6,27,78,93,16,1,1,1,1,1,1,171,93,1
13,3,46,98,60,84,1,1,1,1,1,1,182,122,
78,71,82,56,94,13,1,1,1,1,1,1,176,218,
68,94,44,29,92,35,1,1,1,1,1,1,186,176,
24,69,35,79,48,89,1,1,1,1,1,1,168,176,
87,92,16,60,74,27,1,1,1,1,1,1,179,177,
51,70,1,13,26,36,1,1,1,1,1,1,121,76,1
63,47,1,87,54,29,1,1,1,1,1,1,150,131,
17,41,10,80,34,26,1,1,1,1,1,1,121,87,
84,38,41,71,63,94,1,1,1,1,1,1,178,213,
21,31,53,4,82,12,1,1,1,1,1,1,135,68,1
9,79,91,90,46,82,1,1,1,1,1,1,181,216,
85,91,93,83,1,63,1,1,1,1,1,1,184,232,
67,58,60,94,6,71,1,1,1,1,1,1,165,191,
42,40,4,56,22,52,1,1,1,1,1,1,108,108,
92,42,17,14,90,91,1,1,1,1,1,1,183,163,
68,70,25,17,38,41,1,1,1,1,1,1,138,121,
6,33,5,47,43,70,1,1,1,1,1,1,117,87,
62,7,45,18,99,22,1,1,1,1,1,1,161,92,1
97,99,30,90,32,48,1,1,1,1,1,1,196,200,
83,96,71,80,54,31,1,1,1,1,1,1,179,236,
33,70,74,84,39,3,1,1,1,1,1,1,158,145,
9,65,98,22,25,94,1,1,1,1,1,1,192,121,1
36,20,52,22,93,61,1,1,1,1,1,1,154,130,
35,74,98,44,48,8,1,1,1,1,1,1,172,135,
35,67,64,24,41,95,1,1,1,1,1,1,162,164,
22,63,74,27,7,81,1,1,1,1,1,1,155,119,
27,78,51,84,25,49,1,1,1,1,1,1,162,152,
9,86,71,25,64,38,1,1,1,1,1,1,157,136,
96,43,55,30,48,10,1,1,1,1,1,1,151,131,
28,92,6,69,46,62,1,1,1,1,1,1,161,142,
14,46,68,75,93,37,1,1,1,1,1,1,168,165,
10,54,50,83,92,51,1,1,1,1,1,1,175,165,
20,16,8,99,6,93,1,1,1,1,1,1,192,50,1
19,13,54,43,40,8,1,1,1,1,1,1,97,80,
10,8,66,9,67,83,1,1,1,1,1,1,150,93,1
90,14,80,42,88,46,1,1,1,1,1,1,178,182,
100,96,70,27,80,35,1,1,1,1,1,1,196,212,
15,90,66,25,9,55,1,1,1,1,1,1,156,104,1
9,58,91,32,82,93,1,1,1,1,1,1,184,181,
66,40,29,19,7,100,1,1,1,1,1,1,166,95,1
78,42,67,24,5,89,1,1,1,1,1,1,167,138,
41,74,23,13,1,89,1,1,1,1,1,1,163,78,1
17,36,50,92,60,81,1,1,1,1,1,1,173,163,
37,65,52,78,33,82,1,1,1,1,1,1,160,187,
77,13,30,90,39,49,1,1,1,1,1,1,167,131,
44,62,64,100,93,88,1,1,1,1,1,1,193,258,
60,51,40,99,28,38,1,1,1,1,1,1,159,157,
55,70,48,47,22,86,1,1,1,1,1,1,156,172,
85,78,72,100,80,79,1,1,1,1,1,1,185,309,
91,45,15,90,83,29,1,1,1,1,1,1,181,172,
28,63,84,22,53,83,1,1,1,1,1,1,167,166,
27,23,6,31,92,47,1,1,1,1,1,1,139,87,1
46,62,6,57,88,85,1,1,1,1,1,1,173,171,
49,70,35,26,60,17,1,1,1,1,1,1,130,127,
56,28,87,23,89,24,1,1,1,1,1,1,176,131,
46,49,12,41,69,18,1,1,1,1,1,1,118,117,
60,8,1,64,33,90,1,1,1,1,1,1,154,102,1
87,98,72,76,21,19,1,1,1,1,1,1,185,188,
44,20,50,47,68,57,1,1,1,1,1,1,125,161,
86,68,77,6,57,45,1,1,1,1,1,1,163,176,
22,54,24,42,12,61,1,1,1,1,1,1,115,100,
52,91,82,37,7,29,1,1,1,1,1,1,173,125,
100,24,23,26,68,48,1,1,1,1,1,1,168,121,
90,38,51,11,6,77,1,1,1,1,1,1,167,106,1
40,32,1,98,94,11,1,1,1,1,1,1,192,84,1
10,94,71,59,48,63,1,1,1,1,1,1,165,180,
14,96,52,45,20,82,1,1,1,1,1,1,178,131,
60,3,94,81,73,75,1,1,1,1,1,1,175,211,
81,31,26,59,52,51,1,1,1,1,1,1,140,160,
96,17,44,90,98,43,1,1,1,1,1,1,194,194,
5,65,53,100,40,90,1,1,1,1,1,1,190,163,
95,1,57,94,71,29,1,1,1,1,1,1,189,158,
10,50,36,69,71,16,1,1,1,1,1,1,140,112,
20,51,16,38,88,57,1,1,1,1,1,1,145,125,
33,22,3,74,67,6,1,1,1,1,1,1,141,64,1
100,62,92,26,28,81,1,1,1,1,1,1,192,197,
16,54,14,35,71,58,1,1,1,1,1,1,129,119,
65,37,57,72,83,11,1,1,1,1,1,1,155,170,
7,15,99,68,44,24,1,1,1,1,1,1,167,90,1
5,76,91,78,79,57,1,1,1,1,1,1,170,216,
96,78,87,88,8,67,1,1,1,1,1,1,184,240,
28,81,10,71,75,69,1,1,1,1,1,1,156,178,
97,16,64,93,40,88,1,1,1,1,1,1,190,208,
49,58,16,88,35,14,1,1,1,1,1,1,146,114,
100,78,63,74,46,66,1,1,1,1,1,1,178,249,
21,89,27,10,29,98,1,1,1,1,1,1,187,87,1
99,44,27,100,36,1,1,1,1,1,1,1,199,108,1
93,36,48,98,90,26,1,1,1,1,1,1,191,200,
27,57,52,75,11,80,1,1,1,1,1,1,155,147,
50,22,70,62,97,58,1,1,1,1,1,1,167,192,
82,56,10,43,14,65,1,1,1,1,1,1,147,123,
86,50,25,21,63,37,1,1,1,1,1,1,149,133,
12,60,61,79,52,48,1,1,1,1,1,1,140,172,
97,28,76,69,59,42,1,1,1,1,1,1,173,198,
45,36,93,74,80,81,1,1,1,1,1,1,174,235,
10,55,71,12,38,84,1,1,1,1,1,1,155,115,
24,87,83,29,9,55,1,1,1,1,1,1,170,117,
77,93,55,12,78,82,1,1,1,1,1,1,175,222,
88,56,19,67,76,59,1,1,1,1,1,1,164,201,
34,21,97,20,14,6,1,1,1,1,1,1,131,61,1
86,67,21,55,80,52,1,1,1,1,1,1,166,195,
35,14,2,22,100,77,1,1,1,1,1,1,177,73,1
41,82,28,66,49,79,1,1,1,1,1,1,161,184,
87,35,2,98,89,3,1,1,1,1,1,1,187,127,
62,45,12,76,49,39,1,1,1,1,1,1,138,145,
84,32,97,98,26,75,1,1,1,1,1,1,195,217,
8,17,77,3,79,86,1,1,1,1,1,1,165,105,1
69,54,80,28,83,71,1,1,1,1,1,1,163,222,
25,3,73,98,66,6,1,1,1,1,1,1,171,100,1
1,42,5,83,8,98,1,1,1,1,1,1,181,56,1
28,8,13,71,76,70,1,1,1,1,1,1,147,119,
99,13,34,83,21,92,1,1,1,1,1,1,191,151,
87,11,88,44,18,49,1,1,1,1,1,1,175,122,
67,45,12,30,63,22,1,1,1,1,1,1,130,109,
60,50,64,23,57,48,1,1,1,1,1,1,124,178,
73,12,37,38,41,91,1,1,1,1,1,1,164,128,
15,18,55,93,11,85,1,1,1,1,1,1,178,99,1
7,70,23,16,44,10,1,1,1,1,1,1,114,56,1
65,46,63,50,55,30,1,1,1,1,1,1,128,181,
67,36,50,75,4,46,1,1,1,1,1,1,142,136,
6,41,49,50,29,62,1,1,1,1,1,1,112,125,
78,9,42,92,66,46,1,1,1,1,1,1,170,163,
32,96,17,3,90,62,1,1,1,1,1,1,186,114,1
25,67,23,46,68,96,1,1,1,1,1,1,164,161,
13,24,82,81,6,17,1,1,1,1,1,1,163,60,1
9,18,66,3,2,90,1,1,1,1,1,1,156,32,1
8,39,98,49,60,54,1,1,1,1,1,1,158,150,
47,58,33,32,7,55,1,1,1,1,1,1,113,119,
17,83,58,86,88,45,1,1,1,1,1,1,174,203,
55,78,74,50,47,30,1,1,1,1,1,1,152,182,
23,50,25,42,3,65,1,1,1,1,1,1,115,93,
11,92,48,83,26,43,1,1,1,1,1,1,175,128,
14,64,61,52,7,37,1,1,1,1,1,1,125,110,
78,36,29,2,51,4,1,1,1,1,1,1,129,71,1
76,25,13,82,38,12,1,1,1,1,1,1,158,88,1
25,71,12,24,28,26,1,1,1,1,1,1,99,87,
72,17,25,44,27,56,1,1,1,1,1,1,128,113,
44,52,47,60,36,95,1,1,1,1,1,1,155,179,
31,25,56,18,53,86,1,1,1,1,1,1,142,127,
17,100,45,73,46,36,1,1,1,1,1,1,173,144,
82,52,23,44,94,85,1,1,1,1,1,1,179,201,
44,85,19,59,25,6,1,1,1,1,1,1,144,94,1
64,53,99,74,43,45,1,1,1,1,1,1,173,205,
53,58,47,4,33,49,1,1,1,1,1,1,111,133,
34,83,65,56,14,87,1,1,1,1,1,1,170,169,
27,91,24,96,100,98,1,1,1,1,1,1,198,238,
12,67,90,18,84,68,1,1,1,1,1,1,174,165,
97,21,34,80,4,8,1,1,1,1,1,1,177,67,1
18,76,45,85,29,42,1,1,1,1,1,1,161,134,
25,83,90,78,42,49,1,1,1,1,1,1,173,194,
49,70,61,74,34,9,1,1,1,1,1,1,144,153,
34,23,52,65,40,17,1,1,1,1,1,1,117,114,
9,78,59,65,5,32,1,1,1,1,1,1,143,105,
23,57,81,41,40,92,1,1,1,1,1,1,173,161,
1,80,4,47,7,8,1,1,1,1,1,1,127,20,1
6,99,65,9,18,4,1,1,1,1,1,1,164,37,1
20,49,83,86,10,12,1,1,1,1,1,1,169,91,1
40,14,71,25,39,69,1,1,1,1,1,1,140,118,
31,96,3,8,100,20,1,1,1,1,1,1,196,62,1
61,35,27,39,17,66,1,1,1,1,1,1,127,118,
64,10,45,87,12,38,1,1,1,1,1,1,151,105,
17,42,4,49,27,82,1,1,1,1,1,1,131,90,
99,7,46,83,85,91,1,1,1,1,1,1,190,221,
25,37,18,22,51,79,1,1,1,1,1,1,130,102,
10,76,33,79,74,40,1,1,1,1,1,1,155,157,
6,56,38,97,74,47,1,1,1,1,1,1,171,147,
87,4,26,35,55,52,1,1,1,1,1,1,142,117,
19,12,37,33,58,32,1,1,1,1,1,1,95,96,
99,79,86,7,58,55,1,1,1,1,1,1,185,199,
100,1,57,83,17,6,1,1,1,1,1,1,183,81,1
80,11,98,45,2,12,1,1,1,1,1,1,178,70,1
7,49,8,71,55,10,1,1,1,1,1,1,126,74,1
91,81,30,88,7,85,1,1,1,1,1,1,179,203,
43,38,76,22,32,42,1,1,1,1,1,1,119,134,
55,37,24,69,75,63,1,1,1,1,1,1,144,179,
44,65,8,59,71,57,1,1,1,1,1,1,136,168,
38,11,67,69,16,30,1,1,1,1,1,1,136,95,
32,77,92,89,95,98,1,1,1,1,1,1,193,290,
35,63,98,10,75,71,1,1,1,1,1,1,173,179,
50,94,38,24,58,39,1,1,1,1,1,1,152,151,
39,67,9,68,56,90,1,1,1,1,1,1,158,171,
8,78,41,42,62,48,1,1,1,1,1,1,140,139,
93,12,70,82,62,67,1,1,1,1,1,1,175,211,
94,49,61,17,74,43,1,1,1,1,1,1,168,170,
14,33,76,72,7,68,1,1,1,1,1,1,148,122,
34,1,81,9,100,97,1,1,1,1,1,1,197,125,1
100,91,77,39,61,46,1,1,1,1,1,1,191,223,
72,41,43,17,28,58,1,1,1,1,1,1,130,129,
62,22,97,39,98,99,1,1,1,1,1,1,197,220,
12,45,90,74,64,4,1,1,1,1,1,1,164,125,
7,62,79,42,20,77,1,1,1,1,1,1,156,131,
19,9,92,20,100,31,1,1,1,1,1,1,192,79,1
85,19,89,40,42,87,1,1,1,1,1,1,176,186,
12,41,76,31,13,58,1,1,1,1,1,1,134,97,
33,58,74,66,99,97,1,1,1,1,1,1,196,231,
8,20,92,77,85,84,1,1,1,1,1,1,177,189,
82,47,62,34,39,94,1,1,1,1,1,1,176,182,
80,67,14,71,28,19,1,1,1,1,1,1,151,128,
4,86,41,78,61,5,1,1,1,1,1,1,164,111,
58,64,69,56,43,22,1,1,1,1,1,1,133,179,
38,56,33,62,65,69,1,1,1,1,1,1,134,189,
75,54,61,31,67,29,1,1,1,1,1,1,142,175,
10,51,4,63,8,87,1,1,1,1,1,1,150,73,1
97,31,16,14,50,74,1,1,1,1,1,1,171,111,1
67,1,26,36,56,44,1,1,1,1,1,1,123,107,
92,57,33,11,38,93,1,1,1,1,1,1,185,139,
35,75,36,94,7,60,1,1,1,1,1,1,169,138,
22,77,16,57,85,42,1,1,1,1,1,1,162,137,
51,18,97,13,57,36,1,1,1,1,1,1,154,118,
56,34,9,26,80,32,1,1,1,1,1,1,136,101,
50,2,64,98,79,23,1,1,1,1,1,1,177,139,
60,95,81,51,66,16,1,1,1,1,1,1,176,193,
10,95,89,5,71,41,1,1,1,1,1,1,184,127,
16,31,57,49,47,72,1,1,1,1,1,1,129,143,
100,12,35,23,67,9,1,1,1,1,1,1,167,79,1
89,45,47,37,79,33,1,1,1,1,1,1,168,162,
78,21,27,92,90,98,1,1,1,1,1,1,190,216,
41,97,57,39,83,23,1,1,1,1,1,1,180,160,
33,29,72,28,55,5,1,1,1,1,1,1,127,95,
9,41,79,23,58,88,1,1,1,1,1,1,167,131,
34,93,56,62,15,40,1,1,1,1,1,1,155,145,
22,87,98,61,72,13,1,1,1,1,1,1,185,168,
25,97,98,15,23,38,1,1,1,1,1,1,195,101,1
97,60,15,62,16,58,1,1,1,1,1,1,159,149,
30,47,70,62,43,82,1,1,1,1,1,1,152,182,
34,62,13,49,33,48,1,1,1,1,1,1,111,128,
6,39,21,71,3,5,1,1,1,1,1,1,110,35,1
64,21,49,58,39,19,1,1,1,1,1,1,122,128,
61,27,5,58,54,17,1,1,1,1,1,1,119,103,
54,41,80,56,16,20,1,1,1,1,1,1,136,131,
90,94,59,47,42,19,1,1,1,1,1,1,184,167,
78,81,49,59,55,83,1,1,1,1,1,1,164,241,
23,6,54,40,30,91,1,1,1,1,1,1,145,99,
48,95,68,64,84,73,1,1,1,1,1,1,179,253,
42,79,80,4,47,36,1,1,1,1,1,1,159,129,
80,96,39,82,81,50,1,1,1,1,1,1,178,250,
47,54,7,1,55,100,1,1,1,1,1,1,155,109,
71,50,58,31,64,73,1,1,1,1,1,1,144,203,
71,91,32,77,5,11,1,1,1,1,1,1,168,119,
4,30,21,90,23,11,1,1,1,1,1,1,120,59,1
85,11,66,87,5,21,1,1,1,1,1,1,172,103,1
78,85,71,39,87,66,1,1,1,1,1,1,172,254,
64,70,8,22,68,9,1,1,1,1,1,1,138,103,
94,100,61,68,26,91,1,1,1,1,1,1,194,246,
86,68,60,98,2,17,1,1,1,1,1,1,184,147,
5,69,82,11,9,52,1,1,1,1,1,1,151,77,1
81,56,99,64,59,51,1,1,1,1,1,1,180,230,
86,6,13,62,91,31,1,1,1,1,1,1,177,112,1
96,18,70,20,40,49,1,1,1,1,1,1,166,127,
42,47,58,22,29,85,1,1,1,1,1,1,143,140,
74,55,93,100,47,60,1,1,1,1,1,1,193,236,
32,88,54,45,33,4,1,1,1,1,1,1,142,114,
41,5,18,12,90,89,1,1,1,1,1,1,179,76,1
23,75,5,58,49,43,1,1,1,1,1,1,133,120,
86,16,69,94,7,64,1,1,1,1,1,1,180,156,
96,75,55,72,43,60,1,1,1,1,1,1,171,230,
92,41,30,24,74,6,1,1,1,1,1,1,166,101,1
69,25,87,60,95,65,1,1,1,1,1,1,182,219,
54,86,49,89,82,30,1,1,1,1,1,1,175,215,
45,73,30,85,49,87,1,1,1,1,1,1,172,197,
21,5,3,15,7,99,1,1,1,1,1,1,120,30,1
96,31,66,29,91,76,1,1,1,1,1,1,187,202,
33,20,14,98,1,5,1,1,1,1,1,1,131,40,1
1,18,29,28,91,59,1,1,1,1,1,1,150,76,1
99,46,78,98,89,63,1,1,1,1,1,1,197,276,
26,91,29,65,51,14,1,1,1,1,1,1,156,120,
93,14,89,69,12,99,1,1,1,1,1,1,192,184,
37,17,41,28,81,27,1,1,1,1,1,1,122,109,
65,34,70,12,25,83,1,1,1,1,1,1,153,136,
75,2,96,47,37,49,1,1,1,1,1,1,171,135,
92,37,40,50,63,14,1,1,1,1,1,1,155,141,
9,41,6,20,62,70,1,1,1,1,1,1,132,76,1
18,79,59,88,51,54,1,1,1,1,1,1,167,182,
79,75,59,76,24,19,1,1,1,1,1,1,155,177,
2,43,35,28,58,8,1,1,1,1,1,1,101,73,
41,98,87,37,39,56,1,1,1,1,1,1,185,173,
57,94,75,10,86,40,1,1,1,1,1,1,180,182,
6,91,90,97,36,100,1,1,1,1,1,1,197,223,
22,8,90,51,27,46,1,1,1,1,1,1,141,103,
62,26,20,37,47,83,1,1,1,1,1,1,145,130,
50,35,17,3,51,24,1,1,1,1,1,1,101,79,
39,22,100,90,97,83,1,1,1,1,1,1,197,234,
86,9,54,43,34,82,1,1,1,1,1,1,168,140,
44,18,42,69,83,35,1,1,1,1,1,1,152,139,
70,2,78,17,33,62,1,1,1,1,1,1,148,114,
49,93,40,70,82,54,1,1,1,1,1,1,175,213,
84,6,62,67,86,95,1,1,1,1,1,1,181,219,
5,89,25,43,76,85,1,1,1,1,1,1,174,149,
56,29,36,45,35,1,1,1,1,1,1,1,101,101,
88,22,5,62,36,58,1,1,1,1,1,1,150,121,
89,68,5,18,66,13,1,1,1,1,1,1,157,102,1
35,64,15,27,73,8,1,1,1,1,1,1,137,85,1
87,67,31,95,96,13,1,1,1,1,1,1,191,198,
43,87,5,23,92,64,1,1,1,1,1,1,179,135,
45,26,97,82,24,17,1,1,1,1,1,1,179,112,1
89,69,80,42,8,3,1,1,1,1,1,1,169,122,
63,38,1,20,2,87,1,1,1,1,1,1,150,61,1
60,79,63,43,20,16,1,1,1,1,1,1,142,139,
50,47,6,96,40,92,1,1,1,1,1,1,188,143,
87,76,1,99,8,83,1,1,1,1,1,1,186,168,
36,34,49,77,6,22,1,1,1,1,1,1,126,98,
86,4,69,99,13,64,1,1,1,1,1,1,185,150,
88,26,22,89,96,86,1,1,1,1,1,1,185,222,
33,3,10,96,45,87,1,1,1,1,1,1,183,91,1
5,97,2,87,46,76,1,1,1,1,1,1,184,129,
2,89,58,29,41,44,1,1,1,1,1,1,147,116,
42,93,87,70,39,11,1,1,1,1,1,1,180,162,
33,42,29,81,80,65,1,1,1,1,1,1,161,169,
54,15,45,26,44,61,1,1,1,1,1,1,115,130,
93,41,67,37,91,18,1,1,1,1,1,1,184,163,
39,97,18,27,28,61,1,1,1,1,1,1,158,112,
59,98,54,45,20,16,1,1,1,1,1,1,157,135,
44,21,68,73,53,95,1,1,1,1,1,1,168,186,
88,37,67,68,21,92,1,1,1,1,1,1,180,193,
39,93,44,78,35,71,1,1,1,1,1,1,171,189,
59,30,49,38,83,45,1,1,1,1,1,1,142,162,
30,85,56,32,46,61,1,1,1,1,1,1,146,164,
24,74,81,40,43,9,1,1,1,1,1,1,155,116,
20,5,35,73,3,46,1,1,1,1,1,1,119,63,1
93,43,12,55,79,18,1,1,1,1,1,1,172,128,
100,60,70,57,68,2,1,1,1,1,1,1,170,187,
51,13,74,76,88,23,1,1,1,1,1,1,164,161,
57,52,79,7,69,68,1,1,1,1,1,1,148,184,
7,99,22,72,53,49,1,1,1,1,1,1,171,131,
58,6,91,86,60,85,1,1,1,1,1,1,177,209,
17,88,42,11,67,49,1,1,1,1,1,1,155,119,
99,97,61,58,44,88,1,1,1,1,1,1,196,251,
77,45,68,53,9,49,1,1,1,1,1,1,145,156,
68,51,81,92,7,21,1,1,1,1,1,1,173,147,
52,48,36,77,96,37,1,1,1,1,1,1,173,173,
47,83,50,22,40,45,1,1,1,1,1,1,133,154,
40,84,19,20,48,67,1,1,1,1,1,1,151,127,
7,5,97,91,2,14,1,1,1,1,1,1,188,28,1
39,50,59,37,72,7,1,1,1,1,1,1,131,133,
45,49,64,19,68,29,1,1,1,1,1,1,132,142,
58,97,49,89,50,30,1,1,1,1,1,1,186,187,
99,70,46,4,85,8,1,1,1,1,1,1,184,128,
37,3,22,57,53,6,1,1,1,1,1,1,110,68,1
38,62,73,40,71,11,1,1,1,1,1,1,144,151,
37,4,55,48,11,56,1,1,1,1,1,1,111,100,
19,80,78,10,66,57,1,1,1,1,1,1,158,152,
90,18,77,92,10,88,1,1,1,1,1,1,182,193,
31,73,7,80,29,35,1,1,1,1,1,1,153,102,1
73,7,80,11,52,10,1,1,1,1,1,1,153,80,1
63,25,1,3,52,86,1,1,1,1,1,1,149,81,1
72,32,8,11,70,18,1,1,1,1,1,1,142,69,1
18,96,75,84,6,16,1,1,1,1,1,1,180,115,1
24,83,45,51,22,27,1,1,1,1,1,1,134,118,
98,92,75,83,59,71,1,1,1,1,1,1,190,288,
41,86,77,40,34,51,1,1,1,1,1,1,163,166,
19,71,62,90,25,77,1,1,1,1,1,1,167,177,
85,73,84,97,100,58,1,1,1,1,1,1,197,300,
86,44,31,12,19,68,1,1,1,1,1,1,154,106,
27,68,82,36,65,11,1,1,1,1,1,1,150,139,
46,54,97,85,67,41,1,1,1,1,1,1,182,208,
45,13,70,88,11,9,1,1,1,1,1,1,158,78,1
41,68,64,72,1,53,1,1,1,1,1,1,140,159,
12,78,70,63,11,79,1,1,1,1,1,1,157,156,
90,5,27,59,73,2,1,1,1,1,1,1,163,93,1
76,72,86,1,44,30,1,1,1,1,1,1,162,147,
89,76,63,61,4,38,1,1,1,1,1,1,165,166,
56,11,27,82,52,54,1,1,1,1,1,1,138,144,
31,5,70,54,35,77,1,1,1,1,1,1,147,125,
58,34,54,52,42,53,1,1,1,1,1,1,112,181,
87,53,17,57,84,41,1,1,1,1,1,1,171,168,
36,39,73,35,18,7,1,1,1,1,1,1,112,96,
5,55,15,8,87,22,1,1,1,1,1,1,142,50,1
21,93,96,34,36,56,1,1,1,1,1,1,189,147,
60,21,42,73,4,12,1,1,1,1,1,1,133,79,1
60,66,8,7,45,56,1,1,1,1,1,1,126,116,
48,15,97,98,57,43,1,1,1,1,1,1,195,163,
32,18,85,1,17,64,1,1,1,1,1,1,149,68,1
47,20,9,34,65,72,1,1,1,1,1,1,137,110,
6,68,28,37,94,12,1,1,1,1,1,1,162,83,1
99,88,91,49,72,37,1,1,1,1,1,1,190,246,
49,57,98,33,45,73,1,1,1,1,1,1,171,184,
42,51,33,27,36,16,1,1,1,1,1,1,93,112,
48,87,31,52,56,54,1,1,1,1,1,1,143,185,
1,51,36,3,25,84,1,1,1,1,1,1,135,65,1
87,31,62,66,44,34,1,1,1,1,1,1,153,171,
43,91,84,48,22,100,1,1,1,1,1,1,191,197,
30,61,15,81,4,59,1,1,1,1,1,1,142,108,
69,61,17,18,45,12,1,1,1,1,1,1,130,92,
37,49,75,42,77,52,1,1,1,1,1,1,152,180,
100,43,8,34,3,32,1,1,1,1,1,1,143,77,1
43,100,84,16,51,22,1,1,1,1,1,1,184,132,
54,83,50,20,17,6,1,1,1,1,1,1,137,93,
37,14,2,13,40,24,1,1,1,1,1,1,77,53,
70,40,98,3,75,33,1,1,1,1,1,1,173,146,
10,40,21,16,46,12,1,1,1,1,1,1,86,59,
30,46,78,52,86,75,1,1,1,1,1,1,164,203,
70,17,5,27,2,91,1,1,1,1,1,1,161,51,1
37,23,69,81,98,48,1,1,1,1,1,1,179,177,
92,63,16,60,56,71,1,1,1,1,1,1,163,195,
26,24,50,87,64,55,1,1,1,1,1,1,151,155,
99,94,4,1,9,85,1,1,1,1,1,1,193,99,1
1,80,3,44,45,30,1,1,1,1,1,1,125,78,1
34,100,18,99,29,15,1,1,1,1,1,1,199,96,1
65,58,38,97,66,70,1,1,1,1,1,1,167,227,
25,27,88,6,87,95,1,1,1,1,1,1,183,145,
41,11,81,80,89,36,1,1,1,1,1,1,170,168,
83,1,57,48,12,93,1,1,1,1,1,1,176,118,
64,49,69,57,62,9,1,1,1,1,1,1,133,177,
25,84,34,60,58,19,1,1,1,1,1,1,144,136,
19,40,70,25,95,64,1,1,1,1,1,1,165,148,
79,49,54,55,96,37,1,1,1,1,1,1,175,195,
55,73,90,98,39,5,1,1,1,1,1,1,188,172,
63,32,19,37,20,41,1,1,1,1,1,1,104,108,
14,80,50,68,47,90,1,1,1,1,1,1,170,179,
15,99,83,69,7,90,1,1,1,1,1,1,189,174,
1,29,22,27,21,87,1,1,1,1,1,1,116,71,1
41,70,29,27,16,14,1,1,1,1,1,1,111,86,
48,80,89,63,26,29,1,1,1,1,1,1,169,166,
100,35,76,32,17,56,1,1,1,1,1,1,176,140,
13,80,56,79,6,58,1,1,1,1,1,1,159,133,
95,49,10,4,37,83,1,1,1,1,1,1,178,100,1
10,98,83,14,6,35,1,1,1,1,1,1,181,65,1
35,21,30,13,17,72,1,1,1,1,1,1,107,81,
7,69,41,80,30,33,1,1,1,1,1,1,149,111,
78,5,80,74,48,79,1,1,1,1,1,1,159,205,
9,49,14,89,43,97,1,1,1,1,1,1,186,115,1
99,48,40,7,44,83,1,1,1,1,1,1,182,139,
33,7,79,94,1,70,1,1,1,1,1,1,173,111,1
39,5,21,41,83,72,1,1,1,1,1,1,155,106,
28,71,14,65,62,88,1,1,1,1,1,1,159,169,
21,80,79,59,41,78,1,1,1,1,1,1,159,199,
73,90,86,55,63,71,1,1,1,1,1,1,176,262,
20,82,26,59,44,53,1,1,1,1,1,1,141,143,
80,4,79,19,21,70,1,1,1,1,1,1,159,114,
9,29,100,77,83,11,1,1,1,1,1,1,183,126,
23,51,77,15,95,9,1,1,1,1,1,1,172,98,1
56,46,5,58,95,35,1,1,1,1,1,1,153,142,
13,72,46,26,51,6,1,1,1,1,1,1,123,91,
69,42,7,20,79,97,1,1,1,1,1,1,176,138,
8,38,13,9,35,78,1,1,1,1,1,1,116,65,1
31,3,96,44,27,100,1,1,1,1,1,1,196,105,1
81,32,24,89,62,18,1,1,1,1,1,1,170,136,
7,32,52,51,3,79,1,1,1,1,1,1,131,93,
66,44,24,53,77,70,1,1,1,1,1,1,147,187,
3,45,65,33,16,32,1,1,1,1,1,1,110,84,
51,32,40,59,72,6,1,1,1,1,1,1,131,129,
62,69,33,81,47,46,1,1,1,1,1,1,150,188,
32,25,15,44,39,86,1,1,1,1,1,1,130,111,
8,56,71,26,22,67,1,1,1,1,1,1,138,112,
67,85,76,83,9,69,1,1,1,1,1,1,168,221,
95,19,94,98,68,65,1,1,1,1,1,1,193,246,
61,72,68,51,44,12,1,1,1,1,1,1,140,168,
46,4,100,35,26,87,1,1,1,1,1,1,187,111,1
82,95,37,26,25,67,1,1,1,1,1,1,177,155,
77,57,9,41,16,94,1,1,1,1,1,1,171,123,
15,80,19,21,67,65,1,1,1,1,1,1,147,120,
4,24,61,35,29,59,1,1,1,1,1,1,120,92,
27,23,43,7,8,56,1,1,1,1,1,1,99,65,1
70,82,49,56,31,8,1,1,1,1,1,1,152,144,
5,27,82,7,46,55,1,1,1,1,1,1,137,85,1
85,17,93,82,13,87,1,1,1,1,1,1,180,197,
55,96,76,71,48,43,1,1,1,1,1,1,172,217,
13,87,31,11,96,45,1,1,1,1,1,1,183,100,1
85,10,45,50,68,49,1,1,1,1,1,1,153,154,
16,58,80,89,59,40,1,1,1,1,1,1,169,173,
45,38,47,97,7,15,1,1,1,1,1,1,144,105,
82,53,83,87,34,58,1,1,1,1,1,1,170,227,
85,74,31,35,63,16,1,1,1,1,1,1,159,145,
90,31,91,85,17,12,1,1,1,1,1,1,181,145,
7,79,31,41,100,76,1,1,1,1,1,1,179,155,
33,92,17,27,48,1,1,1,1,1,1,1,140,78,1
1,86,5,7,46,73,1,1,1,1,1,1,159,59,1
40,26,42,74,85,48,1,1,1,1,1,1,159,156,
12,9,52,80,13,22,1,1,1,1,1,1,132,56,1
89,6,32,75,87,8,1,1,1,1,1,1,176,121,
74,54,100,6,24,97,1,1,1,1,1,1,197,158,
70,80,52,65,61,19,1,1,1,1,1,1,150,197,
52,48,83,28,27,44,1,1,1,1,1,1,135,147,
82,1,3,23,75,84,1,1,1,1,1,1,166,102,1
66,84,14,68,7,80,1,1,1,1,1,1,164,155,
21,61,75,81,72,51,1,1,1,1,1,1,156,205,
98,47,1,54,13,30,1,1,1,1,1,1,152,91,1
78,96,66,61,92,40,1,1,1,1,1,1,188,245,
42,43,64,10,85,6,1,1,1,1,1,1,149,101,
68,60,80,8,69,56,1,1,1,1,1,1,149,192,
91,97,13,44,84,36,1,1,1,1,1,1,188,177,
94,36,6,17,99,52,1,1,1,1,1,1,193,111,1
97,3,50,1,92,42,1,1,1,1,1,1,189,96,1
84,80,34,41,49,94,1,1,1,1,1,1,178,204,
6,46,79,21,26,2,1,1,1,1,1,1,125,55,1
39,51,18,60,23,33,1,1,1,1,1,1,111,113,
42,63,17,39,36,20,1,1,1,1,1,1,105,112,
14,9,23,26,8,78,1,1,1,1,1,1,104,54,1
37,15,5,60,54,25,1,1,1,1,1,1,114,82,
11,76,25,51,9,29,1,1,1,1,1,1,127,74,1
77,33,31,83,11,38,1,1,1,1,1,1,160,113,
27,46,17,92,28,64,1,1,1,1,1,1,156,118,
35,86,91,39,75,55,1,1,1,1,1,1,177,204,
90,49,38,79,41,6,1,1,1,1,1,1,169,134,
89,66,92,67,31,58,1,1,1,1,1,1,181,222,
73,90,12,39,79,41,1,1,1,1,1,1,169,165,
68,67,29,22,19,49,1,1,1,1,1,1,135,119,
81,68,60,39,11,6,1,1,1,1,1,1,149,116,
92,71,72,45,27,40,1,1,1,1,1,1,164,183,
99,39,21,40,22,88,1,1,1,1,1,1,187,122,1
21,24,77,37,91,78,1,1,1,1,1,1,169,159,
11,53,62,13,79,22,1,1,1,1,1,1,141,99,
7,71,79,3,4,26,1,1,1,1,1,1,150,40,1
14,96,11,89,39,48,1,1,1,1,1,1,185,112,1
14,66,19,24,54,20,1,1,1,1,1,1,120,77,1
29,56,1,30,52,93,1,1,1,1,1,1,149,112,
91,32,44,57,35,70,1,1,1,1,1,1,161,168,
53,38,67,14,75,54,1,1,1,1,1,1,142,159,
26,41,12,58,42,10,1,1,1,1,1,1,100,89,
47,28,20,34,80,32,1,1,1,1,1,1,127,114,
19,22,49,66,98,11,1,1,1,1,1,1,164,101,1
27,94,46,76,92,56,1,1,1,1,1,1,186,205,
32,21,79,94,35,7,1,1,1,1,1,1,173,95,1
30,66,1,76,20,43,1,1,1,1,1,1,142,94,1
94,15,40,98,86,84,1,1,1,1,1,1,192,225,
20,89,66,88,27,59,1,1,1,1,1,1,177,172,
13,94,43,63,88,61,1,1,1,1,1,1,182,180,
18,100,82,93,55,48,1,1,1,1,1,1,193,203,
37,89,52,41,23,60,1,1,1,1,1,1,149,153,
76,50,15,79,17,80,1,1,1,1,1,1,159,158,
88,27,39,25,56,17,1,1,1,1,1,1,144,108,
28,22,65,41,96,45,1,1,1,1,1,1,161,136,
45,20,49,4,22,14,1,1,1,1,1,1,94,60,1
86,1,87,40,9,39,1,1,1,1,1,1,173,89,1
8,48,96,89,27,65,1,1,1,1,1,1,185,148,
48,69,99,13,32,21,1,1,1,1,1,1,168,114,
74,60,80,73,59,47,1,1,1,1,1,1,154,239,
24,15,62,39,77,69,1,1,1,1,1,1,146,140,
86,83,16,30,72,52,1,1,1,1,1,1,169,170,
56,28,85,23,10,37,1,1,1,1,1,1,141,98,
53,16,2,65,27,1,1,1,1,1,1,1,118,46,1
19,96,3,11,80,46,1,1,1,1,1,1,176,79,1
28,26,32,67,25,100,1,1,1,1,1,1,167,111,1
92,15,67,5,29,75,1,1,1,1,1,1,167,116,
57,1,31,71,45,64,1,1,1,1,1,1,135,134,
98,66,94,44,99,51,1,1,1,1,1,1,197,255,
58,30,34,41,14,32,1,1,1,1,1,1,99,110,
46,24,37,15,47,33,1,1,1,1,1,1,93,109,
11,48,38,35,99,82,1,1,1,1,1,1,181,132,
31,14,56,47,81,58,1,1,1,1,1,1,139,148,
44,71,94,98,68,11,1,1,1,1,1,1,192,194,
96,74,42,84,32,100,1,1,1,1,1,1,196,232,
47,32,13,15,87,85,1,1,1,1,1,1,172,107,1
70,72,71,31,8,21,1,1,1,1,1,1,143,130,
96,38,44,55,80,45,1,1,1,1,1,1,176,182,
66,57,83,61,60,51,1,1,1,1,1,1,149,229,
68,29,38,46,6,53,1,1,1,1,1,1,121,119,
28,75,78,7,34,14,1,1,1,1,1,1,153,83,1
66,36,26,82,9,15,1,1,1,1,1,1,148,86,1
38,21,20,5,42,66,1,1,1,1,1,1,108,84,
94,30,20,66,67,36,1,1,1,1,1,1,161,152,
31,76,65,80,47,36,1,1,1,1,1,1,156,179,
4,76,93,95,28,85,1,1,1,1,1,1,188,193,
93,1,84,35,77,57,1,1,1,1,1,1,177,170,
99,3,46,68,32,31,1,1,1,1,1,1,167,112,
63,53,47,64,95,31,1,1,1,1,1,1,159,194,
35,42,78,95,24,28,1,1,1,1,1,1,173,129,
39,38,22,10,77,46,1,1,1,1,1,1,123,109,
79,95,25,91,73,89,1,1,1,1,1,1,186,266,
12,60,25,16,91,88,1,1,1,1,1,1,179,113,1
16,36,52,1,12,87,1,1,1,1,1,1,139,65,1
60,56,49,34,96,40,1,1,1,1,1,1,156,179,
10,66,44,86,82,81,1,1,1,1,1,1,168,201,
96,41,79,59,17,68,1,1,1,1,1,1,175,185,
36,82,94,80,13,48,1,1,1,1,1,1,176,177,
35,38,63,14,76,16,1,1,1,1,1,1,139,103,
67,83,37,33,89,85,1,1,1,1,1,1,174,220,
1,97,28,31,27,16,1,1,1,1,1,1,128,72,1
22,7,76,10,5,91,1,1,1,1,1,1,167,44,1
80,88,25,87,38,21,1,1,1,1,1,1,175,164,
85,18,84,48,95,8,1,1,1,1,1,1,180,158,
85,70,6,77,47,99,1,1,1,1,1,1,184,200,
18,57,83,33,93,71,1,1,1,1,1,1,176,179,
65,6,3,98,87,91,1,1,1,1,1,1,189,161,
85,55,30,47,59,58,1,1,1,1,1,1,144,190,
82,5,69,28,13,46,1,1,1,1,1,1,151,92,1
22,16,45,59,67,44,1,1,1,1,1,1,126,127,
52,29,58,16,44,12,1,1,1,1,1,1,110,101,
51,32,74,24,66,94,1,1,1,1,1,1,168,173,
32,45,48,55,57,59,1,1,1,1,1,1,116,180,
85,65,56,80,35,98,1,1,1,1,1,1,183,236,
91,8,17,14,75,46,1,1,1,1,1,1,166,85,1
43,77,94,2,48,93,1,1,1,1,1,1,187,170,
94,80,9,46,76,74,1,1,1,1,1,1,174,205,
77,54,51,6,14,24,1,1,1,1,1,1,131,95,
24,20,37,83,92,95,1,1,1,1,1,1,187,164,
42,98,66,38,86,55,1,1,1,1,1,1,184,201,
78,86,87,1,40,76,1,1,1,1,1,1,173,195,
43,36,57,74,72,92,1,1,1,1,1,1,166,208,
4,96,7,73,45,40,1,1,1,1,1,1,169,96,1
7,23,89,79,45,30,1,1,1,1,1,1,168,105,1
52,45,49,35,11,50,1,1,1,1,1,1,102,140,
63,80,12,21,70,66,1,1,1,1,1,1,150,162,
71,62,99,3,19,57,1,1,1,1,1,1,170,141,
15,34,27,62,90,100,1,1,1,1,1,1,190,138,
82,68,37,6,19,89,1,1,1,1,1,1,171,130,
49,92,94,1,13,7,1,1,1,1,1,1,186,70,1
71,90,81,37,76,43,1,1,1,1,1,1,171,227,
75,10,21,86,33,50,1,1,1,1,1,1,161,114,
10,29,47,44,77,98,1,1,1,1,1,1,175,130,
5,35,87,2,10,47,1,1,1,1,1,1,134,52,1
27,49,97,3,15,33,1,1,1,1,1,1,146,78,1
93,15,32,29,34,13,1,1,1,1,1,1,127,89,
78,95,5,38,43,34,1,1,1,1,1,1,173,120,
26,11,90,10,83,86,1,1,1,1,1,1,176,130,
15,49,16,65,87,30,1,1,1,1,1,1,152,110,
32,24,65,1,75,19,1,1,1,1,1,1,140,76,1
67,15,19,70,3,78,1,1,1,1,1,1,148,104,
5,34,16,18,64,36,1,1,1,1,1,1,100,73,
75,77,93,6,26,80,1,1,1,1,1,1,173,184,
71,53,67,64,27,90,1,1,1,1,1,1,161,211,
50,59,67,26,35,49,1,1,1,1,1,1,126,160,
2,37,13,84,87,58,1,1,1,1,1,1,171,110,1
61,55,94,17,51,18,1,1,1,1,1,1,155,141,
95,43,58,61,96,41,1,1,1,1,1,1,191,203,
13,20,87,88,18,33,1,1,1,1,1,1,175,84,1
45,73,31,29,1,71,1,1,1,1,1,1,144,106,
100,93,89,87,5,8,1,1,1,1,1,1,193,189,
53,40,18,16,88,41,1,1,1,1,1,1,141,115,
9,11,64,19,43,4,1,1,1,1,1,1,107,43,1
87,39,63,54,58,22,1,1,1,1,1,1,150,173,
59,79,58,69,39,9,1,1,1,1,1,1,148,165,
55,78,88,69,40,3,1,1,1,1,1,1,166,167,
34,69,44,91,99,61,1,1,1,1,1,1,190,208,
62,77,7,13,73,58,1,1,1,1,1,1,150,140,
10,25,68,46,84,58,1,1,1,1,1,1,152,139,
46,7,93,91,34,8,1,1,1,1,1,1,184,95,1
2,29,14,59,95,77,1,1,1,1,1,1,172,104,1
58,54,99,60,68,95,1,1,1,1,1,1,194,240,
66,55,20,69,1,47,1,1,1,1,1,1,135,123,
96,50,80,23,18,29,1,1,1,1,1,1,176,120,
34,6,69,38,64,93,1,1,1,1,1,1,162,142,
24,87,18,82,57,8,1,1,1,1,1,1,169,107,1
42,47,46,82,51,68,1,1,1,1,1,1,150,186,
76,60,1,55,43,46,1,1,1,1,1,1,136,145,
93,8,85,91,46,73,1,1,1,1,1,1,184,212,
84,1,32,44,73,18,1,1,1,1,1,1,157,95,1
75,64,66,32,77,79,1,1,1,1,1,1,156,237,
18,56,37,4,79,75,1,1,1,1,1,1,154,115,
81,56,4,62,60,80,1,1,1,1,1,1,161,182,
3,81,51,72,60,27,1,1,1,1,1,1,153,141,
94,8,65,53,71,56,1,1,1,1,1,1,165,182,
27,85,84,22,10,11,1,1,1,1,1,1,169,70,1
33,87,17,100,24,70,1,1,1,1,1,1,187,144,
49,56,81,20,40,79,1,1,1,1,1,1,160,165,
76,37,49,6,40,82,1,1,1,1,1,1,158,132,
4,55,74,50,51,33,1,1,1,1,1,1,129,138,
43,28,70,47,95,7,1,1,1,1,1,1,165,125,
4,66,87,69,35,99,1,1,1,1,1,1,186,174,
29,88,91,7,34,9,1,1,1,1,1,1,179,79,1
30,49,12,89,19,6,1,1,1,1,1,1,138,67,1
24,92,10,20,96,7,1,1,1,1,1,1,188,61,1
93,45,67,62,66,44,1,1,1,1,1,1,160,217,
77,14,1,56,83,18,1,1,1,1,1,1,160,89,1
24,16,66,7,56,36,1,1,1,1,1,1,122,83,
31,2,66,29,40,26,1,1,1,1,1,1,106,88,
29,27,21,65,76,84,1,1,1,1,1,1,160,142,
72,43,71,54,70,97,1,1,1,1,1,1,169,238,
19,79,57,6,36,29,1,1,1,1,1,1,136,90,1
69,30,83,97,39,3,1,1,1,1,1,1,180,141,
22,67,42,88,13,85,1,1,1,1,1,1,173,144,
13,45,35,89,72,1,1,1,1,1,1,1,161,94,1
6,20,10,45,94,16,1,1,1,1,1,1,139,52,1
28,48,5,63,81,82,1,1,1,1,1,1,163,144,
70,2,36,49,39,62,1,1,1,1,1,1,132,126,
44,12,76,21,34,35,1,1,1,1,1,1,120,102,
95,50,7,70,72,90,1,1,1,1,1,1,185,199,
41,88,86,27,21,14,1,1,1,1,1,1,174,103,1
53,18,14,29,93,84,1,1,1,1,1,1,177,114,1
86,18,28,83,78,38,1,1,1,1,1,1,169,162,
1,36,88,32,16,52,1,1,1,1,1,1,140,85,1
71,22,55,34,100,32,1,1,1,1,1,1,171,143,
59,16,93,26,39,53,1,1,1,1,1,1,152,134,
8,55,44,63,43,47,1,1,1,1,1,1,118,142,
64,98,6,17,96,8,1,1,1,1,1,1,194,95,1
19,56,80,88,99,10,1,1,1,1,1,1,187,165,
85,79,82,2,24,57,1,1,1,1,1,1,167,162,
63,3,42,72,27,17,1,1,1,1,1,1,135,89,1
42,89,4,14,40,61,1,1,1,1,1,1,150,100,1
71,34,2,50,4,22,1,1,1,1,1,1,121,62,1
80,24,10,20,18,27,1,1,1,1,1,1,107,72,
63,28,89,44,99,17,1,1,1,1,1,1,188,152,
97,53,15,26,88,83,1,1,1,1,1,1,185,177,
2,74,70,15,66,95,1,1,1,1,1,1,169,153,
96,43,60,3,75,64,1,1,1,1,1,1,171,170,
32,84,78,14,60,88,1,1,1,1,1,1,172,184,
28,93,29,6,87,2,1,1,1,1,1,1,180,65,1
87,50,33,95,46,13,1,1,1,1,1,1,182,142,
77,100,8,36,90,9,1,1,1,1,1,1,190,130,
9,87,98,81,84,12,1,1,1,1,1,1,185,186,
77,73,60,63,84,59,1,1,1,1,1,1,161,255,
74,62,67,36,43,5,1,1,1,1,1,1,141,146,
71,20,90,83,82,68,1,1,1,1,1,1,173,241,
63,76,24,77,26,3,1,1,1,1,1,1,153,116,
16,8,14,76,9,51,1,1,1,1,1,1,127,47,1
29,18,83,85,2,61,1,1,1,1,1,1,168,110,1
50,97,59,44,4,41,1,1,1,1,1,1,156,139,
83,59,36,34,74,71,1,1,1,1,1,1,157,200,
67,78,100,34,30,58,1,1,1,1,1,1,178,189,
1,7,96,92,76,82,1,1,1,1,1,1,188,166,
84,25,87,29,45,9,1,1,1,1,1,1,171,108,1
1,15,55,51,100,78,1,1,1,1,1,1,178,122,
30,9,25,24,83,57,1,1,1,1,1,1,140,88,1
11,41,51,68,43,59,1,1,1,1,1,1,127,146,
23,54,13,40,8,62,1,1,1,1,1,1,116,84,
69,29,78,56,87,89,1,1,1,1,1,1,176,232,
65,21,10,31,28,44,1,1,1,1,1,1,109,90,
72,80,65,10,47,5,1,1,1,1,1,1,152,127,
92,48,38,39,85,27,1,1,1,1,1,1,177,152,
6,66,60,13,100,55,1,1,1,1,1,1,166,134,
96,88,42,97,53,71,1,1,1,1,1,1,193,254,
66,74,34,81,40,82,1,1,1,1,1,1,163,214,
45,22,78,2,38,70,1,1,1,1,1,1,148,107,
79,13,55,15,76,59,1,1,1,1,1,1,155,142,
44,89,8,82,13,46,1,1,1,1,1,1,171,111,1
79,74,40,99,37,72,1,1,1,1,1,1,178,223,
32,45,11,69,71,42,1,1,1,1,1,1,140,130,
93,16,23,91,24,80,1,1,1,1,1,1,184,143,
82,58,4,67,74,65,1,1,1,1,1,1,156,194,
41,21,90,18,63,85,1,1,1,1,1,1,175,143,
64,28,10,40,71,77,1,1,1,1,1,1,148,142,
8,15,57,61,47,77,1,1,1,1,1,1,138,127,
54,25,77,38,72,100,1,1,1,1,1,1,177,189,
73,48,47,40,32,44,1,1,1,1,1,1,121,163,
52,63,43,85,16,73,1,1,1,1,1,1,158,174,
23,42,56,71,8,89,1,1,1,1,1,1,160,129,
1,12,15,23,67,70,1,1,1,1,1,1,137,51,1
57,62,4,61,36,68,1,1,1,1,1,1,130,158,
86,6,89,38,83,67,1,1,1,1,1,1,175,194,
79,88,60,22,35,92,1,1,1,1,1,1,180,196,
70,57,8,78,39,7,1,1,1,1,1,1,148,111,
6,94,99,26,10,2,1,1,1,1,1,1,193,44,1
1,59,91,65,84,53,1,1,1,1,1,1,175,178,
64,33,67,2,88,18,1,1,1,1,1,1,155,117,
95,87,1,49,89,27,1,1,1,1,1,1,184,164,
43,80,5,44,49,56,1,1,1,1,1,1,136,141,
69,99,75,3,54,46,1,1,1,1,1,1,174,172,
60,82,48,21,68,12,1,1,1,1,1,1,150,141,
64,5,24,14,1,86,1,1,1,1,1,1,150,44,1
72,82,78,88,50,96,1,1,1,1,1,1,184,282,
36,20,47,93,72,19,1,1,1,1,1,1,165,122,
16,88,59,80,45,24,1,1,1,1,1,1,168,144,
18,93,87,9,53,67,1,1,1,1,1,1,180,147,
71,97,24,64,34,66,1,1,1,1,1,1,168,188,
57,58,88,43,4,62,1,1,1,1,1,1,150,162,
80,50,19,96,18,24,1,1,1,1,1,1,176,111,1
91,11,75,21,76,9,1,1,1,1,1,1,167,116,
23,64,98,28,95,13,1,1,1,1,1,1,193,128,1
22,9,3,29,43,78,1,1,1,1,1,1,121,63,1
36,35,93,8,3,16,1,1,1,1,1,1,129,62,1
65,69,78,75,96,99,1,1,1,1,1,1,195,287,
82,72,57,45,8,74,1,1,1,1,1,1,156,182,
95,7,96,19,17,64,1,1,1,1,1,1,191,107,1
59,35,11,44,34,2,1,1,1,1,1,1,103,82,
26,91,10,70,19,4,1,1,1,1,1,1,161,59,1
40,74,49,62,55,88,1,1,1,1,1,1,162,206,
53,15,14,88,71,12,1,1,1,1,1,1,159,94,1
74,39,73,51,70,59,1,1,1,1,1,1,147,219,
67,1,34,90,81,87,1,1,1,1,1,1,177,183,
3,87,29,22,93,14,1,1,1,1,1,1,180,68,1
78,3,17,45,63,80,1,1,1,1,1,1,158,128,
21,94,49,83,8,70,1,1,1,1,1,1,177,148,
46,24,17,51,57,39,1,1,1,1,1,1,108,126,
20,63,64,100,21,27,1,1,1,1,1,1,164,131,
75,34,57,26,76,87,1,1,1,1,1,1,163,192,
53,49,55,68,72,87,1,1,1,1,1,1,159,225,
63,37,51,65,13,25,1,1,1,1,1,1,128,126,
29,90,57,37,21,28,1,1,1,1,1,1,147,115,
57,93,91,48,33,62,1,1,1,1,1,1,184,200,
30,45,23,64,9,36,1,1,1,1,1,1,109,98,
94,15,20,31,55,29,1,1,1,1,1,1,149,95,1
13,63,92,85,76,23,1,1,1,1,1,1,177,175,
43,34,26,99,40,57,1,1,1,1,1,1,156,143,
66,64,3,87,58,14,1,1,1,1,1,1,153,139,
3,67,28,84,24,29,1,1,1,1,1,1,151,84,1
53,85,49,28,97,27,1,1,1,1,1,1,182,157,
92,79,48,15,90,93,1,1,1,1,1,1,185,232,
9,14,41,99,15,92,1,1,1,1,1,1,191,79,1
42,25,89,40,100,44,1,1,1,1,1,1,189,151,
98,22,9,70,42,58,1,1,1,1,1,1,168,131,
85,89,43,59,66,37,1,1,1,1,1,1,174,205,
23,26,3,92,98,52,1,1,1,1,1,1,190,104,1
58,78,90,52,62,17,1,1,1,1,1,1,168,189,
16,60,5,64,68,97,1,1,1,1,1,1,165,145,
64,21,46,22,31,47,1,1,1,1,1,1,111,120,
92,19,44,68,75,31,1,1,1,1,1,1,167,162,
28,51,90,38,78,42,1,1,1,1,1,1,168,159,
11,96,39,99,36,95,1,1,1,1,1,1,195,181,
75,30,38,50,53,16,1,1,1,1,1,1,128,134,
30,15,39,28,72,35,1,1,1,1,1,1,111,108,
69,82,27,44,30,51,1,1,1,1,1,1,151,152,
25,92,7,72,38,94,1,1,1,1,1,1,186,142,
39,61,76,11,45,70,1,1,1,1,1,1,146,156,
57,2,73,8,41,18,1,1,1,1,1,1,130,69,1
64,68,79,9,18,98,1,1,1,1,1,1,177,159,
26,40,66,70,33,15,1,1,1,1,1,1,136,114,
88,62,100,77,35,89,1,1,1,1,1,1,189,262,
69,35,92,76,90,12,1,1,1,1,1,1,182,192,
43,85,25,5,11,93,1,1,1,1,1,1,178,84,1
58,45,68,93,82,53,1,1,1,1,1,1,175,224,
55,87,61,9,53,24,1,1,1,1,1,1,148,141,
48,38,50,41,87,91,1,1,1,1,1,1,178,177,
30,42,46,5,27,84,1,1,1,1,1,1,130,104,
30,46,57,72,28,1,1,1,1,1,1,1,129,105,
10,76,8,29,5,70,1,1,1,1,1,1,146,52,1
26,85,5,94,2,21,1,1,1,1,1,1,179,54,1
77,86,69,21,26,30,1,1,1,1,1,1,163,146,
26,96,25,59,52,80,1,1,1,1,1,1,176,162,
38,2,50,87,26,89,1,1,1,1,1,1,176,116,1
9,47,2,30,23,45,1,1,1,1,1,1,92,64,
27,14,29,43,59,57,1,1,1,1,1,1,116,113,
73,10,92,38,25,76,1,1,1,1,1,1,168,146,
51,43,82,95,56,6,1,1,1,1,1,1,177,156,
87,31,52,6,100,84,1,1,1,1,1,1,187,173,
97,81,15,45,5,46,1,1,1,1,1,1,178,111,1
8,53,73,89,90,39,1,1,1,1,1,1,179,173,
55,81,52,48,40,12,1,1,1,1,1,1,136,152,
48,39,97,91,89,42,1,1,1,1,1,1,188,218,
100,3,20,35,14,44,1,1,1,1,1,1,144,72,1
12,83,71,79,57,11,1,1,1,1,1,1,162,151,
4,14,7,23,57,72,1,1,1,1,1,1,129,48,1
98,14,72,39,30,22,1,1,1,1,1,1,170,105,1
97,71,12,87,33,94,1,1,1,1,1,1,191,203,
51,87,53,50,71,17,1,1,1,1,1,1,158,171,
66,15,80,12,44,94,1,1,1,1,1,1,174,137,
13,66,40,89,78,24,1,1,1,1,1,1,167,143,
92,78,83,57,32,61,1,1,1,1,1,1,175,228,
1,4,76,73,22,71,1,1,1,1,1,1,149,98,1
94,39,35,61,81,25,1,1,1,1,1,1,175,160,
38,9,12,1,37,68,1,1,1,1,1,1,106,59,1
30,13,29,37,41,61,1,1,1,1,1,1,102,109,
3,34,70,79,81,14,1,1,1,1,1,1,160,121,
23,46,44,12,93,66,1,1,1,1,1,1,159,125,
47,13,80,84,9,93,1,1,1,1,1,1,177,149,
71,8,62,31,87,98,1,1,1,1,1,1,185,172,
85,38,71,35,72,4,1,1,1,1,1,1,157,148,
75,16,32,71,54,37,1,1,1,1,1,1,146,139,
40,90,69,74,21,36,1,1,1,1,1,1,164,166,
33,89,15,39,93,98,1,1,1,1,1,1,191,176,
43,87,82,63,90,8,1,1,1,1,1,1,177,196,
53,91,71,57,3,63,1,1,1,1,1,1,162,176,
77,85,21,29,80,95,1,1,1,1,1,1,180,207,
74,37,82,85,59,86,1,1,1,1,1,1,171,252,
74,27,44,31,83,72,1,1,1,1,1,1,157,174,
52,6,40,85,98,46,1,1,1,1,1,1,183,144,
78,12,21,69,100,76,1,1,1,1,1,1,178,178,
86,47,100,20,67,14,1,1,1,1,1,1,186,148,
14,45,12,21,83,41,1,1,1,1,1,1,128,88,
58,86,60,78,47,100,1,1,1,1,1,1,186,243,
20,34,94,39,27,61,1,1,1,1,1,1,155,120,
82,57,69,71,76,47,1,1,1,1,1,1,158,244,
56,48,76,2,66,85,1,1,1,1,1,1,161,172,
3,8,48,96,90,78,1,1,1,1,1,1,186,137,
30,13,11,55,100,36,1,1,1,1,1,1,155,90,1
39,100,52,99,14,36,1,1,1,1,1,1,199,141,
6,13,31,8,46,25,1,1,1,1,1,1,77,52,
13,61,12,50,70,42,1,1,1,1,1,1,131,117,
79,55,18,33,43,29,1,1,1,1,1,1,134,123,
100,35,70,65,72,86,1,1,1,1,1,1,186,242,
58,62,26,17,28,18,1,1,1,1,1,1,120,89,
41,52,93,7,56,85,1,1,1,1,1,1,178,156,
88,26,92,32,95,81,1,1,1,1,1,1,187,227,
89,35,44,53,42,61,1,1,1,1,1,1,150,174,
34,75,91,2,6,50,1,1,1,1,1,1,166,92,1
93,81,64,6,44,91,1,1,1,1,1,1,184,195,
77,31,80,87,49,20,1,1,1,1,1,1,167,177,
73,7,100,68,54,69,1,1,1,1,1,1,173,198,
97,78,79,26,16,81,1,1,1,1,1,1,178,199,
84,57,2,19,37,36,1,1,1,1,1,1,141,94,1
20,100,64,35,76,91,1,1,1,1,1,1,191,195,
23,35,46,64,30,34,1,1,1,1,1,1,110,122,
41,79,22,37,74,99,1,1,1,1,1,1,178,174,
57,61,23,21,14,95,1,1,1,1,1,1,156,115,
11,64,51,75,67,21,1,1,1,1,1,1,142,147,
60,97,87,72,90,13,1,1,1,1,1,1,187,232,
87,14,9,29,66,98,1,1,1,1,1,1,185,118,1
70,26,9,30,45,31,1,1,1,1,1,1,115,96,
25,93,19,28,65,83,1,1,1,1,1,1,176,137,
61,46,56,1,52,99,1,1,1,1,1,1,160,155,
5,75,95,28,77,25,1,1,1,1,1,1,172,133,
65,63,66,73,76,40,1,1,1,1,1,1,149,234,
94,75,50,69,35,86,1,1,1,1,1,1,180,229,
46,60,85,8,16,17,1,1,1,1,1,1,145,87,1
94,14,13,8,49,37,1,1,1,1,1,1,143,72,1
36,8,29,24,69,19,1,1,1,1,1,1,105,80,
7,64,63,21,84,27,1,1,1,1,1,1,148,118,
20,59,4,70,65,87,1,1,1,1,1,1,157,148,
37,83,77,69,65,98,1,1,1,1,1,1,181,248,
84,54,10,68,30,41,1,1,1,1,1,1,152,135,
64,51,78,16,67,10,1,1,1,1,1,1,145,141,
62,95,30,24,57,82,1,1,1,1,1,1,177,173,
42,83,15,38,58,63,1,1,1,1,1,1,146,153,
66,88,76,67,25,1,1,1,1,1,1,1,164,159,
22,59,6,63,98,15,1,1,1,1,1,1,161,102,1
21,34,68,85,97,74,1,1,1,1,1,1,182,197,
87,77,43,81,46,12,1,1,1,1,1,1,168,178,
40,14,74,85,79,6,1,1,1,1,1,1,164,134,
16,72,27,60,41,38,1,1,1,1,1,1,132,122,
16,27,14,88,87,45,1,1,1,1,1,1,175,102,1
95,88,53,7,2,73,1,1,1,1,1,1,183,135,
71,26,37,42,85,23,1,1,1,1,1,1,156,128,
3,61,28,14,26,34,1,1,1,1,1,1,95,71,
34,77,30,42,68,11,1,1,1,1,1,1,145,117,
43,3,31,53,10,21,1,1,1,1,1,1,96,65,
54,50,71,5,40,49,1,1,1,1,1,1,125,144,
99,25,8,20,5,66,1,1,1,1,1,1,165,58,1
19,26,61,89,97,20,1,1,1,1,1,1,186,126,
70,79,94,11,33,16,1,1,1,1,1,1,173,130,
95,98,41,7,64,3,1,1,1,1,1,1,193,115,1
18,11,31,89,17,49,1,1,1,1,1,1,138,77,1
84,31,42,59,25,83,1,1,1,1,1,1,167,157,
26,82,32,52,31,50,1,1,1,1,1,1,134,139,
43,58,33,30,96,35,1,1,1,1,1,1,154,141,
12,33,51,38,91,48,1,1,1,1,1,1,142,131,
94,73,84,64,31,20,1,1,1,1,1,1,178,188,
71,31,67,8,1,70,1,1,1,1,1,1,141,107,
97,17,77,6,2,90,1,1,1,1,1,1,187,102,1
84,57,32,54,64,13,1,1,1,1,1,1,148,156,
96,48,58,4,98,57,1,1,1,1,1,1,194,167,
24,66,46,100,13,94,1,1,1,1,1,1,194,149,
50,4,76,36,15,49,1,1,1,1,1,1,126,104,
35,51,64,19,77,5,1,1,1,1,1,1,141,110,
23,8,29,56,81,67,1,1,1,1,1,1,148,116,
64,78,45,81,94,7,1,1,1,1,1,1,175,194,
34,56,16,72,93,53,1,1,1,1,1,1,165,159,
76,41,52,45,64,7,1,1,1,1,1,1,140,145,
68,86,26,77,8,46,1,1,1,1,1,1,163,148,
38,56,5,67,93,45,1,1,1,1,1,1,160,144,
21,38,84,27,74,37,1,1,1,1,1,1,158,123,
16,56,86,21,70,3,1,1,1,1,1,1,156,96,1
41,88,85,71,63,4,1,1,1,1,1,1,173,179,
7,15,8,52,58,65,1,1,1,1,1,1,123,82,1
37,93,50,16,99,25,1,1,1,1,1,1,192,128,1
27,96,26,37,43,74,1,1,1,1,1,1,170,133,
95,4,14,2,91,32,1,1,1,1,1,1,186,52,1
78,97,69,43,28,66,1,1,1,1,1,1,175,206,
34,95,48,100,29,51,1,1,1,1,1,1,195,162,
19,22,37,41,35,60,1,1,1,1,1,1,101,113,
45,82,53,56,6,2,1,1,1,1,1,1,138,106,
91,59,93,41,96,83,1,1,1,1,1,1,189,274,
90,56,79,9,60,44,1,1,1,1,1,1,169,169,
8,79,63,71,14,88,1,1,1,1,1,1,167,156,
88,42,82,3,89,71,1,1,1,1,1,1,177,198,
2,15,75,96,52,72,1,1,1,1,1,1,171,141,
78,64,77,4,76,68,1,1,1,1,1,1,155,212,
20,43,48,94,82,35,1,1,1,1,1,1,176,146,
5,2,19,21,83,13,1,1,1,1,1,1,104,39,1
10,32,88,24,78,6,1,1,1,1,1,1,166,72,1
48,81,12,13,4,71,1,1,1,1,1,1,152,77,1
87,92,89,11,69,13,1,1,1,1,1,1,181,180,
43,73,87,37,31,23,1,1,1,1,1,1,160,134,
74,19,24,90,23,4,1,1,1,1,1,1,164,70,1
40,62,50,100,79,93,1,1,1,1,1,1,193,231,
87,84,62,6,44,19,1,1,1,1,1,1,171,131,
7,12,42,31,68,46,1,1,1,1,1,1,114,92,
11,78,37,84,69,65,1,1,1,1,1,1,162,182,
85,24,38,62,73,96,1,1,1,1,1,1,181,197,
8,86,94,45,24,20,1,1,1,1,1,1,180,97,1
47,51,53,38,20,90,1,1,1,1,1,1,143,156,
85,10,74,23,73,71,1,1,1,1,1,1,159,177,
75,86,52,73,51,21,1,1,1,1,1,1,161,197,
43,6,91,33,65,9,1,1,1,1,1,1,156,91,1
9,17,86,6,71,20,1,1,1,1,1,1,157,52,1
70,3,80,75,22,34,1,1,1,1,1,1,155,129,
78,67,41,53,62,92,1,1,1,1,1,1,170,223,
62,56,84,61,41,55,1,1,1,1,1,1,146,213,
63,9,34,89,96,76,1,1,1,1,1,1,185,182,
14,47,5,7,17,70,1,1,1,1,1,1,117,43,1
26,39,10,43,74,81,1,1,1,1,1,1,155,118,
87,22,65,44,16,79,1,1,1,1,1,1,166,147,
3,75,34,78,89,40,1,1,1,1,1,1,167,152,
25,55,37,76,47,6,1,1,1,1,1,1,131,115,
4,75,11,46,78,87,1,1,1,1,1,1,165,136,
43,98,57,36,2,63,1,1,1,1,1,1,161,138,
15,97,17,53,6,98,1,1,1,1,1,1,195,91,1
95,77,23,1,32,85,1,1,1,1,1,1,180,133,
31,5,9,82,54,35,1,1,1,1,1,1,136,80,1
100,20,79,56,83,92,1,1,1,1,1,1,192,238,
14,39,4,27,42,37,1,1,1,1,1,1,81,82,
45,78,83,64,73,51,1,1,1,1,1,1,161,233,
95,81,3,50,4,63,1,1,1,1,1,1,176,120,
52,64,62,23,51,34,1,1,1,1,1,1,126,160,
11,19,29,4,41,82,1,1,1,1,1,1,123,63,1
5,74,57,14,55,94,1,1,1,1,1,1,168,131,
40,89,92,29,90,8,1,1,1,1,1,1,182,166,
54,41,81,5,74,64,1,1,1,1,1,1,155,164,
43,39,34,64,2,95,1,1,1,1,1,1,159,118,
70,63,98,89,10,20,1,1,1,1,1,1,187,163,
17,87,49,15,85,33,1,1,1,1,1,1,172,114,1
86,41,65,55,7,99,1,1,1,1,1,1,185,168,
98,39,44,1,13,88,1,1,1,1,1,1,186,97,1
23,53,46,2,44,88,1,1,1,1,1,1,141,115,
32,87,72,94,91,93,1,1,1,1,1,1,187,282,
67,60,41,44,59,72,1,1,1,1,1,1,139,204,
6,69,72,46,87,31,1,1,1,1,1,1,159,152,
88,90,100,18,5,27,1,1,1,1,1,1,190,138,
46,55,90,12,99,43,1,1,1,1,1,1,189,156,
3,33,46,7,13,51,1,1,1,1,1,1,97,56,1
17,94,37,20,3,59,1,1,1,1,1,1,153,77,1
35,61,97,52,55,62,1,1,1,1,1,1,159,203,
56,66,11,95,49,50,1,1,1,1,1,1,161,166,
65,4,3,63,1,89,1,1,1,1,1,1,154,71,1
44,17,79,3,25,27,1,1,1,1,1,1,123,72,1
30,41,100,13,87,56,1,1,1,1,1,1,187,140,
36,27,28,90,67,6,1,1,1,1,1,1,157,97,1
100,68,76,17,90,22,1,1,1,1,1,1,190,183,
57,35,22,48,40,2,1,1,1,1,1,1,105,99,
48,57,90,92,36,72,1,1,1,1,1,1,182,213,
17,93,83,63,79,43,1,1,1,1,1,1,176,202,
11,82,65,22,94,31,1,1,1,1,1,1,176,129,
22,30,39,55,31,16,1,1,1,1,1,1,94,99,
68,48,12,85,29,94,1,1,1,1,1,1,179,157,
94,43,91,12,26,10,1,1,1,1,1,1,185,91,1
26,19,58,10,11,46,1,1,1,1,1,1,104,66,1
26,54,31,71,30,21,1,1,1,1,1,1,125,108,
30,50,46,48,53,12,1,1,1,1,1,1,103,136,
72,79,28,69,84,88,1,1,1,1,1,1,172,248,
93,74,64,24,42,96,1,1,1,1,1,1,189,204,
87,29,22,73,98,24,1,1,1,1,1,1,185,148,
49,34,6,18,20,89,1,1,1,1,1,1,138,78,1
34,58,7,27,49,99,1,1,1,1,1,1,157,117,
89,19,39,17,33,97,1,1,1,1,1,1,186,108,1
94,29,39,95,61,22,1,1,1,1,1,1,189,151,
18,30,82,29,68,28,1,1,1,1,1,1,150,105,
81,60,41,37,80,46,1,1,1,1,1,1,161,184,
98,43,54,61,78,69,1,1,1,1,1,1,176,227,
69,22,42,57,49,76,1,1,1,1,1,1,145,170,
71,54,62,70,98,48,1,1,1,1,1,1,169,234,
7,75,95,74,89,67,1,1,1,1,1,1,184,223,
32,22,33,51,98,62,1,1,1,1,1,1,160,138,
94,18,73,17,22,15,1,1,1,1,1,1,167,72,1
24,88,50,34,90,20,1,1,1,1,1,1,178,128,
77,12,71,35,21,15,1,1,1,1,1,1,148,83,1
26,19,57,68,84,97,1,1,1,1,1,1,181,170,
55,57,15,17,63,14,1,1,1,1,1,1,120,101,
96,57,8,47,30,20,1,1,1,1,1,1,153,105,
11,50,89,87,92,60,1,1,1,1,1,1,181,208,
1,41,98,79,24,84,1,1,1,1,1,1,182,145,
35,9,44,7,74,49,1,1,1,1,1,1,123,95,
76,92,95,10,17,44,1,1,1,1,1,1,187,147,
6,25,68,32,41,8,1,1,1,1,1,1,109,71,1
39,8,26,92,16,45,1,1,1,1,1,1,137,89,1
34,86,56,38,96,85,1,1,1,1,1,1,182,213,
77,36,59,76,42,28,1,1,1,1,1,1,153,165,
62,5,36,73,57,92,1,1,1,1,1,1,165,160,
85,16,32,92,14,61,1,1,1,1,1,1,177,123,
10,40,60,54,1,52,1,1,1,1,1,1,114,103,
94,88,64,35,9,10,1,1,1,1,1,1,182,118,1
5,49,92,19,62,50,1,1,1,1,1,1,154,123,
51,32,3,70,44,38,1,1,1,1,1,1,121,117,
70,14,49,42,57,26,1,1,1,1,1,1,127,131,
1,2,79,68,87,89,1,1,1,1,1,1,176,150,
46,5,29,82,53,44,1,1,1,1,1,1,135,124,
85,12,74,55,38,36,1,1,1,1,1,1,159,141,
84,73,65,56,43,87,1,1,1,1,1,1,171,237,
13,33,51,37,64,31,1,1,1,1,1,1,115,114,
70,66,92,90,42,67,1,1,1,1,1,1,182,245,
89,82,18,80,97,55,1,1,1,1,1,1,186,235,
13,53,12,80,91,17,1,1,1,1,1,1,171,95,1
10,20,69,30,28,3,1,1,1,1,1,1,99,61,1
62,68,97,65,5,72,1,1,1,1,1,1,169,200,
49,17,93,83,33,43,1,1,1,1,1,1,176,142,
60,6,19,47,41,38,1,1,1,1,1,1,107,104,
16,6,82,4,25,42,1,1,1,1,1,1,124,51,1
45,57,98,75,35,53,1,1,1,1,1,1,173,190,
46,35,44,73,90,91,1,1,1,1,1,1,181,198,
78,67,85,61,57,51,1,1,1,1,1,1,163,236,
46,19,90,5,78,4,1,1,1,1,1,1,168,74,1
32,94,58,88,39,21,1,1,1,1,1,1,182,150,
75,64,78,76,74,82,1,1,1,1,1,1,160,289,
10,44,26,79,82,80,1,1,1,1,1,1,162,159,
69,33,60,67,82,85,1,1,1,1,1,1,167,229,
15,67,18,26,56,80,1,1,1,1,1,1,147,115,
28,80,27,98,9,72,1,1,1,1,1,1,178,136,
36,86,74,77,11,28,1,1,1,1,1,1,163,149,
96,63,53,6,13,32,1,1,1,1,1,1,159,104,1
48,11,47,49,17,88,1,1,1,1,1,1,137,123,
32,56,53,18,28,96,1,1,1,1,1,1,152,131,
13,58,98,60,38,33,1,1,1,1,1,1,158,142,
66,68,99,79,5,82,1,1,1,1,1,1,181,218,
86,74,53,49,39,60,1,1,1,1,1,1,160,201,
4,40,15,23,47,9,1,1,1,1,1,1,87,51,1
47,38,15,79,68,14,1,1,1,1,1,1,147,114,
71,12,5,45,90,26,1,1,1,1,1,1,161,88,1
24,9,75,86,61,18,1,1,1,1,1,1,161,112,
83,58,75,31,18,1,1,1,1,1,1,1,158,108,
85,8,94,34,20,78,1,1,1,1,1,1,179,140,
88,61,1,43,5,60,1,1,1,1,1,1,149,109,
20,94,86,62,7,79,1,1,1,1,1,1,180,168,
9,55,47,61,85,87,1,1,1,1,1,1,172,172,
20,43,48,41,97,44,1,1,1,1,1,1,145,148,
35,19,45,33,18,16,1,1,1,1,1,1,80,86,
90,13,86,36,74,25,1,1,1,1,1,1,176,148,
8,69,41,46,40,36,1,1,1,1,1,1,115,125,
72,77,98,13,83,19,1,1,1,1,1,1,181,181,
40,25,17,82,90,56,1,1,1,1,1,1,172,138,
75,37,92,59,42,93,1,1,1,1,1,1,185,213,
81,95,54,11,22,17,1,1,1,1,1,1,176,104,1
49,31,71,24,98,68,1,1,1,1,1,1,169,172,
50,86,48,76,75,91,1,1,1,1,1,1,177,249,
9,41,82,55,72,57,1,1,1,1,1,1,154,162,
20,99,18,68,92,22,1,1,1,1,1,1,191,128,
37,2,79,1,34,73,1,1,1,1,1,1,152,74,1
99,43,48,15,62,21,1,1,1,1,1,1,161,127,
83,45,11,77,72,46,1,1,1,1,1,1,160,174,
81,70,71,86,6,88,1,1,1,1,1,1,174,228,
71,99,18,55,17,59,1,1,1,1,1,1,170,149,
94,27,97,72,47,93,1,1,1,1,1,1,191,239,
42,19,74,61,22,64,1,1,1,1,1,1,138,144,
43,66,35,80,61,59,1,1,1,1,1,1,146,198,
27,93,56,58,50,45,1,1,1,1,1,1,151,178,
75,88,56,4,41,86,1,1,1,1,1,1,174,176,
4,77,71,58,10,5,1,1,1,1,1,1,148,77,1
45,65,93,83,27,68,1,1,1,1,1,1,176,205,
54,91,16,14,84,56,1,1,1,1,1,1,175,140,
83,18,27,45,73,59,1,1,1,1,1,1,156,149,
95,8,67,31,74,44,1,1,1,1,1,1,169,150,
51,19,17,63,15,20,1,1,1,1,1,1,114,71,1
40,33,80,31,60,11,1,1,1,1,1,1,140,115,
2,44,45,69,87,78,1,1,1,1,1,1,165,160,
60,72,14,29,40,57,1,1,1,1,1,1,132,140,
73,17,54,36,65,64,1,1,1,1,1,1,138,171,
76,90,82,18,37,2,1,1,1,1,1,1,172,133,
68,80,95,17,42,57,1,1,1,1,1,1,175,184,
34,48,50,8,13,63,1,1,1,1,1,1,113,103,
2,6,7,84,15,24,1,1,1,1,1,1,108,30,1
97,21,68,43,67,93,1,1,1,1,1,1,190,199,
84,51,58,9,48,62,1,1,1,1,1,1,146,166,
73,13,21,66,95,36,1,1,1,1,1,1,168,136,
88,59,56,6,35,91,1,1,1,1,1,1,179,156,
55,70,51,66,13,97,1,1,1,1,1,1,167,185,
92,73,23,55,9,52,1,1,1,1,1,1,165,139,
15,37,27,66,84,38,1,1,1,1,1,1,150,117,
11,13,92,100,37,3,1,1,1,1,1,1,192,64,1
78,54,76,11,7,1,1,1,1,1,1,1,154,73,1
95,3,49,52,17,100,1,1,1,1,1,1,195,121,1
73,20,79,31,92,35,1,1,1,1,1,1,171,159,
2,95,80,62,33,58,1,1,1,1,1,1,175,155,
4,30,60,59,73,31,1,1,1,1,1,1,133,124,
26,57,7,50,25,15,1,1,1,1,1,1,107,73,
33,68,97,46,30,77,1,1,1,1,1,1,174,177,
45,79,25,92,2,55,1,1,1,1,1,1,171,127,
99,16,96,41,76,34,1,1,1,1,1,1,195,167,
89,43,64,54,84,37,1,1,1,1,1,1,173,198,
58,77,42,51,23,85,1,1,1,1,1,1,162,174,
97,56,41,71,63,15,1,1,1,1,1,1,168,175,
53,86,32,63,91,66,1,1,1,1,1,1,177,214,
36,70,88,62,22,47,1,1,1,1,1,1,158,167,
81,58,5,13,47,99,1,1,1,1,1,1,180,123,
21,13,66,88,93,75,1,1,1,1,1,1,181,175,
83,32,85,30,35,42,1,1,1,1,1,1,168,139,
90,28,76,14,74,38,1,1,1,1,1,1,166,154,
80,98,56,39,93,30,1,1,1,1,1,1,191,205,
69,74,99,32,30,64,1,1,1,1,1,1,173,195,
61,86,46,67,96,94,1,1,1,1,1,1,190,260,
52,24,9,38,82,51,1,1,1,1,1,1,134,122,
25,39,18,3,87,84,1,1,1,1,1,1,171,85,1
54,10,4,49,77,28,1,1,1,1,1,1,131,91,
60,57,96,29,45,77,1,1,1,1,1,1,173,191,
87,28,38,51,23,79,1,1,1,1,1,1,166,140,
99,60,96,20,43,1,1,1,1,1,1,1,195,124,1
21,25,95,100,61,2,1,1,1,1,1,1,195,109,1
96,27,64,48,54,62,1,1,1,1,1,1,160,191,
91,92,61,31,27,74,1,1,1,1,1,1,183,193,
45,43,39,18,68,32,1,1,1,1,1,1,113,132,
4,95,50,56,21,78,1,1,1,1,1,1,173,131,
36,93,94,18,35,33,1,1,1,1,1,1,187,122,1
98,100,83,1,86,34,1,1,1,1,1,1,198,204,
84,25,89,44,2,3,1,1,1,1,1,1,173,74,1
30,56,7,68,91,54,1,1,1,1,1,1,159,147,
74,67,100,32,83,80,1,1,1,1,1,1,183,253,
20,41,30,32,51,63,1,1,1,1,1,1,114,123,
64,46,7,45,80,68,1,1,1,1,1,1,148,162,
95,84,72,19,68,57,1,1,1,1,1,1,179,216,
98,84,23,85,26,66,1,1,1,1,1,1,183,199,
29,65,38,79,88,49,1,1,1,1,1,1,167,181,
39,46,24,11,44,5,1,1,1,1,1,1,90,79,
42,69,48,38,83,93,1,1,1,1,1,1,176,197,
46,33,54,34,71,3,1,1,1,1,1,1,125,116,
37,42,50,73,52,53,1,1,1,1,1,1,126,181,
79,32,73,85,92,97,1,1,1,1,1,1,189,269,
59,9,80,15,32,54,1,1,1,1,1,1,139,110,
3,81,79,46,68,75,1,1,1,1,1,1,160,192,
91,21,45,27,19,10,1,1,1,1,1,1,136,77,1
45,56,30,23,66,85,1,1,1,1,1,1,151,154,
51,72,11,21,26,37,1,1,1,1,1,1,123,95,
37,57,96,67,2,49,1,1,1,1,1,1,163,145,
35,14,29,80,18,74,1,1,1,1,1,1,154,96,1
38,98,28,78,20,76,1,1,1,1,1,1,176,162,
33,31,1,76,42,96,1,1,1,1,1,1,172,107,1
37,87,40,1,85,60,1,1,1,1,1,1,172,138,
72,65,99,20,31,16,1,1,1,1,1,1,171,132,
13,98,78,8,5,28,1,1,1,1,1,1,176,54,1
93,20,65,12,76,83,1,1,1,1,1,1,176,173,
59,12,29,56,27,94,1,1,1,1,1,1,153,124,
12,48,74,53,4,40,1,1,1,1,1,1,127,104,
10,77,27,37,92,75,1,1,1,1,1,1,169,149,
15,6,98,83,57,66,1,1,1,1,1,1,181,144,
64,17,2,16,83,54,1,1,1,1,1,1,147,89,1
9,11,56,36,78,7,1,1,1,1,1,1,134,63,1
6,98,57,32,35,54,1,1,1,1,1,1,155,127,
12,34,4,17,68,73,1,1,1,1,1,1,141,67,1
91,7,100,77,25,62,1,1,1,1,1,1,191,171,
84,48,25,7,94,37,1,1,1,1,1,1,178,117,1
45,56,26,32,98,60,1,1,1,1,1,1,158,159,
62,30,83,13,98,6,1,1,1,1,1,1,181,111,1
20,40,67,21,6,81,1,1,1,1,1,1,148,87,1
41,74,44,96,3,30,1,1,1,1,1,1,170,118,
53,64,94,26,36,63,1,1,1,1,1,1,158,178,
99,37,59,27,49,22,1,1,1,1,1,1,158,135,
64,53,41,18,30,47,1,1,1,1,1,1,117,136,
92,25,43,58,44,72,1,1,1,1,1,1,164,170,
11,17,20,38,19,55,1,1,1,1,1,1,93,67,
38,70,90,21,84,91,1,1,1,1,1,1,181,213,
4,15,73,43,88,54,1,1,1,1,1,1,161,116,
13,38,68,36,71,30,1,1,1,1,1,1,139,117,
8,41,60,30,81,4,1,1,1,1,1,1,141,83,1
12,72,48,3,88,7,1,1,1,1,1,1,160,70,1
45,47,88,71,78,73,1,1,1,1,1,1,166,236,
84,34,75,56,79,95,1,1,1,1,1,1,179,244,
41,23,40,78,36,69,1,1,1,1,1,1,147,140,
52,78,87,36,81,18,1,1,1,1,1,1,168,184,
40,15,43,77,74,32,1,1,1,1,1,1,151,130,
68,59,89,18,76,1,1,1,1,1,1,1,165,146,
23,48,91,41,32,43,1,1,1,1,1,1,139,139,
84,96,42,44,17,56,1,1,1,1,1,1,180,159,
44,14,5,68,83,87,1,1,1,1,1,1,170,131,
9,35,13,86,28,40,1,1,1,1,1,1,126,85,
75,59,98,73,30,66,1,1,1,1,1,1,173,228,
95,15,78,97,1,66,1,1,1,1,1,1,192,160,
44,38,47,59,72,10,1,1,1,1,1,1,131,139,
60,4,98,91,37,78,1,1,1,1,1,1,189,179,
18,93,19,35,29,92,1,1,1,1,1,1,185,101,1
66,51,41,29,95,83,1,1,1,1,1,1,178,187,
97,51,93,60,2,8,1,1,1,1,1,1,190,121,1
26,100,9,76,34,45,1,1,1,1,1,1,176,114,1
21,9,33,62,48,61,1,1,1,1,1,1,123,111,
42,24,70,66,34,17,1,1,1,1,1,1,136,117,
59,74,11,30,98,51,1,1,1,1,1,1,172,151,
4,18,45,20,89,71,1,1,1,1,1,1,160,87,1
22,40,95,36,50,45,1,1,1,1,1,1,145,143,
47,94,41,56,53,69,1,1,1,1,1,1,163,197,
54,100,52,25,27,61,1,1,1,1,1,1,161,158,
86,43,24,17,57,27,1,1,1,1,1,1,143,111,
25,39,68,75,64,72,1,1,1,1,1,1,147,196,
64,97,79,7,75,59,1,1,1,1,1,1,176,205,
96,84,61,56,7,11,1,1,1,1,1,1,180,135,
98,61,85,43,91,47,1,1,1,1,1,1,189,236,
42,43,49,60,54,64,1,1,1,1,1,1,124,188,
21,87,79,76,24,20,1,1,1,1,1,1,166,141,
6,80,32,44,69,28,1,1,1,1,1,1,149,110,
41,59,85,78,49,48,1,1,1,1,1,1,163,197,
56,63,35,2,69,3,1,1,1,1,1,1,132,96,
19,7,27,30,56,100,1,1,1,1,1,1,156,83,1
4,72,29,33,35,92,1,1,1,1,1,1,164,101,1
95,64,86,98,45,27,1,1,1,1,1,1,193,222,
37,12,29,87,59,78,1,1,1,1,1,1,165,137,
69,27,34,80,81,94,1,1,1,1,1,1,175,210,
80,95,48,64,38,20,1,1,1,1,1,1,175,170,
9,94,68,78,77,18,1,1,1,1,1,1,172,172,
29,53,37,13,80,34,1,1,1,1,1,1,133,113,
4,71,38,61,90,25,1,1,1,1,1,1,161,128,
28,71,78,75,52,45,1,1,1,1,1,1,153,196,
34,80,2,8,66,20,1,1,1,1,1,1,146,64,1
23,2,14,48,82,91,1,1,1,1,1,1,173,87,1
84,44,88,48,67,3,1,1,1,1,1,1,172,162,
68,45,17,58,89,57,1,1,1,1,1,1,157,177,
58,73,67,17,52,92,1,1,1,1,1,1,165,194,
93,7,82,77,32,99,1,1,1,1,1,1,192,198,
77,54,17,71,97,47,1,1,1,1,1,1,174,189,
47,4,98,58,34,60,1,1,1,1,1,1,158,143,
80,74,15,65,75,66,1,1,1,1,1,1,155,220,
4,12,66,51,90,43,1,1,1,1,1,1,156,110,
11,24,25,2,34,30,1,1,1,1,1,1,64,62,
12,89,50,23,72,33,1,1,1,1,1,1,161,118,
89,23,47,65,1,88,1,1,1,1,1,1,177,136,
76,72,99,47,18,90,1,1,1,1,1,1,189,213,
32,81,41,17,75,3,1,1,1,1,1,1,156,93,1
88,39,95,33,19,22,1,1,1,1,1,1,183,113,1
7,75,74,24,29,94,1,1,1,1,1,1,169,134,
61,46,99,63,85,96,1,1,1,1,1,1,195,255,
26,36,7,14,64,79,1,1,1,1,1,1,143,83,1
25,1,93,59,65,31,1,1,1,1,1,1,158,116,
47,76,35,70,31,71,1,1,1,1,1,1,147,183,
31,47,2,67,89,13,1,1,1,1,1,1,156,93,1
56,34,54,36,37,71,1,1,1,1,1,1,127,161,
56,91,51,85,98,79,1,1,1,1,1,1,189,271,
37,10,18,62,19,22,1,1,1,1,1,1,99,69,
57,100,59,35,1,36,1,1,1,1,1,1,159,129,
55,94,92,78,62,41,1,1,1,1,1,1,186,236,
68,10,80,56,73,13,1,1,1,1,1,1,153,147,
49,40,8,60,7,75,1,1,1,1,1,1,135,104,
26,2,16,44,29,23,1,1,1,1,1,1,73,67,
74,61,52,19,44,81,1,1,1,1,1,1,155,176,
34,41,57,58,98,99,1,1,1,1,1,1,197,190,
86,61,3,94,35,26,1,1,1,1,1,1,180,125,
58,37,20,44,59,36,1,1,1,1,1,1,117,137,
88,16,56,4,53,19,1,1,1,1,1,1,144,92,1
24,27,74,89,82,95,1,1,1,1,1,1,184,207,
58,48,86,85,63,15,1,1,1,1,1,1,171,184,
77,32,96,22,63,42,1,1,1,1,1,1,173,159,
70,3,27,39,37,63,1,1,1,1,1,1,133,106,
100,56,61,60,75,71,1,1,1,1,1,1,175,248,
8,89,16,27,60,1,1,1,1,1,1,1,149,52,1
51,27,68,22,8,73,1,1,1,1,1,1,141,108,
48,95,46,14,64,97,1,1,1,1,1,1,192,172,
89,55,21,51,68,35,1,1,1,1,1,1,157,162,
93,11,44,17,76,39,1,1,1,1,1,1,169,111,1
11,45,76,15,10,22,1,1,1,1,1,1,121,58,1
36,21,75,40,97,76,1,1,1,1,1,1,173,172,
37,91,26,77,83,21,1,1,1,1,1,1,174,161,
64,50,89,24,28,96,1,1,1,1,1,1,185,166,
5,72,47,77,87,45,1,1,1,1,1,1,164,169,
1,44,34,98,80,29,1,1,1,1,1,1,178,108,1
60,14,2,59,89,91,1,1,1,1,1,1,180,135,
93,73,89,79,70,53,1,1,1,1,1,1,182,275,
18,47,3,37,48,25,1,1,1,1,1,1,95,83,
99,51,9,63,81,8,1,1,1,1,1,1,180,131,
63,55,96,18,99,100,1,1,1,1,1,1,199,232,
90,49,37,79,30,11,1,1,1,1,1,1,169,127,
1,81,46,33,34,78,1,1,1,1,1,1,159,114,
11,66,67,59,40,23,1,1,1,1,1,1,133,133,
68,40,13,59,22,61,1,1,1,1,1,1,129,134,
12,47,37,84,44,22,1,1,1,1,1,1,131,115,
93,94,22,100,49,67,1,1,1,1,1,1,194,231,
39,45,57,71,65,32,1,1,1,1,1,1,136,173,
37,3,12,78,86,80,1,1,1,1,1,1,166,130,
47,71,60,93,28,54,1,1,1,1,1,1,164,189,
64,81,32,12,82,42,1,1,1,1,1,1,163,150,
73,31,24,42,85,56,1,1,1,1,1,1,158,153,
44,41,87,3,1,59,1,1,1,1,1,1,146,89,1
61,66,94,34,40,29,1,1,1,1,1,1,160,164,
9,4,18,43,30,37,1,1,1,1,1,1,80,61,
84,83,91,8,5,10,1,1,1,1,1,1,175,106,1
67,3,48,79,82,89,1,1,1,1,1,1,171,197,
60,52,4,65,48,34,1,1,1,1,1,1,125,138,
24,28,69,34,45,70,1,1,1,1,1,1,139,131,
5,84,65,22,17,14,1,1,1,1,1,1,149,58,1
49,74,39,69,65,58,1,1,1,1,1,1,143,211,
50,54,90,87,66,51,1,1,1,1,1,1,177,221,
24,60,15,12,65,23,1,1,1,1,1,1,125,74,1
40,12,95,67,46,27,1,1,1,1,1,1,162,125,
66,83,32,87,18,96,1,1,1,1,1,1,183,199,
27,41,60,86,7,81,1,1,1,1,1,1,167,135,
77,64,53,78,32,9,1,1,1,1,1,1,155,158,
47,63,72,69,51,64,1,1,1,1,1,1,141,225,
30,49,55,18,70,79,1,1,1,1,1,1,149,152,
48,66,32,54,70,20,1,1,1,1,1,1,136,154,
84,80,66,82,2,89,1,1,1,1,1,1,173,230,
49,94,98,67,8,27,1,1,1,1,1,1,192,151,
51,68,65,97,30,73,1,1,1,1,1,1,170,214,
91,33,57,20,10,93,1,1,1,1,1,1,184,120,1
25,75,55,74,46,7,1,1,1,1,1,1,149,133,
50,30,17,59,32,71,1,1,1,1,1,1,130,129,
94,21,24,45,28,61,1,1,1,1,1,1,155,118,
50,42,69,80,1,12,1,1,1,1,1,1,149,105,
54,41,87,88,82,2,1,1,1,1,1,1,175,179,
89,78,58,11,37,71,1,1,1,1,1,1,167,177,
23,33,85,86,3,83,1,1,1,1,1,1,171,142,
55,47,29,68,20,63,1,1,1,1,1,1,131,151,
95,89,48,92,18,56,1,1,1,1,1,1,187,211,
24,35,18,30,84,85,1,1,1,1,1,1,169,107,1
21,81,48,57,59,29,1,1,1,1,1,1,140,155,
1,26,65,8,63,24,1,1,1,1,1,1,128,59,1
74,53,79,32,87,40,1,1,1,1,1,1,166,199,
35,94,3,28,82,36,1,1,1,1,1,1,176,102,1
79,97,8,50,53,90,1,1,1,1,1,1,187,190,
84,35,94,26,24,88,1,1,1,1,1,1,182,169,
19,25,91,38,49,29,1,1,1,1,1,1,140,111,
27,45,68,76,34,12,1,1,1,1,1,1,144,118,
96,28,20,63,72,67,1,1,1,1,1,1,168,178,
32,79,90,35,74,44,1,1,1,1,1,1,169,185,
12,23,31,43,58,66,1,1,1,1,1,1,124,109,
27,63,61,40,5,92,1,1,1,1,1,1,155,133,
17,97,66,78,100,93,1,1,1,1,1,1,197,254,
2,60,62,10,47,4,1,1,1,1,1,1,122,63,1
72,60,48,61,33,89,1,1,1,1,1,1,161,202,
4,2,48,64,12,62,1,1,1,1,1,1,126,66,1
6,36,55,66,23,29,1,1,1,1,1,1,121,94,
7,92,27,17,23,91,1,1,1,1,1,1,183,74,1
69,82,38,78,31,74,1,1,1,1,1,1,160,212,
11,89,96,58,67,66,1,1,1,1,1,1,185,202,
84,62,28,57,81,63,1,1,1,1,1,1,165,210,
94,24,22,40,21,82,1,1,1,1,1,1,176,107,1
75,8,95,89,66,87,1,1,1,1,1,1,184,236,
2,62,97,1,54,71,1,1,1,1,1,1,168,119,
13,74,22,97,73,30,1,1,1,1,1,1,171,138,
50,51,17,2,70,37,1,1,1,1,1,1,121,106,
19,44,13,16,57,11,1,1,1,1,1,1,101,59,1
4,10,48,60,55,98,1,1,1,1,1,1,158,117,
4,1,52,57,36,50,1,1,1,1,1,1,109,91,
87,30,29,92,58,60,1,1,1,1,1,1,179,177,
26,75,5,16,36,53,1,1,1,1,1,1,128,83,1
25,77,76,59,37,11,1,1,1,1,1,1,153,132,
28,73,90,27,16,99,1,1,1,1,1,1,189,144,
37,10,98,75,26,38,1,1,1,1,1,1,173,111,1
9,15,79,37,40,27,1,1,1,1,1,1,119,88,
30,57,45,55,74,90,1,1,1,1,1,1,164,187,
54,83,89,84,62,32,1,1,1,1,1,1,173,231,
72,23,59,49,17,1,1,1,1,1,1,1,131,90,
51,78,58,59,40,11,1,1,1,1,1,1,137,160,
27,99,93,22,81,96,1,1,1,1,1,1,195,223,
50,26,52,68,7,81,1,1,1,1,1,1,149,135,
27,14,87,100,70,1,1,1,1,1,1,1,187,112,1
95,27,70,53,76,58,1,1,1,1,1,1,171,208,
94,13,66,52,64,44,1,1,1,1,1,1,160,173,
2,48,60,36,66,78,1,1,1,1,1,1,144,146,
75,96,55,9,4,14,1,1,1,1,1,1,171,82,1
97,50,72,6,76,35,1,1,1,1,1,1,173,163,
85,39,86,69,12,84,1,1,1,1,1,1,171,204,
26,62,85,65,35,45,1,1,1,1,1,1,150,168,
29,71,12,45,15,79,1,1,1,1,1,1,150,101,
57,20,34,32,5,17,1,1,1,1,1,1,91,74,
36,14,11,2,10,83,1,1,1,1,1,1,119,37,1
29,23,37,11,1,27,1,1,1,1,1,1,66,62,
54,85,83,18,12,7,1,1,1,1,1,1,168,91,1
51,70,38,71,44,29,1,1,1,1,1,1,141,162,
48,34,14,76,70,72,1,1,1,1,1,1,148,166,
87,25,61,3,72,51,1,1,1,1,1,1,159,140,
12,57,1,38,65,42,1,1,1,1,1,1,122,93,
82,4,56,21,7,34,1,1,1,1,1,1,138,66,1
79,78,61,31,2,75,1,1,1,1,1,1,157,169,
33,62,68,16,61,51,1,1,1,1,1,1,130,161,
14,2,37,53,28,16,1,1,1,1,1,1,90,60,1
81,57,89,12,13,39,1,1,1,1,1,1,170,121,
39,11,35,54,46,85,1,1,1,1,1,1,139,131,
11,97,21,73,3,100,1,1,1,1,1,1,197,108,1
5,33,10,93,53,74,1,1,1,1,1,1,167,101,1
97,68,69,70,8,29,1,1,1,1,1,1,167,174,
88,27,19,93,25,49,1,1,1,1,1,1,181,120,1
41,8,38,66,55,44,1,1,1,1,1,1,121,131,
28,36,97,56,64,89,1,1,1,1,1,1,186,184,
88,35,76,17,67,41,1,1,1,1,1,1,164,160,
94,90,85,78,51,92,1,1,1,1,1,1,186,304,
26,72,76,51,27,32,1,1,1,1,1,1,148,136,
91,25,58,34,59,67,1,1,1,1,1,1,158,176,
76,87,34,43,50,1,1,1,1,1,1,1,163,128,
4,22,97,3,86,94,1,1,1,1,1,1,191,115,1
89,7,10,58,68,66,1,1,1,1,1,1,157,141,
88,26,99,18,45,11,1,1,1,1,1,1,187,100,1
13,69,58,1,6,92,1,1,1,1,1,1,161,78,1
20,93,40,26,8,3,1,1,1,1,1,1,133,57,1
44,27,100,54,66,11,1,1,1,1,1,1,166,136,
56,23,94,62,33,83,1,1,1,1,1,1,177,174,
1,88,12,64,34,26,1,1,1,1,1,1,152,73,1
92,43,30,88,83,44,1,1,1,1,1,1,180,200,
8,3,57,10,19,69,1,1,1,1,1,1,126,40,1
12,17,2,49,77,100,1,1,1,1,1,1,177,80,1
90,87,85,80,95,94,1,1,1,1,1,1,189,342,
79,54,94,7,58,59,1,1,1,1,1,1,173,178,
80,33,69,47,75,54,1,1,1,1,1,1,155,203,
19,48,52,41,34,20,1,1,1,1,1,1,100,114,
68,27,9,17,44,26,1,1,1,1,1,1,112,79,
4,93,29,76,47,77,1,1,1,1,1,1,170,156,
4,16,33,30,47,98,1,1,1,1,1,1,145,83,1
58,91,55,36,65,44,1,1,1,1,1,1,156,193,
27,97,73,43,96,84,1,1,1,1,1,1,193,227,
53,55,70,67,64,11,1,1,1,1,1,1,137,183,
53,22,70,10,90,44,1,1,1,1,1,1,160,129,
58,100,81,86,56,32,1,1,1,1,1,1,186,227,
77,33,83,80,14,41,1,1,1,1,1,1,163,165,
3,58,31,60,1,42,1,1,1,1,1,1,118,77,1
2,26,17,30,13,49,1,1,1,1,1,1,79,58,
55,79,7,6,29,1,1,1,1,1,1,1,134,43,1
9,60,8,72,57,1,1,1,1,1,1,1,132,75,1
55,29,26,79,17,61,1,1,1,1,1,1,140,127,
43,54,59,46,27,81,1,1,1,1,1,1,140,170,
56,100,79,23,24,62,1,1,1,1,1,1,179,165,
36,59,87,21,67,97,1,1,1,1,1,1,184,183,
73,16,71,24,30,94,1,1,1,1,1,1,167,141,
68,69,23,12,100,53,1,1,1,1,1,1,169,156,
1,78,65,94,30,97,1,1,1,1,1,1,191,174,
89,16,12,5,10,90,1,1,1,1,1,1,179,43,1
48,9,72,19,46,73,1,1,1,1,1,1,145,122,
41,91,16,96,57,20,1,1,1,1,1,1,187,134,
14,72,46,39,52,64,1,1,1,1,1,1,136,151,
57,25,20,3,98,58,1,1,1,1,1,1,156,105,
86,15,29,49,1,5,1,1,1,1,1,1,135,50,1
16,14,50,69,24,52,1,1,1,1,1,1,121,104,
21,33,36,14,11,74,1,1,1,1,1,1,110,79,
71,64,46,67,15,57,1,1,1,1,1,1,138,182,
96,29,66,28,27,50,1,1,1,1,1,1,162,134,
45,25,81,79,83,68,1,1,1,1,1,1,164,217,
35,18,38,5,86,83,1,1,1,1,1,1,169,96,1
49,69,47,26,96,32,1,1,1,1,1,1,165,154,
81,87,33,30,52,13,1,1,1,1,1,1,168,128,
20,98,12,39,73,14,1,1,1,1,1,1,171,85,1
83,58,67,90,80,15,1,1,1,1,1,1,173,220,
89,93,99,87,69,74,1,1,1,1,1,1,192,319,
68,47,40,48,58,53,1,1,1,1,1,1,126,188,
86,71,66,82,25,8,1,1,1,1,1,1,168,170,
39,43,99,47,86,80,1,1,1,1,1,1,185,209,
77,59,81,2,47,67,1,1,1,1,1,1,158,175,
99,100,71,38,21,62,1,1,1,1,1,1,199,192,
17,69,76,31,44,88,1,1,1,1,1,1,164,161,
79,64,81,75,29,28,1,1,1,1,1,1,160,196,
38,60,46,49,13,48,1,1,1,1,1,1,109,145,
82,96,23,88,29,91,1,1,1,1,1,1,187,222,
19,88,86,66,21,67,1,1,1,1,1,1,174,173,
42,12,30,83,68,2,1,1,1,1,1,1,151,86,1
8,25,94,56,68,31,1,1,1,1,1,1,162,120,
69,67,5,48,7,65,1,1,1,1,1,1,136,125,
83,63,10,97,40,37,1,1,1,1,1,1,180,150,
99,57,42,90,78,38,1,1,1,1,1,1,189,215,
30,87,79,57,70,8,1,1,1,1,1,1,166,165,
20,61,74,58,64,98,1,1,1,1,1,1,172,203,
29,96,27,90,21,72,1,1,1,1,1,1,186,149,
97,84,88,16,49,66,1,1,1,1,1,1,185,215,
5,15,25,96,85,58,1,1,1,1,1,1,181,103,1
67,68,11,10,74,85,1,1,1,1,1,1,159,156,
47,64,37,41,69,51,1,1,1,1,1,1,133,176,
45,40,59,5,17,63,1,1,1,1,1,1,122,107,
81,55,82,37,34,99,1,1,1,1,1,1,181,207,
69,33,74,30,85,12,1,1,1,1,1,1,159,144,
80,63,38,86,48,16,1,1,1,1,1,1,166,165,
72,13,59,88,22,9,1,1,1,1,1,1,160,103,1
99,44,72,61,49,80,1,1,1,1,1,1,179,226,
77,54,97,72,12,49,1,1,1,1,1,1,174,187,
27,29,26,92,13,34,1,1,1,1,1,1,126,95,
73,23,7,51,5,46,1,1,1,1,1,1,124,81,1
52,71,98,8,76,5,1,1,1,1,1,1,174,136,
59,73,67,18,95,55,1,1,1,1,1,1,168,199,
35,32,16,95,49,19,1,1,1,1,1,1,144,102,
21,67,10,24,63,73,1,1,1,1,1,1,140,118,
15,64,52,29,67,61,1,1,1,1,1,1,131,157,
55,16,90,58,28,10,1,1,1,1,1,1,148,109,
44,71,96,22,75,52,1,1,1,1,1,1,171,189,
37,41,84,85,73,60,1,1,1,1,1,1,169,211,
61,62,34,21,48,66,1,1,1,1,1,1,128,164,
20,3,83,38,94,51,1,1,1,1,1,1,177,112,1
71,45,30,53,93,16,1,1,1,1,1,1,164,144,
69,47,58,95,8,27,1,1,1,1,1,1,164,140,
77,82,46,16,85,2,1,1,1,1,1,1,167,141,
11,59,66,7,49,31,1,1,1,1,1,1,125,98,
62,26,92,84,53,13,1,1,1,1,1,1,176,154,
33,95,62,37,71,53,1,1,1,1,1,1,166,185,
8,77,65,46,93,48,1,1,1,1,1,1,170,167,
36,33,4,24,29,3,1,1,1,1,1,1,69,60,
17,12,7,61,58,84,1,1,1,1,1,1,145,94,1
94,13,41,6,47,36,1,1,1,1,1,1,141,96,
64,47,65,12,76,50,1,1,1,1,1,1,141,173,
87,1,38,18,67,88,1,1,1,1,1,1,175,124,
88,44,76,59,100,6,1,1,1,1,1,1,188,185,
73,47,88,92,48,100,1,1,1,1,1,1,192,256,
79,41,93,83,45,95,1,1,1,1,1,1,188,248,
15,38,87,86,7,57,1,1,1,1,1,1,173,117,
73,51,9,64,80,45,1,1,1,1,1,1,153,169,
52,45,11,43,91,76,1,1,1,1,1,1,167,151,
65,31,14,46,89,43,1,1,1,1,1,1,154,134,
91,78,11,90,12,73,1,1,1,1,1,1,181,174,
18,71,1,36,56,7,1,1,1,1,1,1,127,62,1
16,2,65,7,60,34,1,1,1,1,1,1,125,59,1
54,14,63,62,67,57,1,1,1,1,1,1,130,187,
65,44,52,27,46,1,1,1,1,1,1,1,117,118,
97,56,63,89,72,4,1,1,1,1,1,1,186,195,
83,60,51,24,63,72,1,1,1,1,1,1,155,198,
4,91,70,83,84,9,1,1,1,1,1,1,175,166,
63,15,9,59,94,84,1,1,1,1,1,1,178,146,
58,25,65,91,17,33,1,1,1,1,1,1,156,133,
65,74,95,52,33,89,1,1,1,1,1,1,184,224,
94,4,48,81,32,98,1,1,1,1,1,1,192,165,
28,98,54,16,73,1,1,1,1,1,1,1,171,99,1
76,6,44,48,2,23,1,1,1,1,1,1,124,75,1
61,71,1,98,36,13,1,1,1,1,1,1,169,111,1
25,40,50,47,84,31,1,1,1,1,1,1,134,143,
99,96,84,6,72,85,1,1,1,1,1,1,195,247,
33,26,70,60,40,78,1,1,1,1,1,1,148,159,
13,92,96,63,47,19,1,1,1,1,1,1,188,142,
64,10,99,37,22,1,1,1,1,1,1,1,163,70,1
52,19,75,100,90,2,1,1,1,1,1,1,190,148,
94,100,95,4,14,47,1,1,1,1,1,1,195,159,
13,7,44,49,91,53,1,1,1,1,1,1,144,113,
91,57,81,82,15,83,1,1,1,1,1,1,174,235,
13,49,87,91,15,53,1,1,1,1,1,1,178,130,
16,69,39,43,94,64,1,1,1,1,1,1,163,162,
19,53,60,50,61,55,1,1,1,1,1,1,121,177,
44,54,13,40,72,86,1,1,1,1,1,1,158,151,
27,100,49,60,52,31,1,1,1,1,1,1,160,159,
57,92,76,54,94,16,1,1,1,1,1,1,186,203,
90,84,88,30,2,73,1,1,1,1,1,1,178,189,
26,38,32,31,65,60,1,1,1,1,1,1,125,127,
64,91,37,26,18,7,1,1,1,1,1,1,155,88,1
89,58,10,74,24,92,1,1,1,1,1,1,181,166,
90,79,24,4,84,60,1,1,1,1,1,1,174,167,
28,52,56,1,54,74,1,1,1,1,1,1,130,135,
55,58,89,93,39,11,1,1,1,1,1,1,182,163,
27,17,75,87,37,25,1,1,1,1,1,1,162,106,1
58,3,73,12,49,22,1,1,1,1,1,1,131,86,1
5,73,1,81,76,89,1,1,1,1,1,1,170,155,
34,26,9,49,86,12,1,1,1,1,1,1,135,81,1
34,5,36,95,89,47,1,1,1,1,1,1,184,122,1
42,67,80,11,32,43,1,1,1,1,1,1,147,128,
30,69,74,41,62,10,1,1,1,1,1,1,143,143,
50,83,69,20,63,82,1,1,1,1,1,1,165,202,
41,42,59,44,87,26,1,1,1,1,1,1,146,153,
27,56,39,88,98,68,1,1,1,1,1,1,186,190,
25,6,55,53,98,57,1,1,1,1,1,1,155,139,
30,5,71,6,69,78,1,1,1,1,1,1,149,110,
40,21,90,71,51,96,1,1,1,1,1,1,186,183,
3,42,92,23,37,39,1,1,1,1,1,1,134,102,
49,74,15,29,30,26,1,1,1,1,1,1,123,100,
69,53,8,73,31,83,1,1,1,1,1,1,156,161,
32,23,17,84,96,8,1,1,1,1,1,1,180,80,1
60,31,77,38,63,70,1,1,1,1,1,1,147,192,
21,50,96,41,28,83,1,1,1,1,1,1,179,140,
32,4,17,66,11,86,1,1,1,1,1,1,152,64,1
77,16,48,72,42,25,1,1,1,1,1,1,149,131,
23,42,77,73,64,60,1,1,1,1,1,1,150,189,
31,30,3,40,65,36,1,1,1,1,1,1,105,100,
53,19,32,93,83,58,1,1,1,1,1,1,176,162,
95,21,59,75,72,7,1,1,1,1,1,1,170,159,
8,29,50,69,35,58,1,1,1,1,1,1,127,122,
32,52,65,95,41,45,1,1,1,1,1,1,160,170,
99,45,55,94,71,19,1,1,1,1,1,1,193,190,
76,42,44,86,5,91,1,1,1,1,1,1,177,167,
69,43,17,30,31,97,1,1,1,1,1,1,166,121,
93,30,100,19,67,98,1,1,1,1,1,1,198,209,
89,49,56,47,23,48,1,1,1,1,1,1,145,167,
47,93,25,74,66,57,1,1,1,1,1,1,167,195,
66,92,86,36,19,83,1,1,1,1,1,1,178,204,
66,32,96,91,26,68,1,1,1,1,1,1,187,192,
52,8,3,76,22,50,1,1,1,1,1,1,128,83,1
50,59,12,73,3,38,1,1,1,1,1,1,132,103,
1,40,43,25,24,85,1,1,1,1,1,1,128,90,
88,40,98,20,90,61,1,1,1,1,1,1,188,209,
49,12,96,70,4,64,1,1,1,1,1,1,166,129,
99,7,12,70,19,59,1,1,1,1,1,1,169,97,1
79,67,32,97,55,98,1,1,1,1,1,1,195,233,
81,21,28,48,40,77,1,1,1,1,1,1,158,137,
91,49,50,25,74,76,1,1,1,1,1,1,167,198,
25,72,68,92,13,19,1,1,1,1,1,1,164,125,
67,22,70,11,16,6,1,1,1,1,1,1,137,55,1
50,62,20,27,19,11,1,1,1,1,1,1,112,77,
42,92,85,25,90,21,1,1,1,1,1,1,182,173,
17,6,96,99,52,39,1,1,1,1,1,1,195,114,1
83,93,74,86,92,99,1,1,1,1,1,1,192,335,
50,67,44,99,87,24,1,1,1,1,1,1,186,185,
80,94,14,34,60,68,1,1,1,1,1,1,174,176,
9,56,79,17,61,69,1,1,1,1,1,1,148,143,
57,43,79,14,95,55,1,1,1,1,1,1,174,169,
67,11,60,54,83,1,1,1,1,1,1,1,150,126,
73,92,94,74,18,57,1,1,1,1,1,1,186,222,
65,37,42,85,62,97,1,1,1,1,1,1,182,206,
78,79,14,36,52,45,1,1,1,1,1,1,157,147,
50,26,53,19,68,76,1,1,1,1,1,1,144,148,
76,77,75,68,74,89,1,1,1,1,1,1,166,293,
87,8,72,7,58,11,1,1,1,1,1,1,159,84,1
62,40,63,85,21,23,1,1,1,1,1,1,148,146,
95,56,6,91,97,78,1,1,1,1,1,1,192,231,
37,76,27,65,78,84,1,1,1,1,1,1,162,205,
79,36,31,18,57,38,1,1,1,1,1,1,136,123,
74,15,9,68,82,61,1,1,1,1,1,1,156,153,
78,82,19,56,29,84,1,1,1,1,1,1,166,182,
75,1,32,27,53,97,1,1,1,1,1,1,172,113,1
45,57,93,76,38,78,1,1,1,1,1,1,171,216,
23,18,57,66,94,22,1,1,1,1,1,1,160,120,
35,99,95,91,86,51,1,1,1,1,1,1,194,263,
14,68,65,26,44,23,1,1,1,1,1,1,133,107,
40,53,5,14,84,44,1,1,1,1,1,1,137,103,
84,17,71,52,98,54,1,1,1,1,1,1,182,194,
21,96,92,27,62,77,1,1,1,1,1,1,188,187,
33,57,50,20,97,72,1,1,1,1,1,1,169,160,
72,57,70,48,3,78,1,1,1,1,1,1,150,178,
89,19,72,22,28,32,1,1,1,1,1,1,161,101,1
34,91,6,64,8,32,1,1,1,1,1,1,155,80,1
39,31,12,64,20,9,1,1,1,1,1,1,103,72,
76,70,32,65,83,97,1,1,1,1,1,1,180,243,
99,47,67,8,40,45,1,1,1,1,1,1,166,140,
47,1,6,65,94,24,1,1,1,1,1,1,159,78,1
61,89,9,81,30,14,1,1,1,1,1,1,170,114,
96,14,84,76,54,31,1,1,1,1,1,1,180,175,
80,20,51,30,22,1,1,1,1,1,1,1,131,73,1
41,65,100,90,34,45,1,1,1,1,1,1,190,185,
32,80,92,35,57,10,1,1,1,1,1,1,172,134,
10,67,18,25,100,3,1,1,1,1,1,1,167,56,1
66,69,35,41,10,83,1,1,1,1,1,1,152,152,
86,2,72,35,88,13,1,1,1,1,1,1,174,122,
64,16,59,99,89,20,1,1,1,1,1,1,188,159,
80,89,85,7,86,93,1,1,1,1,1,1,182,258,
3,32,37,91,38,83,1,1,1,1,1,1,174,110,1
4,31,51,35,26,32,1,1,1,1,1,1,86,93,
60,34,79,61,46,76,1,1,1,1,1,1,155,201,
49,38,9,66,29,84,1,1,1,1,1,1,150,125,
94,23,86,68,6,2,1,1,1,1,1,1,180,99,1
36,63,20,82,87,98,1,1,1,1,1,1,185,201,
49,99,85,53,51,58,1,1,1,1,1,1,184,211,
79,75,71,68,37,35,1,1,1,1,1,1,154,211,
78,19,77,57,89,66,1,1,1,1,1,1,167,219,
94,95,36,31,55,89,1,1,1,1,1,1,189,211,
34,90,50,21,2,8,1,1,1,1,1,1,140,65,1
21,88,37,85,59,50,1,1,1,1,1,1,173,167,
87,7,5,64,34,94,1,1,1,1,1,1,181,110,1
58,44,35,18,85,52,1,1,1,1,1,1,143,149,
13,69,37,45,82,12,1,1,1,1,1,1,151,107,
16,18,27,93,25,10,1,1,1,1,1,1,120,69,1
42,38,32,88,61,30,1,1,1,1,1,1,149,142,
75,35,10,26,32,85,1,1,1,1,1,1,160,103,1
77,10,3,60,100,78,1,1,1,1,1,1,178,150,
97,68,91,66,92,21,1,1,1,1,1,1,189,246,
74,3,47,35,85,84,1,1,1,1,1,1,169,159,
21,74,95,26,10,91,1,1,1,1,1,1,186,131,
88,20,28,48,63,7,1,1,1,1,1,1,151,103,
84,30,31,89,13,52,1,1,1,1,1,1,173,126,
1,94,11,29,47,88,1,1,1,1,1,1,182,88,1
42,64,75,77,14,68,1,1,1,1,1,1,152,188,
32,20,64,1,43,12,1,1,1,1,1,1,107,65,1
98,25,88,84,26,92,1,1,1,1,1,1,190,223,
89,13,42,43,65,4,1,1,1,1,1,1,154,102,1
22,18,65,35,10,54,1,1,1,1,1,1,119,85,
2,22,87,62,35,9,1,1,1,1,1,1,149,68,1
24,18,64,82,35,87,1,1,1,1,1,1,169,141,
16,78,93,12,38,91,1,1,1,1,1,1,184,144,
9,55,11,86,79,46,1,1,1,1,1,1,165,121,
62,45,58,60,2,89,1,1,1,1,1,1,151,165,
4,67,35,38,58,40,1,1,1,1,1,1,125,117,
61,69,71,54,59,53,1,1,1,1,1,1,140,227,
89,44,41,45,73,68,1,1,1,1,1,1,162,198,
77,73,100,24,98,96,1,1,1,1,1,1,198,270,
40,28,49,42,33,86,1,1,1,1,1,1,135,143,
27,58,77,26,95,60,1,1,1,1,1,1,172,171,
10,75,2,94,96,84,1,1,1,1,1,1,190,171,
2,44,83,24,33,82,1,1,1,1,1,1,165,103,1
46,14,1,66,97,61,1,1,1,1,1,1,163,122,
44,93,71,15,25,95,1,1,1,1,1,1,188,155,
10,64,65,67,55,69,1,1,1,1,1,1,136,194,
17,73,85,44,28,38,1,1,1,1,1,1,158,127,
54,46,96,78,20,37,1,1,1,1,1,1,174,157,
52,48,93,45,22,72,1,1,1,1,1,1,165,167,
90,12,69,59,78,66,1,1,1,1,1,1,168,206,
44,8,97,18,42,68,1,1,1,1,1,1,165,112,
36,4,32,65,98,78,1,1,1,1,1,1,176,137,
27,90,52,87,42,8,1,1,1,1,1,1,177,129,
36,72,92,9,10,24,1,1,1,1,1,1,164,79,1
100,94,4,6,91,63,1,1,1,1,1,1,194,164,
52,36,73,1,31,2,1,1,1,1,1,1,125,70,1
58,99,82,78,6,33,1,1,1,1,1,1,181,175,
48,69,55,6,91,50,1,1,1,1,1,1,160,159,
78,31,35,58,51,53,1,1,1,1,1,1,136,170,
27,80,81,45,4,49,1,1,1,1,1,1,161,125,
84,38,83,26,12,64,1,1,1,1,1,1,167,140,
84,46,6,77,58,61,1,1,1,1,1,1,161,171,
39,77,21,32,6,56,1,1,1,1,1,1,133,98,
55,74,89,84,42,34,1,1,1,1,1,1,173,205,
6,73,90,16,49,17,1,1,1,1,1,1,163,88,1
77,75,33,92,14,50,1,1,1,1,1,1,169,172,
22,84,43,52,32,36,1,1,1,1,1,1,136,133,
67,76,20,63,99,94,1,1,1,1,1,1,193,226,
27,100,52,37,60,21,1,1,1,1,1,1,160,137,
54,70,3,20,34,72,1,1,1,1,1,1,142,111,
12,11,70,37,85,32,1,1,1,1,1,1,155,92,1
20,54,57,5,55,18,1,1,1,1,1,1,112,97,
1,37,86,87,41,92,1,1,1,1,1,1,179,165,
82,88,75,65,87,61,1,1,1,1,1,1,175,283,
34,50,86,84,73,10,1,1,1,1,1,1,170,167,
26,62,61,64,37,60,1,1,1,1,1,1,126,184,
46,64,90,75,95,82,1,1,1,1,1,1,185,267,
5,91,70,80,16,85,1,1,1,1,1,1,176,171,
11,12,1,20,13,19,1,1,1,1,1,1,39,37,
60,79,68,30,86,44,1,1,1,1,1,1,165,202,
33,21,39,78,31,18,1,1,1,1,1,1,117,103,
60,59,72,94,84,22,1,1,1,1,1,1,178,213,
62,3,65,79,93,99,1,1,1,1,1,1,192,209,
78,18,67,3,98,40,1,1,1,1,1,1,176,128,
43,28,61,79,50,48,1,1,1,1,1,1,140,169,
50,5,58,46,51,70,1,1,1,1,1,1,128,152,
60,4,44,98,36,59,1,1,1,1,1,1,158,143,
71,9,70,73,98,77,1,1,1,1,1,1,175,223,
46,39,28,53,45,63,1,1,1,1,1,1,116,158,
97,38,16,96,34,69,1,1,1,1,1,1,193,157,
42,31,36,8,5,75,1,1,1,1,1,1,117,80,
67,45,3,94,54,77,1,1,1,1,1,1,171,169,
70,62,94,34,58,15,1,1,1,1,1,1,164,169,
87,58,35,99,40,21,1,1,1,1,1,1,186,154,
55,91,6,58,74,54,1,1,1,1,1,1,165,173,
27,43,11,73,6,47,1,1,1,1,1,1,120,87,
9,42,77,54,98,74,1,1,1,1,1,1,175,179,
64,87,91,92,54,33,1,1,1,1,1,1,183,238,
8,98,92,25,11,57,1,1,1,1,1,1,190,101,1
99,36,95,100,4,92,1,1,1,1,1,1,199,227,
91,63,74,83,4,19,1,1,1,1,1,1,174,160,
58,62,80,10,82,95,1,1,1,1,1,1,177,210,
27,7,76,18,72,8,1,1,1,1,1,1,148,60,1
12,52,4,1,5,45,1,1,1,1,1,1,97,22,1
11,82,27,60,38,80,1,1,1,1,1,1,162,136,
100,30,60,12,8,56,1,1,1,1,1,1,160,106,1
4,25,21,89,2,67,1,1,1,1,1,1,156,52,1
99,23,64,29,98,87,1,1,1,1,1,1,197,203,
34,80,38,28,35,66,1,1,1,1,1,1,146,135,
28,88,70,12,94,6,1,1,1,1,1,1,182,116,1
35,55,86,76,23,32,1,1,1,1,1,1,162,145,
52,82,21,80,19,10,1,1,1,1,1,1,162,102,1
43,45,100,84,49,18,1,1,1,1,1,1,184,155,
20,71,78,26,30,50,1,1,1,1,1,1,149,126,
98,16,83,62,12,26,1,1,1,1,1,1,181,116,1
44,88,46,77,41,66,1,1,1,1,1,1,165,197,
56,28,15,96,94,11,1,1,1,1,1,1,190,110,1
16,48,6,71,21,79,1,1,1,1,1,1,150,91,1
42,64,97,2,49,70,1,1,1,1,1,1,167,157,
39,6,18,73,69,83,1,1,1,1,1,1,156,132,
85,72,66,86,57,60,1,1,1,1,1,1,171,255,
41,13,33,1,93,9,1,1,1,1,1,1,134,56,1
66,1,30,15,24,61,1,1,1,1,1,1,127,70,1
65,46,89,45,58,15,1,1,1,1,1,1,154,164,
91,100,90,17,29,15,1,1,1,1,1,1,191,151,
39,13,53,58,33,81,1,1,1,1,1,1,139,138,
78,86,73,96,34,45,1,1,1,1,1,1,182,230,
5,13,22,60,84,37,1,1,1,1,1,1,144,77,1
30,18,32,58,80,93,1,1,1,1,1,1,173,138,
28,14,73,86,22,16,1,1,1,1,1,1,159,80,1
14,44,64,27,86,88,1,1,1,1,1,1,174,149,
6,76,69,32,92,85,1,1,1,1,1,1,177,183,
44,99,89,49,83,10,1,1,1,1,1,1,188,186,
23,21,62,88,87,95,1,1,1,1,1,1,183,193,
91,81,45,63,6,79,1,1,1,1,1,1,172,193,
10,66,20,8,64,49,1,1,1,1,1,1,130,87,
99,64,9,47,39,87,1,1,1,1,1,1,186,159,
18,98,45,20,90,88,1,1,1,1,1,1,188,171,
79,99,64,69,72,53,1,1,1,1,1,1,178,258,
74,99,76,67,95,80,1,1,1,1,1,1,194,297,
63,16,43,20,77,45,1,1,1,1,1,1,140,124,
28,2,98,49,42,22,1,1,1,1,1,1,147,94,1
41,26,47,90,57,82,1,1,1,1,1,1,172,171,
93,4,31,12,22,11,1,1,1,1,1,1,124,49,1
95,72,54,14,74,1,1,1,1,1,1,1,169,141,
28,95,53,35,15,24,1,1,1,1,1,1,148,102,
87,59,52,46,7,29,1,1,1,1,1,1,146,134,
67,91,17,42,52,88,1,1,1,1,1,1,179,178,
60,91,87,59,36,40,1,1,1,1,1,1,178,195,
51,54,98,43,90,8,1,1,1,1,1,1,188,156,
35,30,86,73,22,5,1,1,1,1,1,1,159,92,1
25,38,42,31,36,93,1,1,1,1,1,1,135,130,
55,98,13,91,62,9,1,1,1,1,1,1,189,139,
94,89,2,62,44,100,1,1,1,1,1,1,194,197,
37,39,100,97,32,22,1,1,1,1,1,1,197,130,1
80,84,61,59,98,66,1,1,1,1,1,1,182,266,
29,20,79,4,17,83,1,1,1,1,1,1,162,70,1
47,48,74,6,31,19,1,1,1,1,1,1,122,103,
32,70,22,96,99,85,1,1,1,1,1,1,195,209,
89,35,5,71,95,11,1,1,1,1,1,1,184,122,1
41,28,45,73,49,61,1,1,1,1,1,1,134,163,
54,34,33,100,70,20,1,1,1,1,1,1,170,141,
65,4,88,51,1,18,1,1,1,1,1,1,153,74,1
30,52,80,63,58,79,1,1,1,1,1,1,159,203,
56,61,5,37,70,1,1,1,1,1,1,1,131,99,
73,5,39,93,92,25,1,1,1,1,1,1,185,142,
7,9,25,82,55,93,1,1,1,1,1,1,175,96,1
32,86,74,42,59,63,1,1,1,1,1,1,160,196,
41,29,7,96,38,73,1,1,1,1,1,1,169,115,
57,21,40,67,29,44,1,1,1,1,1,1,124,134,
88,65,1,43,68,40,1,1,1,1,1,1,156,149,
62,4,61,32,13,96,1,1,1,1,1,1,158,110,
71,80,20,50,46,31,1,1,1,1,1,1,151,147,
74,51,54,2,53,37,1,1,1,1,1,1,128,143,
52,82,44,62,84,55,1,1,1,1,1,1,166,213,
96,24,83,41,97,18,1,1,1,1,1,1,193,166,
70,59,4,23,72,57,1,1,1,1,1,1,142,143,
46,63,88,39,33,26,1,1,1,1,1,1,151,144,
72,32,35,95,85,82,1,1,1,1,1,1,180,221,
34,67,51,53,46,52,1,1,1,1,1,1,120,183,
12,54,17,86,2,31,1,1,1,1,1,1,140,62,1
61,18,24,13,32,27,1,1,1,1,1,1,93,82,
10,79,57,75,91,56,1,1,1,1,1,1,170,198,
97,77,88,85,75,28,1,1,1,1,1,1,185,265,
84,100,2,8,14,62,1,1,1,1,1,1,184,86,1
20,17,65,91,61,98,1,1,1,1,1,1,189,163,
56,60,92,100,45,39,1,1,1,1,1,1,192,200,
86,44,78,35,88,14,1,1,1,1,1,1,174,171,
68,27,43,11,100,78,1,1,1,1,1,1,178,149,
88,90,45,79,95,83,1,1,1,1,1,1,185,295,
47,72,52,29,7,77,1,1,1,1,1,1,149,135,
50,31,25,47,86,36,1,1,1,1,1,1,136,139,
2,24,35,60,41,21,1,1,1,1,1,1,101,82,
17,7,74,71,92,3,1,1,1,1,1,1,166,98,1
74,24,23,46,59,63,1,1,1,1,1,1,137,152,
36,28,33,82,86,34,1,1,1,1,1,1,168,131,
73,87,98,26,67,13,1,1,1,1,1,1,185,179,
49,59,14,91,68,78,1,1,1,1,1,1,169,190,
22,44,56,29,79,19,1,1,1,1,1,1,135,114,
98,12,34,90,62,13,1,1,1,1,1,1,188,121,1
17,98,37,30,46,45,1,1,1,1,1,1,144,129,
21,71,30,50,91,88,1,1,1,1,1,1,179,172,
53,71,1,32,9,81,1,1,1,1,1,1,152,95,1
50,43,16,64,92,13,1,1,1,1,1,1,156,122,
51,6,81,98,26,42,1,1,1,1,1,1,179,125,
41,26,73,83,34,94,1,1,1,1,1,1,177,174,
72,40,35,43,57,49,1,1,1,1,1,1,129,167,
3,30,31,58,45,63,1,1,1,1,1,1,121,109,
40,16,26,15,80,79,1,1,1,1,1,1,159,97,1
54,18,40,84,100,2,1,1,1,1,1,1,184,114,1
53,2,66,57,21,11,1,1,1,1,1,1,123,87,
85,1,83,56,87,71,1,1,1,1,1,1,172,211,
45,66,38,85,27,34,1,1,1,1,1,1,151,144,
85,76,13,80,91,41,1,1,1,1,1,1,176,210,
5,52,67,98,95,77,1,1,1,1,1,1,193,201,
45,28,87,83,84,72,1,1,1,1,1,1,171,228,
88,50,6,87,82,24,1,1,1,1,1,1,175,162,
20,53,89,15,90,67,1,1,1,1,1,1,179,155,
11,98,57,65,70,89,1,1,1,1,1,1,187,203,
63,94,8,23,85,12,1,1,1,1,1,1,179,106,1
16,86,37,42,54,4,1,1,1,1,1,1,140,99,
24,41,15,58,54,99,1,1,1,1,1,1,157,134,
22,83,12,19,85,37,1,1,1,1,1,1,168,90,1
95,11,89,97,70,94,1,1,1,1,1,1,192,264,
74,33,26,92,94,57,1,1,1,1,1,1,186,190,
70,21,44,80,53,33,1,1,1,1,1,1,150,151,
64,23,78,48,28,66,1,1,1,1,1,1,144,163,
28,81,99,94,79,71,1,1,1,1,1,1,193,259,
43,63,27,11,40,24,1,1,1,1,1,1,106,102,
67,42,40,39,63,100,1,1,1,1,1,1,167,184,
9,84,45,71,46,19,1,1,1,1,1,1,155,119,
74,81,11,61,41,89,1,1,1,1,1,1,170,187,
71,77,88,45,69,60,1,1,1,1,1,1,165,245,
72,6,71,69,94,24,1,1,1,1,1,1,166,170,
45,61,59,23,44,41,1,1,1,1,1,1,120,153,
77,45,25,83,92,97,1,1,1,1,1,1,189,230,
10,80,61,94,14,52,1,1,1,1,1,1,174,137,
84,4,79,43,91,65,1,1,1,1,1,1,175,191,
38,22,33,65,71,56,1,1,1,1,1,1,136,149,
61,79,12,63,90,29,1,1,1,1,1,1,169,165,
81,5,97,13,83,59,1,1,1,1,1,1,180,158,
5,67,77,61,34,52,1,1,1,1,1,1,144,152,
29,36,1,58,16,79,1,1,1,1,1,1,137,82,1
61,99,3,62,93,14,1,1,1,1,1,1,192,140,
86,51,64,71,52,58,1,1,1,1,1,1,157,225,
99,76,54,8,19,81,1,1,1,1,1,1,180,157,
80,76,46,1,37,91,1,1,1,1,1,1,171,160,
19,65,86,73,56,40,1,1,1,1,1,1,159,180,
35,41,22,46,50,8,1,1,1,1,1,1,96,106,
95,66,55,39,90,19,1,1,1,1,1,1,185,179,
92,7,89,44,84,36,1,1,1,1,1,1,181,171,
88,22,72,66,2,84,1,1,1,1,1,1,172,162,
24,84,95,49,8,34,1,1,1,1,1,1,179,115,1
80,95,70,93,66,16,1,1,1,1,1,1,188,232,
8,52,25,29,11,60,1,1,1,1,1,1,112,73,1
37,44,41,70,49,68,1,1,1,1,1,1,138,171,
54,90,37,87,3,69,1,1,1,1,1,1,177,163,
75,82,89,80,2,28,1,1,1,1,1,1,171,185,
37,4,39,21,54,62,1,1,1,1,1,1,116,101,
90,15,30,24,51,64,1,1,1,1,1,1,154,120,
49,10,2,82,81,54,1,1,1,1,1,1,163,115,
15,83,100,96,66,72,1,1,1,1,1,1,196,236,
84,78,58,63,19,85,1,1,1,1,1,1,169,218,
41,99,89,85,93,87,1,1,1,1,1,1,192,302,
56,85,70,17,31,41,1,1,1,1,1,1,155,145,
24,6,25,63,15,1,1,1,1,1,1,1,88,46,1
75,64,90,83,52,34,1,1,1,1,1,1,173,225,
33,32,75,67,6,7,1,1,1,1,1,1,142,78,1
87,88,1,97,38,93,1,1,1,1,1,1,190,214,
65,21,22,79,48,54,1,1,1,1,1,1,144,145,
11,73,99,22,27,83,1,1,1,1,1,1,182,133,
55,11,31,61,18,34,1,1,1,1,1,1,116,94,
83,48,84,11,64,94,1,1,1,1,1,1,178,206,
19,79,2,65,98,1,1,1,1,1,1,1,177,87,1
64,83,16,5,71,59,1,1,1,1,1,1,154,144,
16,83,80,34,66,62,1,1,1,1,1,1,163,178,
17,69,48,100,38,41,1,1,1,1,1,1,169,144,
4,56,43,90,6,98,1,1,1,1,1,1,188,109,1
59,39,35,81,99,13,1,1,1,1,1,1,180,146,
14,23,89,36,34,28,1,1,1,1,1,1,125,99,
32,83,59,41,29,27,1,1,1,1,1,1,142,129,
77,92,58,30,8,86,1,1,1,1,1,1,178,173,
5,29,88,65,48,32,1,1,1,1,1,1,153,114,
39,20,14,75,41,35,1,1,1,1,1,1,116,108,
80,6,54,92,99,79,1,1,1,1,1,1,191,219,
30,5,78,73,18,82,1,1,1,1,1,1,160,126,
24,67,27,35,79,17,1,1,1,1,1,1,146,103,
8,90,84,100,78,39,1,1,1,1,1,1,190,209,
79,14,43,97,47,56,1,1,1,1,1,1,176,160,
52,40,71,6,94,10,1,1,1,1,1,1,165,108,1
86,25,41,32,13,79,1,1,1,1,1,1,165,111,
77,76,29,7,73,49,1,1,1,1,1,1,153,158,
13,71,79,46,65,50,1,1,1,1,1,1,150,174,
59,5,87,57,22,89,1,1,1,1,1,1,176,143,
2,19,46,33,65,81,1,1,1,1,1,1,146,100,
75,100,94,39,89,36,1,1,1,1,1,1,194,239,
31,35,33,49,67,85,1,1,1,1,1,1,152,148,
32,40,42,2,99,49,1,1,1,1,1,1,148,116,
76,30,56,80,58,65,1,1,1,1,1,1,156,209,
39,7,73,47,81,88,1,1,1,1,1,1,169,166,
73,61,7,69,37,66,1,1,1,1,1,1,142,171,
67,39,89,16,48,14,1,1,1,1,1,1,156,117,
27,51,55,98,88,60,1,1,1,1,1,1,186,193,
25,10,31,62,81,89,1,1,1,1,1,1,170,128,
32,43,44,58,9,51,1,1,1,1,1,1,109,128,
40,96,72,28,80,15,1,1,1,1,1,1,176,155,
84,93,73,59,34,42,1,1,1,1,1,1,177,208,
32,91,49,29,9,87,1,1,1,1,1,1,178,119,
5,31,47,96,85,11,1,1,1,1,1,1,181,94,1
87,78,19,49,83,15,1,1,1,1,1,1,170,161,
55,7,97,77,9,62,1,1,1,1,1,1,174,133,
21,57,46,42,82,40,1,1,1,1,1,1,139,149,
11,91,21,3,16,69,1,1,1,1,1,1,160,51,1
16,30,18,38,85,55,1,1,1,1,1,1,140,102,
64,88,9,90,10,2,1,1,1,1,1,1,178,85,1
33,36,88,16,2,47,1,1,1,1,1,1,135,87,1
38,32,85,79,55,24,1,1,1,1,1,1,164,149,
1,32,65,52,13,47,1,1,1,1,1,1,117,93,
80,63,100,45,94,13,1,1,1,1,1,1,194,201,
90,30,57,33,13,37,1,1,1,1,1,1,147,113,
83,68,32,6,14,96,1,1,1,1,1,1,179,120,
62,77,100,28,32,31,1,1,1,1,1,1,177,153,
19,30,80,11,84,90,1,1,1,1,1,1,174,140,
13,43,39,81,35,20,1,1,1,1,1,1,124,107,
34,58,27,40,68,31,1,1,1,1,1,1,126,132,
49,8,90,25,32,56,1,1,1,1,1,1,146,114,
24,20,55,8,68,32,1,1,1,1,1,1,123,84,
64,61,58,29,24,79,1,1,1,1,1,1,143,172,
37,56,78,53,70,43,1,1,1,1,1,1,148,189,
40,97,82,68,91,72,1,1,1,1,1,1,188,262,
95,63,87,85,69,6,1,1,1,1,1,1,182,223,
8,36,62,79,32,74,1,1,1,1,1,1,153,138,
72,84,98,2,8,51,1,1,1,1,1,1,182,133,
43,6,89,69,56,2,1,1,1,1,1,1,158,107,
29,25,10,39,20,50,1,1,1,1,1,1,89,84,
3,22,66,84,76,72,1,1,1,1,1,1,160,163,
20,33,89,24,8,56,1,1,1,1,1,1,145,85,1
60,41,92,25,70,5,1,1,1,1,1,1,162,131,
47,20,66,9,98,100,1,1,1,1,1,1,198,142,
65,18,79,32,29,74,1,1,1,1,1,1,153,144,
79,77,4,66,21,5,1,1,1,1,1,1,156,96,1
64,78,92,52,71,19,1,1,1,1,1,1,170,206,
98,81,40,99,75,32,1,1,1,1,1,1,197,228,
2,67,96,98,78,50,1,1,1,1,1,1,194,197,
33,95,9,63,81,41,1,1,1,1,1,1,176,146,
12,1,40,93,21,75,1,1,1,1,1,1,168,74,1
27,25,48,86,67,77,1,1,1,1,1,1,163,167,
64,51,3,52,84,97,1,1,1,1,1,1,181,170,
23,3,32,38,28,92,1,1,1,1,1,1,130,86,1
1,16,64,72,41,56,1,1,1,1,1,1,136,114,
38,60,86,16,7,41,1,1,1,1,1,1,146,102,
83,9,93,26,86,81,1,1,1,1,1,1,179,199,
79,76,60,19,26,1,1,1,1,1,1,1,155,106,
13,46,42,1,90,74,1,1,1,1,1,1,164,102,1
13,40,34,16,42,90,1,1,1,1,1,1,132,103,
76,50,85,42,65,59,1,1,1,1,1,1,161,216,
52,39,5,55,26,80,1,1,1,1,1,1,135,122,
43,75,2,23,62,18,1,1,1,1,1,1,137,86,1
67,55,82,53,21,45,1,1,1,1,1,1,149,174,
70,11,91,13,2,54,1,1,1,1,1,1,161,80,1
85,50,77,63,13,73,1,1,1,1,1,1,162,199,
95,36,74,24,94,21,1,1,1,1,1,1,189,155,
38,9,28,47,49,20,1,1,1,1,1,1,96,95,
74,45,77,50,33,71,1,1,1,1,1,1,151,199,
80,81,37,64,65,4,1,1,1,1,1,1,161,170,
43,20,80,82,67,98,1,1,1,1,1,1,180,210,
9,58,62,31,100,81,1,1,1,1,1,1,181,160,
75,56,29,76,62,28,1,1,1,1,1,1,151,175,
99,83,5,74,55,31,1,1,1,1,1,1,182,165,
73,52,62,81,18,74,1,1,1,1,1,1,155,205,
40,48,64,90,12,54,1,1,1,1,1,1,154,154,
95,62,61,65,8,63,1,1,1,1,1,1,160,194,
31,14,69,87,74,70,1,1,1,1,1,1,161,184,
91,92,70,62,27,16,1,1,1,1,1,1,183,175,
95,28,49,99,26,56,1,1,1,1,1,1,194,159,
8,21,87,56,1,6,1,1,1,1,1,1,143,36,1
99,47,54,52,81,71,1,1,1,1,1,1,180,224,
88,7,55,15,68,57,1,1,1,1,1,1,156,134,
14,18,87,89,20,60,1,1,1,1,1,1,176,112,1
89,37,90,47,40,87,1,1,1,1,1,1,179,211,
92,27,28,47,20,56,1,1,1,1,1,1,148,122,
11,32,76,82,33,22,1,1,1,1,1,1,158,98,1
74,61,36,64,46,17,1,1,1,1,1,1,138,160,
52,8,82,77,88,65,1,1,1,1,1,1,170,202,
45,74,88,46,80,97,1,1,1,1,1,1,185,245,
6,3,50,37,23,78,1,1,1,1,1,1,128,69,1
88,3,87,6,38,58,1,1,1,1,1,1,175,105,1
3,6,93,75,51,74,1,1,1,1,1,1,168,134,
49,31,39,68,99,17,1,1,1,1,1,1,167,136,
61,90,87,73,58,47,1,1,1,1,1,1,177,239,
25,51,60,1,93,30,1,1,1,1,1,1,153,107,
51,28,92,61,73,97,1,1,1,1,1,1,189,213,
49,9,65,3,42,48,1,1,1,1,1,1,114,102,
26,5,41,7,11,71,1,1,1,1,1,1,112,49,1
83,40,86,29,47,1,1,1,1,1,1,1,169,117,
13,61,24,8,33,95,1,1,1,1,1,1,156,78,1
9,77,41,6,42,100,1,1,1,1,1,1,177,98,1
42,77,100,12,4,15,1,1,1,1,1,1,177,73,1
36,94,40,9,31,12,1,1,1,1,1,1,134,88,1
2,12,26,66,59,54,1,1,1,1,1,1,125,94,
57,15,60,54,9,100,1,1,1,1,1,1,160,135,
49,78,75,87,53,21,1,1,1,1,1,1,165,198,
60,28,50,66,85,98,1,1,1,1,1,1,183,204,
48,8,75,25,46,53,1,1,1,1,1,1,128,127,
11,26,82,20,44,49,1,1,1,1,1,1,131,101,
7,38,95,21,60,73,1,1,1,1,1,1,168,126,
85,13,43,49,39,79,1,1,1,1,1,1,164,144,
21,52,74,100,11,29,1,1,1,1,1,1,174,113,1
28,14,57,29,23,56,1,1,1,1,1,1,113,94,
19,100,24,57,11,18,1,1,1,1,1,1,157,72,1
54,13,80,66,60,21,1,1,1,1,1,1,146,148,
99,28,20,46,67,73,1,1,1,1,1,1,172,161,
24,64,93,90,82,56,1,1,1,1,1,1,183,226,
93,37,56,84,50,57,1,1,1,1,1,1,177,200,
4,67,16,100,71,72,1,1,1,1,1,1,172,158,
65,67,62,35,38,20,1,1,1,1,1,1,132,155,
46,70,41,13,52,62,1,1,1,1,1,1,132,152,
5,88,71,41,72,2,1,1,1,1,1,1,160,119,
95,76,11,63,68,29,1,1,1,1,1,1,171,171,
78,74,16,6,69,41,1,1,1,1,1,1,152,132,
50,6,69,41,40,58,1,1,1,1,1,1,127,137,
49,44,85,56,95,77,1,1,1,1,1,1,180,226,
22,43,82,59,90,55,1,1,1,1,1,1,172,179,
86,2,11,41,28,54,1,1,1,1,1,1,140,82,1
67,74,76,60,26,29,1,1,1,1,1,1,150,182,
70,59,20,95,30,35,1,1,1,1,1,1,165,144,
92,14,45,55,5,18,1,1,1,1,1,1,147,82,1
99,65,35,96,74,17,1,1,1,1,1,1,195,191,
26,1,90,51,96,80,1,1,1,1,1,1,186,158,
85,78,49,70,84,60,1,1,1,1,1,1,169,257,
70,41,100,40,8,65,1,1,1,1,1,1,170,154,
79,38,82,15,31,75,1,1,1,1,1,1,161,159,
9,62,23,32,41,80,1,1,1,1,1,1,142,105,
73,52,98,43,12,79,1,1,1,1,1,1,177,180,
71,42,9,52,16,84,1,1,1,1,1,1,155,119,
17,66,80,49,44,81,1,1,1,1,1,1,161,176,
92,28,9,90,93,57,1,1,1,1,1,1,185,184,
78,9,98,18,51,24,1,1,1,1,1,1,176,102,1
41,20,36,7,93,60,1,1,1,1,1,1,153,104,
10,83,93,11,48,14,1,1,1,1,1,1,176,83,1
13,53,21,3,89,15,1,1,1,1,1,1,142,52,1
14,85,82,24,97,81,1,1,1,1,1,1,182,201,
91,4,20,76,17,93,1,1,1,1,1,1,184,117,1
83,36,86,22,23,70,1,1,1,1,1,1,169,151,
94,57,16,37,90,84,1,1,1,1,1,1,184,194,
88,6,43,48,78,83,1,1,1,1,1,1,171,175,
16,57,51,61,77,47,1,1,1,1,1,1,138,171,
2,63,54,53,13,96,1,1,1,1,1,1,159,122,
3,29,20,77,57,76,1,1,1,1,1,1,153,109,
55,60,75,66,48,65,1,1,1,1,1,1,141,228,
65,58,6,28,24,12,1,1,1,1,1,1,123,70,1
50,59,44,2,54,95,1,1,1,1,1,1,154,150,
94,28,48,66,23,19,1,1,1,1,1,1,160,118,
54,80,37,22,5,61,1,1,1,1,1,1,141,118,
52,18,37,6,86,65,1,1,1,1,1,1,151,113,
72,7,2,61,11,71,1,1,1,1,1,1,143,81,1
17,2,93,26,89,54,1,1,1,1,1,1,182,99,1
35,30,61,21,18,12,1,1,1,1,1,1,96,81,
70,80,36,62,59,27,1,1,1,1,1,1,150,184,
39,72,31,22,71,2,1,1,1,1,1,1,143,94,1
45,72,30,13,37,91,1,1,1,1,1,1,163,125,
80,48,71,84,9,58,1,1,1,1,1,1,164,186,
56,38,27,44,89,18,1,1,1,1,1,1,145,127,
1,91,85,87,48,52,1,1,1,1,1,1,178,186,
59,73,72,57,42,7,1,1,1,1,1,1,145,165,
76,40,24,30,34,5,1,1,1,1,1,1,116,93,
57,92,73,94,24,17,1,1,1,1,1,1,186,171,
53,94,95,78,32,21,1,1,1,1,1,1,189,184,
73,33,94,23,61,64,1,1,1,1,1,1,167,181,
55,72,20,19,77,91,1,1,1,1,1,1,168,166,
47,1,77,26,24,42,1,1,1,1,1,1,124,93,
21,33,41,50,85,58,1,1,1,1,1,1,143,145,
82,77,80,3,67,13,1,1,1,1,1,1,162,160,
1,12,84,16,69,40,1,1,1,1,1,1,153,69,1
27,96,72,74,54,83,1,1,1,1,1,1,179,227,
21,14,50,28,94,3,1,1,1,1,1,1,144,66,1
29,41,72,76,70,22,1,1,1,1,1,1,148,162,
50,90,5,27,95,58,1,1,1,1,1,1,185,140,
80,60,1,8,35,23,1,1,1,1,1,1,140,67,1
33,90,30,7,19,71,1,1,1,1,1,1,161,89,1
38,6,60,59,56,55,1,1,1,1,1,1,119,155,
80,9,47,54,36,23,1,1,1,1,1,1,134,115,
22,89,27,83,53,1,1,1,1,1,1,1,172,103,1
54,60,9,13,99,17,1,1,1,1,1,1,159,93,1
89,33,36,84,27,77,1,1,1,1,1,1,173,173,
89,18,32,51,50,78,1,1,1,1,1,1,167,151,
12,58,89,41,3,29,1,1,1,1,1,1,147,85,1
50,21,59,95,35,37,1,1,1,1,1,1,154,143,
71,2,20,7,64,27,1,1,1,1,1,1,135,56,1
85,19,17,92,71,27,1,1,1,1,1,1,177,134,
70,71,99,57,50,19,1,1,1,1,1,1,170,196,
4,63,20,88,45,43,1,1,1,1,1,1,151,112,
71,24,8,50,90,19,1,1,1,1,1,1,161,101,1
36,68,99,45,100,91,1,1,1,1,1,1,199,240,
91,23,47,86,93,76,1,1,1,1,1,1,184,232,
68,10,20,8,79,24,1,1,1,1,1,1,147,62,1
84,77,38,55,10,33,1,1,1,1,1,1,161,136,
97,76,13,40,16,12,1,1,1,1,1,1,173,81,1
100,31,61,15,93,16,1,1,1,1,1,1,193,123,1
64,56,75,31,93,16,1,1,1,1,1,1,168,167,
10,83,87,65,67,4,1,1,1,1,1,1,170,146,
51,7,88,92,64,78,1,1,1,1,1,1,180,200,
17,40,63,54,39,49,1,1,1,1,1,1,117,145,
92,7,89,91,67,56,1,1,1,1,1,1,183,219,
46,66,80,61,4,94,1,1,1,1,1,1,174,177,
3,31,30,43,19,71,1,1,1,1,1,1,114,83,
66,64,44,18,73,35,1,1,1,1,1,1,139,161,
46,4,66,48,91,30,1,1,1,1,1,1,157,128,
34,33,4,72,25,86,1,1,1,1,1,1,158,96,1
77,10,85,3,68,51,1,1,1,1,1,1,162,132,
53,48,41,98,11,24,1,1,1,1,1,1,151,124,
79,29,9,33,39,13,1,1,1,1,1,1,118,84,
56,21,90,39,43,81,1,1,1,1,1,1,171,159,
60,27,14,73,43,90,1,1,1,1,1,1,163,144,
67,15,51,24,93,32,1,1,1,1,1,1,160,122,
61,86,10,9,37,52,1,1,1,1,1,1,147,108,
32,77,70,80,57,56,1,1,1,1,1,1,157,215,
43,52,12,35,45,78,1,1,1,1,1,1,130,135,
88,25,80,28,74,77,1,1,1,1,1,1,168,204,
74,99,2,41,55,15,1,1,1,1,1,1,173,113,1
96,78,70,40,91,44,1,1,1,1,1,1,187,232,
50,99,23,76,34,20,1,1,1,1,1,1,175,127,
8,20,12,98,11,19,1,1,1,1,1,1,118,50,1
54,42,39,47,57,8,1,1,1,1,1,1,111,136,
76,18,51,59,38,39,1,1,1,1,1,1,135,146,
73,4,89,94,26,24,1,1,1,1,1,1,183,127,
53,82,26,79,8,98,1,1,1,1,1,1,180,166,
55,97,51,80,6,17,1,1,1,1,1,1,177,129,
31,58,78,42,50,65,1,1,1,1,1,1,143,181,
38,37,72,6,55,22,1,1,1,1,1,1,127,103,
3,87,18,13,46,70,1,1,1,1,1,1,157,80,1
26,7,72,9,10,22,1,1,1,1,1,1,98,48,1
26,74,48,41,29,37,1,1,1,1,1,1,122,133,
41,85,49,6,71,26,1,1,1,1,1,1,156,122,
75,62,50,26,6,43,1,1,1,1,1,1,137,125,
60,24,20,25,63,53,1,1,1,1,1,1,123,122,
71,92,49,29,64,45,1,1,1,1,1,1,163,187,
87,64,100,37,38,41,1,1,1,1,1,1,187,180,
40,71,10,68,58,88,1,1,1,1,1,1,159,176,
8,79,56,100,21,71,1,1,1,1,1,1,179,156,
36,94,77,95,67,96,1,1,1,1,1,1,191,274,
45,56,53,1,63,7,1,1,1,1,1,1,119,106,
92,42,18,31,43,24,1,1,1,1,1,1,135,115,
87,25,14,67,99,64,1,1,1,1,1,1,186,170,
84,81,90,85,2,30,1,1,1,1,1,1,175,197,
91,32,62,43,33,60,1,1,1,1,1,1,153,168,
16,66,19,22,89,67,1,1,1,1,1,1,156,123,
34,99,44,100,68,89,1,1,1,1,1,1,199,235,
26,67,94,75,76,82,1,1,1,1,1,1,176,244,
63,95,73,19,87,56,1,1,1,1,1,1,182,211,
9,65,61,91,14,72,1,1,1,1,1,1,163,149,
6,42,79,52,32,76,1,1,1,1,1,1,155,132,
77,7,97,57,67,86,1,1,1,1,1,1,183,208,
91,54,16,20,33,48,1,1,1,1,1,1,145,117,
19,45,2,82,57,5,1,1,1,1,1,1,139,71,1
60,34,56,75,50,25,1,1,1,1,1,1,135,165,
61,100,74,73,43,63,1,1,1,1,1,1,174,240,
89,83,52,40,80,60,1,1,1,1,1,1,172,232,
5,47,15,17,12,100,1,1,1,1,1,1,147,49,1
6,88,20,77,51,96,1,1,1,1,1,1,184,154,
79,76,14,90,13,39,1,1,1,1,1,1,169,142,
22,74,54,70,20,79,1,1,1,1,1,1,153,166,
92,12,4,66,97,23,1,1,1,1,1,1,189,105,1
4,93,39,80,1,94,1,1,1,1,1,1,187,124,1
44,85,6,75,100,63,1,1,1,1,1,1,185,188,
63,25,57,12,50,27,1,1,1,1,1,1,120,114,
98,91,76,5,41,40,1,1,1,1,1,1,189,162,
14,82,7,50,1,95,1,1,1,1,1,1,177,72,1
67,63,38,62,7,2,1,1,1,1,1,1,130,109,
43,3,34,11,45,62,1,1,1,1,1,1,107,91,
31,19,15,27,25,100,1,1,1,1,1,1,131,86,1
38,24,53,68,89,19,1,1,1,1,1,1,157,134,
83,43,25,47,21,63,1,1,1,1,1,1,146,136,
62,80,91,85,38,71,1,1,1,1,1,1,176,251,
69,16,11,66,22,77,1,1,1,1,1,1,146,115,
32,80,59,11,82,60,1,1,1,1,1,1,162,162,
11,87,83,97,41,15,1,1,1,1,1,1,184,150,
31,34,71,97,7,69,1,1,1,1,1,1,168,141,
98,91,35,8,7,34,1,1,1,1,1,1,189,84,1
16,36,63,61,11,96,1,1,1,1,1,1,159,124,
45,50,83,98,3,91,1,1,1,1,1,1,189,181,
10,62,54,65,63,76,1,1,1,1,1,1,141,189,
34,30,37,48,33,94,1,1,1,1,1,1,142,134,
30,2,53,79,14,47,1,1,1,1,1,1,132,93,
38,20,43,32,18,83,1,1,1,1,1,1,126,108,
10,88,61,79,19,9,1,1,1,1,1,1,167,99,1
5,77,48,52,16,34,1,1,1,1,1,1,129,103,
2,71,18,10,16,30,1,1,1,1,1,1,101,46,1
5,53,10,57,76,51,1,1,1,1,1,1,133,119,
19,86,52,10,13,53,1,1,1,1,1,1,139,94,
96,85,26,54,44,78,1,1,1,1,1,1,181,202,
9,8,75,99,96,28,1,1,1,1,1,1,195,120,1
85,74,44,23,80,33,1,1,1,1,1,1,165,174,
62,80,31,75,92,20,1,1,1,1,1,1,172,188,
1,68,59,17,72,98,1,1,1,1,1,1,170,145,
63,4,96,45,76,34,1,1,1,1,1,1,172,146,
15,37,18,80,98,90,1,1,1,1,1,1,188,150,
90,75,82,2,81,68,1,1,1,1,1,1,172,226,
92,77,72,26,84,30,1,1,1,1,1,1,176,205,
86,93,60,41,92,2,1,1,1,1,1,1,185,189,
64,85,62,100,78,15,1,1,1,1,1,1,185,219,
62,85,30,73,93,67,1,1,1,1,1,1,178,232,
84,8,18,53,63,2,1,1,1,1,1,1,147,81,1
58,18,57,52,43,87,1,1,1,1,1,1,145,170,
42,65,67,64,98,92,1,1,1,1,1,1,190,238,
78,53,46,60,64,79,1,1,1,1,1,1,157,223,
98,81,48,67,72,88,1,1,1,1,1,1,186,268,
14,84,64,33,90,5,1,1,1,1,1,1,174,116,1
12,4,14,87,27,100,1,1,1,1,1,1,187,57,1
60,70,38,48,54,26,1,1,1,1,1,1,130,166,
11,73,44,16,38,62,1,1,1,1,1,1,135,109,
33,60,77,22,66,39,1,1,1,1,1,1,143,154,
78,62,96,2,69,67,1,1,1,1,1,1,174,200,
83,86,73,38,98,29,1,1,1,1,1,1,184,223,
12,93,60,20,71,87,1,1,1,1,1,1,180,163,
39,49,85,42,96,20,1,1,1,1,1,1,181,150,
32,38,71,42,68,58,1,1,1,1,1,1,139,170,
14,31,8,39,61,12,1,1,1,1,1,1,100,65,1
98,94,86,15,41,58,1,1,1,1,1,1,192,200,
36,16,76,78,21,43,1,1,1,1,1,1,154,116,
20,49,79,86,68,30,1,1,1,1,1,1,165,167,
39,11,46,54,95,7,1,1,1,1,1,1,149,103,
38,35,70,44,24,31,1,1,1,1,1,1,114,128,
22,34,9,39,44,71,1,1,1,1,1,1,115,104,
26,65,57,9,35,52,1,1,1,1,1,1,122,122,
10,1,57,93,80,54,1,1,1,1,1,1,173,122,
28,71,47,35,79,16,1,1,1,1,1,1,150,126,
85,89,30,11,48,17,1,1,1,1,1,1,174,106,1
24,20,53,54,43,5,1,1,1,1,1,1,107,92,
77,86,88,31,21,14,1,1,1,1,1,1,174,143,
61,71,16,6,44,2,1,1,1,1,1,1,132,68,1
91,15,46,69,40,28,1,1,1,1,1,1,160,129,
55,84,93,11,7,10,1,1,1,1,1,1,177,83,1
72,98,92,15,69,41,1,1,1,1,1,1,190,197,
58,73,72,61,16,11,1,1,1,1,1,1,145,146,
77,5,36,82,57,94,1,1,1,1,1,1,176,175,
12,33,9,95,91,60,1,1,1,1,1,1,186,114,1
40,9,54,16,62,82,1,1,1,1,1,1,144,119,
54,96,18,29,51,10,1,1,1,1,1,1,150,108,
89,56,9,1,99,24,1,1,1,1,1,1,188,90,1
61,42,50,22,21,25,1,1,1,1,1,1,111,110,
16,17,67,19,51,75,1,1,1,1,1,1,142,103,
79,87,84,61,83,11,1,1,1,1,1,1,171,234,
71,67,6,34,60,18,1,1,1,1,1,1,138,118,
27,20,43,100,44,24,1,1,1,1,1,1,144,114,
97,72,47,9,88,39,1,1,1,1,1,1,185,167,
75,41,83,38,11,66,1,1,1,1,1,1,158,156,
48,22,62,79,37,12,1,1,1,1,1,1,141,119,
69,46,72,50,90,68,1,1,1,1,1,1,162,233,
56,31,90,79,10,40,1,1,1,1,1,1,169,137,
87,48,40,69,94,37,1,1,1,1,1,1,181,194,
88,7,24,2,91,20,1,1,1,1,1,1,179,53,1
21,88,48,64,35,37,1,1,1,1,1,1,152,141,
8,33,13,91,61,26,1,1,1,1,1,1,152,80,1
31,82,61,58,26,100,1,1,1,1,1,1,182,176,
5,8,95,6,37,89,1,1,1,1,1,1,184,56,1
57,79,95,39,32,9,1,1,1,1,1,1,174,137,
57,98,35,16,92,40,1,1,1,1,1,1,190,148,
91,75,90,12,56,34,1,1,1,1,1,1,181,177,
76,8,80,4,30,9,1,1,1,1,1,1,156,51,1
49,61,33,94,44,56,1,1,1,1,1,1,155,182,
42,58,30,83,80,61,1,1,1,1,1,1,163,191,
64,61,38,81,84,16,1,1,1,1,1,1,165,179,
7,23,43,1,51,99,1,1,1,1,1,1,150,74,1
46,50,42,60,55,6,1,1,1,1,1,1,115,144,
35,46,26,17,8,80,1,1,1,1,1,1,126,86,
82,3,7,35,41,39,1,1,1,1,1,1,123,84,
89,90,99,50,15,64,1,1,1,1,1,1,189,218,
59,44,24,72,43,5,1,1,1,1,1,1,131,116,
21,19,62,90,30,93,1,1,1,1,1,1,183,132,
99,67,17,62,14,45,1,1,1,1,1,1,166,138,
19,36,1,69,40,15,1,1,1,1,1,1,109,71,1
93,72,24,76,1,23,1,1,1,1,1,1,169,120,
36,69,98,64,16,27,1,1,1,1,1,1,167,143,
62,79,28,6,68,100,1,1,1,1,1,1,179,164,
57,65,54,68,29,93,1,1,1,1,1,1,161,205,
93,29,99,43,7,26,1,1,1,1,1,1,192,105,1
81,36,43,40,19,22,1,1,1,1,1,1,124,117,
87,37,29,19,33,80,1,1,1,1,1,1,167,118,
64,28,58,35,53,45,1,1,1,1,1,1,122,161,
84,96,44,97,78,47,1,1,1,1,1,1,193,253,
80,19,33,46,30,86,1,1,1,1,1,1,166,128,
100,5,85,77,55,66,1,1,1,1,1,1,185,203,
60,31,4,62,71,75,1,1,1,1,1,1,146,157,
86,64,3,79,9,27,1,1,1,1,1,1,165,103,1
77,23,100,94,85,33,1,1,1,1,1,1,194,218,
95,89,79,10,67,59,1,1,1,1,1,1,184,215,
70,18,39,94,46,74,1,1,1,1,1,1,168,173,
41,73,99,60,57,78,1,1,1,1,1,1,177,231,
44,47,1,43,35,8,1,1,1,1,1,1,91,87,
80,84,49,2,43,50,1,1,1,1,1,1,164,144,
9,5,72,51,89,69,1,1,1,1,1,1,161,134,
56,70,19,83,86,23,1,1,1,1,1,1,169,168,
90,79,4,30,24,74,1,1,1,1,1,1,169,132,
57,38,66,75,33,23,1,1,1,1,1,1,141,151,
14,24,1,96,37,35,1,1,1,1,1,1,133,74,1
52,88,47,25,83,82,1,1,1,1,1,1,171,206,
38,81,55,62,57,36,1,1,1,1,1,1,143,186,
20,38,5,96,17,70,1,1,1,1,1,1,166,80,1
80,50,96,38,92,3,1,1,1,1,1,1,188,171,
72,96,20,74,60,46,1,1,1,1,1,1,170,198,
14,51,13,31,21,5,1,1,1,1,1,1,82,53,1
57,88,42,78,22,89,1,1,1,1,1,1,177,199,
49,23,27,54,80,94,1,1,1,1,1,1,174,153,
18,78,23,73,67,40,1,1,1,1,1,1,151,148,
71,6,1,32,59,46,1,1,1,1,1,1,130,85,1
16,11,72,58,59,7,1,1,1,1,1,1,131,92,
75,86,36,60,41,56,1,1,1,1,1,1,161,193,
27,100,49,60,43,10,1,1,1,1,1,1,160,129,
81,85,34,37,76,5,1,1,1,1,1,1,166,152,
74,75,1,98,29,15,1,1,1,1,1,1,173,119,
29,25,20,65,28,67,1,1,1,1,1,1,132,102,
19,61,94,77,78,70,1,1,1,1,1,1,172,227,
34,25,14,17,77,71,1,1,1,1,1,1,148,90,1
38,50,3,42,74,44,1,1,1,1,1,1,124,127,
69,20,8,48,19,33,1,1,1,1,1,1,117,80,
96,23,80,91,17,94,1,1,1,1,1,1,190,211,
41,90,1,47,67,80,1,1,1,1,1,1,170,156,
47,70,11,62,85,81,1,1,1,1,1,1,166,190,
82,35,18,58,28,49,1,1,1,1,1,1,140,130,
12,79,15,59,23,67,1,1,1,1,1,1,146,109,
9,31,66,53,20,28,1,1,1,1,1,1,119,88,
100,32,4,68,79,99,1,1,1,1,1,1,199,183,
58,66,38,83,78,23,1,1,1,1,1,1,161,185,
33,92,39,64,17,29,1,1,1,1,1,1,156,118,
99,66,27,92,17,59,1,1,1,1,1,1,191,169,
17,30,69,33,57,22,1,1,1,1,1,1,126,102,
75,14,31,66,74,23,1,1,1,1,1,1,149,134,
32,87,65,69,52,59,1,1,1,1,1,1,156,208,
79,73,37,67,90,39,1,1,1,1,1,1,169,216,
75,44,61,40,29,39,1,1,1,1,1,1,136,152,
71,30,99,60,96,98,1,1,1,1,1,1,197,257,
49,4,20,86,92,57,1,1,1,1,1,1,178,130,
45,21,31,26,51,90,1,1,1,1,1,1,141,123,
11,71,34,80,89,78,1,1,1,1,1,1,169,194,
54,26,69,28,81,60,1,1,1,1,1,1,150,168,
34,55,64,70,67,76,1,1,1,1,1,1,146,220,
97,20,98,51,35,68,1,1,1,1,1,1,195,174,
84,41,40,35,71,43,1,1,1,1,1,1,155,159,
62,37,41,11,25,12,1,1,1,1,1,1,103,85,
6,86,56,96,21,61,1,1,1,1,1,1,182,144,
87,67,73,37,34,76,1,1,1,1,1,1,163,211,
5,4,79,71,30,2,1,1,1,1,1,1,150,41,1
46,14,58,71,52,90,1,1,1,1,1,1,161,170,
6,93,56,40,80,67,1,1,1,1,1,1,173,169,
15,95,43,20,89,78,1,1,1,1,1,1,184,156,
98,68,75,19,76,87,1,1,1,1,1,1,185,238,
99,64,56,28,26,52,1,1,1,1,1,1,163,162,
99,46,3,83,28,51,1,1,1,1,1,1,182,128,
78,72,96,76,99,9,1,1,1,1,1,1,195,235,
65,94,38,86,41,56,1,1,1,1,1,1,180,200,
44,6,76,64,43,59,1,1,1,1,1,1,140,152,
94,14,78,100,15,72,1,1,1,1,1,1,194,179,
55,31,90,53,21,4,1,1,1,1,1,1,145,109,
56,66,98,64,3,59,1,1,1,1,1,1,164,182,
5,34,29,17,67,10,1,1,1,1,1,1,101,61,1
34,86,90,55,37,2,1,1,1,1,1,1,176,128,
31,68,53,70,98,11,1,1,1,1,1,1,168,163,
31,53,2,84,34,81,1,1,1,1,1,1,165,120,
17,19,36,52,84,51,1,1,1,1,1,1,136,123,
65,14,82,94,56,12,1,1,1,1,1,1,176,147,
33,99,18,16,50,58,1,1,1,1,1,1,157,117,
67,43,8,19,14,85,1,1,1,1,1,1,152,84,1
63,83,89,5,92,64,1,1,1,1,1,1,181,215,
49,39,76,16,44,68,1,1,1,1,1,1,144,148,
87,79,89,44,9,63,1,1,1,1,1,1,176,195,
97,10,28,13,71,82,1,1,1,1,1,1,179,122,
62,24,2,6,18,1,1,1,1,1,1,1,86,27,1
28,10,94,43,18,73,1,1,1,1,1,1,167,99,1
16,45,22,1,67,49,1,1,1,1,1,1,116,84,
13,76,22,29,45,96,1,1,1,1,1,1,172,109,1
91,82,41,19,6,39,1,1,1,1,1,1,173,105,1
10,41,60,17,9,81,1,1,1,1,1,1,141,77,1
7,51,6,24,50,92,1,1,1,1,1,1,143,87,1
10,44,15,3,79,100,1,1,1,1,1,1,179,72,1
75,5,16,84,69,10,1,1,1,1,1,1,159,100,1
16,40,57,24,18,54,1,1,1,1,1,1,111,98,
97,48,18,93,96,42,1,1,1,1,1,1,193,201,
8,22,93,72,3,63,1,1,1,1,1,1,165,96,1
78,73,94,54,30,14,1,1,1,1,1,1,172,171,
85,64,89,60,49,97,1,1,1,1,1,1,186,258,
57,83,20,13,81,44,1,1,1,1,1,1,164,134,
25,85,39,95,17,83,1,1,1,1,1,1,180,164,
74,5,63,70,41,80,1,1,1,1,1,1,154,179,
54,90,93,7,56,19,1,1,1,1,1,1,183,136,
4,88,78,91,87,93,1,1,1,1,1,1,184,257,
77,1,7,24,52,99,1,1,1,1,1,1,176,84,1
51,50,14,72,84,29,1,1,1,1,1,1,156,144,
2,63,62,43,15,72,1,1,1,1,1,1,135,122,
14,30,23,9,38,50,1,1,1,1,1,1,88,76,
44,80,8,75,83,94,1,1,1,1,1,1,177,207,
89,19,4,42,44,43,1,1,1,1,1,1,133,108,
76,83,3,84,23,49,1,1,1,1,1,1,167,151,
27,84,23,15,9,21,1,1,1,1,1,1,111,68,1
70,64,97,60,3,17,1,1,1,1,1,1,167,144,
67,61,15,8,66,69,1,1,1,1,1,1,136,150,
63,89,52,39,91,83,1,1,1,1,1,1,180,237,
5,74,98,41,81,94,1,1,1,1,1,1,192,201,
39,71,81,3,57,26,1,1,1,1,1,1,152,125,
18,100,44,20,94,48,1,1,1,1,1,1,194,130,
92,30,45,27,37,61,1,1,1,1,1,1,153,139,
6,39,5,10,21,20,1,1,1,1,1,1,60,41,
51,95,67,50,56,25,1,1,1,1,1,1,162,182,
8,39,82,27,76,44,1,1,1,1,1,1,158,118,
40,15,89,94,30,71,1,1,1,1,1,1,183,156,
68,64,81,72,98,84,1,1,1,1,1,1,182,285,
36,3,1,60,51,87,1,1,1,1,1,1,147,91,1
89,78,71,82,47,30,1,1,1,1,1,1,171,226,
56,46,70,91,4,62,1,1,1,1,1,1,161,168,
9,63,61,84,25,31,1,1,1,1,1,1,147,126,
100,46,45,34,89,68,1,1,1,1,1,1,189,193,
64,96,24,92,4,71,1,1,1,1,1,1,188,163,
78,82,97,18,76,16,1,1,1,1,1,1,179,188,
43,50,72,90,51,57,1,1,1,1,1,1,162,201,
71,49,17,36,22,56,1,1,1,1,1,1,127,124,
81,21,85,58,83,67,1,1,1,1,1,1,168,227,
28,71,69,93,74,58,1,1,1,1,1,1,167,226,
61,84,97,2,48,28,1,1,1,1,1,1,181,139,
48,14,27,29,99,73,1,1,1,1,1,1,172,118,
48,89,92,49,21,32,1,1,1,1,1,1,181,150,
94,31,95,57,58,68,1,1,1,1,1,1,189,214,
69,26,92,18,52,44,1,1,1,1,1,1,161,140,
16,22,96,19,35,58,1,1,1,1,1,1,154,92,1
69,39,71,26,18,79,1,1,1,1,1,1,150,152,
13,44,91,74,2,92,1,1,1,1,1,1,183,133,
15,41,65,78,28,57,1,1,1,1,1,1,143,141,
95,57,33,1,22,78,1,1,1,1,1,1,173,113,1
87,25,16,100,24,17,1,1,1,1,1,1,187,82,1
68,33,79,74,13,71,1,1,1,1,1,1,153,185,
12,95,42,36,68,13,1,1,1,1,1,1,163,103,1
78,37,72,90,8,92,1,1,1,1,1,1,182,195,
7,30,95,82,3,93,1,1,1,1,1,1,188,122,1
29,5,77,10,22,60,1,1,1,1,1,1,137,66,1
74,20,96,69,8,49,1,1,1,1,1,1,170,146,
29,8,21,80,24,16,1,1,1,1,1,1,109,69,1
64,60,34,46,73,10,1,1,1,1,1,1,137,150,
32,77,52,69,80,97,1,1,1,1,1,1,177,230,
87,5,16,28,3,92,1,1,1,1,1,1,179,52,1
68,65,91,37,99,48,1,1,1,1,1,1,190,218,
94,28,85,8,39,56,1,1,1,1,1,1,179,131,
32,70,79,43,11,24,1,1,1,1,1,1,149,110,
89,49,59,2,73,41,1,1,1,1,1,1,162,151,
15,31,62,6,23,67,1,1,1,1,1,1,129,75,1
50,27,91,72,71,39,1,1,1,1,1,1,163,187,
13,51,50,59,57,24,1,1,1,1,1,1,116,138,
40,30,69,22,52,60,1,1,1,1,1,1,129,144,
17,56,63,52,92,59,1,1,1,1,1,1,155,184,
51,32,8,59,76,3,1,1,1,1,1,1,135,94,
44,92,11,72,59,96,1,1,1,1,1,1,188,186,
54,94,51,44,24,31,1,1,1,1,1,1,148,150,
2,15,85,95,20,70,1,1,1,1,1,1,180,107,1
75,53,49,46,38,25,1,1,1,1,1,1,128,158,
6,14,11,94,95,8,1,1,1,1,1,1,189,39,1
19,72,2,62,20,76,1,1,1,1,1,1,148,103,
64,53,44,24,23,13,1,1,1,1,1,1,117,104,
69,89,40,74,90,54,1,1,1,1,1,1,179,237,
43,81,1,39,95,29,1,1,1,1,1,1,176,112,1
94,12,88,8,1,96,1,1,1,1,1,1,190,109,1
93,76,79,85,14,13,1,1,1,1,1,1,178,182,
12,72,38,7,16,43,1,1,1,1,1,1,115,73,1
36,65,55,34,49,9,1,1,1,1,1,1,120,128,
94,14,36,85,10,71,1,1,1,1,1,1,179,131,
47,34,66,100,17,98,1,1,1,1,1,1,198,164,
64,94,28,90,3,21,1,1,1,1,1,1,184,116,1
56,36,23,63,75,31,1,1,1,1,1,1,138,146,
28,99,77,81,34,18,1,1,1,1,1,1,180,157,
71,86,62,1,17,66,1,1,1,1,1,1,157,146,
61,34,6,78,26,93,1,1,1,1,1,1,171,127,
7,67,72,70,23,90,1,1,1,1,1,1,162,167,
64,77,6,63,68,47,1,1,1,1,1,1,145,180,
91,86,65,84,58,36,1,1,1,1,1,1,177,243,
67,81,54,43,50,4,1,1,1,1,1,1,148,151,
97,23,32,18,50,93,1,1,1,1,1,1,190,123,1
19,76,34,97,17,9,1,1,1,1,1,1,173,79,1
46,96,16,21,63,79,1,1,1,1,1,1,175,146,
4,60,34,36,77,5,1,1,1,1,1,1,137,79,1
53,39,34,52,13,6,1,1,1,1,1,1,105,92,
37,1,40,13,7,47,1,1,1,1,1,1,87,58,1
32,30,100,69,54,94,1,1,1,1,1,1,194,185,
23,5,44,38,50,35,1,1,1,1,1,1,94,101,
30,93,75,7,1,74,1,1,1,1,1,1,168,112,1
11,58,1,35,38,87,1,1,1,1,1,1,145,85,1
68,70,78,73,61,63,1,1,1,1,1,1,151,262,
46,80,100,92,93,16,1,1,1,1,1,1,193,234,
29,45,25,87,79,27,1,1,1,1,1,1,166,126,
70,61,92,73,31,29,1,1,1,1,1,1,165,191,
83,78,99,32,82,91,1,1,1,1,1,1,190,275,
23,41,46,52,73,16,1,1,1,1,1,1,125,126,
93,69,62,40,74,7,1,1,1,1,1,1,167,178,
70,13,73,82,57,90,1,1,1,1,1,1,172,213,
40,82,9,41,62,80,1,1,1,1,1,1,162,152,
63,23,41,22,62,29,1,1,1,1,1,1,125,115,
43,19,74,22,73,66,1,1,1,1,1,1,147,150,
20,58,85,86,100,45,1,1,1,1,1,1,186,208,
70,96,94,81,31,20,1,1,1,1,1,1,190,202,
50,35,47,60,37,98,1,1,1,1,1,1,158,169,
20,54,5,16,46,58,1,1,1,1,1,1,112,87,
34,2,39,60,94,9,1,1,1,1,1,1,154,84,1
32,69,99,84,91,62,1,1,1,1,1,1,190,247,
50,58,25,26,100,74,1,1,1,1,1,1,174,159,
31,11,37,36,22,40,1,1,1,1,1,1,77,100,
10,6,72,38,21,98,1,1,1,1,1,1,170,75,1
41,46,14,29,57,34,1,1,1,1,1,1,103,118,
44,17,38,8,53,29,1,1,1,1,1,1,97,92,
57,78,36,83,81,31,1,1,1,1,1,1,164,202,
68,36,42,61,14,18,1,1,1,1,1,1,129,110,
93,26,84,36,27,62,1,1,1,1,1,1,177,151,
94,77,60,21,84,61,1,1,1,1,1,1,178,219,
94,48,88,80,67,61,1,1,1,1,1,1,182,256,
20,5,17,76,65,54,1,1,1,1,1,1,141,96,
74,100,20,26,89,92,1,1,1,1,1,1,192,209,
68,30,97,12,57,36,1,1,1,1,1,1,165,135,
62,77,89,52,54,10,1,1,1,1,1,1,166,178,
86,29,85,55,48,5,1,1,1,1,1,1,171,137,
54,28,81,47,65,6,1,1,1,1,1,1,146,135,
67,10,4,6,84,54,1,1,1,1,1,1,151,74,1
98,13,60,61,23,99,1,1,1,1,1,1,197,157,
1,17,59,39,3,60,1,1,1,1,1,1,119,60,1
38,85,79,60,53,93,1,1,1,1,1,1,178,230,
77,47,90,79,100,64,1,1,1,1,1,1,190,267,
80,25,42,32,31,52,1,1,1,1,1,1,132,130,
55,46,84,81,41,67,1,1,1,1,1,1,165,209,
33,77,85,17,60,8,1,1,1,1,1,1,162,118,
52,35,77,8,97,19,1,1,1,1,1,1,174,114,1
98,89,11,29,85,41,1,1,1,1,1,1,187,166,
57,69,40,47,77,32,1,1,1,1,1,1,146,176,
79,87,91,13,88,40,1,1,1,1,1,1,179,219,
62,17,68,32,92,41,1,1,1,1,1,1,160,152,
100,29,46,64,74,38,1,1,1,1,1,1,174,177,
30,93,52,80,96,16,1,1,1,1,1,1,189,178,
76,100,33,90,26,15,1,1,1,1,1,1,190,150,
44,79,51,41,98,93,1,1,1,1,1,1,191,215,
74,17,18,25,34,3,1,1,1,1,1,1,108,63,1
27,75,88,61,94,96,1,1,1,1,1,1,190,251,
88,19,6,27,85,16,1,1,1,1,1,1,173,68,1
58,81,2,1,6,67,1,1,1,1,1,1,148,67,1
98,48,14,63,81,73,1,1,1,1,1,1,179,198,
35,76,93,1,37,24,1,1,1,1,1,1,169,97,1
88,42,75,83,85,48,1,1,1,1,1,1,173,248,
34,85,14,44,1,77,1,1,1,1,1,1,162,93,1
100,86,71,73,24,23,1,1,1,1,1,1,186,191,
51,39,93,77,17,54,1,1,1,1,1,1,170,161,
24,28,45,47,2,91,1,1,1,1,1,1,138,99,
89,51,33,98,73,84,1,1,1,1,1,1,187,241,
68,35,13,47,7,63,1,1,1,1,1,1,131,102,
12,5,99,82,89,28,1,1,1,1,1,1,188,127,
4,55,1,43,49,45,1,1,1,1,1,1,104,93,
18,69,45,98,38,99,1,1,1,1,1,1,197,170,
2,100,78,13,43,80,1,1,1,1,1,1,180,136,
56,97,26,30,49,66,1,1,1,1,1,1,163,161,
93,57,21,55,82,77,1,1,1,1,1,1,175,210,
13,4,63,78,49,10,1,1,1,1,1,1,141,76,1
100,53,90,18,20,38,1,1,1,1,1,1,190,129,
46,8,31,3,89,90,1,1,1,1,1,1,179,88,1
70,8,18,3,92,50,1,1,1,1,1,1,162,79,1
67,13,91,18,34,35,1,1,1,1,1,1,158,100,1
75,21,67,31,62,74,1,1,1,1,1,1,149,181,
11,35,57,59,76,19,1,1,1,1,1,1,135,122,
52,73,100,51,18,95,1,1,1,1,1,1,195,194,
100,74,17,91,96,64,1,1,1,1,1,1,196,246,
73,26,87,86,65,92,1,1,1,1,1,1,179,250,
31,26,63,72,30,73,1,1,1,1,1,1,145,150,
64,5,99,3,51,97,1,1,1,1,1,1,196,123,1
52,98,5,32,97,21,1,1,1,1,1,1,195,110,1
81,50,22,8,38,21,1,1,1,1,1,1,131,89,
40,43,18,55,88,75,1,1,1,1,1,1,163,156,
69,32,26,50,71,42,1,1,1,1,1,1,140,150,
88,55,69,81,84,29,1,1,1,1,1,1,172,234,
94,15,19,43,17,34,1,1,1,1,1,1,137,85,1
49,41,5,56,61,10,1,1,1,1,1,1,117,105,
50,95,66,36,85,53,1,1,1,1,1,1,180,205,
96,37,9,7,94,15,1,1,1,1,1,1,190,68,1
36,75,79,34,69,3,1,1,1,1,1,1,154,142,
74,55,35,28,81,30,1,1,1,1,1,1,155,148,
84,86,92,3,17,96,1,1,1,1,1,1,188,190,
36,57,3,59,7,13,1,1,1,1,1,1,116,59,1
43,16,33,30,11,2,1,1,1,1,1,1,76,59,
5,62,29,68,7,18,1,1,1,1,1,1,130,59,1
70,54,59,93,36,48,1,1,1,1,1,1,163,197,
94,45,1,6,31,76,1,1,1,1,1,1,170,83,1
11,20,56,91,79,77,1,1,1,1,1,1,170,164,
39,63,34,41,8,38,1,1,1,1,1,1,104,119,
28,10,93,82,46,63,1,1,1,1,1,1,175,147,
44,11,12,83,13,38,1,1,1,1,1,1,127,74,1
74,47,59,2,89,28,1,1,1,1,1,1,163,136,
94,27,97,56,62,96,1,1,1,1,1,1,193,239,
26,63,43,89,25,73,1,1,1,1,1,1,162,157,
93,91,33,39,95,10,1,1,1,1,1,1,188,173,
13,66,60,50,2,61,1,1,1,1,1,1,127,125,
21,85,58,23,71,10,1,1,1,1,1,1,156,112,
91,74,53,33,46,37,1,1,1,1,1,1,165,169,
25,96,80,32,54,52,1,1,1,1,1,1,176,163,
27,71,63,17,9,3,1,1,1,1,1,1,134,56,1
61,29,17,43,68,6,1,1,1,1,1,1,129,95,
85,1,77,15,67,37,1,1,1,1,1,1,162,120,
40,88,18,11,1,74,1,1,1,1,1,1,162,70,1
98,78,85,7,95,89,1,1,1,1,1,1,193,259,
1,73,96,94,65,11,1,1,1,1,1,1,190,150,
97,94,65,46,21,40,1,1,1,1,1,1,191,172,
79,28,43,93,26,9,1,1,1,1,1,1,172,106,1
1,98,86,16,15,91,1,1,1,1,1,1,189,118,1
99,22,24,45,16,100,1,1,1,1,1,1,199,107,1
13,99,21,7,44,87,1,1,1,1,1,1,186,85,1
42,6,8,7,52,18,1,1,1,1,1,1,94,39,1
62,50,99,30,11,75,1,1,1,1,1,1,174,153,
60,11,87,59,56,19,1,1,1,1,1,1,147,145,
69,27,11,50,65,62,1,1,1,1,1,1,134,150,
58,39,47,63,83,74,1,1,1,1,1,1,157,207,
91,95,39,100,71,29,1,1,1,1,1,1,195,230,
28,96,78,25,63,8,1,1,1,1,1,1,174,124,
16,9,33,56,92,93,1,1,1,1,1,1,185,114,1
3,56,4,76,67,80,1,1,1,1,1,1,156,130,
33,99,80,58,45,49,1,1,1,1,1,1,179,185,
31,45,53,8,38,25,1,1,1,1,1,1,98,102,
74,64,63,22,13,4,1,1,1,1,1,1,138,102,
4,78,24,5,61,81,1,1,1,1,1,1,159,94,1
47,13,82,29,10,43,1,1,1,1,1,1,129,95,
20,45,88,17,25,15,1,1,1,1,1,1,133,77,1
19,45,47,9,15,81,1,1,1,1,1,1,128,88,
79,74,63,33,46,32,1,1,1,1,1,1,153,174,
96,27,81,88,66,45,1,1,1,1,1,1,184,219,
60,68,43,75,23,2,1,1,1,1,1,1,143,128,
17,50,80,31,64,83,1,1,1,1,1,1,163,162,
71,17,21,90,58,92,1,1,1,1,1,1,182,167,
52,24,89,55,26,79,1,1,1,1,1,1,168,157,
44,27,77,42,68,54,1,1,1,1,1,1,145,167,
58,61,85,3,25,99,1,1,1,1,1,1,184,147,
73,20,71,13,39,66,1,1,1,1,1,1,144,138,
90,85,7,63,19,51,1,1,1,1,1,1,175,140,
13,44,57,58,49,78,1,1,1,1,1,1,136,163,
55,3,7,33,50,5,1,1,1,1,1,1,105,48,1
67,9,89,48,78,5,1,1,1,1,1,1,167,129,
51,96,6,53,16,28,1,1,1,1,1,1,149,101,
100,23,6,70,52,98,1,1,1,1,1,1,198,151,
14,64,96,75,57,47,1,1,1,1,1,1,171,182,
77,73,95,6,2,100,1,1,1,1,1,1,195,158,
55,76,32,3,83,86,1,1,1,1,1,1,169,166,
59,33,28,79,7,71,1,1,1,1,1,1,150,127,
68,71,69,13,19,80,1,1,1,1,1,1,151,169,
49,39,40,56,50,88,1,1,1,1,1,1,144,178,
30,32,97,27,87,33,1,1,1,1,1,1,184,122,1
94,96,21,92,87,62,1,1,1,1,1,1,190,262,
15,19,45,7,5,93,1,1,1,1,1,1,138,46,1
85,64,58,79,76,23,1,1,1,1,1,1,164,221,
69,85,63,44,74,51,1,1,1,1,1,1,159,227,
24,4,70,16,15,34,1,1,1,1,1,1,104,59,1
77,50,98,88,46,21,1,1,1,1,1,1,186,194,
32,68,82,77,69,84,1,1,1,1,1,1,166,246,
61,88,84,35,42,75,1,1,1,1,1,1,172,213,
34,20,17,65,39,99,1,1,1,1,1,1,164,110,
68,29,3,27,24,60,1,1,1,1,1,1,128,83,1
69,44,50,25,45,94,1,1,1,1,1,1,163,164,
88,32,22,46,74,100,1,1,1,1,1,1,188,174,
93,85,20,82,31,4,1,1,1,1,1,1,178,137,
92,76,22,35,56,87,1,1,1,1,1,1,179,189,
32,58,53,57,18,10,1,1,1,1,1,1,115,113,
17,35,52,60,86,63,1,1,1,1,1,1,149,164,
73,9,87,29,61,42,1,1,1,1,1,1,160,141,
31,70,60,81,61,65,1,1,1,1,1,1,151,217,
81,75,82,11,51,6,1,1,1,1,1,1,163,143,
20,83,69,6,31,34,1,1,1,1,1,1,152,91,1
98,1,27,46,91,48,1,1,1,1,1,1,189,122,1
49,73,67,71,28,81,1,1,1,1,1,1,154,215,
66,47,68,39,61,95,1,1,1,1,1,1,163,213,
99,12,30,72,40,34,1,1,1,1,1,1,171,116,
62,52,17,34,38,11,1,1,1,1,1,1,114,100,
90,27,91,50,74,44,1,1,1,1,1,1,181,195,
75,7,97,4,53,95,1,1,1,1,1,1,192,139,
53,10,22,97,50,4,1,1,1,1,1,1,150,86,1
79,16,30,65,15,48,1,1,1,1,1,1,144,109,
36,77,42,21,11,92,1,1,1,1,1,1,169,110,1
64,3,31,78,90,43,1,1,1,1,1,1,168,141,
59,94,29,17,41,16,1,1,1,1,1,1,153,103,
89,87,59,73,64,1,1,1,1,1,1,1,176,197,
26,85,82,38,21,19,1,1,1,1,1,1,167,104,1
95,19,42,9,27,97,1,1,1,1,1,1,192,97,1
95,26,71,60,88,36,1,1,1,1,1,1,183,193,
66,27,7,15,20,75,1,1,1,1,1,1,141,69,1
42,62,24,45,81,94,1,1,1,1,1,1,175,173,
33,93,53,44,5,94,1,1,1,1,1,1,187,135,
69,54,88,16,56,11,1,1,1,1,1,1,157,137,
55,80,38,60,58,37,1,1,1,1,1,1,140,188,
82,88,53,95,37,14,1,1,1,1,1,1,183,186,
87,23,58,47,14,4,1,1,1,1,1,1,145,88,1
51,10,94,25,23,48,1,1,1,1,1,1,145,106,
45,67,54,6,25,75,1,1,1,1,1,1,142,130,
9,25,75,69,48,42,1,1,1,1,1,1,144,124,
18,80,82,59,4,24,1,1,1,1,1,1,162,105,1
6,32,100,66,78,34,1,1,1,1,1,1,178,138,
12,80,81,79,63,21,1,1,1,1,1,1,161,175,
38,6,16,36,80,22,1,1,1,1,1,1,118,80,
8,31,58,90,69,45,1,1,1,1,1,1,159,142,
18,33,63,52,87,85,1,1,1,1,1,1,172,166,
26,88,31,46,13,44,1,1,1,1,1,1,134,114,
70,79,6,22,28,3,1,1,1,1,1,1,149,59,1
86,58,80,68,96,67,1,1,1,1,1,1,182,273,
50,86,92,15,91,23,1,1,1,1,1,1,183,174,
12,83,93,34,73,49,1,1,1,1,1,1,176,168,
74,5,17,56,40,43,1,1,1,1,1,1,130,105,
54,2,28,6,45,26,1,1,1,1,1,1,99,62,1
77,29,9,62,53,30,1,1,1,1,1,1,139,121,
26,55,2,14,23,40,1,1,1,1,1,1,95,65,
8,15,13,41,59,70,1,1,1,1,1,1,129,77,1
96,79,78,95,63,81,1,1,1,1,1,1,191,301,
74,80,13,85,24,63,1,1,1,1,1,1,165,174,
1,89,36,94,3,93,1,1,1,1,1,1,187,129,
91,59,16,32,1,30,1,1,1,1,1,1,150,79,1
33,79,97,1,100,39,1,1,1,1,1,1,197,152,
1,47,75,12,65,72,1,1,1,1,1,1,147,125,
100,42,37,46,59,64,1,1,1,1,1,1,164,184,
66,25,20,92,63,8,1,1,1,1,1,1,158,116,
91,100,19,70,74,78,1,1,1,1,1,1,191,241,
67,29,54,77,81,11,1,1,1,1,1,1,158,161,
90,68,89,51,100,80,1,1,1,1,1,1,190,288,
5,100,47,1,15,81,1,1,1,1,1,1,181,68,1
86,91,32,37,20,5,1,1,1,1,1,1,177,94,1
48,62,33,95,77,29,1,1,1,1,1,1,172,172,
50,65,11,45,49,1,1,1,1,1,1,1,115,106,
72,43,66,71,100,65,1,1,1,1,1,1,172,245,
39,31,52,83,12,26,1,1,1,1,1,1,135,108,
77,6,60,72,54,74,1,1,1,1,1,1,151,192,
52,94,87,1,38,55,1,1,1,1,1,1,181,146,
93,79,45,43,88,44,1,1,1,1,1,1,181,211,
58,73,17,3,18,64,1,1,1,1,1,1,137,96,
1,48,20,22,85,40,1,1,1,1,1,1,133,83,1
91,43,12,87,63,56,1,1,1,1,1,1,178,174,
69,71,97,50,33,47,1,1,1,1,1,1,168,199,
26,95,69,3,32,92,1,1,1,1,1,1,187,130,
86,82,78,20,11,62,1,1,1,1,1,1,168,171,
64,81,62,26,52,77,1,1,1,1,1,1,158,204,
16,49,65,20,94,55,1,1,1,1,1,1,159,140,
41,56,26,80,50,29,1,1,1,1,1,1,136,146,
47,79,18,20,8,82,1,1,1,1,1,1,161,93,1
95,18,56,58,54,25,1,1,1,1,1,1,153,153,
22,6,97,56,10,24,1,1,1,1,1,1,153,62,1
34,51,33,48,79,5,1,1,1,1,1,1,130,120,
71,68,78,74,19,62,1,1,1,1,1,1,152,220,
45,41,67,100,44,92,1,1,1,1,1,1,192,197,
97,9,73,39,89,80,1,1,1,1,1,1,186,201,
86,1,70,68,41,74,1,1,1,1,1,1,160,180,
53,52,60,16,44,49,1,1,1,1,1,1,113,161,
32,89,80,14,13,67,1,1,1,1,1,1,169,126,
37,33,57,44,7,17,1,1,1,1,1,1,101,94,
60,49,41,76,51,28,1,1,1,1,1,1,136,169,
64,22,28,59,23,94,1,1,1,1,1,1,158,132,
71,37,24,57,55,44,1,1,1,1,1,1,128,160,
73,76,32,13,17,16,1,1,1,1,1,1,149,78,1
26,62,54,77,76,98,1,1,1,1,1,1,175,218,
50,78,75,14,69,81,1,1,1,1,1,1,159,208,
72,47,53,11,89,60,1,1,1,1,1,1,161,171,
75,43,65,81,33,52,1,1,1,1,1,1,156,193,
44,62,15,72,3,20,1,1,1,1,1,1,134,82,1
81,89,18,39,53,83,1,1,1,1,1,1,172,191,
40,18,28,21,91,95,1,1,1,1,1,1,186,107,1
84,20,24,52,35,97,1,1,1,1,1,1,181,131,
94,28,91,89,19,15,1,1,1,1,1,1,185,151,
62,6,78,88,82,15,1,1,1,1,1,1,170,161,
36,90,58,73,26,59,1,1,1,1,1,1,163,179,
70,12,47,26,63,19,1,1,1,1,1,1,133,104,
46,55,47,96,79,20,1,1,1,1,1,1,175,168,
79,95,32,7,80,76,1,1,1,1,1,1,175,194,
9,23,73,61,29,64,1,1,1,1,1,1,137,122,
55,72,80,68,23,12,1,1,1,1,1,1,152,158,
63,8,50,38,82,36,1,1,1,1,1,1,145,132,
29,65,30,33,67,56,1,1,1,1,1,1,132,148,
39,23,7,25,45,85,1,1,1,1,1,1,130,94,
67,1,46,20,33,4,1,1,1,1,1,1,113,58,1
53,25,50,75,89,90,1,1,1,1,1,1,179,203,
40,95,13,25,19,32,1,1,1,1,1,1,135,89,1
45,23,58,57,50,49,1,1,1,1,1,1,115,167,
67,19,8,69,80,10,1,1,1,1,1,1,149,104,
14,19,65,95,90,73,1,1,1,1,1,1,185,171,
69,91,78,38,66,92,1,1,1,1,1,1,183,251,
8,77,37,59,65,84,1,1,1,1,1,1,161,169,
73,99,3,93,52,81,1,1,1,1,1,1,192,209,
97,92,56,86,72,79,1,1,1,1,1,1,189,293,
96,12,35,3,34,47,1,1,1,1,1,1,143,84,1
51,87,49,56,13,33,1,1,1,1,1,1,143,146,
23,2,34,62,36,72,1,1,1,1,1,1,134,95,
59,11,36,48,49,89,1,1,1,1,1,1,148,144,
81,35,36,3,50,99,1,1,1,1,1,1,180,124,
78,71,98,18,35,9,1,1,1,1,1,1,176,133,
19,11,41,80,79,60,1,1,1,1,1,1,159,131,
12,10,97,56,35,26,1,1,1,1,1,1,153,83,1
2,87,72,69,21,66,1,1,1,1,1,1,159,158,
54,21,47,31,93,55,1,1,1,1,1,1,148,153,
41,19,45,8,46,94,1,1,1,1,1,1,140,113,
83,45,24,7,62,59,1,1,1,1,1,1,145,135,
29,100,51,66,76,17,1,1,1,1,1,1,176,163,
10,54,15,51,61,58,1,1,1,1,1,1,119,130,
66,95,50,73,93,39,1,1,1,1,1,1,188,228,
5,60,9,26,50,91,1,1,1,1,1,1,151,90,1
56,98,91,86,58,89,1,1,1,1,1,1,189,289,
31,74,30,100,19,47,1,1,1,1,1,1,174,127,
81,36,45,82,57,96,1,1,1,1,1,1,178,219,
45,44,94,23,28,51,1,1,1,1,1,1,145,140,
7,71,14,36,20,82,1,1,1,1,1,1,153,77,1
84,79,91,60,63,86,1,1,1,1,1,1,177,286,
88,35,48,73,79,96,1,1,1,1,1,1,184,235,
93,29,60,91,19,76,1,1,1,1,1,1,184,184,
54,6,49,12,40,35,1,1,1,1,1,1,103,93,
3,66,9,79,81,58,1,1,1,1,1,1,160,136,
96,44,76,60,78,7,1,1,1,1,1,1,174,187,
100,46,12,38,1,49,1,1,1,1,1,1,149,97,1
83,72,96,10,2,30,1,1,1,1,1,1,179,114,1
51,31,90,79,49,78,1,1,1,1,1,1,169,209,
37,66,21,27,49,6,1,1,1,1,1,1,115,91,
5,36,11,82,92,37,1,1,1,1,1,1,174,89,1
9,45,23,27,81,4,1,1,1,1,1,1,126,63,1
72,57,38,7,60,47,1,1,1,1,1,1,132,149,
44,42,65,80,6,18,1,1,1,1,1,1,145,110,
30,32,100,24,52,26,1,1,1,1,1,1,152,112,
77,83,89,91,99,90,1,1,1,1,1,1,190,339,
74,51,71,65,56,64,1,1,1,1,1,1,145,236,
72,46,10,56,68,51,1,1,1,1,1,1,140,163,
57,90,74,69,51,36,1,1,1,1,1,1,164,213,
98,88,84,85,4,75,1,1,1,1,1,1,186,248,
9,8,27,100,16,96,1,1,1,1,1,1,196,60,1
2,19,67,71,30,27,1,1,1,1,1,1,138,78,1
43,24,21,47,86,58,1,1,1,1,1,1,144,135,
53,99,23,40,14,93,1,1,1,1,1,1,192,130,
53,37,97,50,83,48,1,1,1,1,1,1,180,188,
36,67,28,24,61,30,1,1,1,1,1,1,128,118,
23,75,26,87,8,49,1,1,1,1,1,1,162,106,1
3,10,25,84,6,82,1,1,1,1,1,1,166,44,1
26,51,45,30,92,72,1,1,1,1,1,1,164,152,
40,11,65,29,1,84,1,1,1,1,1,1,149,81,1
87,7,46,55,5,18,1,1,1,1,1,1,142,76,1
26,49,3,2,64,89,1,1,1,1,1,1,153,80,1
16,54,81,9,12,49,1,1,1,1,1,1,135,86,1
52,37,99,80,66,31,1,1,1,1,1,1,179,186,
18,78,24,5,92,74,1,1,1,1,1,1,170,121,
85,73,93,57,1,46,1,1,1,1,1,1,178,177,
35,38,55,100,65,33,1,1,1,1,1,1,165,161,
55,96,95,33,8,25,1,1,1,1,1,1,191,121,1
9,21,69,51,19,5,1,1,1,1,1,1,120,54,1
91,24,96,90,25,31,1,1,1,1,1,1,187,170,
9,35,98,55,92,96,1,1,1,1,1,1,194,191,
90,38,79,56,72,98,1,1,1,1,1,1,188,245,
85,36,23,1,39,18,1,1,1,1,1,1,124,78,1
60,61,97,66,77,33,1,1,1,1,1,1,174,220,
92,86,85,67,45,80,1,1,1,1,1,1,178,277,
34,28,4,85,83,52,1,1,1,1,1,1,168,118,
24,60,73,39,57,38,1,1,1,1,1,1,133,158,
59,48,84,66,77,41,1,1,1,1,1,1,161,214,
48,70,57,93,34,58,1,1,1,1,1,1,163,197,
81,97,2,25,12,93,1,1,1,1,1,1,190,120,1
99,71,16,29,51,72,1,1,1,1,1,1,171,167,
22,18,76,33,45,13,1,1,1,1,1,1,121,86,
2,44,59,18,14,60,1,1,1,1,1,1,119,78,1
18,56,10,3,64,58,1,1,1,1,1,1,122,87,
88,58,85,28,53,41,1,1,1,1,1,1,173,180,
79,56,32,44,51,67,1,1,1,1,1,1,146,183,
95,7,21,26,67,30,1,1,1,1,1,1,162,84,1
1,34,5,58,2,77,1,1,1,1,1,1,135,42,1
36,57,76,32,67,82,1,1,1,1,1,1,158,192,
72,69,22,37,10,46,1,1,1,1,1,1,141,115,
96,5,91,70,10,6,1,1,1,1,1,1,187,91,1
53,91,22,33,12,47,1,1,1,1,1,1,144,114,
18,79,84,30,77,41,1,1,1,1,1,1,163,166,
17,4,20,63,76,68,1,1,1,1,1,1,144,104,
2,100,39,53,61,32,1,1,1,1,1,1,161,126,
46,19,84,58,8,38,1,1,1,1,1,1,142,111,
4,62,6,93,85,9,1,1,1,1,1,1,178,81,1
8,28,98,50,73,13,1,1,1,1,1,1,171,99,1
50,100,26,77,20,47,1,1,1,1,1,1,177,143,
69,16,76,44,96,33,1,1,1,1,1,1,172,162,
75,22,84,45,64,85,1,1,1,1,1,1,169,206,
73,10,23,87,18,5,1,1,1,1,1,1,160,56,1
38,62,83,64,27,48,1,1,1,1,1,1,147,175,
36,19,5,77,90,56,1,1,1,1,1,1,167,116,
17,6,67,57,48,44,1,1,1,1,1,1,124,115,
77,100,54,96,78,33,1,1,1,1,1,1,196,242,
21,58,96,19,64,85,1,1,1,1,1,1,181,162,
13,57,94,25,3,7,1,1,1,1,1,1,151,48,1
71,39,51,3,68,55,1,1,1,1,1,1,139,148,
40,27,68,17,19,24,1,1,1,1,1,1,108,87,
6,9,87,95,19,44,1,1,1,1,1,1,182,78,1
34,83,40,31,96,67,1,1,1,1,1,1,179,172,
21,63,30,56,10,40,1,1,1,1,1,1,119,101,
18,96,59,33,19,58,1,1,1,1,1,1,155,128,
61,21,37,67,35,3,1,1,1,1,1,1,128,96,
15,48,78,69,7,19,1,1,1,1,1,1,147,89,1
93,41,19,28,40,12,1,1,1,1,1,1,134,99,
5,67,90,39,61,34,1,1,1,1,1,1,157,139,
63,50,49,75,44,82,1,1,1,1,1,1,157,206,
6,57,22,87,79,3,1,1,1,1,1,1,166,88,1
71,86,48,26,68,28,1,1,1,1,1,1,157,170,
61,100,77,17,20,86,1,1,1,1,1,1,186,175,
41,20,45,42,88,100,1,1,1,1,1,1,188,148,
2,14,5,44,42,73,1,1,1,1,1,1,117,63,1
99,55,49,60,31,26,1,1,1,1,1,1,159,161,
60,12,35,13,23,46,1,1,1,1,1,1,106,83,
85,24,86,39,79,78,1,1,1,1,1,1,171,220,
6,11,32,44,17,1,1,1,1,1,1,1,76,35,1
44,93,41,65,56,14,1,1,1,1,1,1,158,155,
49,50,46,35,27,11,1,1,1,1,1,1,99,119,
47,20,56,34,96,37,1,1,1,1,1,1,152,138,
3,28,50,7,62,61,1,1,1,1,1,1,123,88,
66,18,40,89,12,83,1,1,1,1,1,1,172,136,
59,70,93,85,81,28,1,1,1,1,1,1,178,238,
14,87,23,86,97,80,1,1,1,1,1,1,184,203,
5,100,78,82,86,74,1,1,1,1,1,1,186,239,
85,76,88,9,20,57,1,1,1,1,1,1,173,162,
81,39,72,64,55,4,1,1,1,1,1,1,153,162,
23,64,19,82,2,27,1,1,1,1,1,1,146,71,1
23,36,27,25,2,84,1,1,1,1,1,1,120,77,1
78,16,2,90,54,93,1,1,1,1,1,1,183,150,
87,70,5,91,13,72,1,1,1,1,1,1,178,160,
55,68,34,85,90,27,1,1,1,1,1,1,175,184,
17,50,99,82,96,20,1,1,1,1,1,1,195,169,
23,44,29,18,85,50,1,1,1,1,1,1,135,114,
45,12,2,18,81,32,1,1,1,1,1,1,126,64,1
99,95,43,74,34,92,1,1,1,1,1,1,194,243,
44,92,34,27,89,21,1,1,1,1,1,1,181,126,
77,76,98,33,56,65,1,1,1,1,1,1,175,230,
12,47,94,52,75,56,1,1,1,1,1,1,169,167,
96,92,2,25,63,43,1,1,1,1,1,1,188,133,
89,61,2,76,67,9,1,1,1,1,1,1,165,139,
86,94,32,23,4,85,1,1,1,1,1,1,180,144,
13,91,22,99,71,27,1,1,1,1,1,1,190,133,
3,44,71,99,7,21,1,1,1,1,1,1,170,75,1
30,38,92,91,37,73,1,1,1,1,1,1,183,178,
63,95,5,28,4,72,1,1,1,1,1,1,167,100,1
41,99,96,28,17,80,1,1,1,1,1,1,195,166,
29,21,53,23,87,90,1,1,1,1,1,1,177,126,
56,74,96,20,12,97,1,1,1,1,1,1,193,162,
82,11,100,47,56,61,1,1,1,1,1,1,182,175,
15,90,22,71,73,83,1,1,1,1,1,1,173,181,
94,35,49,1,63,46,1,1,1,1,1,1,157,131,
61,53,54,78,26,29,1,1,1,1,1,1,139,162,
80,67,46,25,100,81,1,1,1,1,1,1,181,218,
44,68,49,40,58,20,1,1,1,1,1,1,126,153,
23,95,100,13,6,44,1,1,1,1,1,1,195,86,1
63,89,26,94,86,19,1,1,1,1,1,1,183,194,
80,40,35,71,74,37,1,1,1,1,1,1,154,183,
24,57,22,14,91,90,1,1,1,1,1,1,181,117,1
92,54,16,43,33,85,1,1,1,1,1,1,177,146,
40,83,93,50,44,16,1,1,1,1,1,1,176,150,
70,87,55,61,2,98,1,1,1,1,1,1,185,188,
59,21,95,45,38,5,1,1,1,1,1,1,154,109,
92,95,49,3,48,58,1,1,1,1,1,1,187,158,
30,100,9,76,87,77,1,1,1,1,1,1,187,192,
86,45,66,12,80,34,1,1,1,1,1,1,166,157,
24,90,86,14,5,37,1,1,1,1,1,1,176,80,1
15,28,41,100,63,27,1,1,1,1,1,1,163,111,
8,13,94,72,62,53,1,1,1,1,1,1,166,136,
19,80,48,79,96,9,1,1,1,1,1,1,176,155,
6,91,43,24,3,11,1,1,1,1,1,1,134,44,1
90,77,100,53,9,10,1,1,1,1,1,1,190,149,
20,85,17,8,19,80,1,1,1,1,1,1,165,64,1
8,68,89,5,41,36,1,1,1,1,1,1,157,90,1
47,5,80,54,41,6,1,1,1,1,1,1,134,99,
95,41,88,60,6,75,1,1,1,1,1,1,183,182,
82,43,26,93,3,5,1,1,1,1,1,1,175,77,1
52,49,31,75,13,86,1,1,1,1,1,1,161,145,
57,65,43,22,37,20,1,1,1,1,1,1,122,122,
2,85,55,25,61,26,1,1,1,1,1,1,146,108,
35,75,51,77,59,17,1,1,1,1,1,1,152,162,
85,87,17,12,10,54,1,1,1,1,1,1,172,93,1
80,74,64,5,44,51,1,1,1,1,1,1,154,164,
96,8,13,5,94,70,1,1,1,1,1,1,190,96,1
21,81,100,83,50,82,1,1,1,1,1,1,183,234,
2,15,20,88,63,67,1,1,1,1,1,1,155,100,1
56,38,87,55,88,4,1,1,1,1,1,1,175,153,
71,67,65,100,43,80,1,1,1,1,1,1,180,246,
15,72,52,84,81,41,1,1,1,1,1,1,165,180,
2,20,69,16,14,4,1,1,1,1,1,1,89,36,1
84,68,3,60,31,9,1,1,1,1,1,1,152,103,
14,35,1,76,67,84,1,1,1,1,1,1,160,117,
64,75,16,91,33,77,1,1,1,1,1,1,168,188,
23,60,88,84,21,38,1,1,1,1,1,1,172,142,
87,53,41,77,97,3,1,1,1,1,1,1,184,174,
37,4,64,66,1,79,1,1,1,1,1,1,145,106,
19,28,10,5,20,65,1,1,1,1,1,1,93,54,1
55,5,24,14,77,47,1,1,1,1,1,1,132,90,
81,97,93,41,16,20,1,1,1,1,1,1,190,158,
42,36,26,59,100,51,1,1,1,1,1,1,159,155,
60,100,11,27,92,61,1,1,1,1,1,1,192,159,
14,21,1,74,10,31,1,1,1,1,1,1,105,46,1
29,12,55,8,59,93,1,1,1,1,1,1,152,104,
56,75,47,4,61,81,1,1,1,1,1,1,156,168,
97,4,51,33,70,100,1,1,1,1,1,1,197,158,
81,65,12,31,37,94,1,1,1,1,1,1,175,145,
88,71,43,41,24,30,1,1,1,1,1,1,159,138,
11,58,10,24,70,44,1,1,1,1,1,1,128,89,
15,92,20,31,69,55,1,1,1,1,1,1,161,121,
62,89,71,11,24,52,1,1,1,1,1,1,160,149,
17,2,69,3,64,81,1,1,1,1,1,1,150,86,1
36,97,10,87,82,63,1,1,1,1,1,1,184,191,
97,3,1,16,62,51,1,1,1,1,1,1,159,71,1
87,80,47,70,9,91,1,1,1,1,1,1,178,206,
17,5,55,31,40,7,1,1,1,1,1,1,95,60,1
40,77,84,7,37,82,1,1,1,1,1,1,166,161,
77,35,89,15,90,3,1,1,1,1,1,1,179,130,
96,100,77,57,51,34,1,1,1,1,1,1,196,219,
46,61,66,22,67,55,1,1,1,1,1,1,133,184,
39,75,46,89,25,87,1,1,1,1,1,1,176,185,
23,87,9,3,60,68,1,1,1,1,1,1,155,95,1
29,16,58,92,10,96,1,1,1,1,1,1,188,113,1
46,76,60,24,11,50,1,1,1,1,1,1,136,131,
58,54,98,70,77,51,1,1,1,1,1,1,175,233,
75,22,80,37,98,50,1,1,1,1,1,1,178,184,
85,9,91,35,62,5,1,1,1,1,1,1,176,111,1
65,9,24,30,61,78,1,1,1,1,1,1,143,124,
32,22,9,84,75,15,1,1,1,1,1,1,159,78,1
45,84,47,36,9,46,1,1,1,1,1,1,131,136,
39,11,46,37,79,61,1,1,1,1,1,1,140,133,
82,5,35,90,80,79,1,1,1,1,1,1,172,199,
18,96,55,19,65,31,1,1,1,1,1,1,161,123,
76,83,65,63,84,40,1,1,1,1,1,1,167,244,
44,95,49,15,39,73,1,1,1,1,1,1,168,147,
68,23,61,88,48,41,1,1,1,1,1,1,156,173,
16,5,31,66,15,97,1,1,1,1,1,1,163,67,1
22,12,28,52,51,45,1,1,1,1,1,1,103,107,
61,45,77,47,49,27,1,1,1,1,1,1,138,168,
13,30,62,89,64,92,1,1,1,1,1,1,181,169,
79,53,47,2,99,62,1,1,1,1,1,1,178,164,
83,78,29,55,76,24,1,1,1,1,1,1,161,184,
87,56,15,90,80,42,1,1,1,1,1,1,177,193,
72,44,31,81,25,100,1,1,1,1,1,1,181,172,
75,5,57,2,95,51,1,1,1,1,1,1,170,115,
16,37,47,61,57,80,1,1,1,1,1,1,141,157,
59,29,23,28,97,27,1,1,1,1,1,1,156,107,
91,94,16,45,71,17,1,1,1,1,1,1,185,149,
3,45,98,92,38,48,1,1,1,1,1,1,190,134,
75,97,62,9,37,52,1,1,1,1,1,1,172,160,
39,54,56,74,34,30,1,1,1,1,1,1,130,157,
95,19,55,89,100,77,1,1,1,1,1,1,195,240,
9,15,45,11,40,8,1,1,1,1,1,1,85,43,1
84,74,81,88,87,9,1,1,1,1,1,1,175,248,
15,14,88,47,25,17,1,1,1,1,1,1,135,71,1
5,36,60,17,52,79,1,1,1,1,1,1,139,110,
82,55,92,46,88,6,1,1,1,1,1,1,180,189,
23,56,43,86,41,51,1,1,1,1,1,1,142,158,
34,98,6,58,63,49,1,1,1,1,1,1,161,147,
63,87,57,91,56,88,1,1,1,1,1,1,179,263,
89,16,52,41,63,54,1,1,1,1,1,1,152,163,
92,41,70,82,61,81,1,1,1,1,1,1,174,253,
25,49,22,15,1,31,1,1,1,1,1,1,80,63,
86,48,61,35,19,82,1,1,1,1,1,1,168,163,
87,10,47,29,57,69,1,1,1,1,1,1,156,143,
100,47,82,11,26,48,1,1,1,1,1,1,182,132,
77,28,50,96,20,100,1,1,1,1,1,1,196,175,
18,60,38,92,97,21,1,1,1,1,1,1,189,137,
7,4,6,55,29,14,1,1,1,1,1,1,84,31,1
5,31,76,98,50,4,1,1,1,1,1,1,174,90,1
6,18,27,84,49,90,1,1,1,1,1,1,174,100,1
92,83,62,100,97,29,1,1,1,1,1,1,197,266,
60,97,24,77,58,78,1,1,1,1,1,1,175,219,
46,97,86,60,79,48,1,1,1,1,1,1,183,233,
3,69,57,64,80,74,1,1,1,1,1,1,154,193,
79,71,49,75,44,83,1,1,1,1,1,1,162,239,
71,62,78,14,96,8,1,1,1,1,1,1,174,155,
43,25,17,84,38,66,1,1,1,1,1,1,150,123,
66,13,19,86,85,98,1,1,1,1,1,1,184,183,
30,20,4,7,2,5,1,1,1,1,1,1,50,18,1
74,36,98,5,22,9,1,1,1,1,1,1,172,72,1
90,43,93,83,81,23,1,1,1,1,1,1,183,230,
22,36,75,67,26,21,1,1,1,1,1,1,142,105,
96,65,93,39,30,26,1,1,1,1,1,1,189,160,
20,97,22,77,50,76,1,1,1,1,1,1,174,168,
49,31,67,41,12,25,1,1,1,1,1,1,116,109,
84,14,99,96,92,18,1,1,1,1,1,1,195,208,
68,80,35,26,11,32,1,1,1,1,1,1,148,104,
14,91,43,70,9,62,1,1,1,1,1,1,161,128,
23,86,80,49,22,29,1,1,1,1,1,1,166,123,
78,74,23,46,99,54,1,1,1,1,1,1,177,197,
64,86,30,6,31,26,1,1,1,1,1,1,150,93,1
72,84,15,56,76,20,1,1,1,1,1,1,160,163,
38,29,33,3,64,12,1,1,1,1,1,1,102,77,
17,69,87,5,32,66,1,1,1,1,1,1,156,120,
30,8,26,93,53,88,1,1,1,1,1,1,181,117,1
83,24,28,98,62,100,1,1,1,1,1,1,198,197,
34,31,32,10,61,18,1,1,1,1,1,1,95,91,
56,61,69,81,37,53,1,1,1,1,1,1,150,207,
66,91,86,51,18,75,1,1,1,1,1,1,177,210,
20,9,85,79,74,92,1,1,1,1,1,1,177,182,
1,47,38,78,67,6,1,1,1,1,1,1,145,92,1
37,19,96,24,5,33,1,1,1,1,1,1,133,81,1
45,18,99,89,16,23,1,1,1,1,1,1,188,102,1
24,62,13,89,97,55,1,1,1,1,1,1,186,154,
41,31,75,39,4,2,1,1,1,1,1,1,116,76,1
4,73,33,16,76,95,1,1,1,1,1,1,171,126,
91,30,31,57,78,59,1,1,1,1,1,1,169,177,
92,13,65,66,8,71,1,1,1,1,1,1,163,152,
21,99,66,42,39,89,1,1,1,1,1,1,188,168,
66,53,79,98,95,40,1,1,1,1,1,1,193,238,
30,8,74,45,64,67,1,1,1,1,1,1,141,147,
71,83,87,38,53,40,1,1,1,1,1,1,170,202,
70,78,80,32,99,43,1,1,1,1,1,1,179,223,
40,20,2,54,31,55,1,1,1,1,1,1,109,93,
63,50,98,52,62,20,1,1,1,1,1,1,161,184,
18,81,92,55,65,13,1,1,1,1,1,1,173,151,
20,4,35,56,28,54,1,1,1,1,1,1,110,87,
6,92,65,62,43,68,1,1,1,1,1,1,160,176,
8,43,39,56,11,90,1,1,1,1,1,1,146,101,
49,61,92,86,23,62,1,1,1,1,1,1,178,195,
88,39,85,91,13,68,1,1,1,1,1,1,179,205,
2,7,42,78,98,87,1,1,1,1,1,1,185,129,
90,85,29,96,73,28,1,1,1,1,1,1,186,215,
45,32,33,83,31,13,1,1,1,1,1,1,128,109,
56,59,79,78,36,55,1,1,1,1,1,1,157,206,
25,22,36,65,64,32,1,1,1,1,1,1,129,115,
69,43,63,88,30,31,1,1,1,1,1,1,157,167,
42,61,22,56,39,34,1,1,1,1,1,1,117,137,
35,75,77,16,66,44,1,1,1,1,1,1,152,161,
84,7,42,74,48,24,1,1,1,1,1,1,158,121,
28,15,52,87,22,2,1,1,1,1,1,1,139,67,1
67,68,61,49,100,44,1,1,1,1,1,1,168,221,
33,3,63,51,9,20,1,1,1,1,1,1,114,65,1
98,75,65,82,90,67,1,1,1,1,1,1,188,289,
60,49,56,48,69,71,1,1,1,1,1,1,140,213,
15,37,53,30,60,74,1,1,1,1,1,1,134,135,
52,50,16,23,87,99,1,1,1,1,1,1,186,141,
74,17,2,88,97,44,1,1,1,1,1,1,185,137,
70,97,64,19,60,1,1,1,1,1,1,1,167,144,
67,90,58,42,36,7,1,1,1,1,1,1,157,143,
28,44,11,49,70,1,1,1,1,1,1,1,119,84,
21,48,49,100,8,87,1,1,1,1,1,1,187,126,
55,17,25,53,50,81,1,1,1,1,1,1,136,145,
90,99,20,37,14,81,1,1,1,1,1,1,189,152,
95,46,82,60,19,3,1,1,1,1,1,1,177,128,
68,23,82,9,52,17,1,1,1,1,1,1,150,101,
69,67,65,89,80,50,1,1,1,1,1,1,169,251,
91,7,90,71,82,57,1,1,1,1,1,1,181,217,
64,61,26,85,93,21,1,1,1,1,1,1,178,172,
46,21,14,51,63,68,1,1,1,1,1,1,131,132,
59,56,10,94,72,68,1,1,1,1,1,1,166,193,
89,43,93,30,12,70,1,1,1,1,1,1,182,155,
11,69,78,38,27,98,1,1,1,1,1,1,176,145,
10,15,69,47,98,91,1,1,1,1,1,1,189,141,
55,24,27,1,52,76,1,1,1,1,1,1,131,104,
35,50,30,81,22,31,1,1,1,1,1,1,131,118,
19,45,29,12,17,95,1,1,1,1,1,1,140,77,1
20,3,42,96,55,84,1,1,1,1,1,1,180,120,1
32,96,80,24,94,54,1,1,1,1,1,1,190,190,
73,32,8,77,68,19,1,1,1,1,1,1,150,127,
41,34,24,78,10,31,1,1,1,1,1,1,119,99,
76,44,1,65,85,46,1,1,1,1,1,1,161,156,
44,47,7,98,97,13,1,1,1,1,1,1,195,111,1
13,57,55,56,21,12,1,1,1,1,1,1,113,101,
84,13,49,60,80,18,1,1,1,1,1,1,164,140,
37,69,54,73,74,4,1,1,1,1,1,1,147,164,
39,95,100,91,74,43,1,1,1,1,1,1,195,247,
53,96,56,75,79,11,1,1,1,1,1,1,175,195,
1,30,14,25,77,5,1,1,1,1,1,1,107,45,1
24,78,67,41,36,13,1,1,1,1,1,1,145,114,
36,79,42,88,71,46,1,1,1,1,1,1,167,195,
3,99,46,48,11,68,1,1,1,1,1,1,167,108,1
67,89,64,11,25,84,1,1,1,1,1,1,173,167,
78,63,34,52,25,83,1,1,1,1,1,1,161,174,
1,49,35,22,62,75,1,1,1,1,1,1,137,107,
40,97,71,90,49,52,1,1,1,1,1,1,187,212,
7,99,46,12,45,72,1,1,1,1,1,1,171,110,1
66,69,50,12,64,78,1,1,1,1,1,1,147,192,
7,9,48,15,25,53,1,1,1,1,1,1,101,56,1
90,56,51,87,40,76,1,1,1,1,1,1,177,223,
34,73,61,88,77,38,1,1,1,1,1,1,165,206,
57,76,79,56,91,8,1,1,1,1,1,1,170,197,
92,94,100,71,8,5,1,1,1,1,1,1,194,176,
49,30,12,72,43,25,1,1,1,1,1,1,121,110,
21,20,85,60,32,26,1,1,1,1,1,1,145,99,
13,64,19,71,97,8,1,1,1,1,1,1,168,104,1
75,5,90,77,17,8,1,1,1,1,1,1,167,105,1
6,22,51,76,5,33,1,1,1,1,1,1,127,66,1
43,7,85,11,60,34,1,1,1,1,1,1,145,95,1
98,79,6,86,99,54,1,1,1,1,1,1,197,225,
63,9,96,2,91,41,1,1,1,1,1,1,187,115,1
42,16,55,99,50,40,1,1,1,1,1,1,154,148,
78,81,20,86,47,15,1,1,1,1,1,1,167,160,
30,68,46,38,18,53,1,1,1,1,1,1,121,132,
78,22,48,81,8,82,1,1,1,1,1,1,163,156,
25,21,74,81,29,43,1,1,1,1,1,1,155,118,
34,16,95,90,74,63,1,1,1,1,1,1,185,187,
77,37,79,51,96,49,1,1,1,1,1,1,175,214,
79,53,57,5,100,36,1,1,1,1,1,1,179,151,
57,72,23,29,98,79,1,1,1,1,1,1,177,181,
34,54,22,44,4,28,1,1,1,1,1,1,98,88,
71,49,90,20,57,8,1,1,1,1,1,1,161,134,
44,69,61,75,71,29,1,1,1,1,1,1,146,203,
18,63,88,49,46,25,1,1,1,1,1,1,151,138,
74,41,27,12,5,61,1,1,1,1,1,1,135,85,1
26,94,19,100,55,50,1,1,1,1,1,1,194,150,
34,51,45,22,74,55,1,1,1,1,1,1,129,152,
32,99,86,98,10,39,1,1,1,1,1,1,197,167,
62,49,78,3,94,22,1,1,1,1,1,1,172,136,
59,36,67,12,26,3,1,1,1,1,1,1,126,77,1
91,95,30,36,26,76,1,1,1,1,1,1,186,168,
26,87,77,36,46,4,1,1,1,1,1,1,164,112,
83,13,74,97,65,8,1,1,1,1,1,1,180,160,
33,48,47,69,56,68,1,1,1,1,1,1,137,184,
17,28,69,51,54,59,1,1,1,1,1,1,128,150,
95,88,22,100,32,11,1,1,1,1,1,1,195,153,
82,51,46,79,49,58,1,1,1,1,1,1,161,204,
95,6,86,45,96,81,1,1,1,1,1,1,191,218,
72,32,37,91,14,54,1,1,1,1,1,1,163,137,
88,47,49,76,95,5,1,1,1,1,1,1,183,177,
32,40,64,14,60,20,1,1,1,1,1,1,124,106,
21,71,6,66,34,94,1,1,1,1,1,1,165,127,
49,2,31,63,13,47,1,1,1,1,1,1,112,93,
6,84,62,17,70,30,1,1,1,1,1,1,154,115,
21,14,35,83,2,85,1,1,1,1,1,1,168,72,1
44,11,37,62,5,14,1,1,1,1,1,1,106,67,1
72,27,33,76,67,80,1,1,1,1,1,1,156,199,
65,70,90,61,52,86,1,1,1,1,1,1,176,248,
1,79,14,61,20,34,1,1,1,1,1,1,140,69,1
23,33,44,9,7,90,1,1,1,1,1,1,134,72,1
62,42,70,66,75,65,1,1,1,1,1,1,145,235,
88,75,26,37,53,79,1,1,1,1,1,1,167,191,
47,14,24,44,42,21,1,1,1,1,1,1,91,101,
30,52,49,66,97,7,1,1,1,1,1,1,163,138,
30,60,6,76,13,28,1,1,1,1,1,1,136,77,1
89,97,82,58,96,8,1,1,1,1,1,1,193,237,
91,42,33,89,52,38,1,1,1,1,1,1,180,165,
16,95,19,73,32,14,1,1,1,1,1,1,168,81,1
60,1,45,6,4,54,1,1,1,1,1,1,114,56,1
64,2,43,47,7,72,1,1,1,1,1,1,136,99,
47,91,4,36,82,84,1,1,1,1,1,1,175,169,
67,59,17,23,89,84,1,1,1,1,1,1,173,166,
64,98,41,74,49,38,1,1,1,1,1,1,172,192,
71,51,83,7,33,49,1,1,1,1,1,1,154,140,
68,78,91,80,89,51,1,1,1,1,1,1,180,277,
63,55,99,43,87,16,1,1,1,1,1,1,186,177,
43,41,4,48,27,55,1,1,1,1,1,1,103,115,
99,26,3,81,93,5,1,1,1,1,1,1,192,115,1
14,43,74,28,29,72,1,1,1,1,1,1,146,114,
89,43,4,11,40,68,1,1,1,1,1,1,157,98,1
65,63,34,92,74,38,1,1,1,1,1,1,166,200,
96,5,22,79,12,95,1,1,1,1,1,1,191,118,1
32,57,68,97,2,43,1,1,1,1,1,1,165,134,
44,59,80,78,35,14,1,1,1,1,1,1,158,152,
94,31,18,86,63,37,1,1,1,1,1,1,180,149,
33,26,97,69,95,34,1,1,1,1,1,1,192,162,
48,32,10,91,77,94,1,1,1,1,1,1,185,167,
81,33,91,23,64,86,1,1,1,1,1,1,177,201,
83,44,95,27,12,93,1,1,1,1,1,1,188,166,
70,90,98,36,25,79,1,1,1,1,1,1,188,210,
87,40,18,95,1,90,1,1,1,1,1,1,185,146,
28,60,21,12,61,3,1,1,1,1,1,1,121,64,1
57,37,96,44,28,39,1,1,1,1,1,1,153,148,
89,61,40,30,39,53,1,1,1,1,1,1,150,162,
17,76,75,3,72,11,1,1,1,1,1,1,151,103,
31,47,98,70,55,34,1,1,1,1,1,1,168,167,
23,62,2,67,80,50,1,1,1,1,1,1,147,137,
51,18,58,4,11,88,1,1,1,1,1,1,146,84,1
34,33,72,28,64,68,1,1,1,1,1,1,140,159,
89,81,14,10,30,77,1,1,1,1,1,1,170,131,
9,12,40,92,41,77,1,1,1,1,1,1,169,102,1
7,89,67,46,63,43,1,1,1,1,1,1,156,159,
16,21,76,69,100,2,1,1,1,1,1,1,176,108,1
24,37,29,53,92,84,1,1,1,1,1,1,176,143,
58,12,84,45,61,20,1,1,1,1,1,1,145,135,
95,9,92,49,14,56,1,1,1,1,1,1,187,128,
96,83,46,4,97,18,1,1,1,1,1,1,193,151,
19,21,58,27,9,15,1,1,1,1,1,1,85,64,
27,19,15,70,11,14,1,1,1,1,1,1,97,59,1
51,96,39,57,38,86,1,1,1,1,1,1,182,185,
57,76,52,75,56,31,1,1,1,1,1,1,151,196,
49,13,9,51,41,91,1,1,1,1,1,1,142,112,
4,49,9,74,66,44,1,1,1,1,1,1,140,106,
80,100,28,4,39,13,1,1,1,1,1,1,180,84,1
22,26,92,39,34,47,1,1,1,1,1,1,139,121,
86,30,24,69,83,89,1,1,1,1,1,1,175,206,
14,57,33,95,35,10,1,1,1,1,1,1,152,92,1
62,36,80,76,64,15,1,1,1,1,1,1,156,177,
5,38,47,3,41,97,1,1,1,1,1,1,144,87,1
55,41,82,72,93,84,1,1,1,1,1,1,177,250,
94,22,88,38,92,34,1,1,1,1,1,1,186,182,
20,3,46,89,14,87,1,1,1,1,1,1,176,83,1
81,62,20,45,59,77,1,1,1,1,1,1,158,186,
89,93,2,90,48,61,1,1,1,1,1,1,183,200,
48,77,55,26,38,83,1,1,1,1,1,1,160,167,
75,90,18,45,30,3,1,1,1,1,1,1,165,96,1
4,85,92,11,1,60,1,1,1,1,1,1,177,76,1
65,26,40,3,33,38,1,1,1,1,1,1,105,100,
74,67,43,78,21,41,1,1,1,1,1,1,152,172,
90,7,33,56,85,97,1,1,1,1,1,1,187,181,
86,24,87,12,36,58,1,1,1,1,1,1,173,130,
58,54,42,73,30,2,1,1,1,1,1,1,131,128,
67,59,85,31,13,35,1,1,1,1,1,1,152,138,
46,25,35,89,97,100,1,1,1,1,1,1,197,195,
8,25,53,31,48,30,1,1,1,1,1,1,101,94,
5,71,43,14,49,2,1,1,1,1,1,1,120,64,1
29,44,46,74,2,16,1,1,1,1,1,1,120,91,
47,90,100,86,36,66,1,1,1,1,1,1,190,235,
86,73,98,22,37,29,1,1,1,1,1,1,184,161,
51,96,37,25,58,9,1,1,1,1,1,1,154,122,
57,64,92,53,37,89,1,1,1,1,1,1,181,211,
20,11,51,9,64,63,1,1,1,1,1,1,127,91,
77,80,29,41,39,28,1,1,1,1,1,1,157,137,
86,44,57,37,2,79,1,1,1,1,1,1,165,140,
20,23,40,54,44,27,1,1,1,1,1,1,98,110,
27,13,40,34,12,42,1,1,1,1,1,1,82,86,
67,22,49,88,75,48,1,1,1,1,1,1,163,186,
98,69,11,87,27,79,1,1,1,1,1,1,185,186,
25,52,29,78,41,20,1,1,1,1,1,1,130,115,
22,10,51,13,68,83,1,1,1,1,1,1,151,96,1
4,68,13,39,2,40,1,1,1,1,1,1,108,58,1
10,79,44,70,47,6,1,1,1,1,1,1,149,107,
69,77,79,59,47,57,1,1,1,1,1,1,156,232,
90,100,13,41,61,87,1,1,1,1,1,1,190,202,
67,34,20,18,39,21,1,1,1,1,1,1,106,93,
60,21,29,11,1,53,1,1,1,1,1,1,113,62,1
14,40,23,78,35,7,1,1,1,1,1,1,118,79,
51,80,3,71,96,39,1,1,1,1,1,1,176,164,
27,23,41,36,90,65,1,1,1,1,1,1,155,127,
14,84,37,61,73,48,1,1,1,1,1,1,157,160,
98,50,89,62,3,78,1,1,1,1,1,1,187,193,
2,10,3,48,5,97,1,1,1,1,1,1,145,20,1
58,33,28,22,14,48,1,1,1,1,1,1,106,97,
43,15,36,9,87,34,1,1,1,1,1,1,130,94,
37,27,7,33,32,73,1,1,1,1,1,1,110,99,
77,18,92,22,36,39,1,1,1,1,1,1,169,115,
69,34,47,70,54,42,1,1,1,1,1,1,139,177,
88,44,64,80,70,53,1,1,1,1,1,1,168,231,
5,77,54,36,40,80,1,1,1,1,1,1,157,135,
68,17,21,79,27,71,1,1,1,1,1,1,150,133,
16,28,49,32,79,8,1,1,1,1,1,1,128,84,1
18,59,12,82,74,71,1,1,1,1,1,1,156,160,
27,51,38,84,91,96,1,1,1,1,1,1,187,200,
4,100,45,44,75,11,1,1,1,1,1,1,175,104,1
81,72,46,94,48,92,1,1,1,1,1,1,186,247,
35,93,67,26,55,45,1,1,1,1,1,1,160,161,
36,30,60,54,26,48,1,1,1,1,1,1,114,140,
67,79,3,72,5,7,1,1,1,1,1,1,151,82,1
25,96,38,32,49,20,1,1,1,1,1,1,145,115,
17,65,75,35,13,14,1,1,1,1,1,1,140,79,1
40,97,35,74,88,26,1,1,1,1,1,1,185,175,
22,21,59,10,92,58,1,1,1,1,1,1,151,111,
4,5,11,45,60,36,1,1,1,1,1,1,105,56,1
6,56,35,18,3,98,1,1,1,1,1,1,154,62,1
61,29,87,54,1,5,1,1,1,1,1,1,148,89,1
26,51,79,33,94,25,1,1,1,1,1,1,173,135,
37,90,28,2,54,70,1,1,1,1,1,1,160,121,
74,79,14,1,44,43,1,1,1,1,1,1,153,102,1
87,32,54,52,14,82,1,1,1,1,1,1,169,152,
29,16,79,65,45,37,1,1,1,1,1,1,144,127,
79,30,46,39,47,51,1,1,1,1,1,1,130,162,
49,31,6,70,7,100,1,1,1,1,1,1,170,93,1
63,54,35,40,90,71,1,1,1,1,1,1,161,192,
3,37,65,42,20,83,1,1,1,1,1,1,148,102,
78,64,3,94,85,83,1,1,1,1,1,1,179,228,
93,73,100,4,5,60,1,1,1,1,1,1,193,142,
94,74,31,56,15,71,1,1,1,1,1,1,168,173,
72,90,19,85,37,30,1,1,1,1,1,1,175,158,
97,67,53,41,29,24,1,1,1,1,1,1,164,147,
10,88,81,39,35,83,1,1,1,1,1,1,171,165,
16,35,67,91,66,77,1,1,1,1,1,1,168,184,
8,84,11,50,40,43,1,1,1,1,1,1,134,102,
26,48,37,8,21,5,1,1,1,1,1,1,85,60,
88,89,27,1,25,5,1,1,1,1,1,1,177,58,1
96,93,68,87,23,7,1,1,1,1,1,1,189,185,
97,75,1,54,29,60,1,1,1,1,1,1,172,144,
88,11,41,84,46,78,1,1,1,1,1,1,172,176,
45,54,35,24,95,96,1,1,1,1,1,1,191,158,
17,35,16,30,9,26,1,1,1,1,1,1,65,68,
48,40,59,95,73,55,1,1,1,1,1,1,168,202,
14,47,15,100,6,7,1,1,1,1,1,1,147,42,1
69,64,90,2,15,54,1,1,1,1,1,1,159,135,
38,60,9,19,58,72,1,1,1,1,1,1,132,124,
12,36,1,82,17,3,1,1,1,1,1,1,118,33,1
28,49,91,32,83,99,1,1,1,1,1,1,190,192,
24,21,80,32,22,66,1,1,1,1,1,1,146,99,
59,22,21,99,46,6,1,1,1,1,1,1,158,95,1
69,73,61,94,12,30,1,1,1,1,1,1,167,172,
49,86,78,26,90,48,1,1,1,1,1,1,176,201,
50,91,80,68,74,71,1,1,1,1,1,1,171,263,
23,30,35,15,9,49,1,1,1,1,1,1,84,77,
66,43,2,30,99,98,1,1,1,1,1,1,197,141,
45,82,65,96,9,23,1,1,1,1,1,1,178,142,
56,93,86,70,94,68,1,1,1,1,1,1,187,280,
80,45,93,91,81,49,1,1,1,1,1,1,184,255,
50,11,100,55,58,86,1,1,1,1,1,1,186,174,
79,50,11,40,64,5,1,1,1,1,1,1,143,106,
4,82,63,41,48,85,1,1,1,1,1,1,167,156,
93,61,41,29,55,76,1,1,1,1,1,1,169,186,
54,88,21,98,30,22,1,1,1,1,1,1,186,127,
51,1,48,92,36,87,1,1,1,1,1,1,179,136,
9,21,97,34,90,29,1,1,1,1,1,1,187,93,1
36,78,19,99,53,23,1,1,1,1,1,1,177,131,
3,76,41,19,51,98,1,1,1,1,1,1,174,114,1
74,24,38,57,43,60,1,1,1,1,1,1,134,162,
18,20,12,81,21,74,1,1,1,1,1,1,155,71,1
77,73,20,57,61,29,1,1,1,1,1,1,150,167,
53,13,12,24,98,96,1,1,1,1,1,1,194,102,1
99,78,23,26,85,13,1,1,1,1,1,1,184,140,
86,24,28,71,35,47,1,1,1,1,1,1,157,134,
14,5,36,54,44,91,1,1,1,1,1,1,145,99,
7,76,19,11,88,21,1,1,1,1,1,1,164,58,1
29,32,40,28,58,94,1,1,1,1,1,1,152,129,
48,78,27,47,80,11,1,1,1,1,1,1,158,133,
63,7,47,11,87,43,1,1,1,1,1,1,150,108,
97,13,75,1,100,11,1,1,1,1,1,1,197,100,1
86,58,88,20,51,4,1,1,1,1,1,1,174,133,
95,19,31,96,9,4,1,1,1,1,1,1,191,63,1
99,45,84,77,53,62,1,1,1,1,1,1,183,237,
36,22,80,44,16,70,1,1,1,1,1,1,150,118,
75,10,29,5,57,95,1,1,1,1,1,1,170,101,1
44,73,90,35,84,98,1,1,1,1,1,1,188,236,
99,36,80,11,78,90,1,1,1,1,1,1,189,205,
83,45,81,28,43,20,1,1,1,1,1,1,164,136,
100,89,92,74,68,9,1,1,1,1,1,1,192,240,
67,46,70,41,34,6,1,1,1,1,1,1,137,127,
82,26,83,100,46,16,1,1,1,1,1,1,183,170,
24,12,7,15,98,48,1,1,1,1,1,1,146,58,1
10,68,21,12,55,6,1,1,1,1,1,1,123,49,1
31,80,24,49,86,6,1,1,1,1,1,1,166,110,1
80,43,27,4,67,41,1,1,1,1,1,1,147,115,
12,66,53,3,67,70,1,1,1,1,1,1,137,134,
45,17,73,20,44,56,1,1,1,1,1,1,129,126,
23,56,86,100,13,26,1,1,1,1,1,1,186,118,1
82,34,11,18,51,70,1,1,1,1,1,1,152,114,
58,66,77,56,78,11,1,1,1,1,1,1,155,191,
20,71,78,55,44,66,1,1,1,1,1,1,149,185,
11,82,56,63,39,61,1,1,1,1,1,1,145,167,
11,39,32,77,91,58,1,1,1,1,1,1,168,140,
74,62,46,73,58,99,1,1,1,1,1,1,173,239,
65,45,67,79,5,62,1,1,1,1,1,1,146,177,
82,86,13,11,61,1,1,1,1,1,1,1,168,86,1
71,82,31,4,89,72,1,1,1,1,1,1,171,178,
5,20,28,46,12,35,1,1,1,1,1,1,81,65,
10,63,67,43,1,4,1,1,1,1,1,1,130,58,1
20,26,44,13,40,74,1,1,1,1,1,1,118,99,
66,45,84,89,40,56,1,1,1,1,1,1,173,207,
64,35,78,53,40,98,1,1,1,1,1,1,176,192,
83,29,87,40,5,48,1,1,1,1,1,1,170,122,
39,14,5,44,50,42,1,1,1,1,1,1,94,100,
20,48,41,97,63,95,1,1,1,1,1,1,192,172,
3,12,55,79,83,59,1,1,1,1,1,1,162,129,
41,55,39,96,49,13,1,1,1,1,1,1,151,142,
29,38,82,10,19,52,1,1,1,1,1,1,134,96,
60,84,35,71,20,1,1,1,1,1,1,1,155,116,
17,94,72,64,62,26,1,1,1,1,1,1,166,169,
10,5,60,80,94,25,1,1,1,1,1,1,174,100,1
25,11,3,100,39,19,1,1,1,1,1,1,139,58,1
77,61,49,7,97,81,1,1,1,1,1,1,178,194,
56,46,26,81,55,47,1,1,1,1,1,1,137,174,
23,56,84,98,90,94,1,1,1,1,1,1,192,253,
82,93,18,21,20,39,1,1,1,1,1,1,175,98,1
94,67,59,45,77,72,1,1,1,1,1,1,171,243,
24,18,43,88,7,37,1,1,1,1,1,1,131,86,1
33,35,25,27,65,26,1,1,1,1,1,1,100,111,
3,78,34,47,57,48,1,1,1,1,1,1,135,132,
26,36,79,52,45,100,1,1,1,1,1,1,179,159,
78,36,88,77,73,42,1,1,1,1,1,1,166,228,
44,13,32,61,63,37,1,1,1,1,1,1,124,126,
54,69,23,29,28,56,1,1,1,1,1,1,125,134,
74,59,27,11,28,26,1,1,1,1,1,1,133,92,
10,23,12,31,99,42,1,1,1,1,1,1,141,76,1
43,17,48,16,40,89,1,1,1,1,1,1,137,116,
42,86,92,61,53,37,1,1,1,1,1,1,178,193,
68,77,48,34,25,17,1,1,1,1,1,1,145,124,
100,57,92,78,93,98,1,1,1,1,1,1,198,320,
32,3,57,6,9,54,1,1,1,1,1,1,111,50,1
30,47,88,80,55,89,1,1,1,1,1,1,177,212,
8,54,23,64,26,94,1,1,1,1,1,1,158,111,
36,63,14,95,99,21,1,1,1,1,1,1,194,134,
48,96,91,11,43,56,1,1,1,1,1,1,187,158,
47,14,22,53,55,2,1,1,1,1,1,1,108,85,
97,93,23,80,55,81,1,1,1,1,1,1,190,239,
79,73,92,12,7,1,1,1,1,1,1,1,171,93,1
44,54,45,66,58,2,1,1,1,1,1,1,124,145,
90,35,87,27,13,67,1,1,1,1,1,1,177,142,
26,53,6,28,12,15,1,1,1,1,1,1,81,59,
59,49,45,91,67,48,1,1,1,1,1,1,158,201,
73,37,74,87,88,6,1,1,1,1,1,1,175,190,
43,71,73,72,67,98,1,1,1,1,1,1,171,253,
10,84,15,35,63,79,1,1,1,1,1,1,163,123,
5,75,84,86,36,17,1,1,1,1,1,1,170,133,
52,26,80,62,76,63,1,1,1,1,1,1,156,203,
1,64,21,95,34,49,1,1,1,1,1,1,159,105,1
36,32,63,3,10,79,1,1,1,1,1,1,142,81,1
53,58,21,99,78,10,1,1,1,1,1,1,177,142,
39,7,78,52,93,63,1,1,1,1,1,1,171,161,
19,58,39,92,66,32,1,1,1,1,1,1,158,148,
10,85,23,71,15,14,1,1,1,1,1,1,156,62,1
61,86,9,85,88,49,1,1,1,1,1,1,174,204,
14,34,41,27,47,63,1,1,1,1,1,1,110,116,
19,51,21,76,32,7,1,1,1,1,1,1,127,79,1
92,46,75,91,87,96,1,1,1,1,1,1,188,299,
52,18,99,26,5,44,1,1,1,1,1,1,151,93,1
69,64,87,47,88,8,1,1,1,1,1,1,175,188,
74,38,30,25,88,83,1,1,1,1,1,1,171,167,
3,35,43,19,1,6,1,1,1,1,1,1,78,29,1
37,62,30,10,40,44,1,1,1,1,1,1,106,117,
82,34,63,27,99,14,1,1,1,1,1,1,181,138,
21,17,77,90,74,81,1,1,1,1,1,1,171,189,
83,61,50,20,54,93,1,1,1,1,1,1,176,185,
55,68,57,1,2,85,1,1,1,1,1,1,153,115,
1,24,16,31,3,19,1,1,1,1,1,1,55,39,
55,42,83,58,90,84,1,1,1,1,1,1,174,238,
36,41,25,96,80,5,1,1,1,1,1,1,176,107,1
58,49,25,51,17,59,1,1,1,1,1,1,117,142,
74,81,29,73,22,14,1,1,1,1,1,1,155,138,
16,83,72,31,49,63,1,1,1,1,1,1,155,159,
10,90,52,29,48,84,1,1,1,1,1,1,174,139,
76,46,13,5,54,69,1,1,1,1,1,1,145,118,
24,85,1,5,26,51,1,1,1,1,1,1,136,56,1
33,25,58,85,37,54,1,1,1,1,1,1,143,149,
61,8,27,11,38,100,1,1,1,1,1,1,161,84,1
43,72,85,84,29,19,1,1,1,1,1,1,169,163,
74,67,32,62,82,26,1,1,1,1,1,1,156,187,
36,39,31,13,92,23,1,1,1,1,1,1,131,103,
14,32,64,52,90,7,1,1,1,1,1,1,154,105,
24,44,88,71,81,65,1,1,1,1,1,1,169,204,
26,36,30,44,23,17,1,1,1,1,1,1,80,96,
56,28,38,63,58,49,1,1,1,1,1,1,121,171,
5,34,9,40,35,98,1,1,1,1,1,1,138,83,1
8,57,58,99,18,52,1,1,1,1,1,1,157,135,
29,61,45,16,4,20,1,1,1,1,1,1,106,69,1
49,27,59,74,81,17,1,1,1,1,1,1,155,152,
95,43,24,34,51,20,1,1,1,1,1,1,146,121,
51,44,32,71,75,88,1,1,1,1,1,1,163,198,
30,83,79,90,85,71,1,1,1,1,1,1,175,263,
44,56,55,86,75,4,1,1,1,1,1,1,161,159,
6,5,2,22,41,77,1,1,1,1,1,1,118,35,1
99,90,77,57,24,73,1,1,1,1,1,1,189,231,
19,48,100,30,27,73,1,1,1,1,1,1,173,124,
87,71,32,18,1,37,1,1,1,1,1,1,158,88,1
27,6,94,33,47,74,1,1,1,1,1,1,168,113,
86,25,99,59,70,81,1,1,1,1,1,1,185,235,
72,55,52,95,28,53,1,1,1,1,1,1,167,188,
92,16,6,43,50,90,1,1,1,1,1,1,182,115,1
3,18,93,60,19,94,1,1,1,1,1,1,187,100,1
62,94,26,72,44,75,1,1,1,1,1,1,169,204,
6,69,45,37,49,20,1,1,1,1,1,1,118,108,
8,76,79,7,57,5,1,1,1,1,1,1,155,77,1
75,50,83,23,99,49,1,1,1,1,1,1,182,197,
11,86,35,61,88,43,1,1,1,1,1,1,174,150,
34,83,74,73,72,21,1,1,1,1,1,1,157,200,
88,68,60,33,69,47,1,1,1,1,1,1,157,208,
52,98,59,87,45,67,1,1,1,1,1,1,185,223,
32,18,89,34,86,33,1,1,1,1,1,1,175,117,
38,60,86,79,57,37,1,1,1,1,1,1,165,192,
61,37,50,51,82,91,1,1,1,1,1,1,173,199,
11,63,40,57,60,8,1,1,1,1,1,1,123,116,
47,58,38,79,14,15,1,1,1,1,1,1,137,114,
18,9,27,51,50,54,1,1,1,1,1,1,105,104,
56,22,32,100,11,94,1,1,1,1,1,1,194,121,1
78,84,70,35,3,33,1,1,1,1,1,1,162,141,
62,54,40,79,81,2,1,1,1,1,1,1,160,158,
96,56,65,95,79,63,1,1,1,1,1,1,191,263,
20,11,21,83,41,62,1,1,1,1,1,1,145,93,1
58,67,72,71,35,57,1,1,1,1,1,1,143,217,
78,15,49,100,93,6,1,1,1,1,1,1,193,148,
51,7,79,18,24,15,1,1,1,1,1,1,130,64,1
83,86,43,56,69,54,1,1,1,1,1,1,169,222,
13,56,1,18,33,46,1,1,1,1,1,1,102,65,1
17,7,28,50,96,38,1,1,1,1,1,1,146,90,1
80,19,97,25,98,50,1,1,1,1,1,1,195,174,
79,49,47,72,54,91,1,1,1,1,1,1,170,222,
29,63,56,46,39,15,1,1,1,1,1,1,119,129,
92,38,46,28,69,44,1,1,1,1,1,1,161,156,
72,5,71,31,14,46,1,1,1,1,1,1,143,96,
55,63,47,46,66,71,1,1,1,1,1,1,137,211,
51,24,95,79,5,38,1,1,1,1,1,1,174,118,
41,86,12,40,13,63,1,1,1,1,1,1,149,106,
33,97,58,92,5,1,1,1,1,1,1,1,189,97,1
34,90,58,49,95,94,1,1,1,1,1,1,189,231,
57,26,61,2,21,59,1,1,1,1,1,1,120,106,
82,72,17,96,26,66,1,1,1,1,1,1,178,181,
54,95,75,33,69,16,1,1,1,1,1,1,170,172,
61,21,79,68,77,7,1,1,1,1,1,1,156,157,
66,64,58,92,72,5,1,1,1,1,1,1,164,193,
47,48,97,93,1,42,1,1,1,1,1,1,190,138,
44,70,16,76,5,94,1,1,1,1,1,1,170,135,
15,73,95,48,87,56,1,1,1,1,1,1,182,192,
14,86,63,62,74,69,1,1,1,1,1,1,160,208,
10,82,34,58,60,54,1,1,1,1,1,1,142,156,
86,6,72,28,92,65,1,1,1,1,1,1,178,171,
21,2,28,52,75,14,1,1,1,1,1,1,127,65,1
21,95,20,15,94,79,1,1,1,1,1,1,189,135,
36,95,97,1,42,78,1,1,1,1,1,1,192,157,
13,29,50,28,100,32,1,1,1,1,1,1,150,102,
26,73,2,1,36,66,1,1,1,1,1,1,139,65,1
4,56,66,5,97,19,1,1,1,1,1,1,163,84,1
40,37,77,82,41,45,1,1,1,1,1,1,159,163,
48,11,23,29,14,76,1,1,1,1,1,1,124,77,1
35,78,95,57,40,44,1,1,1,1,1,1,173,176,
25,57,60,59,18,78,1,1,1,1,1,1,138,159,
96,20,58,91,51,81,1,1,1,1,1,1,187,210,
5,40,82,13,35,34,1,1,1,1,1,1,122,87,
12,52,21,20,26,96,1,1,1,1,1,1,148,79,1
82,16,57,95,84,55,1,1,1,1,1,1,179,210,
70,14,54,16,59,22,1,1,1,1,1,1,129,106,
16,80,72,11,52,13,1,1,1,1,1,1,152,92,1
93,44,2,97,15,9,1,1,1,1,1,1,190,70,1
1,46,72,49,47,97,1,1,1,1,1,1,169,143,
27,36,44,55,63,38,1,1,1,1,1,1,118,145,
26,24,15,72,23,90,1,1,1,1,1,1,162,88,1
27,80,93,85,5,81,1,1,1,1,1,1,178,193,
79,3,26,47,19,16,1,1,1,1,1,1,126,64,1
92,90,34,57,8,38,1,1,1,1,1,1,182,137,
25,56,96,46,18,47,1,1,1,1,1,1,152,136,
17,63,20,4,76,47,1,1,1,1,1,1,139,88,1
22,75,100,87,43,94,1,1,1,1,1,1,194,227,
75,81,3,7,91,29,1,1,1,1,1,1,172,114,1
99,41,89,65,2,70,1,1,1,1,1,1,188,178,
3,23,64,49,35,69,1,1,1,1,1,1,133,110,
30,74,84,57,60,38,1,1,1,1,1,1,158,185,
8,64,11,12,82,63,1,1,1,1,1,1,146,94,1
98,94,100,99,17,10,1,1,1,1,1,1,199,219,
78,28,35,97,76,1,1,1,1,1,1,1,175,140,
33,65,55,86,7,58,1,1,1,1,1,1,151,153,
31,29,32,68,82,79,1,1,1,1,1,1,161,160,
83,21,11,2,12,72,1,1,1,1,1,1,155,46,1
37,88,62,86,95,87,1,1,1,1,1,1,183,272,
24,56,58,38,19,68,1,1,1,1,1,1,126,137,
24,83,51,52,64,91,1,1,1,1,1,1,174,191,
7,15,76,56,9,51,1,1,1,1,1,1,132,82,1
40,90,18,19,74,86,1,1,1,1,1,1,176,151,
92,87,18,55,71,69,1,1,1,1,1,1,179,213,
61,62,46,84,51,12,1,1,1,1,1,1,146,170,
25,41,97,99,58,46,1,1,1,1,1,1,196,170,
99,75,47,19,24,28,1,1,1,1,1,1,174,118,
22,91,10,68,37,59,1,1,1,1,1,1,159,128,
50,86,66,1,76,99,1,1,1,1,1,1,185,193,
89,47,72,41,79,49,1,1,1,1,1,1,168,209,
65,53,51,11,18,48,1,1,1,1,1,1,118,128,
2,92,56,52,100,91,1,1,1,1,1,1,192,201,
1,20,48,36,30,62,1,1,1,1,1,1,110,87,
5,69,17,51,53,60,1,1,1,1,1,1,129,126,
91,28,63,16,35,82,1,1,1,1,1,1,173,142,
69,36,54,97,40,11,1,1,1,1,1,1,166,141,
62,79,77,54,82,59,1,1,1,1,1,1,161,252,
94,99,24,71,6,57,1,1,1,1,1,1,193,158,
59,1,28,86,32,80,1,1,1,1,1,1,166,120,
98,83,77,14,25,42,1,1,1,1,1,1,181,158,
2,41,100,94,21,43,1,1,1,1,1,1,194,107,1
21,22,67,62,68,82,1,1,1,1,1,1,150,172,
36,89,43,88,40,48,1,1,1,1,1,1,177,167,
85,38,69,20,50,33,1,1,1,1,1,1,154,141,
72,94,15,95,10,41,1,1,1,1,1,1,189,138,
41,93,48,72,85,88,1,1,1,1,1,1,181,246,
15,16,38,27,2,65,1,1,1,1,1,1,103,60,1
71,61,97,36,34,3,1,1,1,1,1,1,168,134,
88,68,94,18,50,59,1,1,1,1,1,1,182,195,
45,44,70,62,39,18,1,1,1,1,1,1,132,146,
25,13,33,29,77,92,1,1,1,1,1,1,169,100,1
6,91,69,20,16,27,1,1,1,1,1,1,160,69,1
25,73,84,90,68,77,1,1,1,1,1,1,174,243,
49,55,70,77,25,41,1,1,1,1,1,1,147,170,
36,61,4,16,32,28,1,1,1,1,1,1,97,80,
48,47,49,21,46,95,1,1,1,1,1,1,144,162,
9,27,60,70,38,68,1,1,1,1,1,1,138,134,
9,52,11,19,14,97,1,1,1,1,1,1,149,53,1
71,73,74,81,99,77,1,1,1,1,1,1,180,295,
94,72,44,8,82,26,1,1,1,1,1,1,176,150,
97,91,22,1,46,85,1,1,1,1,1,1,188,154,
9,53,82,99,21,22,1,1,1,1,1,1,181,105,1
3,43,31,21,96,12,1,1,1,1,1,1,139,67,1
66,58,34,64,72,41,1,1,1,1,1,1,138,197,
86,40,6,74,99,100,1,1,1,1,1,1,199,206,
29,48,61,100,96,56,1,1,1,1,1,1,196,194,
55,93,59,66,47,83,1,1,1,1,1,1,176,227,
90,54,96,29,47,89,1,1,1,1,1,1,186,219,
16,18,65,73,64,57,1,1,1,1,1,1,138,155,
46,28,76,26,39,16,1,1,1,1,1,1,122,109,
27,6,87,83,5,93,1,1,1,1,1,1,180,121,
10,9,85,11,43,19,1,1,1,1,1,1,128,49,1
62,93,33,19,86,90,1,1,1,1,1,1,183,200,
8,59,95,97,18,15,1,1,1,1,1,1,192,100,1
14,80,32,28,35,100,1,1,1,1,1,1,180,109,1
62,89,99,27,76,13,1,1,1,1,1,1,188,178,
83,93,74,85,39,66,1,1,1,1,1,1,178,262,
87,41,1,75,47,76,1,1,1,1,1,1,163,164,
33,82,29,3,53,92,1,1,1,1,1,1,174,118,
52,39,44,18,85,27,1,1,1,1,1,1,137,128,
77,29,76,42,40,4,1,1,1,1,1,1,153,115,
22,87,44,31,80,73,1,1,1,1,1,1,167,170,
68,41,34,64,35,100,1,1,1,1,1,1,168,174,
83,50,89,69,64,67,1,1,1,1,1,1,172,250,
55,66,74,70,29,32,1,1,1,1,1,1,144,182,
43,69,68,89,91,78,1,1,1,1,1,1,180,258,
7,59,93,68,100,46,1,1,1,1,1,1,193,180,
1,97,2,43,68,92,1,1,1,1,1,1,189,114,1
7,8,54,6,92,41,1,1,1,1,1,1,146,62,1
68,99,46,96,73,47,1,1,1,1,1,1,195,234,
99,52,61,60,17,54,1,1,1,1,1,1,160,183,
69,11,80,43,68,85,1,1,1,1,1,1,165,191,
4,72,29,38,1,36,1,1,1,1,1,1,110,70,1
47,90,73,66,99,70,1,1,1,1,1,1,189,256,
6,85,78,39,15,80,1,1,1,1,1,1,165,138,
39,75,63,5,1,56,1,1,1,1,1,1,138,101,
13,33,29,100,62,5,1,1,1,1,1,1,162,80,1
95,87,28,45,3,68,1,1,1,1,1,1,182,144,
21,16,51,76,73,52,1,1,1,1,1,1,149,140,
88,49,58,15,92,40,1,1,1,1,1,1,180,162,
63,68,5,50,38,66,1,1,1,1,1,1,134,156,
35,76,32,97,26,4,1,1,1,1,1,1,173,97,1
75,26,59,55,45,93,1,1,1,1,1,1,168,185,
18,45,23,71,80,46,1,1,1,1,1,1,151,132,
59,34,27,19,30,61,1,1,1,1,1,1,120,110,
94,64,23,72,9,32,1,1,1,1,1,1,166,128,
10,78,20,68,69,84,1,1,1,1,1,1,162,167,
44,76,43,100,73,6,1,1,1,1,1,1,176,166,
55,41,59,92,95,73,1,1,1,1,1,1,187,228,
3,77,72,87,1,41,1,1,1,1,1,1,164,117,
21,85,69,13,48,65,1,1,1,1,1,1,154,147,
67,89,79,75,31,2,1,1,1,1,1,1,168,175,
90,21,68,87,96,54,1,1,1,1,1,1,186,230,
58,45,18,19,52,7,1,1,1,1,1,1,110,89,
96,23,83,47,20,13,1,1,1,1,1,1,179,103,1
97,2,86,30,81,39,1,1,1,1,1,1,183,152,
88,95,92,89,37,33,1,1,1,1,1,1,187,247,
80,47,71,87,64,76,1,1,1,1,1,1,167,258,
96,61,76,84,16,71,1,1,1,1,1,1,180,224,
17,93,23,35,16,76,1,1,1,1,1,1,169,91,1
64,2,70,25,54,11,1,1,1,1,1,1,134,92,
4,92,71,10,32,56,1,1,1,1,1,1,163,102,1
56,23,49,22,70,99,1,1,1,1,1,1,169,150,
16,66,77,84,41,19,1,1,1,1,1,1,161,142,
84,30,46,97,40,74,1,1,1,1,1,1,181,190,
20,33,96,64,26,90,1,1,1,1,1,1,186,143,
63,98,70,74,93,72,1,1,1,1,1,1,191,279,
95,96,82,60,31,21,1,1,1,1,1,1,191,194,
54,15,36,46,90,37,1,1,1,1,1,1,144,134,
95,9,12,30,71,93,1,1,1,1,1,1,188,122,1
26,25,70,51,37,80,1,1,1,1,1,1,150,139,
6,81,24,43,74,33,1,1,1,1,1,1,155,106,
80,27,42,28,33,32,1,1,1,1,1,1,122,120,
1,83,61,10,45,100,1,1,1,1,1,1,183,117,1
20,57,78,14,9,1,1,1,1,1,1,1,135,44,1
94,7,85,29,89,9,1,1,1,1,1,1,183,130,
88,16,15,42,41,6,1,1,1,1,1,1,130,78,1
22,66,42,58,12,40,1,1,1,1,1,1,124,116,
22,27,17,72,25,53,1,1,1,1,1,1,125,91,
53,44,21,90,79,60,1,1,1,1,1,1,169,178,
13,49,73,41,86,79,1,1,1,1,1,1,165,176,
57,40,18,43,9,62,1,1,1,1,1,1,119,110,
99,70,51,75,24,5,1,1,1,1,1,1,174,150,
39,47,85,91,71,22,1,1,1,1,1,1,176,179,
42,89,2,70,95,41,1,1,1,1,1,1,184,155,
83,3,99,44,78,68,1,1,1,1,1,1,182,193,
95,35,72,84,75,44,1,1,1,1,1,1,179,226,
49,95,19,54,96,28,1,1,1,1,1,1,191,150,
65,52,88,31,98,18,1,1,1,1,1,1,186,166,
95,2,92,37,76,32,1,1,1,1,1,1,187,147,
30,26,98,15,52,56,1,1,1,1,1,1,154,123,
91,30,7,24,27,11,1,1,1,1,1,1,121,69,1
54,63,83,13,84,71,1,1,1,1,1,1,167,201,
39,78,52,43,1,4,1,1,1,1,1,1,130,87,
76,51,92,89,12,96,1,1,1,1,1,1,188,228,
48,28,55,96,58,89,1,1,1,1,1,1,185,189,
31,93,2,53,47,30,1,1,1,1,1,1,146,110,
17,33,80,55,62,23,1,1,1,1,1,1,142,128,
35,86,41,2,34,79,1,1,1,1,1,1,165,112,
9,19,59,91,2,94,1,1,1,1,1,1,185,89,1
32,40,22,86,99,53,1,1,1,1,1,1,185,147,
8,37,80,84,92,26,1,1,1,1,1,1,176,151,
68,6,27,41,29,99,1,1,1,1,1,1,167,103,1
64,63,74,55,73,72,1,1,1,1,1,1,147,254,
31,15,49,46,17,6,1,1,1,1,1,1,95,69,
29,58,81,31,7,87,1,1,1,1,1,1,168,125,
75,33,51,8,91,61,1,1,1,1,1,1,166,153,
89,29,84,92,11,65,1,1,1,1,1,1,181,189,
34,51,77,16,59,90,1,1,1,1,1,1,167,160,
4,13,57,87,73,9,1,1,1,1,1,1,160,83,1
81,9,84,49,59,27,1,1,1,1,1,1,165,144,
28,22,8,27,99,32,1,1,1,1,1,1,131,85,1
97,80,74,27,55,72,1,1,1,1,1,1,177,228,
40,8,16,26,50,1,1,1,1,1,1,1,90,51,1
51,43,32,36,61,40,1,1,1,1,1,1,112,151,
89,54,32,6,24,96,1,1,1,1,1,1,185,116,1
9,87,17,5,71,83,1,1,1,1,1,1,170,102,1
95,9,51,77,33,25,1,1,1,1,1,1,172,118,
28,9,40,29,15,77,1,1,1,1,1,1,117,81,
34,74,29,8,26,17,1,1,1,1,1,1,108,80,
41,88,79,54,98,5,1,1,1,1,1,1,186,179,
81,21,68,90,41,96,1,1,1,1,1,1,186,211,
71,32,42,20,78,40,1,1,1,1,1,1,149,134,
22,81,21,97,56,41,1,1,1,1,1,1,178,140,
17,23,31,43,59,100,1,1,1,1,1,1,159,114,
77,57,33,73,51,29,1,1,1,1,1,1,150,170,
66,33,40,54,47,31,1,1,1,1,1,1,120,151,
39,35,52,33,76,59,1,1,1,1,1,1,135,159,
18,92,45,64,86,93,1,1,1,1,1,1,185,213,
31,92,43,54,14,2,1,1,1,1,1,1,146,90,1
64,25,42,40,12,66,1,1,1,1,1,1,130,119,
76,29,63,62,78,99,1,1,1,1,1,1,177,230,
64,39,15,90,66,74,1,1,1,1,1,1,164,184,
35,48,42,17,49,29,1,1,1,1,1,1,97,123,
64,44,83,45,12,94,1,1,1,1,1,1,177,165,
67,90,4,14,86,12,1,1,1,1,1,1,176,97,1
96,79,58,87,95,31,1,1,1,1,1,1,191,255,
6,95,92,19,7,32,1,1,1,1,1,1,187,64,1
45,15,35,58,60,62,1,1,1,1,1,1,122,153,
92,57,24,28,63,32,1,1,1,1,1,1,155,141,
66,55,64,42,93,94,1,1,1,1,1,1,187,227,
80,12,100,27,45,78,1,1,1,1,1,1,180,162,
2,12,68,100,98,19,1,1,1,1,1,1,198,101,1
28,40,10,63,23,73,1,1,1,1,1,1,136,101,
14,10,33,36,68,79,1,1,1,1,1,1,147,93,1
69,51,9,67,55,54,1,1,1,1,1,1,136,169,
96,5,54,26,25,74,1,1,1,1,1,1,170,110,1
78,50,3,90,46,71,1,1,1,1,1,1,168,170,
93,59,5,97,99,17,1,1,1,1,1,1,196,174,
65,88,20,31,85,3,1,1,1,1,1,1,173,119,
11,35,28,15,70,38,1,1,1,1,1,1,108,89,
89,97,66,76,45,46,1,1,1,1,1,1,186,233,
24,23,83,54,6,11,1,1,1,1,1,1,137,64,1
63,34,7,23,66,5,1,1,1,1,1,1,129,69,1
70,3,99,6,43,61,1,1,1,1,1,1,169,113,
41,55,89,78,9,93,1,1,1,1,1,1,182,183,
64,51,14,3,46,63,1,1,1,1,1,1,127,114,
7,68,73,65,30,10,1,1,1,1,1,1,141,112,
21,36,17,20,10,85,1,1,1,1,1,1,121,68,1
72,99,78,74,62,10,1,1,1,1,1,1,177,218,
2,49,64,72,18,61,1,1,1,1,1,1,136,130,
2,29,35,22,86,36,1,1,1,1,1,1,122,88,
71,67,63,27,34,21,1,1,1,1,1,1,138,145,
18,31,9,91,34,53,1,1,1,1,1,1,144,92,1
61,75,30,57,31,85,1,1,1,1,1,1,160,179,
4,97,54,70,12,36,1,1,1,1,1,1,167,106,1
1,25,32,78,24,89,1,1,1,1,1,1,167,82,1
87,6,10,3,82,36,1,1,1,1,1,1,169,55,1
95,32,98,21,72,17,1,1,1,1,1,1,193,142,
56,85,94,33,42,19,1,1,1,1,1,1,179,150,
39,90,27,97,53,56,1,1,1,1,1,1,187,175,
70,58,95,82,75,69,1,1,1,1,1,1,177,272,
49,67,35,87,55,43,1,1,1,1,1,1,154,182,
97,3,38,1,54,4,1,1,1,1,1,1,151,46,1
18,79,27,94,63,10,1,1,1,1,1,1,173,118,
71,10,13,29,15,45,1,1,1,1,1,1,116,67,1
6,1,57,25,64,73,1,1,1,1,1,1,137,89,1
47,84,46,34,3,95,1,1,1,1,1,1,179,130,
8,32,88,60,67,5,1,1,1,1,1,1,155,105,
2,13,26,57,86,95,1,1,1,1,1,1,181,98,1
28,99,33,87,85,27,1,1,1,1,1,1,186,173,
68,49,46,62,59,29,1,1,1,1,1,1,130,183,
11,4,83,59,63,72,1,1,1,1,1,1,155,137,
63,27,31,92,86,44,1,1,1,1,1,1,178,165,
17,94,18,12,78,86,1,1,1,1,1,1,180,125,
2,76,100,56,52,83,1,1,1,1,1,1,183,186,
44,89,92,94,12,66,1,1,1,1,1,1,186,211,
9,41,99,43,55,73,1,1,1,1,1,1,172,148,
55,7,49,8,44,26,1,1,1,1,1,1,104,85,
10,39,95,34,14,38,1,1,1,1,1,1,134,96,
93,25,20,41,30,81,1,1,1,1,1,1,174,116,1
18,73,24,31,76,100,1,1,1,1,1,1,176,146,
97,11,89,96,39,78,1,1,1,1,1,1,193,217,
50,53,31,34,46,13,1,1,1,1,1,1,103,124,
95,98,68,47,50,78,1,1,1,1,1,1,193,243,
58,37,1,90,53,18,1,1,1,1,1,1,148,109,
12,44,8,42,83,51,1,1,1,1,1,1,134,106,
7,57,29,87,28,31,1,1,1,1,1,1,144,95,1
42,29,71,47,60,82,1,1,1,1,1,1,153,178,
2,38,18,96,76,51,1,1,1,1,1,1,172,109,1
43,84,97,75,49,38,1,1,1,1,1,1,181,205,
74,56,93,5,35,45,1,1,1,1,1,1,167,141,
47,10,39,8,91,62,1,1,1,1,1,1,153,104,
93,3,76,68,77,10,1,1,1,1,1,1,170,157,
81,3,55,57,26,91,1,1,1,1,1,1,172,141,
57,17,61,71,5,95,1,1,1,1,1,1,166,140,
59,10,46,23,34,92,1,1,1,1,1,1,151,113,
72,67,38,64,61,59,1,1,1,1,1,1,139,222,
74,89,59,25,56,88,1,1,1,1,1,1,177,214,
84,58,53,12,4,44,1,1,1,1,1,1,142,113,
2,6,80,33,49,24,1,1,1,1,1,1,129,65,1
10,11,17,93,29,51,1,1,1,1,1,1,144,67,1
96,12,62,48,9,78,1,1,1,1,1,1,174,131,
89,63,45,46,67,27,1,1,1,1,1,1,156,181,
47,36,32,41,80,45,1,1,1,1,1,1,127,154,
49,95,63,26,88,51,1,1,1,1,1,1,183,189,
39,29,87,66,94,15,1,1,1,1,1,1,181,149,
4,63,75,54,73,86,1,1,1,1,1,1,161,194,
75,10,68,51,20,95,1,1,1,1,1,1,170,149,
100,6,68,95,91,59,1,1,1,1,1,1,195,224,
49,79,30,70,18,47,1,1,1,1,1,1,149,144,
38,23,66,12,11,29,1,1,1,1,1,1,104,75,
9,39,97,87,81,1,1,1,1,1,1,1,184,130,
9,16,1,32,17,88,1,1,1,1,1,1,120,43,1
68,66,96,20,8,9,1,1,1,1,1,1,164,103,1
87,19,18,48,60,41,1,1,1,1,1,1,147,126,
15,99,76,3,49,98,1,1,1,1,1,1,197,143,
66,87,90,12,11,53,1,1,1,1,1,1,177,142,
90,62,56,7,73,88,1,1,1,1,1,1,178,198,
19,63,86,78,92,3,1,1,1,1,1,1,178,163,
56,89,54,92,84,96,1,1,1,1,1,1,188,283,
62,37,24,75,66,15,1,1,1,1,1,1,141,138,
66,95,49,60,74,8,1,1,1,1,1,1,169,183,
86,46,97,7,87,36,1,1,1,1,1,1,184,175,
58,80,17,50,62,54,1,1,1,1,1,1,142,179,
68,47,7,73,65,53,1,1,1,1,1,1,141,172,
80,22,26,50,57,40,1,1,1,1,1,1,137,138,
91,97,66,73,58,95,1,1,1,1,1,1,192,288,
94,4,9,45,71,27,1,1,1,1,1,1,165,85,1
93,37,96,29,90,34,1,1,1,1,1,1,189,190,
7,16,51,50,65,1,1,1,1,1,1,1,116,74,1
43,85,23,3,4,88,1,1,1,1,1,1,173,73,1
82,17,21,64,66,74,1,1,1,1,1,1,156,168,
27,33,86,5,67,61,1,1,1,1,1,1,153,126,
15,87,82,92,84,98,1,1,1,1,1,1,190,268,
33,52,59,48,43,41,1,1,1,1,1,1,111,165,
19,40,31,18,85,27,1,1,1,1,1,1,125,95,
2,87,34,85,42,26,1,1,1,1,1,1,172,104,1
2,8,88,9,50,74,1,1,1,1,1,1,162,69,1
8,70,80,94,40,62,1,1,1,1,1,1,174,180,
2,59,16,51,28,18,1,1,1,1,1,1,110,64,1
32,52,14,43,19,80,1,1,1,1,1,1,132,108,
12,86,4,54,24,32,1,1,1,1,1,1,140,72,1
50,20,73,63,9,59,1,1,1,1,1,1,136,138,
53,6,16,86,87,96,1,1,1,1,1,1,183,161,
75,32,85,73,12,50,1,1,1,1,1,1,160,167,
56,7,20,94,91,54,1,1,1,1,1,1,185,137,
31,58,40,94,80,82,1,1,1,1,1,1,176,209,
43,74,2,50,46,79,1,1,1,1,1,1,153,141,
28,74,29,27,24,84,1,1,1,1,1,1,158,108,
16,54,2,24,57,90,1,1,1,1,1,1,147,96,1
58,88,53,94,56,75,1,1,1,1,1,1,182,242,
68,39,12,19,3,21,1,1,1,1,1,1,107,55,1
90,23,97,36,41,79,1,1,1,1,1,1,187,179,
37,77,26,84,64,2,1,1,1,1,1,1,161,129,
63,47,84,6,46,53,1,1,1,1,1,1,147,152,
3,32,87,69,19,50,1,1,1,1,1,1,156,104,1
53,24,69,73,95,27,1,1,1,1,1,1,168,173,
8,78,22,24,36,49,1,1,1,1,1,1,127,90,
75,68,55,50,76,46,1,1,1,1,1,1,151,219,
69,7,29,27,16,47,1,1,1,1,1,1,116,79,
54,39,12,100,47,33,1,1,1,1,1,1,154,131,
72,83,64,68,6,40,1,1,1,1,1,1,155,178,
13,68,40,73,60,87,1,1,1,1,1,1,160,181,
3,37,99,48,14,4,1,1,1,1,1,1,147,58,1
47,6,94,22,77,45,1,1,1,1,1,1,171,120,
11,53,28,52,54,7,1,1,1,1,1,1,107,98,
89,100,5,33,76,47,1,1,1,1,1,1,189,161,
69,60,39,8,20,72,1,1,1,1,1,1,141,127,
98,76,96,73,97,90,1,1,1,1,1,1,195,335,
88,9,17,39,70,66,1,1,1,1,1,1,158,131,
94,6,92,13,52,88,1,1,1,1,1,1,186,159,
12,99,45,53,73,90,1,1,1,1,1,1,189,183,
54,66,2,47,87,37,1,1,1,1,1,1,153,140,
53,51,99,11,61,30,1,1,1,1,1,1,160,145,
53,76,79,51,21,18,1,1,1,1,1,1,155,143,
29,23,92,46,63,72,1,1,1,1,1,1,164,161,
33,87,55,36,7,80,1,1,1,1,1,1,167,131,
99,19,27,89,15,24,1,1,1,1,1,1,188,85,1
46,22,4,27,5,3,1,1,1,1,1,1,73,34,1
58,45,43,57,5,65,1,1,1,1,1,1,123,150,
86,63,77,36,17,9,1,1,1,1,1,1,163,125,
60,21,37,40,20,93,1,1,1,1,1,1,153,118,
36,85,20,25,62,86,1,1,1,1,1,1,171,143,
22,78,59,27,34,37,1,1,1,1,1,1,137,120,
80,49,58,64,78,14,1,1,1,1,1,1,158,185,
4,62,60,78,68,35,1,1,1,1,1,1,146,161,
55,23,48,96,46,76,1,1,1,1,1,1,172,172,
38,14,20,8,6,24,1,1,1,1,1,1,62,48,
32,49,23,4,39,31,1,1,1,1,1,1,88,90,
21,37,68,25,16,60,1,1,1,1,1,1,128,99,
53,21,46,28,92,6,1,1,1,1,1,1,145,101,
38,3,81,79,74,40,1,1,1,1,1,1,160,155,
43,19,31,15,59,83,1,1,1,1,1,1,142,108,
27,68,36,52,48,42,1,1,1,1,1,1,120,153,
1,91,72,89,4,28,1,1,1,1,1,1,180,105,1
27,56,81,57,53,11,1,1,1,1,1,1,138,147,
25,72,100,9,19,23,1,1,1,1,1,1,172,76,1
32,19,24,40,57,52,1,1,1,1,1,1,109,115,
27,74,36,5,62,26,1,1,1,1,1,1,136,94,
89,52,54,16,57,34,1,1,1,1,1,1,146,156,
75,3,37,11,10,95,1,1,1,1,1,1,170,61,1
41,73,19,5,6,66,1,1,1,1,1,1,139,71,1
62,72,64,21,84,66,1,1,1,1,1,1,156,213,
6,16,33,29,87,24,1,1,1,1,1,1,120,75,1
93,100,77,94,73,32,1,1,1,1,1,1,194,275,
10,72,5,34,1,33,1,1,1,1,1,1,106,49,1
80,83,46,39,13,25,1,1,1,1,1,1,163,123,
70,15,27,33,89,78,1,1,1,1,1,1,167,145,
87,22,23,80,1,72,1,1,1,1,1,1,167,118,
23,50,65,85,7,21,1,1,1,1,1,1,150,101,
94,69,43,9,46,86,1,1,1,1,1,1,180,167,
40,1,15,68,31,63,1,1,1,1,1,1,131,87,1
40,29,48,67,90,19,1,1,1,1,1,1,157,136,
24,89,83,81,98,66,1,1,1,1,1,1,187,254,
99,80,97,76,85,33,1,1,1,1,1,1,196,274,
43,21,94,54,32,35,1,1,1,1,1,1,148,131,
78,65,60,41,71,38,1,1,1,1,1,1,149,204,
37,9,36,13,51,35,1,1,1,1,1,1,88,93,
12,31,82,5,38,61,1,1,1,1,1,1,143,86,1
7,43,97,25,68,46,1,1,1,1,1,1,165,121,
4,48,23,35,45,90,1,1,1,1,1,1,138,107,
26,97,9,28,22,63,1,1,1,1,1,1,160,85,1
21,84,92,20,2,49,1,1,1,1,1,1,176,92,1
67,34,45,94,15,37,1,1,1,1,1,1,161,131,
24,67,25,97,19,45,1,1,1,1,1,1,164,113,
78,56,18,66,67,91,1,1,1,1,1,1,169,207,
78,85,58,67,30,44,1,1,1,1,1,1,163,199,
57,82,20,26,80,62,1,1,1,1,1,1,162,165,
41,84,48,20,9,16,1,1,1,1,1,1,132,86,1
24,30,26,89,19,77,1,1,1,1,1,1,166,99,1
70,45,47,49,67,82,1,1,1,1,1,1,152,208,
100,96,25,38,99,87,1,1,1,1,1,1,199,246,
59,49,41,74,72,58,1,1,1,1,1,1,146,207,
32,16,35,8,64,46,1,1,1,1,1,1,110,91,
31,39,64,32,75,99,1,1,1,1,1,1,174,166,
91,69,58,23,10,89,1,1,1,1,1,1,180,160,
90,13,80,12,10,40,1,1,1,1,1,1,170,75,1
22,94,17,87,32,86,1,1,1,1,1,1,181,157,
72,37,53,44,70,39,1,1,1,1,1,1,142,173,
14,69,86,36,39,6,1,1,1,1,1,1,155,95,1
16,2,42,6,1,82,1,1,1,1,1,1,124,25,1
59,71,84,14,62,67,1,1,1,1,1,1,155,202,
45,25,40,57,12,88,1,1,1,1,1,1,145,122,
22,44,34,6,61,3,1,1,1,1,1,1,105,65,1
37,80,41,87,23,71,1,1,1,1,1,1,167,172,
58,57,53,82,84,88,1,1,1,1,1,1,172,250,
40,91,11,56,8,36,1,1,1,1,1,1,147,95,1
93,37,30,42,18,50,1,1,1,1,1,1,143,127,
6,41,46,11,80,89,1,1,1,1,1,1,169,104,1
3,46,66,27,10,6,1,1,1,1,1,1,112,46,1
60,71,100,90,97,72,1,1,1,1,1,1,197,293,
26,10,76,53,16,14,1,1,1,1,1,1,129,66,1
4,70,14,80,21,9,1,1,1,1,1,1,150,48,1
65,64,21,69,49,77,1,1,1,1,1,1,146,199,
55,63,62,26,16,39,1,1,1,1,1,1,125,136,
3,69,76,43,68,31,1,1,1,1,1,1,145,145,
88,34,77,35,55,11,1,1,1,1,1,1,165,135,
89,29,76,96,19,12,1,1,1,1,1,1,185,136,
52,31,20,36,89,98,1,1,1,1,1,1,187,139,
16,8,71,26,89,75,1,1,1,1,1,1,164,121,
1,15,98,91,75,50,1,1,1,1,1,1,189,141,
97,40,20,49,100,27,1,1,1,1,1,1,197,136,
30,42,20,64,94,68,1,1,1,1,1,1,162,156,
58,23,69,11,34,26,1,1,1,1,1,1,127,94,
4,85,65,19,82,76,1,1,1,1,1,1,167,164,
89,87,51,40,75,97,1,1,1,1,1,1,186,253,
19,43,58,77,52,84,1,1,1,1,1,1,161,172,
17,66,11,10,15,94,1,1,1,1,1,1,160,53,1
6,38,15,42,43,91,1,1,1,1,1,1,134,101,
59,69,98,37,30,8,1,1,1,1,1,1,167,134,
24,14,72,39,28,16,1,1,1,1,1,1,111,82,
35,43,53,30,56,87,1,1,1,1,1,1,143,161,
48,7,51,60,59,50,1,1,1,1,1,1,119,156,
83,75,48,68,60,98,1,1,1,1,1,1,181,251,
3,84,86,42,90,56,1,1,1,1,1,1,176,185,
86,74,5,35,15,54,1,1,1,1,1,1,160,109,
9,81,64,40,83,70,1,1,1,1,1,1,164,183,
57,93,63,20,52,21,1,1,1,1,1,1,156,150,
85,2,7,64,98,20,1,1,1,1,1,1,183,93,1
91,95,45,52,14,72,1,1,1,1,1,1,186,183,
22,54,9,85,63,92,1,1,1,1,1,1,177,148,
6,17,86,26,52,18,1,1,1,1,1,1,138,67,1
57,66,47,7,87,64,1,1,1,1,1,1,153,175,
31,63,36,96,77,26,1,1,1,1,1,1,173,156,
87,74,34,56,80,38,1,1,1,1,1,1,167,202,
22,3,45,7,76,84,1,1,1,1,1,1,160,77,1
88,93,46,78,6,38,1,1,1,1,1,1,181,168,
56,70,31,6,63,14,1,1,1,1,1,1,133,107,
5,8,10,52,83,13,1,1,1,1,1,1,135,36,1
75,14,4,72,37,16,1,1,1,1,1,1,147,71,1
62,46,97,5,43,83,1,1,1,1,1,1,180,156,
8,12,75,4,87,25,1,1,1,1,1,1,162,49,1
55,91,31,75,76,69,1,1,1,1,1,1,167,230,
55,9,43,11,58,53,1,1,1,1,1,1,113,116,
92,74,99,27,73,32,1,1,1,1,1,1,191,206,
63,87,51,79,38,41,1,1,1,1,1,1,166,193,
6,33,32,82,25,31,1,1,1,1,1,1,115,94,
31,98,51,42,40,25,1,1,1,1,1,1,149,138,
70,57,75,91,26,84,1,1,1,1,1,1,175,228,
92,13,3,83,79,59,1,1,1,1,1,1,175,154,
73,25,92,54,91,35,1,1,1,1,1,1,183,187,
68,63,28,38,6,23,1,1,1,1,1,1,131,95,
46,83,97,65,12,4,1,1,1,1,1,1,180,127,
85,73,92,96,22,50,1,1,1,1,1,1,188,230,
55,16,66,75,70,85,1,1,1,1,1,1,160,207,
100,19,46,29,61,40,1,1,1,1,1,1,161,134,
92,18,10,58,88,3,1,1,1,1,1,1,180,89,1
18,94,50,100,13,64,1,1,1,1,1,1,194,145,
75,69,11,12,41,61,1,1,1,1,1,1,144,125,
20,54,37,58,71,28,1,1,1,1,1,1,129,139,
41,31,26,88,91,2,1,1,1,1,1,1,179,100,1
35,54,2,38,23,7,1,1,1,1,1,1,92,67,
75,98,51,44,7,52,1,1,1,1,1,1,173,154,
67,78,28,49,92,22,1,1,1,1,1,1,170,166,
41,61,80,8,21,96,1,1,1,1,1,1,176,131,
34,38,60,9,69,51,1,1,1,1,1,1,129,132,
5,35,48,27,70,14,1,1,1,1,1,1,118,81,
86,28,52,48,80,10,1,1,1,1,1,1,166,138,
5,45,28,29,96,46,1,1,1,1,1,1,142,107,
92,38,19,67,64,51,1,1,1,1,1,1,159,172,
49,4,95,13,15,89,1,1,1,1,1,1,184,81,1
19,84,88,15,89,53,1,1,1,1,1,1,177,171,
12,79,97,26,64,86,1,1,1,1,1,1,183,181,
50,94,33,37,55,82,1,1,1,1,1,1,176,175,
69,99,72,59,29,55,1,1,1,1,1,1,171,212,
6,30,36,34,59,48,1,1,1,1,1,1,107,106,
82,98,74,34,69,78,1,1,1,1,1,1,180,255,
84,45,79,43,2,89,1,1,1,1,1,1,173,169,
87,55,45,25,68,11,1,1,1,1,1,1,155,136,
80,42,83,69,53,34,1,1,1,1,1,1,163,198,
75,78,92,60,1,6,1,1,1,1,1,1,170,142,
45,18,10,59,13,64,1,1,1,1,1,1,123,86,
80,74,95,16,97,57,1,1,1,1,1,1,192,227,
70,91,22,78,2,34,1,1,1,1,1,1,169,128,
54,26,96,74,53,42,1,1,1,1,1,1,170,175,
65,42,56,10,43,71,1,1,1,1,1,1,136,151,
22,42,84,2,9,77,1,1,1,1,1,1,161,75,1
29,4,16,5,27,43,1,1,1,1,1,1,72,52,
54,94,19,35,31,65,1,1,1,1,1,1,159,139,
13,32,14,93,70,59,1,1,1,1,1,1,163,118,
32,20,14,27,94,64,1,1,1,1,1,1,158,93,1
74,36,14,43,28,64,1,1,1,1,1,1,138,121,
44,35,17,76,13,45,1,1,1,1,1,1,121,109,
33,64,85,11,41,93,1,1,1,1,1,1,178,149,
82,33,71,94,76,42,1,1,1,1,1,1,176,222,
9,54,7,100,23,18,1,1,1,1,1,1,154,57,1
46,34,92,100,52,56,1,1,1,1,1,1,192,188,
33,92,5,84,2,59,1,1,1,1,1,1,176,99,1
88,75,53,84,24,29,1,1,1,1,1,1,172,181,
4,99,26,73,63,100,1,1,1,1,1,1,199,166,
13,25,6,35,55,75,1,1,1,1,1,1,130,79,1
40,48,79,46,44,29,1,1,1,1,1,1,127,159,
30,99,55,32,18,72,1,1,1,1,1,1,171,135,
99,68,40,71,39,74,1,1,1,1,1,1,173,218,
36,37,2,28,46,40,1,1,1,1,1,1,86,103,
84,96,78,3,45,18,1,1,1,1,1,1,180,144,
58,8,1,91,5,40,1,1,1,1,1,1,149,54,1
34,15,18,68,95,99,1,1,1,1,1,1,194,135,
92,59,48,76,24,26,1,1,1,1,1,1,168,157,
56,66,16,97,94,77,1,1,1,1,1,1,191,215,
33,9,57,87,68,94,1,1,1,1,1,1,181,167,
75,36,33,76,61,81,1,1,1,1,1,1,157,205,
91,73,5,79,56,99,1,1,1,1,1,1,190,213,
66,43,99,16,59,86,1,1,1,1,1,1,185,184,
15,97,78,54,43,8,1,1,1,1,1,1,175,120,
56,11,87,29,43,53,1,1,1,1,1,1,143,136,
80,28,22,94,50,30,1,1,1,1,1,1,174,130,
21,33,4,10,91,75,1,1,1,1,1,1,166,68,1
49,7,97,5,9,29,1,1,1,1,1,1,146,50,1
96,50,69,25,75,34,1,1,1,1,1,1,171,178,
85,12,43,82,52,34,1,1,1,1,1,1,167,141,
54,80,79,34,19,14,1,1,1,1,1,1,159,121,
72,69,96,90,97,60,1,1,1,1,1,1,193,291,
58,28,39,11,72,36,1,1,1,1,1,1,130,114,
80,57,98,35,59,53,1,1,1,1,1,1,178,204,
38,26,15,11,47,98,1,1,1,1,1,1,145,90,1
28,15,8,60,5,83,1,1,1,1,1,1,143,56,1
47,42,86,49,4,51,1,1,1,1,1,1,137,142,
18,56,31,62,46,24,1,1,1,1,1,1,118,119,
16,48,97,37,96,84,1,1,1,1,1,1,193,185,
56,90,6,4,37,3,1,1,1,1,1,1,146,50,1
63,16,77,25,21,41,1,1,1,1,1,1,140,103,
8,27,81,6,100,23,1,1,1,1,1,1,181,64,1
38,59,21,80,32,46,1,1,1,1,1,1,139,137,
25,14,88,49,6,79,1,1,1,1,1,1,167,94,1
13,69,77,63,57,39,1,1,1,1,1,1,146,172,
71,77,99,86,22,15,1,1,1,1,1,1,185,185,
30,25,28,1,31,35,1,1,1,1,1,1,66,84,
51,25,74,47,36,14,1,1,1,1,1,1,125,122,
29,58,60,61,80,84,1,1,1,1,1,1,164,208,
95,76,72,49,44,54,1,1,1,1,1,1,171,219,
69,76,36,14,20,7,1,1,1,1,1,1,145,77,1
75,42,97,90,16,51,1,1,1,1,1,1,187,184,
26,49,15,19,1,62,1,1,1,1,1,1,111,61,1
30,36,63,53,24,77,1,1,1,1,1,1,140,143,
21,59,85,87,3,81,1,1,1,1,1,1,172,164,
37,15,9,45,46,64,1,1,1,1,1,1,110,106,
53,72,80,91,46,22,1,1,1,1,1,1,171,193,
20,70,18,91,31,52,1,1,1,1,1,1,161,121,
46,61,9,36,1,88,1,1,1,1,1,1,149,92,1
43,92,71,95,62,87,1,1,1,1,1,1,187,263,
34,10,40,96,77,12,1,1,1,1,1,1,173,96,1
12,6,69,19,17,89,1,1,1,1,1,1,158,54,1
61,28,14,79,9,76,1,1,1,1,1,1,155,112,
49,55,23,1,42,2,1,1,1,1,1,1,104,68,1
9,47,77,40,37,72,1,1,1,1,1,1,149,133,
23,35,58,9,56,81,1,1,1,1,1,1,139,123,
24,11,77,43,39,59,1,1,1,1,1,1,136,117,
25,31,50,44,38,29,1,1,1,1,1,1,94,123,
52,26,63,96,45,100,1,1,1,1,1,1,196,186,
35,43,50,98,34,63,1,1,1,1,1,1,161,162,
67,17,64,37,73,62,1,1,1,1,1,1,140,180,
29,52,86,1,48,46,1,1,1,1,1,1,138,124,
27,55,72,15,36,89,1,1,1,1,1,1,161,133,
82,34,79,5,7,28,1,1,1,1,1,1,161,74,1
18,83,54,62,51,70,1,1,1,1,1,1,153,185,
8,79,81,97,93,47,1,1,1,1,1,1,190,215,
33,80,76,44,7,81,1,1,1,1,1,1,161,160,
47,62,88,33,42,100,1,1,1,1,1,1,188,184,
18,68,5,10,34,33,1,1,1,1,1,1,102,66,1
76,90,16,39,100,51,1,1,1,1,1,1,190,182,
77,64,99,14,42,27,1,1,1,1,1,1,176,147,
45,30,42,81,9,72,1,1,1,1,1,1,153,126,
100,58,34,9,24,23,1,1,1,1,1,1,158,90,1
33,8,49,96,54,30,1,1,1,1,1,1,150,120,
47,4,7,36,87,6,1,1,1,1,1,1,134,53,1
62,52,78,88,7,9,1,1,1,1,1,1,166,130,
25,21,24,42,14,16,1,1,1,1,1,1,67,75,
72,55,67,52,89,81,1,1,1,1,1,1,170,246,
52,28,43,55,27,6,1,1,1,1,1,1,107,104,
82,11,76,73,23,17,1,1,1,1,1,1,158,124,
18,27,60,6,13,99,1,1,1,1,1,1,159,64,1
90,85,60,30,82,61,1,1,1,1,1,1,175,233,
56,18,77,17,50,79,1,1,1,1,1,1,156,141,
75,53,19,23,54,42,1,1,1,1,1,1,129,137,
98,74,13,53,69,96,1,1,1,1,1,1,194,209,
70,35,75,50,69,20,1,1,1,1,1,1,145,174,
51,43,74,81,82,18,1,1,1,1,1,1,163,186,
93,19,58,48,65,34,1,1,1,1,1,1,158,159,
35,15,90,87,91,96,1,1,1,1,1,1,187,227,
57,21,5,92,96,50,1,1,1,1,1,1,188,133,
61,42,31,66,32,68,1,1,1,1,1,1,134,166,
3,94,45,54,40,91,1,1,1,1,1,1,185,142,
85,24,90,6,23,73,1,1,1,1,1,1,175,126,
37,58,57,82,73,21,1,1,1,1,1,1,155,173,
48,22,51,60,23,90,1,1,1,1,1,1,150,144,
84,38,68,20,52,55,1,1,1,1,1,1,152,165,
18,11,79,58,94,31,1,1,1,1,1,1,173,118,
67,35,63,66,29,86,1,1,1,1,1,1,153,193,
87,20,50,46,72,57,1,1,1,1,1,1,159,173,
98,62,36,45,43,68,1,1,1,1,1,1,166,186,
87,62,50,90,51,12,1,1,1,1,1,1,177,175,
76,94,56,2,37,79,1,1,1,1,1,1,173,171,
65,100,96,78,39,1,1,1,1,1,1,1,196,183,
6,28,11,65,81,72,1,1,1,1,1,1,153,110,
52,68,2,32,45,16,1,1,1,1,1,1,120,95,
10,27,33,69,97,60,1,1,1,1,1,1,166,130,
42,83,91,100,75,7,1,1,1,1,1,1,191,207,
14,78,5,44,8,86,1,1,1,1,1,1,164,71,1
20,58,49,42,38,94,1,1,1,1,1,1,152,149,
10,47,9,51,75,54,1,1,1,1,1,1,129,117,
26,35,2,77,10,4,1,1,1,1,1,1,112,42,1
55,49,13,67,11,89,1,1,1,1,1,1,156,128,
1,70,6,26,81,60,1,1,1,1,1,1,151,93,1
95,61,63,65,99,30,1,1,1,1,1,1,194,219,
75,56,100,73,20,58,1,1,1,1,1,1,175,207,
79,100,74,96,36,5,1,1,1,1,1,1,196,194,
70,55,25,98,62,41,1,1,1,1,1,1,168,183,
2,75,38,60,87,37,1,1,1,1,1,1,162,137,
36,19,20,66,43,54,1,1,1,1,1,1,120,118,
57,50,79,48,85,88,1,1,1,1,1,1,173,234,
70,66,49,2,84,71,1,1,1,1,1,1,155,187,
6,96,92,72,70,58,1,1,1,1,1,1,188,206,
57,59,24,77,70,8,1,1,1,1,1,1,147,148,
96,79,8,37,33,59,1,1,1,1,1,1,175,137,
39,100,69,14,68,12,1,1,1,1,1,1,169,133,
65,6,89,98,73,40,1,1,1,1,1,1,187,184,
32,55,47,91,51,90,1,1,1,1,1,1,181,185,
72,70,90,9,93,65,1,1,1,1,1,1,183,216,
35,7,60,69,25,89,1,1,1,1,1,1,158,127,
6,12,48,80,83,50,1,1,1,1,1,1,163,116,
53,52,37,86,63,84,1,1,1,1,1,1,170,205,
67,87,75,1,9,81,1,1,1,1,1,1,168,152,
7,46,18,20,34,59,1,1,1,1,1,1,105,79,
43,59,30,51,65,100,1,1,1,1,1,1,165,183,
21,67,24,81,58,6,1,1,1,1,1,1,148,109,
44,13,14,50,93,98,1,1,1,1,1,1,191,121,1
61,45,53,51,49,39,1,1,1,1,1,1,114,184,
64,57,46,88,58,5,1,1,1,1,1,1,152,166,
62,100,68,47,66,26,1,1,1,1,1,1,168,201,
46,51,40,99,13,73,1,1,1,1,1,1,172,150,
39,33,59,92,53,16,1,1,1,1,1,1,151,141,
9,73,43,17,22,42,1,1,1,1,1,1,116,90,
13,23,35,7,86,43,1,1,1,1,1,1,129,78,1
44,68,25,65,56,1,1,1,1,1,1,1,133,126,
4,21,36,7,9,93,1,1,1,1,1,1,129,41,1
4,78,99,10,79,42,1,1,1,1,1,1,178,134,
54,98,57,38,95,24,1,1,1,1,1,1,193,173,
20,92,53,15,83,89,1,1,1,1,1,1,181,171,
60,52,66,34,47,95,1,1,1,1,1,1,161,193,
46,61,42,10,98,25,1,1,1,1,1,1,159,123,
43,28,63,40,78,26,1,1,1,1,1,1,141,137,
12,24,71,29,86,81,1,1,1,1,1,1,167,136,
37,13,98,82,9,22,1,1,1,1,1,1,180,81,1
72,54,93,7,23,96,1,1,1,1,1,1,189,156,
93,29,54,67,3,47,1,1,1,1,1,1,160,133,
6,33,45,71,15,46,1,1,1,1,1,1,117,99,
68,58,67,8,24,79,1,1,1,1,1,1,147,157,
58,7,16,68,29,23,1,1,1,1,1,1,126,75,1
83,33,46,51,24,91,1,1,1,1,1,1,174,154,
78,42,29,52,40,1,1,1,1,1,1,1,130,112,
33,27,13,89,80,65,1,1,1,1,1,1,169,138,
39,67,37,49,40,63,1,1,1,1,1,1,130,165,
82,99,38,2,52,78,1,1,1,1,1,1,181,170,
11,96,60,2,83,84,1,1,1,1,1,1,180,156,
38,18,99,84,53,63,1,1,1,1,1,1,183,172,
4,91,59,39,52,93,1,1,1,1,1,1,184,154,
17,1,82,5,79,25,1,1,1,1,1,1,161,48,1
56,53,45,46,44,26,1,1,1,1,1,1,109,161,
12,88,25,82,83,26,1,1,1,1,1,1,171,145,
68,66,44,38,75,61,1,1,1,1,1,1,143,209,
24,75,50,60,53,62,1,1,1,1,1,1,137,187,
64,75,94,37,74,10,1,1,1,1,1,1,169,185,
68,86,19,11,44,3,1,1,1,1,1,1,154,77,1
71,50,76,1,42,4,1,1,1,1,1,1,147,97,1
78,61,77,3,69,47,1,1,1,1,1,1,155,180,
66,61,70,27,19,91,1,1,1,1,1,1,161,173,
28,68,10,97,90,96,1,1,1,1,1,1,193,196,
67,9,83,33,98,65,1,1,1,1,1,1,181,174,
34,86,22,84,82,3,1,1,1,1,1,1,170,141,
82,28,8,47,27,14,1,1,1,1,1,1,129,77,1
3,7,26,55,41,96,1,1,1,1,1,1,151,77,1
11,3,69,63,75,64,1,1,1,1,1,1,144,141,
84,34,88,33,29,69,1,1,1,1,1,1,172,165,
97,42,60,100,50,20,1,1,1,1,1,1,197,172,
69,13,28,92,90,48,1,1,1,1,1,1,182,158,
83,84,99,73,37,54,1,1,1,1,1,1,183,247,
57,95,1,20,84,59,1,1,1,1,1,1,179,137,
23,1,59,52,92,3,1,1,1,1,1,1,151,79,1
61,1,65,85,51,98,1,1,1,1,1,1,183,178,
23,32,33,86,26,20,1,1,1,1,1,1,119,101,
21,78,11,72,93,51,1,1,1,1,1,1,171,155,
56,23,27,16,31,67,1,1,1,1,1,1,123,97,
2,86,43,26,33,4,1,1,1,1,1,1,129,65,1
52,83,44,86,36,8,1,1,1,1,1,1,169,140,
6,11,48,42,37,65,1,1,1,1,1,1,113,96,
84,52,10,40,99,69,1,1,1,1,1,1,183,171,
78,37,95,72,7,25,1,1,1,1,1,1,173,141,
41,48,50,91,89,58,1,1,1,1,1,1,180,197,
73,31,38,53,80,63,1,1,1,1,1,1,153,185,
79,42,28,55,40,8,1,1,1,1,1,1,134,118,
32,79,64,87,92,76,1,1,1,1,1,1,179,251,
4,51,34,95,68,52,1,1,1,1,1,1,163,141,
39,74,49,77,20,92,1,1,1,1,1,1,169,182,
22,4,43,98,74,31,1,1,1,1,1,1,172,100,1
38,79,85,47,68,81,1,1,1,1,1,1,166,232,
41,53,27,30,91,92,1,1,1,1,1,1,183,151,
66,26,42,94,11,77,1,1,1,1,1,1,171,145,
72,8,51,93,92,94,1,1,1,1,1,1,187,223,
78,94,64,81,42,5,1,1,1,1,1,1,175,189,
32,21,46,29,68,95,1,1,1,1,1,1,163,128,
85,84,52,14,87,25,1,1,1,1,1,1,172,175,
94,69,91,53,58,61,1,1,1,1,1,1,185,241,
12,38,95,62,11,67,1,1,1,1,1,1,162,123,
18,21,2,83,86,43,1,1,1,1,1,1,169,84,1
29,97,73,54,37,52,1,1,1,1,1,1,170,172,
13,87,51,47,97,53,1,1,1,1,1,1,184,164,
98,57,59,28,75,42,1,1,1,1,1,1,173,186,
33,21,48,19,32,96,1,1,1,1,1,1,144,105,
56,14,100,52,8,16,1,1,1,1,1,1,156,90,1
11,66,1,79,51,85,1,1,1,1,1,1,164,129,
59,74,3,18,70,80,1,1,1,1,1,1,154,150,
85,94,98,88,64,47,1,1,1,1,1,1,192,284,
49,87,8,25,55,89,1,1,1,1,1,1,176,137,
20,45,73,96,51,95,1,1,1,1,1,1,191,189,
74,37,7,36,38,87,1,1,1,1,1,1,161,118,
4,18,37,32,79,10,1,1,1,1,1,1,116,64,1
57,81,7,53,94,100,1,1,1,1,1,1,194,198,
23,84,96,10,4,79,1,1,1,1,1,1,180,116,1
2,68,66,97,20,23,1,1,1,1,1,1,165,111,
12,19,91,66,4,86,1,1,1,1,1,1,177,101,1
13,6,40,85,49,37,1,1,1,1,1,1,134,96,
55,93,47,76,80,87,1,1,1,1,1,1,180,258,
49,95,6,39,33,46,1,1,1,1,1,1,144,124,
25,73,50,6,23,20,1,1,1,1,1,1,123,74,1
71,73,69,48,59,86,1,1,1,1,1,1,159,247,
18,48,27,71,3,63,1,1,1,1,1,1,134,96,
4,78,58,73,16,79,1,1,1,1,1,1,157,151,
19,100,59,60,44,34,1,1,1,1,1,1,160,156,
46,82,48,97,73,11,1,1,1,1,1,1,179,178,
58,9,25,81,95,91,1,1,1,1,1,1,186,173,
64,94,36,68,75,28,1,1,1,1,1,1,169,196,
100,87,8,62,89,66,1,1,1,1,1,1,189,223,
79,78,83,24,7,92,1,1,1,1,1,1,175,188,
77,71,53,28,32,45,1,1,1,1,1,1,148,158,
71,33,36,73,44,21,1,1,1,1,1,1,144,134,
6,47,37,83,79,75,1,1,1,1,1,1,162,165,
15,2,54,22,78,59,1,1,1,1,1,1,137,93,
99,79,61,34,60,45,1,1,1,1,1,1,178,200,
74,83,88,39,42,96,1,1,1,1,1,1,184,238,
31,85,80,37,35,5,1,1,1,1,1,1,165,108,1
27,18,69,25,65,28,1,1,1,1,1,1,134,98,
64,68,9,35,22,45,1,1,1,1,1,1,132,111,
32,75,48,60,81,5,1,1,1,1,1,1,156,145,
56,75,91,57,21,73,1,1,1,1,1,1,166,207,
16,80,7,14,67,1,1,1,1,1,1,1,147,38,1
19,73,1,33,13,38,1,1,1,1,1,1,111,66,1
13,78,94,75,91,57,1,1,1,1,1,1,185,223,
81,12,85,25,36,9,1,1,1,1,1,1,166,82,1
59,8,40,17,92,5,1,1,1,1,1,1,151,70,1
89,50,75,62,47,35,1,1,1,1,1,1,164,194,
90,67,65,28,79,46,1,1,1,1,1,1,169,206,
13,16,95,72,73,99,1,1,1,1,1,1,194,174,
74,10,30,31,38,25,1,1,1,1,1,1,112,96,
75,59,60,39,64,28,1,1,1,1,1,1,139,186,
73,48,47,9,77,100,1,1,1,1,1,1,177,177,
24,50,25,45,30,20,1,1,1,1,1,1,95,99,
77,4,37,72,91,52,1,1,1,1,1,1,168,165,
44,16,86,8,5,33,1,1,1,1,1,1,130,62,1
50,44,52,45,42,81,1,1,1,1,1,1,133,181,
69,72,16,79,5,60,1,1,1,1,1,1,151,150,
60,44,99,81,71,87,1,1,1,1,1,1,186,256,
58,47,49,88,55,39,1,1,1,1,1,1,146,190,
59,37,70,38,45,22,1,1,1,1,1,1,129,142,
94,6,8,97,74,31,1,1,1,1,1,1,191,119,1
67,16,8,45,18,54,1,1,1,1,1,1,121,87,
29,28,79,53,43,77,1,1,1,1,1,1,156,153,
51,41,87,6,36,37,1,1,1,1,1,1,138,120,
4,3,76,56,94,62,1,1,1,1,1,1,170,125,
89,48,15,98,27,54,1,1,1,1,1,1,187,144,
60,26,38,30,55,95,1,1,1,1,1,1,155,149,
18,52,95,97,14,3,1,1,1,1,1,1,192,87,1
1,45,25,18,71,64,1,1,1,1,1,1,135,89,1
43,77,34,98,40,2,1,1,1,1,1,1,175,119,
15,52,45,88,27,30,1,1,1,1,1,1,140,117,
75,7,51,30,18,94,1,1,1,1,1,1,169,106,1
38,34,32,78,45,18,1,1,1,1,1,1,123,122,
99,64,85,81,33,77,1,1,1,1,1,1,184,255,
71,77,4,50,85,44,1,1,1,1,1,1,162,169,
12,97,5,92,3,29,1,1,1,1,1,1,189,49,1
69,80,85,66,61,58,1,1,1,1,1,1,165,254,
12,89,38,44,2,90,1,1,1,1,1,1,179,96,1
60,98,79,37,50,22,1,1,1,1,1,1,177,169,
70,7,94,43,8,51,1,1,1,1,1,1,164,109,1
5,60,7,30,76,80,1,1,1,1,1,1,156,102,1
65,29,37,23,7,9,1,1,1,1,1,1,102,68,1
30,90,35,36,55,87,1,1,1,1,1,1,177,156,
60,2,30,3,71,4,1,1,1,1,1,1,131,39,1
67,44,81,62,87,58,1,1,1,1,1,1,168,231,
65,26,4,3,70,39,1,1,1,1,1,1,135,72,1
98,16,19,82,61,72,1,1,1,1,1,1,180,168,
88,20,44,66,64,33,1,1,1,1,1,1,154,161,
2,26,92,64,66,79,1,1,1,1,1,1,171,158,
51,14,94,25,39,93,1,1,1,1,1,1,187,129,
92,39,13,87,8,73,1,1,1,1,1,1,179,133,
58,90,34,66,97,48,1,1,1,1,1,1,187,206,
15,32,89,2,26,24,1,1,1,1,1,1,121,67,1
94,25,49,3,80,36,1,1,1,1,1,1,174,113,1
79,87,43,37,19,72,1,1,1,1,1,1,166,171,
50,72,90,100,79,12,1,1,1,1,1,1,190,213,
17,50,67,10,8,65,1,1,1,1,1,1,132,85,1
5,28,91,30,82,32,1,1,1,1,1,1,173,95,1
96,54,53,34,79,98,1,1,1,1,1,1,194,220,
81,99,52,9,46,59,1,1,1,1,1,1,180,166,
10,13,77,16,69,93,1,1,1,1,1,1,170,108,1
98,52,8,1,66,63,1,1,1,1,1,1,164,124,
74,69,47,67,94,45,1,1,1,1,1,1,168,228,
2,71,13,24,17,25,1,1,1,1,1,1,96,56,1
16,5,26,92,82,24,1,1,1,1,1,1,174,71,1
3,56,47,57,12,26,1,1,1,1,1,1,113,88,
95,70,36,90,99,8,1,1,1,1,1,1,194,204,
15,33,37,87,79,12,1,1,1,1,1,1,166,97,1
27,16,46,10,90,86,1,1,1,1,1,1,176,99,1
42,65,73,3,98,96,1,1,1,1,1,1,194,183,
66,60,81,45,43,94,1,1,1,1,1,1,175,214,
77,76,41,51,96,82,1,1,1,1,1,1,178,245,
93,7,27,6,37,35,1,1,1,1,1,1,130,75,1
19,30,60,70,12,73,1,1,1,1,1,1,143,121,
82,30,56,79,41,46,1,1,1,1,1,1,161,173,
78,93,88,52,83,87,1,1,1,1,1,1,181,300,
98,99,16,76,63,50,1,1,1,1,1,1,197,205,
22,67,93,72,76,44,1,1,1,1,1,1,169,205,
8,56,85,71,97,61,1,1,1,1,1,1,182,196,
22,35,95,5,51,29,1,1,1,1,1,1,146,91,1
41,9,95,10,19,99,1,1,1,1,1,1,194,79,1
94,89,2,38,14,11,1,1,1,1,1,1,183,65,1
56,93,59,33,31,29,1,1,1,1,1,1,152,149,
13,80,14,89,86,34,1,1,1,1,1,1,175,141,
50,91,2,76,99,40,1,1,1,1,1,1,190,168,
86,60,30,98,82,42,1,1,1,1,1,1,184,214,
33,54,70,17,39,35,1,1,1,1,1,1,124,124,
91,39,97,17,60,26,1,1,1,1,1,1,188,142,
19,26,7,52,63,30,1,1,1,1,1,1,115,82,
20,44,61,55,32,62,1,1,1,1,1,1,123,151,
87,63,39,74,43,28,1,1,1,1,1,1,161,173,
57,43,96,61,27,35,1,1,1,1,1,1,157,162,
91,24,64,99,29,86,1,1,1,1,1,1,190,203,
55,51,98,68,16,2,1,1,1,1,1,1,166,124,
28,51,8,98,85,77,1,1,1,1,1,1,183,164,
16,30,53,94,33,96,1,1,1,1,1,1,190,132,
90,2,51,47,88,30,1,1,1,1,1,1,178,130,
45,56,83,73,30,61,1,1,1,1,1,1,156,192,
7,42,28,41,1,31,1,1,1,1,1,1,83,67,
58,31,85,55,67,39,1,1,1,1,1,1,152,183,
34,94,47,32,87,26,1,1,1,1,1,1,181,139,
89,12,40,63,42,49,1,1,1,1,1,1,152,143,
86,99,89,13,23,93,1,1,1,1,1,1,192,211,
37,99,21,43,63,33,1,1,1,1,1,1,162,134,
45,18,70,100,68,25,1,1,1,1,1,1,170,156,
27,10,43,53,90,76,1,1,1,1,1,1,166,133,
14,53,59,32,57,26,1,1,1,1,1,1,116,125,
80,34,46,66,60,54,1,1,1,1,1,1,146,194,
80,56,45,47,53,73,1,1,1,1,1,1,153,201,
42,72,89,78,7,17,1,1,1,1,1,1,167,138,
66,61,25,68,83,59,1,1,1,1,1,1,151,211,
64,87,37,49,76,24,1,1,1,1,1,1,163,174,
78,1,92,5,84,21,1,1,1,1,1,1,176,105,1
12,18,54,35,94,91,1,1,1,1,1,1,185,119,1
32,57,65,19,12,7,1,1,1,1,1,1,122,70,1
61,70,3,79,86,11,1,1,1,1,1,1,165,145,
45,71,53,52,100,16,1,1,1,1,1,1,171,166,
69,59,75,38,70,85,1,1,1,1,1,1,160,236,
38,25,98,9,13,31,1,1,1,1,1,1,136,78,1
33,34,8,14,83,40,1,1,1,1,1,1,123,89,
50,33,57,22,6,71,1,1,1,1,1,1,128,111,
79,26,91,8,29,90,1,1,1,1,1,1,181,142,
17,9,98,28,77,60,1,1,1,1,1,1,175,114,1
61,43,50,95,47,21,1,1,1,1,1,1,156,161,
50,65,31,55,24,11,1,1,1,1,1,1,120,116,
3,13,89,10,18,25,1,1,1,1,1,1,114,44,1
61,24,73,69,82,59,1,1,1,1,1,1,155,213,
78,75,61,79,31,21,1,1,1,1,1,1,157,188,
14,20,95,39,44,88,1,1,1,1,1,1,183,117,1
45,71,15,42,64,100,1,1,1,1,1,1,171,166,
10,97,79,82,47,2,1,1,1,1,1,1,179,138,
46,57,63,54,90,71,1,1,1,1,1,1,161,220,
73,47,62,67,51,43,1,1,1,1,1,1,140,203,
77,7,74,60,72,90,1,1,1,1,1,1,167,213,
79,60,58,16,57,69,1,1,1,1,1,1,148,191,
16,17,72,68,49,34,1,1,1,1,1,1,140,116,
33,82,69,66,2,75,1,1,1,1,1,1,157,170,
14,70,23,56,60,43,1,1,1,1,1,1,130,136,
11,85,90,96,66,36,1,1,1,1,1,1,186,198,
55,72,10,36,35,81,1,1,1,1,1,1,153,136,
64,25,99,20,7,87,1,1,1,1,1,1,186,116,1
29,87,25,10,20,30,1,1,1,1,1,1,117,84,
47,83,58,33,76,37,1,1,1,1,1,1,159,175,
43,17,55,61,23,71,1,1,1,1,1,1,132,138,
40,51,1,13,27,83,1,1,1,1,1,1,134,81,1
87,25,52,44,71,30,1,1,1,1,1,1,158,151,
32,76,3,31,100,10,1,1,1,1,1,1,176,76,1
92,78,5,42,99,86,1,1,1,1,1,1,191,211,
21,90,9,44,31,26,1,1,1,1,1,1,134,87,1
24,95,45,19,79,21,1,1,1,1,1,1,174,109,1
25,38,92,73,26,59,1,1,1,1,1,1,165,148,
57,96,74,79,45,94,1,1,1,1,1,1,190,255,
75,58,97,95,53,25,1,1,1,1,1,1,192,211,
55,56,81,95,10,27,1,1,1,1,1,1,176,148,
100,93,24,23,17,53,1,1,1,1,1,1,193,117,1
83,90,49,82,40,73,1,1,1,1,1,1,173,244,
58,67,45,75,33,3,1,1,1,1,1,1,142,139,
82,34,100,68,12,93,1,1,1,1,1,1,193,196,
88,54,65,77,60,68,1,1,1,1,1,1,165,247,
13,12,95,2,74,25,1,1,1,1,1,1,169,52,1
15,28,4,14,95,47,1,1,1,1,1,1,142,61,1
73,51,38,36,67,46,1,1,1,1,1,1,140,171,
79,20,33,87,3,93,1,1,1,1,1,1,180,135,
73,49,28,21,86,100,1,1,1,1,1,1,186,171,
43,90,51,46,40,3,1,1,1,1,1,1,141,132,
62,81,82,58,97,93,1,1,1,1,1,1,190,283,
53,67,87,1,18,88,1,1,1,1,1,1,175,139,
51,38,62,30,34,6,1,1,1,1,1,1,113,108,
72,74,86,56,37,1,1,1,1,1,1,1,160,166,
24,53,16,99,80,17,1,1,1,1,1,1,179,110,1
100,75,17,13,62,27,1,1,1,1,1,1,175,119,
64,89,19,37,77,5,1,1,1,1,1,1,166,125,
6,65,52,15,73,82,1,1,1,1,1,1,155,138,
54,87,92,36,46,39,1,1,1,1,1,1,179,175,
77,21,17,22,98,12,1,1,1,1,1,1,175,72,1
58,100,39,62,85,31,1,1,1,1,1,1,185,190,
33,83,85,51,55,5,1,1,1,1,1,1,168,144,
74,28,7,70,67,90,1,1,1,1,1,1,164,172,
86,5,99,71,1,51,1,1,1,1,1,1,185,128,
65,49,24,9,47,98,1,1,1,1,1,1,163,129,
44,82,89,21,95,25,1,1,1,1,1,1,184,172,
44,63,18,75,19,67,1,1,1,1,1,1,142,144,
38,66,29,11,47,67,1,1,1,1,1,1,133,125,
2,28,63,57,99,69,1,1,1,1,1,1,168,150,
30,15,38,39,83,20,1,1,1,1,1,1,122,103,
30,44,17,74,42,2,1,1,1,1,1,1,118,91,
99,2,55,86,97,82,1,1,1,1,1,1,196,225,
58,38,91,57,65,52,1,1,1,1,1,1,156,205,
8,73,79,100,50,64,1,1,1,1,1,1,179,195,
83,74,36,27,89,37,1,1,1,1,1,1,172,174,
9,59,23,43,55,91,1,1,1,1,1,1,150,130,
16,91,38,75,13,49,1,1,1,1,1,1,166,116,
46,87,50,66,2,36,1,1,1,1,1,1,153,134,
46,32,25,67,34,80,1,1,1,1,1,1,147,137,
3,8,50,96,12,83,1,1,1,1,1,1,179,73,1
68,60,38,8,64,48,1,1,1,1,1,1,132,154,
92,95,37,2,67,32,1,1,1,1,1,1,187,138,
68,13,36,55,15,92,1,1,1,1,1,1,160,119,
43,91,12,5,99,45,1,1,1,1,1,1,190,105,1
96,78,82,48,100,71,1,1,1,1,1,1,196,279,
92,55,47,35,21,42,1,1,1,1,1,1,147,145,
65,59,13,14,15,42,1,1,1,1,1,1,124,84,
47,45,72,93,41,90,1,1,1,1,1,1,183,205,
51,56,79,37,94,3,1,1,1,1,1,1,173,147,
4,2,36,86,98,1,1,1,1,1,1,1,184,43,1
70,8,78,32,65,9,1,1,1,1,1,1,148,114,
76,96,86,61,73,53,1,1,1,1,1,1,182,263,
64,6,79,60,35,61,1,1,1,1,1,1,143,162,
2,37,57,43,62,76,1,1,1,1,1,1,138,139,
14,77,19,89,70,72,1,1,1,1,1,1,166,175,
79,83,11,15,68,82,1,1,1,1,1,1,165,173,
39,48,49,34,97,57,1,1,1,1,1,1,154,170,
83,4,91,19,8,49,1,1,1,1,1,1,174,80,1
44,37,30,38,29,26,1,1,1,1,1,1,82,122,
6,54,82,95,69,83,1,1,1,1,1,1,178,211,
56,1,41,99,68,16,1,1,1,1,1,1,167,114,
40,14,57,91,87,48,1,1,1,1,1,1,178,159,
10,64,9,73,63,50,1,1,1,1,1,1,137,132,
15,53,66,86,75,80,1,1,1,1,1,1,166,209,
51,17,78,75,49,27,1,1,1,1,1,1,153,144,
55,34,52,2,62,22,1,1,1,1,1,1,117,110,
30,50,67,32,89,76,1,1,1,1,1,1,165,179,
45,81,67,28,77,100,1,1,1,1,1,1,181,217,
26,14,56,17,83,65,1,1,1,1,1,1,148,113,
32,15,44,3,52,12,1,1,1,1,1,1,96,62,1
66,19,91,4,13,86,1,1,1,1,1,1,177,102,1
6,16,78,73,22,55,1,1,1,1,1,1,151,99,1
2,89,54,52,66,41,1,1,1,1,1,1,155,149,
67,100,61,93,39,53,1,1,1,1,1,1,193,220,
3,49,29,70,56,6,1,1,1,1,1,1,126,87,
53,80,26,10,58,99,1,1,1,1,1,1,179,147,
73,85,71,65,14,43,1,1,1,1,1,1,158,193,
55,49,62,56,86,19,1,1,1,1,1,1,148,179,
1,33,46,26,49,87,1,1,1,1,1,1,136,106,
2,25,39,74,51,22,1,1,1,1,1,1,125,88,
67,54,78,59,92,88,1,1,1,1,1,1,180,258,
94,21,6,92,13,43,1,1,1,1,1,1,186,83,1
98,95,79,39,86,96,1,1,1,1,1,1,194,299,
36,83,62,69,74,41,1,1,1,1,1,1,157,208,
46,82,99,51,30,74,1,1,1,1,1,1,181,201,
35,21,16,32,13,52,1,1,1,1,1,1,87,82,
83,62,7,29,97,26,1,1,1,1,1,1,180,124,
65,46,82,67,7,54,1,1,1,1,1,1,149,172,
74,61,57,13,25,17,1,1,1,1,1,1,135,112,
80,88,63,54,16,19,1,1,1,1,1,1,168,152,
39,61,84,74,85,59,1,1,1,1,1,1,169,233,
84,61,64,25,58,36,1,1,1,1,1,1,148,180,
64,75,19,66,34,70,1,1,1,1,1,1,145,183,
89,65,94,35,11,88,1,1,1,1,1,1,183,199,
36,53,100,18,35,29,1,1,1,1,1,1,153,118,
55,49,93,86,73,76,1,1,1,1,1,1,179,253,
33,77,63,23,78,85,1,1,1,1,1,1,163,196,
45,15,90,84,13,14,1,1,1,1,1,1,174,87,1
53,77,16,93,44,89,1,1,1,1,1,1,182,190,
69,79,38,23,72,29,1,1,1,1,1,1,151,159,
66,68,65,55,62,3,1,1,1,1,1,1,134,185,
1,9,47,82,80,28,1,1,1,1,1,1,162,85,1
28,4,17,29,60,2,1,1,1,1,1,1,89,51,1
34,71,64,89,7,67,1,1,1,1,1,1,160,172,
54,24,31,90,66,62,1,1,1,1,1,1,156,171,
81,72,86,22,4,1,1,1,1,1,1,1,167,99,1
75,50,21,97,59,71,1,1,1,1,1,1,172,201,
99,17,25,1,88,92,1,1,1,1,1,1,191,131,
18,100,88,11,91,75,1,1,1,1,1,1,191,192,
93,82,75,20,100,73,1,1,1,1,1,1,193,250,
82,47,87,62,30,70,1,1,1,1,1,1,169,209,
64,21,85,78,31,25,1,1,1,1,1,1,163,141,
50,49,82,10,24,18,1,1,1,1,1,1,132,101,
30,57,86,35,52,83,1,1,1,1,1,1,169,174,
30,44,59,98,68,25,1,1,1,1,1,1,166,158,
51,98,55,24,54,14,1,1,1,1,1,1,153,143,
51,43,83,69,16,68,1,1,1,1,1,1,152,178,
16,28,96,67,36,65,1,1,1,1,1,1,163,145,
32,68,67,8,95,93,1,1,1,1,1,1,188,175,
90,9,53,98,15,71,1,1,1,1,1,1,188,148,
17,71,100,38,53,57,1,1,1,1,1,1,171,165,
64,41,8,62,83,61,1,1,1,1,1,1,147,172,
43,26,61,75,5,80,1,1,1,1,1,1,155,135,
2,73,19,41,5,27,1,1,1,1,1,1,114,53,1
91,97,99,84,79,9,1,1,1,1,1,1,196,263,
8,10,9,37,49,74,1,1,1,1,1,1,123,64,1
6,10,25,9,80,34,1,1,1,1,1,1,114,50,1
73,57,56,62,28,47,1,1,1,1,1,1,135,188,
6,87,36,14,23,38,1,1,1,1,1,1,125,79,1
49,7,15,77,92,18,1,1,1,1,1,1,169,89,1
45,47,99,86,29,3,1,1,1,1,1,1,185,124,
17,36,67,13,2,89,1,1,1,1,1,1,156,68,1
15,65,19,60,53,7,1,1,1,1,1,1,125,94,
84,51,10,61,56,73,1,1,1,1,1,1,157,178,
22,7,48,18,73,16,1,1,1,1,1,1,121,63,1
4,17,65,18,96,99,1,1,1,1,1,1,195,104,1
17,32,45,59,60,40,1,1,1,1,1,1,119,134,
64,4,98,80,13,21,1,1,1,1,1,1,178,102,1
13,17,99,43,89,6,1,1,1,1,1,1,188,79,1
63,39,5,8,97,77,1,1,1,1,1,1,174,115,1
51,25,42,88,38,41,1,1,1,1,1,1,139,146,
49,27,19,13,40,56,1,1,1,1,1,1,105,99,
72,87,66,70,74,93,1,1,1,1,1,1,180,282,
58,59,34,77,54,51,1,1,1,1,1,1,136,197,
13,42,87,51,7,95,1,1,1,1,1,1,182,113,1
62,56,90,95,26,67,1,1,1,1,1,1,185,211,
59,44,29,41,66,7,1,1,1,1,1,1,125,121,
14,88,90,55,1,59,1,1,1,1,1,1,178,129,
68,31,47,100,2,74,1,1,1,1,1,1,174,148,
100,96,90,22,9,37,1,1,1,1,1,1,196,158,
63,5,51,47,6,10,1,1,1,1,1,1,114,68,1
35,27,48,5,69,98,1,1,1,1,1,1,167,115,
25,17,42,88,19,49,1,1,1,1,1,1,137,103,
72,46,7,90,73,67,1,1,1,1,1,1,163,192,
54,66,46,49,6,65,1,1,1,1,1,1,131,155,
44,83,69,13,3,39,1,1,1,1,1,1,152,99,1
99,19,15,69,40,79,1,1,1,1,1,1,178,143,
61,5,83,62,59,79,1,1,1,1,1,1,162,187,
95,86,84,39,96,68,1,1,1,1,1,1,191,277,
21,10,88,17,82,71,1,1,1,1,1,1,170,119,
64,6,9,98,75,33,1,1,1,1,1,1,173,112,1
100,61,32,76,3,13,1,1,1,1,1,1,176,109,1
14,66,59,37,73,23,1,1,1,1,1,1,139,133,
83,45,90,68,76,63,1,1,1,1,1,1,173,252,
25,59,73,11,50,2,1,1,1,1,1,1,132,88,1
13,70,85,91,7,21,1,1,1,1,1,1,176,111,1
88,86,30,9,66,23,1,1,1,1,1,1,174,128,
12,95,25,13,23,84,1,1,1,1,1,1,179,73,1
75,73,55,42,59,98,1,1,1,1,1,1,173,229,
58,5,90,59,23,22,1,1,1,1,1,1,149,108,
53,6,30,28,54,55,1,1,1,1,1,1,109,117,
28,33,32,55,78,69,1,1,1,1,1,1,147,148,
94,100,28,61,33,85,1,1,1,1,1,1,194,207,
39,89,4,55,2,41,1,1,1,1,1,1,144,86,1
3,82,36,86,67,49,1,1,1,1,1,1,168,155,
26,69,52,23,37,83,1,1,1,1,1,1,152,138,
13,8,70,49,75,76,1,1,1,1,1,1,151,140,
18,68,94,15,36,85,1,1,1,1,1,1,179,137,
60,40,38,31,20,99,1,1,1,1,1,1,159,129,
12,24,57,59,40,26,1,1,1,1,1,1,116,102,
17,26,52,97,37,79,1,1,1,1,1,1,176,132,
95,43,15,17,32,96,1,1,1,1,1,1,191,107,1
84,99,30,74,15,25,1,1,1,1,1,1,183,144,
81,28,47,49,72,48,1,1,1,1,1,1,153,172,
87,28,17,54,61,56,1,1,1,1,1,1,148,155,
24,100,97,72,70,33,1,1,1,1,1,1,197,199,
48,84,69,80,55,35,1,1,1,1,1,1,164,207,
94,95,100,69,34,67,1,1,1,1,1,1,195,264,
19,77,22,82,38,27,1,1,1,1,1,1,159,106,1
44,71,19,97,28,8,1,1,1,1,1,1,168,99,1
54,99,31,89,84,47,1,1,1,1,1,1,188,216,
44,66,92,60,19,59,1,1,1,1,1,1,158,182,
66,29,70,71,51,61,1,1,1,1,1,1,141,207,
41,10,19,7,78,43,1,1,1,1,1,1,121,77,1
61,37,70,16,87,42,1,1,1,1,1,1,157,156,
61,35,10,32,40,92,1,1,1,1,1,1,153,117,
19,99,53,12,6,23,1,1,1,1,1,1,152,60,1
23,100,9,67,26,14,1,1,1,1,1,1,167,72,1
43,41,34,11,96,50,1,1,1,1,1,1,146,129,
3,33,49,39,29,75,1,1,1,1,1,1,124,104,
16,13,22,56,93,29,1,1,1,1,1,1,149,80,1
29,41,14,84,21,52,1,1,1,1,1,1,136,105,
28,91,85,6,24,30,1,1,1,1,1,1,176,88,1
29,8,1,3,59,73,1,1,1,1,1,1,132,41,1
91,100,30,63,24,11,1,1,1,1,1,1,191,128,
21,67,88,96,51,100,1,1,1,1,1,1,196,227,
35,28,24,97,59,22,1,1,1,1,1,1,156,109,
26,97,95,48,46,87,1,1,1,1,1,1,192,207,
62,58,9,44,35,10,1,1,1,1,1,1,120,98,
65,95,21,61,38,19,1,1,1,1,1,1,160,139,
80,78,60,14,56,33,1,1,1,1,1,1,158,163,
28,93,14,88,71,97,1,1,1,1,1,1,190,201,
98,48,44,1,41,53,1,1,1,1,1,1,151,134,
27,83,9,34,74,25,1,1,1,1,1,1,157,95,1
97,28,8,53,59,3,1,1,1,1,1,1,156,92,1
24,85,41,76,34,26,1,1,1,1,1,1,161,125,
8,55,98,45,63,27,1,1,1,1,1,1,161,135,
19,73,64,20,2,23,1,1,1,1,1,1,137,64,1
87,99,11,69,13,54,1,1,1,1,1,1,186,147,
53,65,11,90,77,47,1,1,1,1,1,1,167,176,
1,64,3,9,11,92,1,1,1,1,1,1,156,24,1
17,82,49,54,60,73,1,1,1,1,1,1,155,180,
37,45,18,11,80,52,1,1,1,1,1,1,132,111,
95,48,35,10,94,84,1,1,1,1,1,1,189,177,
94,7,38,77,64,33,1,1,1,1,1,1,171,142,
64,94,75,22,43,15,1,1,1,1,1,1,169,144,
86,63,69,89,9,82,1,1,1,1,1,1,175,223,
94,15,97,1,3,34,1,1,1,1,1,1,191,53,1
99,59,19,42,93,46,1,1,1,1,1,1,192,166,
26,76,67,73,2,48,1,1,1,1,1,1,149,143,
52,71,18,73,4,65,1,1,1,1,1,1,144,139,
91,79,16,3,88,92,1,1,1,1,1,1,183,186,
11,26,64,76,100,33,1,1,1,1,1,1,176,134,
77,39,36,49,8,12,1,1,1,1,1,1,126,95,
8,91,5,48,68,37,1,1,1,1,1,1,159,98,1
48,64,69,14,95,47,1,1,1,1,1,1,164,173,
74,10,54,88,35,52,1,1,1,1,1,1,162,151,
32,27,71,15,57,43,1,1,1,1,1,1,128,117,
97,4,35,99,31,36,1,1,1,1,1,1,196,106,1
6,89,1,72,90,79,1,1,1,1,1,1,179,158,
89,73,61,87,59,63,1,1,1,1,1,1,176,256,
16,89,64,29,40,27,1,1,1,1,1,1,153,112,
63,66,90,44,98,64,1,1,1,1,1,1,188,237,
97,48,10,61,46,28,1,1,1,1,1,1,158,132,
51,56,64,48,26,100,1,1,1,1,1,1,164,181,
64,40,35,16,45,19,1,1,1,1,1,1,109,110,
16,24,11,77,12,58,1,1,1,1,1,1,135,63,1
44,70,52,93,17,58,1,1,1,1,1,1,163,171,
11,23,60,100,81,53,1,1,1,1,1,1,181,147,
6,15,28,57,10,84,1,1,1,1,1,1,141,59,1
71,86,19,96,54,17,1,1,1,1,1,1,182,161,
48,97,45,46,7,94,1,1,1,1,1,1,191,146,
38,89,61,75,12,45,1,1,1,1,1,1,164,156,
35,85,4,30,16,92,1,1,1,1,1,1,177,85,1
53,97,73,83,5,10,1,1,1,1,1,1,180,141,
70,8,21,83,86,58,1,1,1,1,1,1,169,157,
33,26,29,6,88,80,1,1,1,1,1,1,168,94,1
13,72,38,77,45,81,1,1,1,1,1,1,158,168,
21,58,4,15,42,91,1,1,1,1,1,1,149,82,1
79,73,57,82,42,89,1,1,1,1,1,1,171,251,
5,24,54,67,93,2,1,1,1,1,1,1,160,85,1
28,50,81,61,25,30,1,1,1,1,1,1,142,133,
92,47,6,35,96,24,1,1,1,1,1,1,188,112,1
48,20,61,63,17,93,1,1,1,1,1,1,156,146,
89,23,73,72,42,50,1,1,1,1,1,1,162,187,
6,87,27,29,34,22,1,1,1,1,1,1,121,84,
68,15,73,12,23,14,1,1,1,1,1,1,141,64,1
31,26,79,52,81,41,1,1,1,1,1,1,160,150,
48,37,94,77,86,29,1,1,1,1,1,1,180,191,
56,15,67,88,44,1,1,1,1,1,1,1,155,116,
22,32,31,51,74,15,1,1,1,1,1,1,125,100,
68,28,88,38,89,97,1,1,1,1,1,1,186,222,
15,1,91,78,35,53,1,1,1,1,1,1,169,104,1
40,55,54,56,5,43,1,1,1,1,1,1,111,142,
80,78,40,60,21,56,1,1,1,1,1,1,158,177,
91,22,41,33,7,76,1,1,1,1,1,1,167,103,1
82,68,6,97,88,83,1,1,1,1,1,1,185,239,
9,66,13,90,48,99,1,1,1,1,1,1,189,136,
57,29,50,30,10,11,1,1,1,1,1,1,107,80,
80,60,90,23,25,4,1,1,1,1,1,1,170,112,1
95,13,96,57,59,28,1,1,1,1,1,1,191,157,
43,68,1,55,6,24,1,1,1,1,1,1,123,74,1
30,85,50,2,26,74,1,1,1,1,1,1,159,108,
76,3,89,49,64,87,1,1,1,1,1,1,176,192,
74,78,2,32,42,12,1,1,1,1,1,1,152,88,1
82,39,19,27,78,89,1,1,1,1,1,1,171,163,
49,43,12,19,5,96,1,1,1,1,1,1,145,79,1
31,44,100,5,96,20,1,1,1,1,1,1,196,100,1
68,39,69,34,10,95,1,1,1,1,1,1,164,151,
47,33,74,98,88,97,1,1,1,1,1,1,195,242,
76,100,30,24,75,26,1,1,1,1,1,1,176,155,
85,100,98,31,87,27,1,1,1,1,1,1,198,230,
57,15,21,51,28,50,1,1,1,1,1,1,108,114,
73,82,57,83,9,29,1,1,1,1,1,1,165,168,
60,47,97,38,75,12,1,1,1,1,1,1,172,157,
6,55,60,35,37,45,1,1,1,1,1,1,115,123,
45,80,40,96,12,36,1,1,1,1,1,1,176,133,
65,33,37,78,20,91,1,1,1,1,1,1,169,155,
35,7,44,13,41,62,1,1,1,1,1,1,106,96,
1,31,100,9,54,74,1,1,1,1,1,1,174,95,1
65,14,46,70,37,83,1,1,1,1,1,1,153,162,
76,77,79,34,57,31,1,1,1,1,1,1,156,198,
57,68,55,15,79,51,1,1,1,1,1,1,147,178,
49,13,42,94,1,47,1,1,1,1,1,1,143,103,
59,70,7,13,51,46,1,1,1,1,1,1,129,117,
89,30,51,48,47,70,1,1,1,1,1,1,159,176,
92,10,48,47,85,53,1,1,1,1,1,1,177,158,
88,23,6,28,34,73,1,1,1,1,1,1,161,91,1
9,100,96,69,45,19,1,1,1,1,1,1,196,142,
28,41,80,74,96,24,1,1,1,1,1,1,176,167,
65,17,12,51,63,15,1,1,1,1,1,1,128,95,
40,9,91,38,27,12,1,1,1,1,1,1,131,86,1
41,100,64,54,95,55,1,1,1,1,1,1,195,214,
91,25,58,89,35,20,1,1,1,1,1,1,180,138,
4,66,87,77,8,73,1,1,1,1,1,1,164,151,
6,10,36,86,17,30,1,1,1,1,1,1,122,63,1
89,99,57,3,64,85,1,1,1,1,1,1,188,209,
89,14,1,90,30,72,1,1,1,1,1,1,179,117,1
1,41,52,77,13,73,1,1,1,1,1,1,150,107,
60,8,22,33,58,69,1,1,1,1,1,1,129,121,
98,43,78,75,63,38,1,1,1,1,1,1,176,219,
4,53,29,39,12,85,1,1,1,1,1,1,138,84,1
55,35,99,5,85,7,1,1,1,1,1,1,184,102,1
49,99,32,33,21,89,1,1,1,1,1,1,188,135,
73,81,27,66,28,74,1,1,1,1,1,1,155,194,
54,31,1,51,100,38,1,1,1,1,1,1,154,121,
49,9,26,78,98,55,1,1,1,1,1,1,176,139,
66,80,63,46,29,98,1,1,1,1,1,1,178,204,
30,79,67,32,69,21,1,1,1,1,1,1,148,150,
5,50,84,25,97,36,1,1,1,1,1,1,181,116,1
50,20,8,40,49,61,1,1,1,1,1,1,111,117,
74,34,84,70,26,94,1,1,1,1,1,1,178,204,
12,61,44,24,45,15,1,1,1,1,1,1,106,95,
48,31,7,64,51,73,1,1,1,1,1,1,137,137,
61,49,3,11,63,13,1,1,1,1,1,1,124,76,1
77,32,13,7,80,62,1,1,1,1,1,1,157,114,
83,1,67,57,77,11,1,1,1,1,1,1,160,136,
72,92,2,47,7,90,1,1,1,1,1,1,182,128,
28,100,12,32,99,74,1,1,1,1,1,1,199,146,
59,97,42,68,6,81,1,1,1,1,1,1,178,175,
39,84,63,21,32,50,1,1,1,1,1,1,147,142,
91,90,36,13,76,47,1,1,1,1,1,1,181,172,
88,64,100,57,25,66,1,1,1,1,1,1,188,212,
43,63,29,4,72,34,1,1,1,1,1,1,135,110,
28,85,3,54,44,18,1,1,1,1,1,1,139,93,
99,94,86,79,92,21,1,1,1,1,1,1,193,278,
71,2,91,100,62,95,1,1,1,1,1,1,195,226,
74,75,67,82,84,2,1,1,1,1,1,1,166,218,
2,51,79,10,8,89,1,1,1,1,1,1,168,71,1
15,89,77,46,42,28,1,1,1,1,1,1,166,131,
7,68,84,77,38,42,1,1,1,1,1,1,161,155,
24,55,82,63,39,14,1,1,1,1,1,1,145,132,
36,85,44,50,49,48,1,1,1,1,1,1,135,177,
43,28,61,58,37,52,1,1,1,1,1,1,119,160,
68,73,27,51,40,52,1,1,1,1,1,1,141,170,
92,27,58,40,13,57,1,1,1,1,1,1,150,137,
40,29,21,18,72,42,1,1,1,1,1,1,114,108,
58,66,75,45,71,89,1,1,1,1,1,1,164,240,
16,34,41,32,91,38,1,1,1,1,1,1,132,120,
69,58,28,37,24,45,1,1,1,1,1,1,127,134,
19,11,13,96,82,80,1,1,1,1,1,1,178,123,
55,62,63,76,51,38,1,1,1,1,1,1,139,206,
42,97,85,15,44,70,1,1,1,1,1,1,182,171,
33,2,95,6,27,38,1,1,1,1,1,1,133,68,1
34,32,9,89,52,91,1,1,1,1,1,1,180,127,
6,51,24,47,36,29,1,1,1,1,1,1,98,95,
45,11,53,49,50,28,1,1,1,1,1,1,103,133,
21,27,9,33,62,13,1,1,1,1,1,1,95,70,
39,63,16,47,65,14,1,1,1,1,1,1,128,116,
44,39,61,63,73,50,1,1,1,1,1,1,136,194,
53,76,62,7,59,40,1,1,1,1,1,1,138,159,
23,89,38,4,84,13,1,1,1,1,1,1,173,78,1
70,3,84,58,4,69,1,1,1,1,1,1,154,134,
57,22,100,6,73,78,1,1,1,1,1,1,178,158,
61,68,51,39,77,57,1,1,1,1,1,1,145,208,
53,45,36,21,90,1,1,1,1,1,1,1,143,103,
89,92,79,42,11,69,1,1,1,1,1,1,181,201,
53,71,58,48,92,46,1,1,1,1,1,1,163,205,
20,45,73,87,84,74,1,1,1,1,1,1,171,212,
47,62,53,43,48,56,1,1,1,1,1,1,118,191,
27,62,14,69,38,9,1,1,1,1,1,1,131,88,
51,50,32,55,11,26,1,1,1,1,1,1,106,119,
61,69,60,49,38,9,1,1,1,1,1,1,130,156,
30,8,90,45,84,22,1,1,1,1,1,1,174,105,1
43,22,68,98,27,33,1,1,1,1,1,1,166,125,
90,65,25,56,48,61,1,1,1,1,1,1,155,190,
13,26,24,11,54,81,1,1,1,1,1,1,135,74,1
31,90,50,86,65,66,1,1,1,1,1,1,176,212,
37,4,49,19,17,39,1,1,1,1,1,1,88,77,
87,40,60,13,29,17,1,1,1,1,1,1,147,99,
53,47,10,88,9,39,1,1,1,1,1,1,141,105,
73,10,55,68,13,16,1,1,1,1,1,1,141,94,1
36,5,68,54,30,69,1,1,1,1,1,1,137,125,
59,76,90,83,6,96,1,1,1,1,1,1,186,224,
68,11,27,100,42,15,1,1,1,1,1,1,168,95,1
49,69,60,62,39,8,1,1,1,1,1,1,131,156,
54,64,60,76,68,58,1,1,1,1,1,1,144,236,
11,54,85,63,6,66,1,1,1,1,1,1,151,134,
17,85,14,63,41,57,1,1,1,1,1,1,148,129,
26,9,69,79,7,70,1,1,1,1,1,1,149,111,
12,26,88,61,28,35,1,1,1,1,1,1,149,101,
63,51,57,1,59,25,1,1,1,1,1,1,122,134,
3,60,21,92,31,70,1,1,1,1,1,1,162,115,
2,7,62,47,34,93,1,1,1,1,1,1,155,90,1
38,72,90,29,95,100,1,1,1,1,1,1,195,229,
37,51,82,25,74,97,1,1,1,1,1,1,179,187,
82,7,69,10,40,8,1,1,1,1,1,1,151,65,1
9,95,17,30,51,13,1,1,1,1,1,1,146,69,1
7,63,27,60,71,66,1,1,1,1,1,1,137,157,
36,62,97,84,39,60,1,1,1,1,1,1,181,197,
96,21,62,99,31,29,1,1,1,1,1,1,195,143,
83,3,56,88,24,60,1,1,1,1,1,1,171,143,
1,22,2,100,46,79,1,1,1,1,1,1,179,71,1
85,88,76,32,34,18,1,1,1,1,1,1,173,160,
64,8,63,34,3,47,1,1,1,1,1,1,127,92,
28,46,84,72,77,96,1,1,1,1,1,1,180,223,
45,65,75,42,82,52,1,1,1,1,1,1,157,204,
11,3,57,73,66,93,1,1,1,1,1,1,166,137,
35,78,20,52,19,3,1,1,1,1,1,1,130,77,1
72,9,79,27,92,43,1,1,1,1,1,1,171,151,
45,60,36,83,28,81,1,1,1,1,1,1,164,169,
42,95,73,3,92,26,1,1,1,1,1,1,187,144,
56,98,36,74,57,41,1,1,1,1,1,1,172,190,
4,59,92,88,21,95,1,1,1,1,1,1,187,172,
24,2,73,45,4,29,1,1,1,1,1,1,118,59,1
7,22,64,96,93,27,1,1,1,1,1,1,189,120,1
78,6,32,68,75,22,1,1,1,1,1,1,153,128,
7,80,51,95,44,90,1,1,1,1,1,1,185,182,
53,68,72,5,27,31,1,1,1,1,1,1,140,116,
70,98,35,15,42,67,1,1,1,1,1,1,168,159,
68,64,97,79,32,23,1,1,1,1,1,1,176,187,
49,48,83,34,65,62,1,1,1,1,1,1,148,193,
47,44,71,53,10,14,1,1,1,1,1,1,124,115,
52,15,10,49,13,78,1,1,1,1,1,1,130,87,
32,84,79,65,96,50,1,1,1,1,1,1,180,226,
19,29,92,33,65,54,1,1,1,1,1,1,157,135,
63,17,20,76,56,64,1,1,1,1,1,1,140,156,
43,53,15,45,96,65,1,1,1,1,1,1,161,156,
46,26,12,70,92,3,1,1,1,1,1,1,162,87,1
42,19,53,61,10,79,1,1,1,1,1,1,140,124,
58,62,79,28,81,20,1,1,1,1,1,1,160,168,
8,40,21,94,23,24,1,1,1,1,1,1,134,76,1
69,86,94,58,32,43,1,1,1,1,1,1,180,202,
3,81,72,79,74,75,1,1,1,1,1,1,160,224,
81,68,32,69,13,99,1,1,1,1,1,1,180,182,
92,43,63,67,36,38,1,1,1,1,1,1,159,180,
18,7,46,33,90,41,1,1,1,1,1,1,136,99,
13,52,9,35,21,45,1,1,1,1,1,1,97,78,
48,35,10,27,28,51,1,1,1,1,1,1,99,100,
4,7,10,8,77,27,1,1,1,1,1,1,104,29,1
24,57,95,69,27,6,1,1,1,1,1,1,164,114,
29,43,24,27,99,19,1,1,1,1,1,1,142,99,
47,64,65,38,39,52,1,1,1,1,1,1,129,176,
77,25,64,29,90,45,1,1,1,1,1,1,167,163,
48,90,60,6,11,43,1,1,1,1,1,1,150,108,
14,45,72,81,67,89,1,1,1,1,1,1,170,198,
80,13,51,33,78,20,1,1,1,1,1,1,158,117,
59,44,49,81,98,32,1,1,1,1,1,1,179,184,
70,47,79,82,29,99,1,1,1,1,1,1,181,225,
36,79,38,2,74,67,1,1,1,1,1,1,153,143,
70,61,2,28,32,37,1,1,1,1,1,1,131,99,
54,80,74,75,20,27,1,1,1,1,1,1,155,175,
47,17,77,16,20,41,1,1,1,1,1,1,124,94,
34,45,65,9,95,26,1,1,1,1,1,1,160,114,
77,38,22,29,73,57,1,1,1,1,1,1,150,146,
63,31,61,43,24,45,1,1,1,1,1,1,124,143,
32,6,30,48,22,44,1,1,1,1,1,1,92,90,
5,19,13,43,36,48,1,1,1,1,1,1,91,73,
3,10,77,85,84,5,1,1,1,1,1,1,169,95,1
15,35,16,36,22,56,1,1,1,1,1,1,92,88,
57,51,82,56,91,39,1,1,1,1,1,1,173,203,
68,43,42,2,65,31,1,1,1,1,1,1,133,118,
72,66,29,95,79,75,1,1,1,1,1,1,174,242,
78,35,43,91,63,26,1,1,1,1,1,1,169,167,
95,84,25,48,8,22,1,1,1,1,1,1,179,103,1
16,7,29,74,51,49,1,1,1,1,1,1,125,101,
83,53,95,47,10,58,1,1,1,1,1,1,178,168,
11,94,53,98,83,8,1,1,1,1,1,1,192,155,
32,83,40,35,68,55,1,1,1,1,1,1,151,162,
24,53,64,77,78,65,1,1,1,1,1,1,155,206,
33,91,90,19,71,24,1,1,1,1,1,1,181,147,
59,69,60,92,49,37,1,1,1,1,1,1,161,205,
82,53,13,42,28,67,1,1,1,1,1,1,149,136,
37,13,97,9,29,63,1,1,1,1,1,1,160,88,1
39,75,97,80,69,34,1,1,1,1,1,1,177,217,
67,75,8,23,14,83,1,1,1,1,1,1,158,112,
81,30,9,58,56,41,1,1,1,1,1,1,139,136,
30,1,2,49,47,69,1,1,1,1,1,1,118,80,
88,24,96,70,81,82,1,1,1,1,1,1,184,257,
30,88,81,94,84,27,1,1,1,1,1,1,182,222,
92,98,86,64,24,65,1,1,1,1,1,1,190,239,
24,19,65,49,97,75,1,1,1,1,1,1,172,157,
63,95,75,27,40,60,1,1,1,1,1,1,170,190,
39,23,21,44,48,45,1,1,1,1,1,1,93,127,
94,97,57,50,30,34,1,1,1,1,1,1,191,171,
89,55,70,45,72,50,1,1,1,1,1,1,161,220,
81,36,34,55,76,23,1,1,1,1,1,1,157,148,
89,17,77,59,14,5,1,1,1,1,1,1,166,95,1
45,55,6,28,61,80,1,1,1,1,1,1,141,134,
74,57,83,59,87,24,1,1,1,1,1,1,170,214,
46,15,40,99,2,67,1,1,1,1,1,1,166,103,1
11,29,41,13,19,52,1,1,1,1,1,1,93,72,
61,13,16,9,35,82,1,1,1,1,1,1,143,73,1
96,84,78,34,90,66,1,1,1,1,1,1,186,262,
49,67,44,57,80,36,1,1,1,1,1,1,147,186,
85,57,47,28,39,25,1,1,1,1,1,1,142,139,
85,15,61,28,63,79,1,1,1,1,1,1,164,167,
22,90,73,84,56,18,1,1,1,1,1,1,174,169,
4,15,41,56,58,57,1,1,1,1,1,1,115,116,
17,94,36,78,73,77,1,1,1,1,1,1,172,203,
35,66,83,28,69,27,1,1,1,1,1,1,152,156,
60,77,95,41,5,10,1,1,1,1,1,1,172,116,
79,27,100,96,42,43,1,1,1,1,1,1,196,191,
13,74,81,44,7,19,1,1,1,1,1,1,155,83,1
89,34,32,29,66,6,1,1,1,1,1,1,155,101,1
92,83,74,43,85,54,1,1,1,1,1,1,177,254,
64,5,14,34,72,59,1,1,1,1,1,1,136,112,
53,93,25,29,4,5,1,1,1,1,1,1,146,63,1
47,96,64,6,25,43,1,1,1,1,1,1,160,121,
8,44,62,32,28,85,1,1,1,1,1,1,147,112,
24,94,74,73,90,22,1,1,1,1,1,1,184,193,
20,90,35,52,79,57,1,1,1,1,1,1,169,164,
6,29,44,19,14,11,1,1,1,1,1,1,73,50,
30,78,43,1,47,7,1,1,1,1,1,1,125,81,1
4,37,49,54,60,91,1,1,1,1,1,1,151,144,
39,53,89,9,96,49,1,1,1,1,1,1,185,150,
42,36,15,65,71,38,1,1,1,1,1,1,136,131,
15,99,71,54,11,32,1,1,1,1,1,1,170,112,1
35,82,49,8,39,42,1,1,1,1,1,1,131,124,
72,58,66,79,100,50,1,1,1,1,1,1,179,246,
70,82,88,8,1,61,1,1,1,1,1,1,170,140,
100,44,23,66,1,9,1,1,1,1,1,1,166,77,1
100,38,80,78,8,13,1,1,1,1,1,1,180,137,
76,91,42,1,94,39,1,1,1,1,1,1,185,158,
42,31,95,50,60,74,1,1,1,1,1,1,169,183,
41,48,96,89,31,87,1,1,1,1,1,1,185,207,
13,10,15,63,32,26,1,1,1,1,1,1,95,64,
20,73,92,9,96,14,1,1,1,1,1,1,188,116,1
41,85,27,13,24,53,1,1,1,1,1,1,138,105,
34,3,67,50,100,61,1,1,1,1,1,1,167,148,
62,46,32,51,22,13,1,1,1,1,1,1,113,113,
28,44,42,93,79,24,1,1,1,1,1,1,172,138,
88,98,86,100,12,42,1,1,1,1,1,1,198,228,
78,66,53,43,68,52,1,1,1,1,1,1,146,214,
37,7,48,95,76,100,1,1,1,1,1,1,195,168,
44,65,69,46,90,36,1,1,1,1,1,1,159,191,
42,30,68,62,19,33,1,1,1,1,1,1,130,124,
39,84,52,64,1,33,1,1,1,1,1,1,148,125,
49,45,31,59,88,20,1,1,1,1,1,1,147,145,
23,10,33,44,22,89,1,1,1,1,1,1,133,88,1
97,92,49,80,15,4,1,1,1,1,1,1,189,148,
6,54,26,2,29,68,1,1,1,1,1,1,122,63,1
54,18,91,82,5,53,1,1,1,1,1,1,173,130,
66,42,54,83,89,97,1,1,1,1,1,1,186,245,
59,77,95,1,50,85,1,1,1,1,1,1,180,187,
81,73,32,77,10,98,1,1,1,1,1,1,179,192,
48,13,90,2,63,65,1,1,1,1,1,1,155,126,
69,93,87,11,43,21,1,1,1,1,1,1,180,144,
83,27,90,38,50,99,1,1,1,1,1,1,189,198,
83,65,18,48,97,24,1,1,1,1,1,1,180,155,
3,82,99,17,57,4,1,1,1,1,1,1,181,81,1
26,40,21,71,72,61,1,1,1,1,1,1,143,148,
44,85,82,4,65,8,1,1,1,1,1,1,167,121,
80,15,38,30,78,8,1,1,1,1,1,1,158,91,1
75,34,14,52,11,92,1,1,1,1,1,1,167,111,1
95,1,61,31,13,52,1,1,1,1,1,1,156,97,1
71,65,11,50,28,100,1,1,1,1,1,1,171,154,
84,92,80,98,93,62,1,1,1,1,1,1,191,318,
19,60,58,83,77,3,1,1,1,1,1,1,160,140,
3,11,51,32,80,78,1,1,1,1,1,1,158,97,1
92,40,39,26,11,32,1,1,1,1,1,1,132,108,
2,23,75,27,60,25,1,1,1,1,1,1,135,77,1
45,7,42,57,33,60,1,1,1,1,1,1,117,127,
52,13,68,75,47,39,1,1,1,1,1,1,143,151,
54,53,89,28,72,14,1,1,1,1,1,1,161,149,
87,84,99,41,23,25,1,1,1,1,1,1,186,173,
89,23,5,75,47,83,1,1,1,1,1,1,172,150,
16,42,32,90,81,83,1,1,1,1,1,1,173,171,
20,2,39,5,22,23,1,1,1,1,1,1,62,49,
87,6,23,27,89,60,1,1,1,1,1,1,176,116,1
30,64,9,18,19,89,1,1,1,1,1,1,153,76,1
61,40,17,76,5,52,1,1,1,1,1,1,137,114,
99,52,27,16,40,45,1,1,1,1,1,1,151,128,
83,17,27,96,53,24,1,1,1,1,1,1,179,121,
21,7,33,80,74,66,1,1,1,1,1,1,154,127,
63,51,26,13,18,39,1,1,1,1,1,1,114,96,
36,58,26,67,24,45,1,1,1,1,1,1,125,131,
18,8,53,77,15,4,1,1,1,1,1,1,130,45,1
83,31,57,15,86,99,1,1,1,1,1,1,185,186,
42,69,89,15,38,4,1,1,1,1,1,1,158,99,1
64,32,40,60,21,14,1,1,1,1,1,1,124,107,
43,19,90,11,10,1,1,1,1,1,1,1,133,41,1
70,45,28,32,64,52,1,1,1,1,1,1,134,157,
8,25,23,13,31,80,1,1,1,1,1,1,111,69,1
23,45,64,38,31,86,1,1,1,1,1,1,150,137,
83,32,66,5,74,7,1,1,1,1,1,1,157,110,
93,75,22,59,45,27,1,1,1,1,1,1,168,153,
19,48,2,59,45,35,1,1,1,1,1,1,107,101,
6,60,67,39,31,22,1,1,1,1,1,1,127,98,
88,29,99,86,89,5,1,1,1,1,1,1,188,208,
65,66,43,22,21,94,1,1,1,1,1,1,160,151,
26,13,93,75,66,99,1,1,1,1,1,1,192,180,
74,28,36,47,34,90,1,1,1,1,1,1,164,145,
28,18,68,6,98,24,1,1,1,1,1,1,166,76,1
11,52,5,46,24,15,1,1,1,1,1,1,98,55,1
12,95,14,61,51,48,1,1,1,1,1,1,156,125,
90,66,18,23,96,16,1,1,1,1,1,1,186,123,1
63,9,55,75,67,44,1,1,1,1,1,1,142,171,
87,57,67,11,9,60,1,1,1,1,1,1,154,137,
24,33,6,81,61,37,1,1,1,1,1,1,142,100,
87,62,1,60,53,44,1,1,1,1,1,1,149,158,
92,58,85,38,47,35,1,1,1,1,1,1,177,178,
78,60,43,23,98,45,1,1,1,1,1,1,176,171,
55,98,78,31,8,41,1,1,1,1,1,1,176,135,
57,4,44,60,47,19,1,1,1,1,1,1,117,114,
2,55,76,32,85,27,1,1,1,1,1,1,161,116,
65,80,63,33,47,13,1,1,1,1,1,1,145,156,
81,16,27,8,96,14,1,1,1,1,1,1,177,65,1
84,38,96,100,6,8,1,1,1,1,1,1,196,136,
14,19,48,31,13,30,1,1,1,1,1,1,79,76,
99,20,61,59,4,100,1,1,1,1,1,1,199,144,
2,42,28,66,18,33,1,1,1,1,1,1,108,81,
1,59,77,3,44,76,1,1,1,1,1,1,153,107,
23,50,35,47,40,79,1,1,1,1,1,1,129,145,
46,34,76,27,1,45,1,1,1,1,1,1,122,107,
7,44,80,63,70,24,1,1,1,1,1,1,150,138,
28,92,47,99,71,75,1,1,1,1,1,1,191,221,
59,30,60,95,82,99,1,1,1,1,1,1,194,231,
13,71,9,23,35,60,1,1,1,1,1,1,131,80,1
36,77,21,75,1,76,1,1,1,1,1,1,153,133,
14,13,75,15,9,16,1,1,1,1,1,1,91,51,1
97,18,24,75,17,70,1,1,1,1,1,1,172,129,
50,20,54,44,73,84,1,1,1,1,1,1,157,168,
44,67,22,78,95,89,1,1,1,1,1,1,184,211,
92,45,50,46,80,95,1,1,1,1,1,1,187,221,
99,86,43,53,97,59,1,1,1,1,1,1,196,241,
10,41,51,57,20,24,1,1,1,1,1,1,108,95,
16,61,50,84,51,40,1,1,1,1,1,1,145,157,
7,44,94,90,96,77,1,1,1,1,1,1,190,218,
53,76,26,28,80,19,1,1,1,1,1,1,156,126,
26,28,79,30,32,80,1,1,1,1,1,1,159,116,
14,16,55,72,96,49,1,1,1,1,1,1,168,134,
12,56,85,20,42,86,1,1,1,1,1,1,171,130,
75,27,77,21,17,29,1,1,1,1,1,1,152,94,1
20,10,69,37,17,33,1,1,1,1,1,1,106,80,
88,46,2,81,48,58,1,1,1,1,1,1,169,154,
38,31,37,59,45,76,1,1,1,1,1,1,135,151,
19,82,37,48,26,67,1,1,1,1,1,1,149,130,
57,13,68,4,64,83,1,1,1,1,1,1,151,138,
58,66,7,15,98,96,1,1,1,1,1,1,194,146,
26,55,68,58,86,59,1,1,1,1,1,1,154,198,
87,95,33,13,81,74,1,1,1,1,1,1,182,201,
87,37,60,98,11,64,1,1,1,1,1,1,185,172,
91,83,34,16,90,25,1,1,1,1,1,1,181,158,
91,8,6,40,69,17,1,1,1,1,1,1,160,71,1
51,61,87,38,58,9,1,1,1,1,1,1,148,156,
30,37,18,72,65,66,1,1,1,1,1,1,138,150,
49,46,28,13,30,36,1,1,1,1,1,1,95,107,
55,77,34,90,25,67,1,1,1,1,1,1,167,181,
47,5,9,37,26,68,1,1,1,1,1,1,115,77,
23,86,40,39,93,83,1,1,1,1,1,1,179,185,
3,27,6,42,100,43,1,1,1,1,1,1,143,78,1
74,7,50,100,19,95,1,1,1,1,1,1,195,150,
70,62,79,27,47,3,1,1,1,1,1,1,149,139,
23,52,69,47,83,8,1,1,1,1,1,1,152,130,
65,33,58,55,98,8,1,1,1,1,1,1,163,154,
34,31,30,22,82,40,1,1,1,1,1,1,122,117,
12,29,65,14,35,18,1,1,1,1,1,1,100,73,
46,6,54,35,95,30,1,1,1,1,1,1,149,117,
35,91,54,72,15,68,1,1,1,1,1,1,163,172,
82,23,58,14,49,29,1,1,1,1,1,1,140,115,
85,28,100,99,86,68,1,1,1,1,1,1,199,267,
8,51,5,70,65,87,1,1,1,1,1,1,157,129,
95,30,90,46,1,14,1,1,1,1,1,1,185,91,1
99,85,76,21,51,80,1,1,1,1,1,1,184,228,
36,8,91,95,99,87,1,1,1,1,1,1,194,222,
31,55,8,27,92,41,1,1,1,1,1,1,147,107,
55,86,17,31,21,2,1,1,1,1,1,1,141,71,1
18,50,75,46,33,65,1,1,1,1,1,1,140,147,
25,92,10,34,15,42,1,1,1,1,1,1,134,84,1
3,39,30,11,23,32,1,1,1,1,1,1,71,67,
48,24,71,78,21,56,1,1,1,1,1,1,149,149,
36,61,1,73,11,89,1,1,1,1,1,1,162,109,
95,48,49,56,6,98,1,1,1,1,1,1,193,159,
74,9,46,71,17,57,1,1,1,1,1,1,145,129,
10,33,34,26,25,81,1,1,1,1,1,1,115,94,
9,31,94,56,79,100,1,1,1,1,1,1,194,175,
13,17,100,12,11,46,1,1,1,1,1,1,146,53,1
61,66,74,1,21,90,1,1,1,1,1,1,164,149,
48,85,27,100,98,95,1,1,1,1,1,1,198,255,
73,82,100,33,31,42,1,1,1,1,1,1,182,179,
61,1,63,13,11,2,1,1,1,1,1,1,124,27,1
87,44,14,12,81,26,1,1,1,1,1,1,168,96,1
47,96,52,32,94,70,1,1,1,1,1,1,190,201,
37,5,53,30,75,84,1,1,1,1,1,1,159,125,
79,78,46,18,10,55,1,1,1,1,1,1,157,129,
35,18,24,98,8,23,1,1,1,1,1,1,133,73,1
78,56,74,45,5,33,1,1,1,1,1,1,152,139,
9,19,83,69,2,72,1,1,1,1,1,1,155,99,1
99,63,77,100,3,48,1,1,1,1,1,1,199,191,
74,36,91,78,53,55,1,1,1,1,1,1,169,218,
33,89,43,30,42,63,1,1,1,1,1,1,152,148,
16,11,55,40,26,90,1,1,1,1,1,1,145,93,1
62,27,34,1,59,63,1,1,1,1,1,1,125,121,
2,35,36,56,100,11,1,1,1,1,1,1,156,84,1
37,20,85,84,44,47,1,1,1,1,1,1,169,148,
53,35,51,24,16,68,1,1,1,1,1,1,121,126,
100,84,50,30,85,32,1,1,1,1,1,1,185,196,
52,56,31,54,22,61,1,1,1,1,1,1,117,159,
53,89,22,37,60,55,1,1,1,1,1,1,149,167,
5,100,92,9,17,69,1,1,1,1,1,1,192,100,1
92,85,4,68,34,9,1,1,1,1,1,1,177,115,1
49,50,67,89,1,94,1,1,1,1,1,1,183,167,
5,66,96,85,16,93,1,1,1,1,1,1,189,172,
98,73,17,12,74,81,1,1,1,1,1,1,179,176,
65,64,44,43,33,15,1,1,1,1,1,1,129,135,
12,18,72,89,77,2,1,1,1,1,1,1,166,104,1
93,47,65,13,18,14,1,1,1,1,1,1,158,92,1
63,46,96,74,88,21,1,1,1,1,1,1,184,204,
30,53,40,75,52,19,1,1,1,1,1,1,128,141,
39,84,57,17,1,37,1,1,1,1,1,1,141,94,1
25,35,24,18,62,1,1,1,1,1,1,1,97,68,
45,6,73,97,85,8,1,1,1,1,1,1,182,132,
16,12,40,31,85,53,1,1,1,1,1,1,138,99,
58,37,94,51,13,70,1,1,1,1,1,1,164,159,
42,21,43,80,51,18,1,1,1,1,1,1,131,124,
24,89,85,19,79,44,1,1,1,1,1,1,174,166,
68,64,91,23,37,98,1,1,1,1,1,1,189,192,
14,58,43,78,3,59,1,1,1,1,1,1,137,118,
55,6,94,95,57,91,1,1,1,1,1,1,189,209,
24,69,81,7,35,98,1,1,1,1,1,1,179,135,
60,64,63,84,81,5,1,1,1,1,1,1,165,192,
56,40,72,97,92,53,1,1,1,1,1,1,189,221,
80,60,27,92,6,11,1,1,1,1,1,1,172,104,1
84,10,19,86,88,13,1,1,1,1,1,1,174,126,
11,32,46,55,33,77,1,1,1,1,1,1,132,122,
70,56,77,14,2,68,1,1,1,1,1,1,147,140,
88,29,62,49,5,50,1,1,1,1,1,1,150,133,
99,90,27,2,71,86,1,1,1,1,1,1,189,186,
64,86,75,76,44,57,1,1,1,1,1,1,162,240,
32,60,83,64,73,21,1,1,1,1,1,1,156,177,
91,99,24,86,35,88,1,1,1,1,1,1,190,233,
58,14,69,73,24,55,1,1,1,1,1,1,142,151,
58,27,99,49,81,47,1,1,1,1,1,1,180,181,
58,1,94,48,98,39,1,1,1,1,1,1,192,146,
44,13,54,23,21,1,1,1,1,1,1,1,98,58,1
91,77,61,22,33,20,1,1,1,1,1,1,168,136,
20,46,66,85,25,29,1,1,1,1,1,1,151,120,
100,85,49,58,8,57,1,1,1,1,1,1,185,172,
46,79,66,83,36,71,1,1,1,1,1,1,162,219,
9,85,22,66,39,28,1,1,1,1,1,1,151,98,1
41,71,11,64,21,29,1,1,1,1,1,1,135,102,
36,94,27,68,99,50,1,1,1,1,1,1,193,181,
15,16,4,51,71,30,1,1,1,1,1,1,122,65,1
10,56,9,46,67,93,1,1,1,1,1,1,160,121,
89,23,42,91,20,5,1,1,1,1,1,1,180,90,1
21,31,22,80,7,97,1,1,1,1,1,1,177,81,1
83,50,49,22,96,46,1,1,1,1,1,1,179,167,
30,58,85,24,59,69,1,1,1,1,1,1,154,171,
67,61,80,93,99,95,1,1,1,1,1,1,194,301,
25,8,9,33,100,40,1,1,1,1,1,1,140,75,1
21,22,76,72,78,82,1,1,1,1,1,1,160,191,
99,57,92,32,33,3,1,1,1,1,1,1,191,125,1
16,55,59,19,13,82,1,1,1,1,1,1,141,103,
6,69,36,45,78,28,1,1,1,1,1,1,147,115,
96,54,28,11,91,84,1,1,1,1,1,1,187,177,
74,94,5,97,66,57,1,1,1,1,1,1,191,202,
47,29,82,2,83,100,1,1,1,1,1,1,183,160,
92,63,12,30,13,70,1,1,1,1,1,1,162,118,
15,40,87,39,86,53,1,1,1,1,1,1,173,147,
31,15,42,32,55,96,1,1,1,1,1,1,151,120,
100,34,60,10,92,36,1,1,1,1,1,1,192,140,
1,22,23,61,26,59,1,1,1,1,1,1,120,72,1
100,47,34,89,13,72,1,1,1,1,1,1,189,166,
50,86,12,30,78,8,1,1,1,1,1,1,164,100,1
43,66,69,17,33,51,1,1,1,1,1,1,135,144,
43,93,30,99,64,28,1,1,1,1,1,1,192,165,
83,81,35,49,41,31,1,1,1,1,1,1,164,156,
94,91,61,5,68,77,1,1,1,1,1,1,185,211,
44,82,70,19,65,5,1,1,1,1,1,1,152,133,
7,94,57,99,18,5,1,1,1,1,1,1,193,87,1
51,6,88,81,4,31,1,1,1,1,1,1,169,92,1
72,44,5,74,47,63,1,1,1,1,1,1,146,159,
59,87,92,81,35,86,1,1,1,1,1,1,179,261,
78,48,84,27,7,51,1,1,1,1,1,1,162,133,
50,70,98,75,58,90,1,1,1,1,1,1,188,253,
35,63,81,76,21,45,1,1,1,1,1,1,157,164,
64,36,21,6,63,86,1,1,1,1,1,1,150,126,
82,29,5,72,78,53,1,1,1,1,1,1,160,159,
20,81,9,35,82,10,1,1,1,1,1,1,163,74,1
86,67,42,84,63,76,1,1,1,1,1,1,170,248,
1,86,44,81,21,20,1,1,1,1,1,1,167,86,1
16,22,12,7,99,98,1,1,1,1,1,1,197,57,1
7,33,57,10,88,40,1,1,1,1,1,1,145,90,1
36,14,43,60,11,12,1,1,1,1,1,1,103,73,
39,60,27,75,79,46,1,1,1,1,1,1,154,172,
68,28,15,29,63,22,1,1,1,1,1,1,131,94,
13,95,68,35,59,50,1,1,1,1,1,1,163,157,
36,48,1,97,98,19,1,1,1,1,1,1,195,104,1
33,54,10,11,80,37,1,1,1,1,1,1,134,91,
6,3,62,81,95,27,1,1,1,1,1,1,176,98,1
97,38,64,59,83,100,1,1,1,1,1,1,197,244,
62,33,56,14,28,6,1,1,1,1,1,1,118,81,
24,11,88,87,49,100,1,1,1,1,1,1,188,171,
27,99,28,55,67,82,1,1,1,1,1,1,181,177,
17,70,4,86,90,48,1,1,1,1,1,1,176,139,
16,87,98,32,100,78,1,1,1,1,1,1,198,213,
15,34,18,46,94,99,1,1,1,1,1,1,193,113,1
100,53,29,89,98,54,1,1,1,1,1,1,198,225,
10,67,8,96,44,42,1,1,1,1,1,1,163,104,1
88,67,39,48,85,2,1,1,1,1,1,1,173,156,
90,73,46,66,34,31,1,1,1,1,1,1,163,177,
25,34,18,67,96,44,1,1,1,1,1,1,163,121,
23,70,52,59,1,38,1,1,1,1,1,1,129,114,
18,38,77,95,60,46,1,1,1,1,1,1,172,162,
35,61,20,24,92,78,1,1,1,1,1,1,170,140,
100,79,76,43,47,99,1,1,1,1,1,1,199,245,
79,67,28,48,73,5,1,1,1,1,1,1,152,148,
73,57,84,85,22,61,1,1,1,1,1,1,169,213,
26,82,9,41,88,65,1,1,1,1,1,1,170,141,
65,54,34,13,1,75,1,1,1,1,1,1,140,102,
60,36,57,100,74,70,1,1,1,1,1,1,174,223,
85,43,68,40,91,17,1,1,1,1,1,1,176,168,
26,55,94,84,16,99,1,1,1,1,1,1,193,181,
40,48,65,46,2,22,1,1,1,1,1,1,113,110,
85,48,52,1,31,84,1,1,1,1,1,1,169,132,
100,25,90,60,27,69,1,1,1,1,1,1,190,181,
62,5,46,65,44,93,1,1,1,1,1,1,158,157,
81,9,55,23,100,11,1,1,1,1,1,1,181,98,1
6,39,97,70,92,53,1,1,1,1,1,1,189,168,
51,71,70,96,38,75,1,1,1,1,1,1,171,230,
81,35,54,31,48,11,1,1,1,1,1,1,135,125,
25,24,95,91,2,63,1,1,1,1,1,1,186,114,1
51,39,2,21,78,77,1,1,1,1,1,1,155,113,
69,35,65,50,33,73,1,1,1,1,1,1,142,183,
53,8,72,68,31,91,1,1,1,1,1,1,163,160,
77,97,91,73,83,62,1,1,1,1,1,1,188,295,
95,17,6,12,48,47,1,1,1,1,1,1,143,82,1
54,59,33,8,27,53,1,1,1,1,1,1,113,121,
38,65,89,51,48,40,1,1,1,1,1,1,154,177,
89,28,83,50,98,92,1,1,1,1,1,1,190,250,
4,14,54,36,6,12,1,1,1,1,1,1,90,36,1
22,44,4,43,81,5,1,1,1,1,1,1,125,74,1
84,99,14,95,21,53,1,1,1,1,1,1,194,172,
55,10,51,6,12,43,1,1,1,1,1,1,106,71,
27,4,7,63,40,62,1,1,1,1,1,1,125,78,1
18,67,4,92,83,87,1,1,1,1,1,1,179,172,
78,81,33,95,61,53,1,1,1,1,1,1,176,225,
20,29,21,90,33,55,1,1,1,1,1,1,145,103,
19,82,71,61,46,100,1,1,1,1,1,1,182,197,
28,52,87,82,9,50,1,1,1,1,1,1,169,139,
7,89,87,21,33,30,1,1,1,1,1,1,176,91,1
33,17,1,90,47,85,1,1,1,1,1,1,175,98,1
24,89,76,51,44,25,1,1,1,1,1,1,165,144,
13,64,92,87,55,8,1,1,1,1,1,1,179,140,
4,25,97,10,35,30,1,1,1,1,1,1,132,69,1
46,7,64,55,14,67,1,1,1,1,1,1,131,122,
39,1,65,34,15,6,1,1,1,1,1,1,104,56,1
27,79,40,74,71,1,1,1,1,1,1,1,153,139,
84,27,58,25,22,79,1,1,1,1,1,1,163,132,
14,12,96,73,33,52,1,1,1,1,1,1,169,111,1
16,11,23,49,42,2,1,1,1,1,1,1,91,52,1
67,7,20,6,89,33,1,1,1,1,1,1,156,66,1
37,73,5,14,59,65,1,1,1,1,1,1,138,115,
83,25,71,90,32,91,1,1,1,1,1,1,181,211,
97,50,82,14,17,5,1,1,1,1,1,1,179,86,1
73,61,3,22,27,59,1,1,1,1,1,1,134,111,
85,69,70,68,67,15,1,1,1,1,1,1,155,219,
16,59,32,93,78,69,1,1,1,1,1,1,171,176,
72,9,97,25,85,75,1,1,1,1,1,1,182,181,
27,32,6,96,17,7,1,1,1,1,1,1,128,57,1
16,24,40,81,48,96,1,1,1,1,1,1,177,128,
47,90,13,71,32,24,1,1,1,1,1,1,161,116,
85,37,33,26,89,34,1,1,1,1,1,1,174,130,
88,27,84,79,44,40,1,1,1,1,1,1,172,190,
53,1,3,93,91,9,1,1,1,1,1,1,184,66,1
56,10,51,5,59,4,1,1,1,1,1,1,115,70,1
67,80,75,34,57,30,1,1,1,1,1,1,155,188,
7,56,11,66,25,29,1,1,1,1,1,1,122,72,1
39,32,96,28,45,72,1,1,1,1,1,1,168,144,
71,30,20,100,89,86,1,1,1,1,1,1,189,207,
4,41,79,69,86,44,1,1,1,1,1,1,165,158,
60,10,6,87,63,91,1,1,1,1,1,1,178,139,
50,73,31,39,23,24,1,1,1,1,1,1,123,117,
35,43,98,75,40,65,1,1,1,1,1,1,173,183,
28,82,44,26,97,46,1,1,1,1,1,1,179,144,
19,3,66,48,57,1,1,1,1,1,1,1,123,71,1
56,97,55,2,62,37,1,1,1,1,1,1,159,150,
67,71,25,29,75,83,1,1,1,1,1,1,158,192,
69,72,63,44,62,96,1,1,1,1,1,1,168,238,
21,35,47,89,83,81,1,1,1,1,1,1,172,184,
26,68,38,31,10,39,1,1,1,1,1,1,107,105,
59,63,85,50,62,40,1,1,1,1,1,1,148,211,
74,47,13,33,10,26,1,1,1,1,1,1,121,82,
93,45,11,36,5,73,1,1,1,1,1,1,166,97,1
38,25,92,91,71,18,1,1,1,1,1,1,183,152,
52,5,48,11,40,19,1,1,1,1,1,1,100,75,
38,80,39,19,6,92,1,1,1,1,1,1,172,102,1
67,2,76,61,40,81,1,1,1,1,1,1,157,170,
57,98,34,15,100,39,1,1,1,1,1,1,198,145,
16,8,56,46,18,3,1,1,1,1,1,1,102,45,1
8,2,1,75,84,42,1,1,1,1,1,1,159,53,1
55,32,85,18,100,2,1,1,1,1,1,1,185,107,1
67,89,7,23,25,61,1,1,1,1,1,1,156,116,
25,13,45,36,2,99,1,1,1,1,1,1,144,76,1
99,37,12,18,83,41,1,1,1,1,1,1,182,108,1
83,88,59,100,97,2,1,1,1,1,1,1,197,232,
9,58,17,82,13,78,1,1,1,1,1,1,160,97,1
31,100,58,67,3,23,1,1,1,1,1,1,167,115,
68,5,4,9,51,97,1,1,1,1,1,1,165,69,1
38,36,49,45,13,84,1,1,1,1,1,1,133,132,
72,19,12,88,20,48,1,1,1,1,1,1,160,99,1
88,41,73,100,93,51,1,1,1,1,1,1,193,253,
50,66,38,51,9,55,1,1,1,1,1,1,121,148,
20,37,23,61,35,29,1,1,1,1,1,1,98,107,
98,5,78,80,79,94,1,1,1,1,1,1,192,242,
61,95,94,27,81,1,1,1,1,1,1,1,189,170,
5,61,63,26,96,2,1,1,1,1,1,1,159,94,1
74,30,18,83,9,71,1,1,1,1,1,1,157,128,
48,10,67,25,82,78,1,1,1,1,1,1,160,150,
81,72,98,24,36,7,1,1,1,1,1,1,179,139,
72,36,11,52,48,45,1,1,1,1,1,1,124,140,
78,19,57,41,31,56,1,1,1,1,1,1,135,147,
59,50,35,10,80,14,1,1,1,1,1,1,139,109,
86,88,30,34,90,12,1,1,1,1,1,1,178,162,
34,66,18,29,89,32,1,1,1,1,1,1,155,113,
18,30,36,41,100,24,1,1,1,1,1,1,141,108,
3,14,23,34,47,6,1,1,1,1,1,1,81,46,1
57,70,67,18,44,71,1,1,1,1,1,1,141,186,
63,49,6,70,29,51,1,1,1,1,1,1,133,135,
11,100,71,99,87,10,1,1,1,1,1,1,199,179,
91,75,7,32,40,66,1,1,1,1,1,1,166,145,
41,76,86,19,30,60,1,1,1,1,1,1,162,150,
6,85,49,3,88,71,1,1,1,1,1,1,173,129,
98,100,44,38,77,96,1,1,1,1,1,1,198,255,
46,84,19,75,77,18,1,1,1,1,1,1,161,158,
76,78,19,94,57,64,1,1,1,1,1,1,172,216,
46,7,21,37,56,81,1,1,1,1,1,1,137,111,
47,34,17,79,97,31,1,1,1,1,1,1,176,129,
12,77,97,38,65,30,1,1,1,1,1,1,174,145,
80,40,76,26,77,64,1,1,1,1,1,1,157,206,
78,72,8,32,25,54,1,1,1,1,1,1,150,119,
43,9,13,85,47,74,1,1,1,1,1,1,159,112,
67,47,88,35,71,33,1,1,1,1,1,1,159,182,
84,39,15,76,23,18,1,1,1,1,1,1,160,95,1
18,16,64,42,23,25,1,1,1,1,1,1,106,82,
79,73,56,24,4,43,1,1,1,1,1,1,152,127,
35,36,7,47,64,4,1,1,1,1,1,1,111,82,
16,69,64,81,87,53,1,1,1,1,1,1,168,202,
90,76,97,69,51,7,1,1,1,1,1,1,187,203,
65,34,90,13,16,71,1,1,1,1,1,1,161,128,
91,82,60,92,25,47,1,1,1,1,1,1,183,214,
35,62,84,92,77,2,1,1,1,1,1,1,176,176,
26,75,3,48,78,41,1,1,1,1,1,1,153,118,
45,25,32,98,65,51,1,1,1,1,1,1,163,153,
52,36,3,45,91,86,1,1,1,1,1,1,177,136,
5,49,1,36,84,4,1,1,1,1,1,1,133,46,1
41,96,33,88,26,45,1,1,1,1,1,1,184,145,
56,38,69,87,37,5,1,1,1,1,1,1,156,136,
17,29,18,80,52,78,1,1,1,1,1,1,158,116,
49,66,86,63,29,2,1,1,1,1,1,1,152,143,
66,27,95,37,22,96,1,1,1,1,1,1,191,152,
41,18,80,77,36,79,1,1,1,1,1,1,159,172,
35,69,28,22,91,7,1,1,1,1,1,1,160,92,1
17,45,46,8,97,100,1,1,1,1,1,1,197,116,1
14,19,38,30,66,54,1,1,1,1,1,1,120,101,
54,8,83,88,38,33,1,1,1,1,1,1,171,133,
52,73,29,12,49,20,1,1,1,1,1,1,125,110,
69,63,1,71,34,85,1,1,1,1,1,1,156,167,
97,41,10,26,44,57,1,1,1,1,1,1,154,121,
67,98,28,20,71,50,1,1,1,1,1,1,169,165,
26,18,50,48,93,89,1,1,1,1,1,1,182,142,
18,21,56,65,69,84,1,1,1,1,1,1,153,160,
71,5,97,4,29,80,1,1,1,1,1,1,177,109,1
87,63,45,42,70,100,1,1,1,1,1,1,187,220,
95,39,20,63,53,7,1,1,1,1,1,1,158,119,
36,68,59,76,67,95,1,1,1,1,1,1,171,230,
48,64,92,17,90,12,1,1,1,1,1,1,182,141,
34,37,87,41,11,86,1,1,1,1,1,1,173,123,
15,71,54,19,90,20,1,1,1,1,1,1,161,108,
4,2,53,68,34,78,1,1,1,1,1,1,146,93,1
99,40,14,16,17,61,1,1,1,1,1,1,160,87,1
41,31,21,29,94,11,1,1,1,1,1,1,135,92,
8,83,45,17,16,15,1,1,1,1,1,1,128,56,1
55,29,72,27,11,46,1,1,1,1,1,1,127,113,
48,1,58,97,65,76,1,1,1,1,1,1,173,172,
18,69,56,26,57,96,1,1,1,1,1,1,165,157,
38,41,46,60,6,96,1,1,1,1,1,1,156,131,
26,94,71,1,67,12,1,1,1,1,1,1,165,106,1
48,95,5,10,70,9,1,1,1,1,1,1,165,72,1
4,71,9,76,16,26,1,1,1,1,1,1,147,55,1
20,16,51,83,86,48,1,1,1,1,1,1,169,135,
60,33,88,46,27,53,1,1,1,1,1,1,148,159,
24,30,99,61,15,8,1,1,1,1,1,1,160,77,1
62,52,20,78,81,97,1,1,1,1,1,1,178,212,
97,69,59,12,88,53,1,1,1,1,1,1,185,193,
31,66,80,24,63,70,1,1,1,1,1,1,150,184,
77,96,82,100,10,44,1,1,1,1,1,1,196,213,
26,38,59,17,81,100,1,1,1,1,1,1,181,140,
42,7,98,17,31,48,1,1,1,1,1,1,146,97,1
87,99,51,91,88,9,1,1,1,1,1,1,190,235,
25,69,76,71,53,95,1,1,1,1,1,1,171,218,
31,6,36,39,43,80,1,1,1,1,1,1,123,112,
5,73,32,25,70,35,1,1,1,1,1,1,143,97,
45,73,63,18,77,89,1,1,1,1,1,1,166,199,
74,82,85,25,86,43,1,1,1,1,1,1,171,224,
35,20,89,62,94,9,1,1,1,1,1,1,183,126,
21,80,78,45,39,74,1,1,1,1,1,1,158,179,
80,56,41,29,37,55,1,1,1,1,1,1,136,162,
49,16,48,77,67,76,1,1,1,1,1,1,153,180,
81,8,73,62,91,33,1,1,1,1,1,1,172,176,
62,52,83,76,27,47,1,1,1,1,1,1,159,188,
83,99,61,65,82,28,1,1,1,1,1,1,182,236,
65,93,53,5,14,98,1,1,1,1,1,1,191,137,
6,62,97,82,10,11,1,1,1,1,1,1,179,89,1
8,80,91,69,34,4,1,1,1,1,1,1,171,115,
46,79,3,76,86,17,1,1,1,1,1,1,165,142,
36,31,1,50,5,42,1,1,1,1,1,1,92,73,
18,49,58,13,53,9,1,1,1,1,1,1,111,89,
32,75,13,50,88,48,1,1,1,1,1,1,163,143,
12,58,96,14,91,17,1,1,1,1,1,1,187,101,1
86,98,44,48,32,27,1,1,1,1,1,1,184,151,
41,14,96,35,27,13,1,1,1,1,1,1,137,89,1
26,41,40,48,13,42,1,1,1,1,1,1,90,120,
84,28,99,51,47,26,1,1,1,1,1,1,183,152,
42,66,76,29,80,83,1,1,1,1,1,1,163,213,
21,52,38,26,88,11,1,1,1,1,1,1,140,96,
38,82,2,57,37,45,1,1,1,1,1,1,139,122,
68,87,92,84,25,10,1,1,1,1,1,1,179,187,
39,34,16,47,10,41,1,1,1,1,1,1,88,99,
6,82,60,66,38,62,1,1,1,1,1,1,148,166,
34,62,4,93,78,37,1,1,1,1,1,1,171,137,
21,73,58,42,79,40,1,1,1,1,1,1,152,161,
30,43,72,25,60,56,1,1,1,1,1,1,132,154,
98,17,37,4,54,27,1,1,1,1,1,1,152,85,1
95,36,61,69,55,76,1,1,1,1,1,1,171,221,
98,64,22,72,33,50,1,1,1,1,1,1,170,169,
9,24,19,35,39,5,1,1,1,1,1,1,74,57,
41,90,20,68,17,42,1,1,1,1,1,1,158,120,
66,78,5,100,36,92,1,1,1,1,1,1,192,185,
1,12,59,40,60,47,1,1,1,1,1,1,119,100,
26,86,59,4,72,66,1,1,1,1,1,1,158,155,
16,26,96,28,64,95,1,1,1,1,1,1,191,134,
39,33,31,3,52,1,1,1,1,1,1,1,91,68,
54,31,40,24,25,1,1,1,1,1,1,1,94,81,
84,11,30,33,20,36,1,1,1,1,1,1,120,94,
92,21,13,7,6,16,1,1,1,1,1,1,113,42,1
8,85,100,10,52,82,1,1,1,1,1,1,185,152,
47,5,15,44,50,99,1,1,1,1,1,1,149,111,
66,19,39,34,53,3,1,1,1,1,1,1,119,95,
3,33,89,85,40,22,1,1,1,1,1,1,174,98,1
53,6,65,72,9,14,1,1,1,1,1,1,137,82,1
66,7,59,93,6,77,1,1,1,1,1,1,170,138,
71,68,70,90,47,33,1,1,1,1,1,1,161,218,
11,14,2,33,44,53,1,1,1,1,1,1,97,60,1
5,61,96,58,31,10,1,1,1,1,1,1,157,104,1
25,26,93,13,83,50,1,1,1,1,1,1,176,114,1
64,13,80,46,72,91,1,1,1,1,1,1,171,195,
34,6,43,73,33,67,1,1,1,1,1,1,140,116,
19,4,33,5,22,37,1,1,1,1,1,1,70,50,
25,39,37,35,44,24,1,1,1,1,1,1,83,121,
6,55,27,74,20,12,1,1,1,1,1,1,129,65,1
44,92,94,4,9,49,1,1,1,1,1,1,186,106,1
95,97,75,15,26,23,1,1,1,1,1,1,192,139,
74,17,18,11,71,64,1,1,1,1,1,1,145,110,
70,78,95,73,60,81,1,1,1,1,1,1,176,281,
83,73,9,53,72,7,1,1,1,1,1,1,156,141,
97,5,75,38,4,34,1,1,1,1,1,1,172,81,1
99,58,9,78,33,26,1,1,1,1,1,1,177,126,
6,36,18,60,88,94,1,1,1,1,1,1,182,120,1
22,14,11,48,97,40,1,1,1,1,1,1,145,87,1
25,33,11,20,100,44,1,1,1,1,1,1,144,89,1
82,87,91,48,89,20,1,1,1,1,1,1,180,237,
78,93,51,14,46,17,1,1,1,1,1,1,171,128,
50,9,52,8,65,1,1,1,1,1,1,1,117,68,1
23,73,62,65,95,77,1,1,1,1,1,1,172,223,
54,80,99,3,67,77,1,1,1,1,1,1,179,201,
68,90,83,80,9,8,1,1,1,1,1,1,173,165,
57,45,52,36,37,50,1,1,1,1,1,1,109,168,
14,69,84,26,37,52,1,1,1,1,1,1,153,129,
48,22,43,56,80,21,1,1,1,1,1,1,136,134,
18,53,61,70,22,95,1,1,1,1,1,1,165,154,
4,92,17,41,38,40,1,1,1,1,1,1,133,99,
96,12,28,34,87,89,1,1,1,1,1,1,185,161,
57,75,39,83,30,20,1,1,1,1,1,1,158,146,
63,30,40,61,45,98,1,1,1,1,1,1,161,176,
77,54,74,5,93,68,1,1,1,1,1,1,170,201,
34,8,15,96,80,45,1,1,1,1,1,1,176,102,1
52,96,65,25,53,83,1,1,1,1,1,1,179,195,
30,71,87,4,82,68,1,1,1,1,1,1,169,173,
81,38,24,39,93,69,1,1,1,1,1,1,174,170,
45,3,19,100,10,5,1,1,1,1,1,1,145,37,1
37,28,59,11,6,69,1,1,1,1,1,1,128,82,1
17,69,44,36,48,62,1,1,1,1,1,1,131,145,
8,26,62,94,86,89,1,1,1,1,1,1,183,182,
21,25,52,98,7,45,1,1,1,1,1,1,150,98,1
67,62,7,66,65,86,1,1,1,1,1,1,153,200,
49,77,19,70,95,99,1,1,1,1,1,1,194,215,
47,60,23,29,45,83,1,1,1,1,1,1,143,144,
82,15,83,94,50,29,1,1,1,1,1,1,177,176,
28,63,54,66,62,79,1,1,1,1,1,1,145,207,
72,27,58,76,3,34,1,1,1,1,1,1,148,122,
84,51,45,23,98,63,1,1,1,1,1,1,182,182,
40,52,49,97,44,20,1,1,1,1,1,1,149,153,
65,16,35,51,12,4,1,1,1,1,1,1,116,67,1
40,89,97,31,12,37,1,1,1,1,1,1,186,120,1
67,4,26,35,85,7,1,1,1,1,1,1,152,72,1
82,70,25,54,5,26,1,1,1,1,1,1,152,110,
19,83,60,67,37,56,1,1,1,1,1,1,150,172,
92,31,4,6,96,46,1,1,1,1,1,1,188,87,1
88,75,4,18,39,5,1,1,1,1,1,1,163,66,1
3,67,56,89,20,76,1,1,1,1,1,1,165,146,
9,40,10,53,56,1,1,1,1,1,1,1,109,60,1
35,89,80,96,15,62,1,1,1,1,1,1,185,192,
5,25,49,44,40,87,1,1,1,1,1,1,136,114,
49,87,50,28,67,64,1,1,1,1,1,1,154,191,
37,97,79,32,42,6,1,1,1,1,1,1,176,117,1
14,89,26,60,47,11,1,1,1,1,1,1,149,98,1
49,90,53,68,74,52,1,1,1,1,1,1,164,222,
47,29,4,92,46,20,1,1,1,1,1,1,139,99,
85,43,20,22,69,75,1,1,1,1,1,1,160,154,
53,49,5,97,43,79,1,1,1,1,1,1,176,150,
47,33,66,36,10,34,1,1,1,1,1,1,113,113,
30,26,90,42,91,54,1,1,1,1,1,1,181,152,
73,4,9,85,43,94,1,1,1,1,1,1,179,129,
72,83,10,61,29,78,1,1,1,1,1,1,161,172,
44,18,67,54,93,91,1,1,1,1,1,1,184,183,
60,97,80,20,90,92,1,1,1,1,1,1,189,250,
61,95,71,4,22,46,1,1,1,1,1,1,166,133,
57,42,19,76,52,45,1,1,1,1,1,1,133,158,
82,75,84,79,53,17,1,1,1,1,1,1,166,224,
63,37,17,66,5,53,1,1,1,1,1,1,129,112,
6,79,26,59,89,8,1,1,1,1,1,1,168,99,1
75,38,59,69,3,98,1,1,1,1,1,1,173,169,
100,86,70,90,3,72,1,1,1,1,1,1,190,231,
8,17,84,11,19,47,1,1,1,1,1,1,131,55,1
39,81,27,21,75,38,1,1,1,1,1,1,156,125,
4,50,82,34,75,65,1,1,1,1,1,1,157,153,
54,10,96,14,28,66,1,1,1,1,1,1,162,106,1
76,40,5,46,9,77,1,1,1,1,1,1,153,100,1
10,88,62,59,74,15,1,1,1,1,1,1,162,146,
39,22,59,55,73,99,1,1,1,1,1,1,172,175,
33,25,77,16,49,31,1,1,1,1,1,1,126,105,
18,55,89,93,42,21,1,1,1,1,1,1,182,136,
15,63,72,52,55,39,1,1,1,1,1,1,135,161,
90,51,14,29,59,61,1,1,1,1,1,1,151,153,
49,44,42,22,25,14,1,1,1,1,1,1,93,103,
65,11,1,95,55,57,1,1,1,1,1,1,160,124,
66,65,18,96,71,72,1,1,1,1,1,1,168,220,
58,55,94,4,85,27,1,1,1,1,1,1,179,144,
74,16,75,92,85,29,1,1,1,1,1,1,177,194,
57,97,34,52,22,80,1,1,1,1,1,1,177,165,
67,7,96,43,74,21,1,1,1,1,1,1,170,138,
56,80,11,53,16,21,1,1,1,1,1,1,136,101,
96,94,58,2,69,63,1,1,1,1,1,1,190,192,
49,1,36,72,81,90,1,1,1,1,1,1,171,158,
50,64,31,57,5,41,1,1,1,1,1,1,121,127,
4,26,69,58,3,64,1,1,1,1,1,1,133,91,
40,89,39,1,51,85,1,1,1,1,1,1,174,131,
4,69,99,50,95,30,1,1,1,1,1,1,194,153,
99,4,35,88,37,34,1,1,1,1,1,1,187,110,1
80,65,96,71,12,64,1,1,1,1,1,1,176,212,
64,90,4,36,12,29,1,1,1,1,1,1,154,81,1
45,81,33,98,91,22,1,1,1,1,1,1,189,181,
1,79,34,6,14,27,1,1,1,1,1,1,113,48,1
38,33,64,4,32,89,1,1,1,1,1,1,153,107,
71,81,53,84,22,63,1,1,1,1,1,1,165,209,
21,66,53,54,79,29,1,1,1,1,1,1,145,157,
20,28,52,73,23,31,1,1,1,1,1,1,125,102,
30,80,32,19,34,20,1,1,1,1,1,1,114,101,
35,94,45,46,97,96,1,1,1,1,1,1,193,220,
36,58,78,29,27,63,1,1,1,1,1,1,141,150,
48,58,23,12,36,67,1,1,1,1,1,1,125,119,
98,89,9,56,11,69,1,1,1,1,1,1,187,145,
3,88,94,9,67,39,1,1,1,1,1,1,182,118,1
34,17,44,27,86,96,1,1,1,1,1,1,182,122,
15,29,88,48,18,22,1,1,1,1,1,1,136,84,1
65,28,30,73,22,11,1,1,1,1,1,1,138,91,1
92,49,68,69,30,80,1,1,1,1,1,1,172,216,
62,41,46,96,57,63,1,1,1,1,1,1,159,206,
80,17,64,83,78,22,1,1,1,1,1,1,163,181,
32,33,92,12,94,39,1,1,1,1,1,1,186,116,1
15,98,12,83,94,71,1,1,1,1,1,1,192,181,
2,73,72,4,11,83,1,1,1,1,1,1,156,89,1
14,29,17,31,48,96,1,1,1,1,1,1,144,91,1
16,60,28,67,69,32,1,1,1,1,1,1,136,136,
61,8,88,27,72,73,1,1,1,1,1,1,161,168,
92,38,10,77,61,17,1,1,1,1,1,1,169,126,
51,26,62,37,17,23,1,1,1,1,1,1,113,103,
55,12,44,8,95,93,1,1,1,1,1,1,188,119,1
95,39,47,11,33,53,1,1,1,1,1,1,148,130,
3,44,97,19,43,7,1,1,1,1,1,1,141,72,1
95,55,17,64,72,84,1,1,1,1,1,1,179,208,
31,27,28,50,30,51,1,1,1,1,1,1,101,116,
20,96,6,7,27,64,1,1,1,1,1,1,160,60,1
87,72,39,11,58,41,1,1,1,1,1,1,159,149,
22,9,18,11,37,98,1,1,1,1,1,1,135,60,1
2,81,71,52,19,60,1,1,1,1,1,1,152,133,
95,71,45,27,15,37,1,1,1,1,1,1,166,124,
51,48,28,41,7,90,1,1,1,1,1,1,141,124,
4,59,35,16,83,56,1,1,1,1,1,1,142,111,
49,19,14,58,93,38,1,1,1,1,1,1,151,120,
12,44,94,82,56,96,1,1,1,1,1,1,190,194,
65,92,59,9,8,37,1,1,1,1,1,1,157,113,
62,17,83,59,16,93,1,1,1,1,1,1,176,154,
42,8,86,78,54,58,1,1,1,1,1,1,164,162,
80,9,53,28,75,43,1,1,1,1,1,1,155,133,
19,96,44,76,66,75,1,1,1,1,1,1,172,204,
22,74,24,40,70,45,1,1,1,1,1,1,144,131,
19,12,44,82,38,39,1,1,1,1,1,1,126,108,
32,57,76,61,1,50,1,1,1,1,1,1,137,140,
4,13,71,6,88,33,1,1,1,1,1,1,159,56,1
43,70,26,2,86,82,1,1,1,1,1,1,168,141,
99,74,35,66,85,19,1,1,1,1,1,1,184,194,
93,66,26,86,77,95,1,1,1,1,1,1,188,255,
17,36,42,86,33,67,1,1,1,1,1,1,153,128,
27,19,43,72,88,63,1,1,1,1,1,1,160,152,
37,99,59,49,31,6,1,1,1,1,1,1,158,123,
48,20,30,40,19,45,1,1,1,1,1,1,93,109,
47,96,65,40,55,6,1,1,1,1,1,1,161,148,
60,67,6,62,74,49,1,1,1,1,1,1,141,177,
87,32,27,70,14,75,1,1,1,1,1,1,162,143,
90,47,52,11,57,42,1,1,1,1,1,1,147,152,
16,74,32,89,36,91,1,1,1,1,1,1,180,158,
37,36,70,12,75,71,1,1,1,1,1,1,146,155,
67,49,2,57,75,39,1,1,1,1,1,1,142,147,
60,66,95,96,12,93,1,1,1,1,1,1,191,231,
37,63,70,77,5,41,1,1,1,1,1,1,147,146,
16,70,19,71,68,94,1,1,1,1,1,1,165,173,
19,63,60,36,32,67,1,1,1,1,1,1,130,147,
96,72,100,41,67,12,1,1,1,1,1,1,196,192,
18,68,27,28,19,2,1,1,1,1,1,1,96,66,
79,20,26,35,2,82,1,1,1,1,1,1,161,83,1
42,14,38,68,95,36,1,1,1,1,1,1,163,130,
82,52,67,20,40,78,1,1,1,1,1,1,160,179,
85,99,2,42,27,36,1,1,1,1,1,1,184,107,1
22,9,4,100,12,28,1,1,1,1,1,1,128,47,1
6,55,66,90,57,94,1,1,1,1,1,1,184,184,
59,92,56,11,60,18,1,1,1,1,1,1,152,144,
24,45,26,85,72,28,1,1,1,1,1,1,157,123,
10,40,36,87,44,54,1,1,1,1,1,1,141,130,
63,90,11,38,10,26,1,1,1,1,1,1,153,85,1
19,43,34,36,41,83,1,1,1,1,1,1,126,130,
35,24,22,99,91,73,1,1,1,1,1,1,190,154,
84,5,14,30,17,75,1,1,1,1,1,1,159,66,1
76,32,66,72,70,64,1,1,1,1,1,1,148,232,
22,93,75,99,63,66,1,1,1,1,1,1,192,226,
3,100,72,11,4,36,1,1,1,1,1,1,172,54,1
23,53,25,59,50,19,1,1,1,1,1,1,112,117,
40,67,3,15,81,78,1,1,1,1,1,1,159,125,
22,57,54,6,14,33,1,1,1,1,1,1,111,75,
31,81,13,54,86,29,1,1,1,1,1,1,167,127,
17,45,91,33,6,36,1,1,1,1,1,1,136,92,
35,19,60,72,10,6,1,1,1,1,1,1,132,70,1
63,32,65,47,89,23,1,1,1,1,1,1,154,165,
90,94,68,97,100,77,1,1,1,1,1,1,197,329,
40,34,22,52,18,7,1,1,1,1,1,1,92,81,
76,6,83,77,63,10,1,1,1,1,1,1,160,155,
77,97,7,51,58,31,1,1,1,1,1,1,174,147,
67,2,3,46,94,87,1,1,1,1,1,1,181,118,1
83,1,76,37,88,82,1,1,1,1,1,1,171,196,
63,27,28,8,25,66,1,1,1,1,1,1,129,88,
76,22,86,21,80,95,1,1,1,1,1,1,181,199,
6,53,89,40,75,65,1,1,1,1,1,1,164,164,
96,64,41,82,71,13,1,1,1,1,1,1,178,189,
87,64,28,99,65,68,1,1,1,1,1,1,186,225,
63,28,10,37,34,40,1,1,1,1,1,1,103,109,
55,61,73,95,93,21,1,1,1,1,1,1,188,210,
76,60,74,91,61,29,1,1,1,1,1,1,167,224,
67,60,18,43,100,57,1,1,1,1,1,1,167,178,
100,4,84,58,94,73,1,1,1,1,1,1,194,219,
46,98,2,77,17,76,1,1,1,1,1,1,175,141,
40,54,74,34,26,52,1,1,1,1,1,1,128,152,
66,24,30,77,91,46,1,1,1,1,1,1,168,166,
1,46,96,89,39,31,1,1,1,1,1,1,185,117,1
54,99,8,93,16,34,1,1,1,1,1,1,192,112,1
28,4,57,27,80,63,1,1,1,1,1,1,143,116,
99,80,68,85,71,29,1,1,1,1,1,1,184,248,
6,70,24,68,28,69,1,1,1,1,1,1,139,126,
68,79,74,97,99,40,1,1,1,1,1,1,196,261,
61,38,37,35,24,20,1,1,1,1,1,1,99,116,
94,96,99,15,18,68,1,1,1,1,1,1,195,195,
30,85,24,22,35,18,1,1,1,1,1,1,120,94,
2,6,24,41,10,38,1,1,1,1,1,1,79,42,1
41,20,1,57,31,42,1,1,1,1,1,1,99,93,
96,6,72,50,47,86,1,1,1,1,1,1,182,175,
97,21,47,81,41,62,1,1,1,1,1,1,178,171,
44,68,95,91,90,82,1,1,1,1,1,1,186,284,
42,16,80,53,13,18,1,1,1,1,1,1,133,89,
50,83,12,47,65,32,1,1,1,1,1,1,148,141,
97,83,58,29,66,32,1,1,1,1,1,1,180,185,
11,44,71,15,25,66,1,1,1,1,1,1,137,95,
82,35,97,86,98,77,1,1,1,1,1,1,195,280,
5,70,24,74,13,94,1,1,1,1,1,1,168,112,1
95,47,51,67,85,19,1,1,1,1,1,1,180,184,
35,81,87,56,65,62,1,1,1,1,1,1,168,218,
79,100,98,17,21,20,1,1,1,1,1,1,198,137,
72,46,14,50,38,6,1,1,1,1,1,1,122,104,
26,51,35,89,43,27,1,1,1,1,1,1,140,131,
40,81,68,38,32,77,1,1,1,1,1,1,158,178,
36,86,28,3,42,41,1,1,1,1,1,1,128,108,
55,22,83,33,81,92,1,1,1,1,1,1,175,191,
57,84,93,76,17,72,1,1,1,1,1,1,177,222,
61,7,27,53,25,79,1,1,1,1,1,1,140,112,
11,10,79,5,51,69,1,1,1,1,1,1,148,77,1
1,80,38,37,57,12,1,1,1,1,1,1,137,88,1
61,42,56,7,100,70,1,1,1,1,1,1,170,166,
78,58,40,84,47,46,1,1,1,1,1,1,162,191,
39,88,8,23,34,31,1,1,1,1,1,1,127,96,
83,63,52,84,58,9,1,1,1,1,1,1,167,182,
87,33,12,31,76,17,1,1,1,1,1,1,163,93,1
52,100,8,27,95,10,1,1,1,1,1,1,195,97,1
81,37,46,40,16,29,1,1,1,1,1,1,127,122,
26,47,11,65,84,18,1,1,1,1,1,1,149,102,
26,2,74,52,21,66,1,1,1,1,1,1,140,101,
7,86,15,43,24,81,1,1,1,1,1,1,167,89,1
60,98,52,74,15,85,1,1,1,1,1,1,183,201,
58,61,41,23,68,32,1,1,1,1,1,1,129,154,
44,34,52,6,37,28,1,1,1,1,1,1,96,105,
4,33,74,88,89,31,1,1,1,1,1,1,177,142,
6,38,57,72,86,16,1,1,1,1,1,1,158,117,
9,15,84,47,73,44,1,1,1,1,1,1,157,115,
20,90,80,64,17,14,1,1,1,1,1,1,170,115,
36,49,63,66,16,38,1,1,1,1,1,1,129,139,
7,96,22,75,70,20,1,1,1,1,1,1,171,119,
73,75,70,17,51,35,1,1,1,1,1,1,148,173,
92,4,13,58,43,77,1,1,1,1,1,1,169,118,
80,68,95,97,32,50,1,1,1,1,1,1,192,230,
22,63,33,1,19,57,1,1,1,1,1,1,120,75,1
15,43,83,34,78,77,1,1,1,1,1,1,161,169,
9,80,25,47,52,11,1,1,1,1,1,1,132,92,
87,14,21,78,47,27,1,1,1,1,1,1,165,109,1
50,60,98,67,69,36,1,1,1,1,1,1,167,213,
20,78,90,94,26,32,1,1,1,1,1,1,184,156,
39,100,83,79,40,87,1,1,1,1,1,1,187,241,
56,1,59,62,90,14,1,1,1,1,1,1,152,130,
46,100,16,62,19,54,1,1,1,1,1,1,162,135,
91,17,42,60,7,85,1,1,1,1,1,1,176,126,
89,72,92,88,74,26,1,1,1,1,1,1,181,260,
65,55,28,59,64,58,1,1,1,1,1,1,129,200,
9,4,74,54,85,43,1,1,1,1,1,1,159,110,
54,94,61,20,78,55,1,1,1,1,1,1,172,190,
90,15,100,79,64,67,1,1,1,1,1,1,190,225,
72,49,24,100,52,33,1,1,1,1,1,1,172,158,
60,11,27,58,93,9,1,1,1,1,1,1,153,105,
17,79,28,23,82,40,1,1,1,1,1,1,161,108,
36,49,5,10,86,28,1,1,1,1,1,1,135,79,1
36,48,45,5,71,51,1,1,1,1,1,1,122,134,
46,28,87,73,53,49,1,1,1,1,1,1,160,176,
12,53,8,86,59,50,1,1,1,1,1,1,145,123,
29,72,49,39,11,68,1,1,1,1,1,1,140,128,
15,27,18,93,86,14,1,1,1,1,1,1,179,74,1
43,72,24,58,67,7,1,1,1,1,1,1,139,132,
29,43,90,100,34,95,1,1,1,1,1,1,195,196,
5,71,37,28,89,22,1,1,1,1,1,1,160,92,1
1,51,46,53,49,6,1,1,1,1,1,1,104,102,
45,30,71,57,14,91,1,1,1,1,1,1,162,146,
35,63,57,71,7,95,1,1,1,1,1,1,166,162,
56,59,75,69,30,93,1,1,1,1,1,1,168,214,
52,40,36,21,12,63,1,1,1,1,1,1,115,109,
77,4,21,25,95,13,1,1,1,1,1,1,172,63,1
65,43,10,60,35,91,1,1,1,1,1,1,156,148,
32,60,64,52,70,63,1,1,1,1,1,1,134,207,
59,94,80,71,22,84,1,1,1,1,1,1,178,232,
75,71,63,79,59,64,1,1,1,1,1,1,154,257,
31,48,26,12,49,42,1,1,1,1,1,1,97,111,
45,12,87,4,97,58,1,1,1,1,1,1,184,119,1
49,66,87,42,33,69,1,1,1,1,1,1,156,190,
66,10,61,31,45,58,1,1,1,1,1,1,127,144,
89,28,37,62,31,57,1,1,1,1,1,1,151,153,
25,41,16,93,88,99,1,1,1,1,1,1,192,170,
56,38,12,39,76,99,1,1,1,1,1,1,175,145,
94,18,27,22,7,16,1,1,1,1,1,1,121,63,1
24,87,93,85,14,29,1,1,1,1,1,1,180,152,
92,34,66,65,25,5,1,1,1,1,1,1,158,129,
54,55,59,46,71,56,1,1,1,1,1,1,130,211,
8,58,50,21,27,54,1,1,1,1,1,1,112,106,
31,78,93,54,51,22,1,1,1,1,1,1,171,158,
80,81,89,5,86,46,1,1,1,1,1,1,175,212,
63,61,16,54,26,90,1,1,1,1,1,1,153,157,
9,20,85,51,74,91,1,1,1,1,1,1,176,154,
57,59,47,75,69,62,1,1,1,1,1,1,144,225,
92,94,55,17,67,61,1,1,1,1,1,1,186,200,
10,99,12,95,46,38,1,1,1,1,1,1,194,106,1
79,31,43,66,44,22,1,1,1,1,1,1,145,140,
63,40,94,13,51,45,1,1,1,1,1,1,157,149,
15,60,54,52,41,4,1,1,1,1,1,1,114,112,
73,63,86,8,29,34,1,1,1,1,1,1,159,134,
16,70,54,53,24,67,1,1,1,1,1,1,137,147,
33,42,88,34,79,87,1,1,1,1,1,1,175,188,
70,65,47,71,8,4,1,1,1,1,1,1,141,124,
76,21,70,82,87,10,1,1,1,1,1,1,169,177,
16,6,55,50,40,18,1,1,1,1,1,1,105,80,
75,64,86,97,32,91,1,1,1,1,1,1,188,257,
95,39,13,42,78,8,1,1,1,1,1,1,173,102,1
100,12,23,88,6,68,1,1,1,1,1,1,188,109,1
68,93,67,49,76,83,1,1,1,1,1,1,176,260,
64,72,19,16,61,46,1,1,1,1,1,1,136,142,
37,82,12,92,27,68,1,1,1,1,1,1,174,144,
13,22,33,38,1,24,1,1,1,1,1,1,71,60,
12,74,36,96,89,85,1,1,1,1,1,1,185,207,
36,12,15,57,98,72,1,1,1,1,1,1,170,120,
69,74,26,67,47,76,1,1,1,1,1,1,150,209,
18,5,20,91,12,16,1,1,1,1,1,1,111,51,1
75,12,87,41,68,52,1,1,1,1,1,1,162,173,
71,99,25,85,12,17,1,1,1,1,1,1,184,125,
42,20,7,53,71,91,1,1,1,1,1,1,162,122,
10,40,70,42,27,25,1,1,1,1,1,1,112,102,
21,2,31,47,48,53,1,1,1,1,1,1,101,101,
56,26,88,71,92,5,1,1,1,1,1,1,180,158,
14,69,44,82,8,96,1,1,1,1,1,1,178,135,
53,97,98,85,62,3,1,1,1,1,1,1,195,203,
73,68,18,35,75,2,1,1,1,1,1,1,148,123,
7,25,69,15,98,5,1,1,1,1,1,1,167,52,1
94,25,23,21,71,58,1,1,1,1,1,1,165,127,
33,81,28,82,95,93,1,1,1,1,1,1,188,224,
47,19,67,8,85,88,1,1,1,1,1,1,173,141,
79,70,14,42,50,94,1,1,1,1,1,1,173,176,
84,56,20,97,35,17,1,1,1,1,1,1,181,128,
36,11,81,57,68,82,1,1,1,1,1,1,163,172,
48,28,8,15,45,50,1,1,1,1,1,1,98,96,
79,90,66,98,99,45,1,1,1,1,1,1,197,280,
21,26,18,12,28,71,1,1,1,1,1,1,99,77,
36,85,72,59,92,60,1,1,1,1,1,1,177,227,
46,34,39,77,5,87,1,1,1,1,1,1,164,124,
76,71,75,41,87,13,1,1,1,1,1,1,163,200,
50,10,16,35,9,33,1,1,1,1,1,1,85,68,
55,57,78,53,4,97,1,1,1,1,1,1,175,169,
18,61,12,85,23,65,1,1,1,1,1,1,150,114,
34,27,82,3,47,90,1,1,1,1,1,1,172,111,1
23,3,12,93,40,13,1,1,1,1,1,1,133,51,1
72,8,24,62,25,91,1,1,1,1,1,1,163,119,
65,22,69,20,91,13,1,1,1,1,1,1,160,120,
29,70,52,93,91,59,1,1,1,1,1,1,184,210,
25,10,34,73,37,13,1,1,1,1,1,1,110,82,
87,25,47,23,3,63,1,1,1,1,1,1,150,98,1
96,21,78,60,52,83,1,1,1,1,1,1,179,211,
36,68,23,1,49,89,1,1,1,1,1,1,157,109,
42,66,14,22,97,2,1,1,1,1,1,1,163,80,1
52,29,80,20,79,32,1,1,1,1,1,1,159,133,
27,91,1,96,30,57,1,1,1,1,1,1,187,115,1
2,36,47,48,5,71,1,1,1,1,1,1,119,90,
36,70,60,100,56,69,1,1,1,1,1,1,170,221,
51,64,84,61,33,2,1,1,1,1,1,1,148,147,
20,22,7,95,51,100,1,1,1,1,1,1,195,100,1
72,83,64,86,2,12,1,1,1,1,1,1,169,150,
31,8,65,97,46,61,1,1,1,1,1,1,162,146,
78,88,55,70,1,69,1,1,1,1,1,1,166,195,
90,72,15,98,7,97,1,1,1,1,1,1,195,184,
92,8,95,27,12,60,1,1,1,1,1,1,187,107,1
3,30,53,76,58,48,1,1,1,1,1,1,134,134,
90,67,50,53,77,35,1,1,1,1,1,1,167,205,
7,42,30,57,59,98,1,1,1,1,1,1,157,136,
46,72,70,33,93,96,1,1,1,1,1,1,189,221,
63,58,84,15,81,96,1,1,1,1,1,1,180,217,
98,65,13,96,43,68,1,1,1,1,1,1,194,189,
24,14,77,21,13,100,1,1,1,1,1,1,177,72,1
17,33,91,64,5,59,1,1,1,1,1,1,155,114,
30,40,14,49,61,31,1,1,1,1,1,1,110,115,
94,68,15,76,78,17,1,1,1,1,1,1,172,176,
30,41,10,69,58,82,1,1,1,1,1,1,151,139,
23,13,65,26,32,51,1,1,1,1,1,1,116,94,
86,61,59,79,62,100,1,1,1,1,1,1,186,261,
11,13,3,38,5,65,1,1,1,1,1,1,103,32,1
30,26,72,69,14,19,1,1,1,1,1,1,141,89,1
14,19,88,16,69,42,1,1,1,1,1,1,157,91,1
70,36,68,62,21,23,1,1,1,1,1,1,138,142,
65,67,93,49,89,1,1,1,1,1,1,1,182,182,
68,40,70,21,19,60,1,1,1,1,1,1,138,140,
100,13,74,87,50,23,1,1,1,1,1,1,187,160,
26,46,61,59,91,54,1,1,1,1,1,1,152,185,
54,56,15,25,5,30,1,1,1,1,1,1,110,75,
50,77,49,53,89,94,1,1,1,1,1,1,183,229,
39,52,10,86,16,50,1,1,1,1,1,1,138,115,
56,59,89,92,81,36,1,1,1,1,1,1,181,232,
2,96,56,76,94,72,1,1,1,1,1,1,190,206,
3,65,54,74,91,44,1,1,1,1,1,1,165,166,
47,46,33,15,36,100,1,1,1,1,1,1,147,130,
7,47,50,71,22,76,1,1,1,1,1,1,147,126,
82,39,26,2,72,93,1,1,1,1,1,1,175,139,
15,5,68,36,84,99,1,1,1,1,1,1,183,124,
49,38,21,13,30,88,1,1,1,1,1,1,137,102,
75,3,8,66,15,71,1,1,1,1,1,1,146,92,1
80,15,45,36,91,57,1,1,1,1,1,1,171,153,
16,43,77,25,71,39,1,1,1,1,1,1,148,123,
91,65,25,56,74,17,1,1,1,1,1,1,165,163,
12,42,68,35,23,46,1,1,1,1,1,1,114,112,
89,1,67,72,37,76,1,1,1,1,1,1,165,177,
76,13,22,81,55,34,1,1,1,1,1,1,157,124,
7,35,37,3,82,15,1,1,1,1,1,1,119,60,1
5,48,94,84,75,100,1,1,1,1,1,1,194,212,
66,91,12,44,89,98,1,1,1,1,1,1,189,211,
44,25,66,11,8,10,1,1,1,1,1,1,110,54,1
96,78,98,92,74,84,1,1,1,1,1,1,194,328,
31,26,94,27,85,41,1,1,1,1,1,1,179,125,
82,64,20,86,78,15,1,1,1,1,1,1,168,177,
25,57,19,48,17,66,1,1,1,1,1,1,123,109,
55,7,38,73,98,2,1,1,1,1,1,1,171,102,1
51,53,1,18,70,8,1,1,1,1,1,1,123,78,1
70,63,62,14,8,24,1,1,1,1,1,1,133,108,
19,82,51,4,96,8,1,1,1,1,1,1,178,82,1
25,26,16,30,89,86,1,1,1,1,1,1,175,97,1
18,74,16,72,1,40,1,1,1,1,1,1,146,75,1
94,39,2,66,28,42,1,1,1,1,1,1,160,111,
72,66,7,24,5,39,1,1,1,1,1,1,138,75,1
99,69,79,88,8,42,1,1,1,1,1,1,187,198,
73,83,100,91,76,67,1,1,1,1,1,1,191,299,
53,77,79,25,56,57,1,1,1,1,1,1,156,191,
39,3,46,1,40,29,1,1,1,1,1,1,86,72,
29,97,14,44,98,78,1,1,1,1,1,1,195,165,
85,18,36,64,68,53,1,1,1,1,1,1,153,171,
36,34,18,11,46,60,1,1,1,1,1,1,106,99,
33,52,73,57,72,83,1,1,1,1,1,1,156,214,
71,14,26,59,62,64,1,1,1,1,1,1,135,161,
7,9,78,45,8,71,1,1,1,1,1,1,149,69,1
57,45,95,91,62,84,1,1,1,1,1,1,186,248,
31,14,78,81,35,27,1,1,1,1,1,1,159,107,
32,7,13,14,93,24,1,1,1,1,1,1,125,58,1
42,83,87,67,6,32,1,1,1,1,1,1,170,147,
81,63,78,25,36,99,1,1,1,1,1,1,180,202,
13,87,42,54,21,36,1,1,1,1,1,1,141,112,
40,70,51,2,93,64,1,1,1,1,1,1,163,157,
91,29,64,100,76,49,1,1,1,1,1,1,191,218,
16,54,3,42,37,23,1,1,1,1,1,1,96,79,
51,83,48,95,19,23,1,1,1,1,1,1,178,141,
90,40,85,94,69,63,1,1,1,1,1,1,184,257,
90,16,2,73,1,39,1,1,1,1,1,1,163,58,1
43,89,19,37,52,76,1,1,1,1,1,1,165,151,
32,79,48,41,69,54,1,1,1,1,1,1,148,175,
59,7,80,87,64,54,1,1,1,1,1,1,167,184,
69,91,10,25,49,84,1,1,1,1,1,1,175,153,
41,84,34,48,66,14,1,1,1,1,1,1,150,137,
84,37,66,86,43,74,1,1,1,1,1,1,170,220,
25,23,55,47,15,29,1,1,1,1,1,1,102,92,
76,55,34,51,32,50,1,1,1,1,1,1,131,167,
43,85,74,21,15,32,1,1,1,1,1,1,159,111,
78,77,69,3,21,66,1,1,1,1,1,1,155,159,
37,95,15,90,91,18,1,1,1,1,1,1,186,160,
28,10,86,32,61,73,1,1,1,1,1,1,159,131,
25,22,48,59,88,40,1,1,1,1,1,1,147,135,
96,19,68,41,27,22,1,1,1,1,1,1,164,109,1
38,96,91,86,90,63,1,1,1,1,1,1,187,277,
80,76,70,65,15,85,1,1,1,1,1,1,165,226,
23,53,58,9,96,91,1,1,1,1,1,1,187,143,
10,34,65,58,12,14,1,1,1,1,1,1,123,70,1
24,64,82,4,93,62,1,1,1,1,1,1,175,154,
10,79,67,21,33,42,1,1,1,1,1,1,146,106,
68,35,63,71,42,31,1,1,1,1,1,1,139,171,
74,87,12,59,28,22,1,1,1,1,1,1,161,121,
8,60,54,27,31,40,1,1,1,1,1,1,114,106,
65,2,92,63,21,41,1,1,1,1,1,1,157,127,
24,1,4,93,47,75,1,1,1,1,1,1,168,76,1
55,61,31,13,15,12,1,1,1,1,1,1,116,71,1
3,17,95,89,36,81,1,1,1,1,1,1,184,137,
89,23,59,75,74,11,1,1,1,1,1,1,164,167,
99,6,78,70,58,46,1,1,1,1,1,1,177,180,
55,78,22,9,93,99,1,1,1,1,1,1,192,164,
77,23,40,100,10,44,1,1,1,1,1,1,177,117,1
88,91,60,69,22,36,1,1,1,1,1,1,179,187,
27,8,43,46,41,39,1,1,1,1,1,1,89,115,
9,37,41,71,49,56,1,1,1,1,1,1,127,136,
28,25,2,89,24,12,1,1,1,1,1,1,117,63,1
28,42,67,85,5,56,1,1,1,1,1,1,152,131,
41,54,40,67,77,39,1,1,1,1,1,1,144,174,
55,46,6,28,57,74,1,1,1,1,1,1,131,135,
58,67,65,19,30,53,1,1,1,1,1,1,132,160,
73,58,76,51,66,9,1,1,1,1,1,1,149,184,
84,11,25,42,73,58,1,1,1,1,1,1,157,136,
11,9,41,65,23,99,1,1,1,1,1,1,164,84,1
16,76,5,42,72,45,1,1,1,1,1,1,148,108,
32,73,27,2,65,17,1,1,1,1,1,1,138,78,1
21,64,11,14,9,27,1,1,1,1,1,1,91,55,1
73,51,54,16,10,98,1,1,1,1,1,1,171,131,
49,6,92,5,81,56,1,1,1,1,1,1,173,116,
51,36,78,52,55,71,1,1,1,1,1,1,149,194,
64,47,46,68,30,54,1,1,1,1,1,1,132,177,
83,79,99,52,28,27,1,1,1,1,1,1,182,186,
16,39,62,42,29,78,1,1,1,1,1,1,140,126,
6,62,27,41,32,7,1,1,1,1,1,1,103,72,
39,44,18,93,8,84,1,1,1,1,1,1,177,109,1
53,21,1,79,70,50,1,1,1,1,1,1,149,125,
88,26,35,85,15,47,1,1,1,1,1,1,173,123,
58,62,85,83,7,38,1,1,1,1,1,1,168,165,
39,63,34,24,29,54,1,1,1,1,1,1,117,126,
95,30,61,88,64,29,1,1,1,1,1,1,183,184,
4,24,15,84,76,73,1,1,1,1,1,1,160,116,
17,90,69,66,77,34,1,1,1,1,1,1,167,186,
24,53,65,81,84,76,1,1,1,1,1,1,165,218,
10,19,91,50,86,98,1,1,1,1,1,1,189,165,
56,64,18,1,61,89,1,1,1,1,1,1,153,136,
34,15,22,97,51,41,1,1,1,1,1,1,148,112,
37,11,70,5,53,50,1,1,1,1,1,1,123,103,
52,83,5,20,2,88,1,1,1,1,1,1,171,79,1
79,25,42,43,97,46,1,1,1,1,1,1,176,156,
48,62,63,29,79,45,1,1,1,1,1,1,142,184,
26,98,8,73,53,60,1,1,1,1,1,1,171,147,
7,26,83,51,88,38,1,1,1,1,1,1,171,122,
7,56,68,41,33,1,1,1,1,1,1,1,124,82,1
54,32,46,6,70,34,1,1,1,1,1,1,124,118,
57,84,14,59,52,51,1,1,1,1,1,1,143,174,
96,18,3,8,39,1,1,1,1,1,1,1,135,30,1
53,70,47,64,62,83,1,1,1,1,1,1,153,226,
72,48,73,62,50,33,1,1,1,1,1,1,145,193,
93,38,59,9,48,61,1,1,1,1,1,1,154,154,
94,99,49,45,84,15,1,1,1,1,1,1,193,193,
56,64,72,53,27,62,1,1,1,1,1,1,136,198,
95,15,5,46,94,64,1,1,1,1,1,1,189,130,
21,58,12,49,95,34,1,1,1,1,1,1,153,116,
79,85,56,39,38,80,1,1,1,1,1,1,165,212,
41,34,76,86,64,70,1,1,1,1,1,1,162,209,
83,39,96,37,61,60,1,1,1,1,1,1,179,197,
40,5,52,2,60,81,1,1,1,1,1,1,141,99,
76,33,50,83,19,15,1,1,1,1,1,1,159,117,
92,15,82,47,85,34,1,1,1,1,1,1,177,178,
62,56,53,20,54,97,1,1,1,1,1,1,159,183,
1,90,72,15,16,69,1,1,1,1,1,1,162,101,1
21,55,71,46,34,25,1,1,1,1,1,1,126,126,
93,62,35,24,12,67,1,1,1,1,1,1,160,133,
62,46,58,12,28,21,1,1,1,1,1,1,120,107,
33,90,73,37,13,36,1,1,1,1,1,1,163,119,
83,5,94,31,61,75,1,1,1,1,1,1,177,172,
80,92,51,32,8,77,1,1,1,1,1,1,172,168,
75,82,73,93,39,79,1,1,1,1,1,1,175,266,
47,62,82,87,41,78,1,1,1,1,1,1,169,228,
10,29,24,6,47,44,1,1,1,1,1,1,91,69,
72,83,54,48,86,6,1,1,1,1,1,1,169,180,
81,55,45,99,98,49,1,1,1,1,1,1,197,230,
21,78,18,73,46,14,1,1,1,1,1,1,151,99,1
30,59,22,92,7,1,1,1,1,1,1,1,151,60,1
55,88,51,81,76,9,1,1,1,1,1,1,169,191,
99,83,29,40,35,44,1,1,1,1,1,1,182,148,
77,59,38,41,87,86,1,1,1,1,1,1,173,215,
20,49,26,83,79,56,1,1,1,1,1,1,162,151,
15,19,95,2,35,29,1,1,1,1,1,1,130,65,1
15,26,6,94,80,2,1,1,1,1,1,1,174,49,1
39,89,88,9,94,78,1,1,1,1,1,1,183,214,
10,47,33,2,62,15,1,1,1,1,1,1,109,60,1
38,91,88,68,7,25,1,1,1,1,1,1,179,138,
19,80,57,38,27,62,1,1,1,1,1,1,142,141,
30,28,32,88,10,99,1,1,1,1,1,1,187,100,1
27,30,82,20,69,60,1,1,1,1,1,1,151,137,
65,89,37,1,20,3,1,1,1,1,1,1,154,61,1
46,21,3,11,8,92,1,1,1,1,1,1,138,43,1
31,77,81,89,8,82,1,1,1,1,1,1,171,197,
99,23,29,6,42,44,1,1,1,1,1,1,143,100,
78,54,65,15,75,63,1,1,1,1,1,1,153,197,
70,82,41,67,81,42,1,1,1,1,1,1,163,220,
53,22,54,39,30,50,1,1,1,1,1,1,107,141,
93,36,78,59,95,27,1,1,1,1,1,1,188,200,
48,59,38,68,99,73,1,1,1,1,1,1,172,213,
12,38,15,7,58,10,1,1,1,1,1,1,96,44,1
83,54,62,75,2,78,1,1,1,1,1,1,161,193,
18,65,50,43,17,15,1,1,1,1,1,1,115,93,
84,58,19,5,85,1,1,1,1,1,1,1,169,83,1
42,68,30,89,52,97,1,1,1,1,1,1,186,192,
49,79,30,91,25,2,1,1,1,1,1,1,170,106,1
24,56,61,2,12,7,1,1,1,1,1,1,117,45,1
98,25,91,26,30,36,1,1,1,1,1,1,189,117,1
19,18,9,11,66,6,1,1,1,1,1,1,85,44,1
62,57,17,66,70,81,1,1,1,1,1,1,151,202,
20,49,45,40,9,12,1,1,1,1,1,1,94,81,
88,38,77,16,92,59,1,1,1,1,1,1,180,190,
34,84,46,70,30,80,1,1,1,1,1,1,164,180,
87,93,44,78,20,35,1,1,1,1,1,1,180,177,
41,20,14,7,91,67,1,1,1,1,1,1,158,82,1
31,20,34,10,49,19,1,1,1,1,1,1,83,80,
61,7,64,83,79,18,1,1,1,1,1,1,162,150,
25,14,23,26,69,97,1,1,1,1,1,1,166,88,1
48,2,3,19,11,27,1,1,1,1,1,1,75,35,1
97,66,62,59,8,82,1,1,1,1,1,1,179,195,
45,50,96,89,26,41,1,1,1,1,1,1,185,162,
24,58,30,5,97,22,1,1,1,1,1,1,155,81,1
40,98,69,67,52,94,1,1,1,1,1,1,192,228,
9,86,21,83,74,29,1,1,1,1,1,1,169,133,
72,75,14,66,95,30,1,1,1,1,1,1,170,182,
25,100,28,89,74,98,1,1,1,1,1,1,198,216,
43,44,2,32,33,62,1,1,1,1,1,1,106,110,
49,100,93,85,18,82,1,1,1,1,1,1,193,234,
38,87,67,95,7,68,1,1,1,1,1,1,182,180,
77,25,29,17,43,18,1,1,1,1,1,1,120,89,
84,10,51,31,28,64,1,1,1,1,1,1,148,120,
95,98,92,33,19,62,1,1,1,1,1,1,193,206,
29,72,46,28,53,74,1,1,1,1,1,1,146,156,
81,100,27,16,19,87,1,1,1,1,1,1,187,143,
99,50,92,82,54,42,1,1,1,1,1,1,191,228,
90,32,6,65,75,47,1,1,1,1,1,1,165,150,
77,2,28,33,94,72,1,1,1,1,1,1,171,135,
40,56,41,95,93,85,1,1,1,1,1,1,188,222,
62,31,37,77,43,39,1,1,1,1,1,1,139,150,
56,16,19,53,28,29,1,1,1,1,1,1,109,92,
51,94,61,60,66,69,1,1,1,1,1,1,163,238,
77,62,75,96,90,98,1,1,1,1,1,1,194,304,
2,39,74,36,50,4,1,1,1,1,1,1,124,81,1
92,67,68,46,15,89,1,1,1,1,1,1,181,196,
87,69,30,23,41,84,1,1,1,1,1,1,171,163,
55,80,50,43,75,13,1,1,1,1,1,1,155,161,
9,89,95,72,77,33,1,1,1,1,1,1,184,191,
22,41,90,9,79,16,1,1,1,1,1,1,169,88,1
75,97,52,85,95,65,1,1,1,1,1,1,192,277,
11,12,89,67,10,39,1,1,1,1,1,1,156,72,1
34,95,1,46,80,55,1,1,1,1,1,1,175,136,
92,14,33,5,61,10,1,1,1,1,1,1,153,62,1
14,50,36,19,37,68,1,1,1,1,1,1,118,106,
22,53,4,5,58,60,1,1,1,1,1,1,118,84,
99,75,7,38,82,94,1,1,1,1,1,1,193,202,
75,24,49,39,82,27,1,1,1,1,1,1,157,139,
17,68,10,8,22,62,1,1,1,1,1,1,130,57,1
70,20,7,100,86,84,1,1,1,1,1,1,186,181,
72,93,99,41,37,35,1,1,1,1,1,1,192,185,
52,78,17,38,9,63,1,1,1,1,1,1,141,116,
29,28,77,74,12,2,1,1,1,1,1,1,151,71,1
61,32,71,69,66,39,1,1,1,1,1,1,140,198,
23,8,64,13,91,94,1,1,1,1,1,1,185,108,1
33,85,71,30,11,83,1,1,1,1,1,1,168,145,
81,47,14,4,57,59,1,1,1,1,1,1,140,122,
33,26,96,59,49,46,1,1,1,1,1,1,155,154,
54,33,60,39,26,94,1,1,1,1,1,1,154,152,
87,84,25,16,31,55,1,1,1,1,1,1,171,127,
52,79,65,31,15,99,1,1,1,1,1,1,178,163,
91,86,43,18,13,49,1,1,1,1,1,1,177,123,
65,72,93,62,77,37,1,1,1,1,1,1,170,236,
25,76,12,11,16,9,1,1,1,1,1,1,101,48,1
8,12,18,87,28,69,1,1,1,1,1,1,156,66,1
4,83,89,82,29,70,1,1,1,1,1,1,172,185,
97,42,55,23,40,27,1,1,1,1,1,1,152,132,
47,98,26,2,12,89,1,1,1,1,1,1,187,87,1
85,48,83,80,41,39,1,1,1,1,1,1,168,208,
30,79,40,53,37,2,1,1,1,1,1,1,132,109,
67,58,19,84,43,30,1,1,1,1,1,1,151,150,
58,53,70,100,97,24,1,1,1,1,1,1,197,205,
96,37,32,10,31,1,1,1,1,1,1,1,133,74,1
75,85,93,99,40,94,1,1,1,1,1,1,193,293,
18,92,23,68,66,61,1,1,1,1,1,1,160,168,
22,69,38,29,7,32,1,1,1,1,1,1,107,90,
40,30,31,74,51,41,1,1,1,1,1,1,125,142,
66,18,24,44,84,28,1,1,1,1,1,1,150,114,
13,77,23,98,19,18,1,1,1,1,1,1,175,73,1
70,12,28,54,10,9,1,1,1,1,1,1,124,59,1
1,23,8,73,39,90,1,1,1,1,1,1,163,71,1
16,5,87,19,90,13,1,1,1,1,1,1,177,53,1
83,63,71,88,74,46,1,1,1,1,1,1,171,254,
52,74,24,11,69,47,1,1,1,1,1,1,143,134,
48,34,44,55,69,75,1,1,1,1,1,1,144,181,
98,21,60,100,94,85,1,1,1,1,1,1,198,260,
90,60,98,24,49,91,1,1,1,1,1,1,189,223,
96,100,59,57,48,45,1,1,1,1,1,1,196,209,
20,82,16,80,75,59,1,1,1,1,1,1,162,170,
28,89,26,35,79,34,1,1,1,1,1,1,168,123,
28,6,23,95,54,17,1,1,1,1,1,1,149,74,1
61,71,53,24,9,70,1,1,1,1,1,1,141,147,
86,47,83,92,53,67,1,1,1,1,1,1,178,250,
69,85,56,55,47,24,1,1,1,1,1,1,154,182,
3,47,45,88,69,7,1,1,1,1,1,1,157,102,1
30,90,63,35,28,53,1,1,1,1,1,1,153,146,
4,98,12,25,38,43,1,1,1,1,1,1,141,79,1
56,91,29,11,18,50,1,1,1,1,1,1,147,108,
50,12,75,6,78,31,1,1,1,1,1,1,153,99,1
34,81,78,56,69,87,1,1,1,1,1,1,168,237,
77,63,93,87,18,35,1,1,1,1,1,1,180,193,
24,6,32,30,79,86,1,1,1,1,1,1,165,92,1
27,48,44,92,39,2,1,1,1,1,1,1,140,112,
41,39,34,51,31,100,1,1,1,1,1,1,151,145,
76,7,49,37,92,61,1,1,1,1,1,1,168,154,
41,29,5,73,74,26,1,1,1,1,1,1,147,101,
6,53,79,23,78,46,1,1,1,1,1,1,157,128,
19,32,68,40,18,87,1,1,1,1,1,1,155,109,
45,83,59,16,87,79,1,1,1,1,1,1,170,199,
53,55,51,27,91,75,1,1,1,1,1,1,166,186,
14,1,100,79,49,65,1,1,1,1,1,1,179,129,
64,65,17,82,19,21,1,1,1,1,1,1,147,121,
97,45,40,43,52,60,1,1,1,1,1,1,157,180,
27,24,9,84,45,37,1,1,1,1,1,1,129,97,
95,66,19,18,60,42,1,1,1,1,1,1,161,139,
62,87,78,95,86,18,1,1,1,1,1,1,182,244,
49,60,75,56,1,87,1,1,1,1,1,1,162,166,
66,54,42,46,94,4,1,1,1,1,1,1,160,146,
86,60,3,48,50,15,1,1,1,1,1,1,146,116,
18,1,4,98,47,9,1,1,1,1,1,1,145,32,1
98,45,52,10,32,1,1,1,1,1,1,1,150,88,1
91,21,63,96,17,66,1,1,1,1,1,1,187,167,
92,46,75,49,33,79,1,1,1,1,1,1,171,203,
71,12,75,91,56,70,1,1,1,1,1,1,166,209,
32,64,6,98,29,18,1,1,1,1,1,1,162,85,1
54,55,41,81,25,7,1,1,1,1,1,1,136,127,
93,21,59,68,48,46,1,1,1,1,1,1,161,174,
22,57,84,5,3,79,1,1,1,1,1,1,163,87,1
35,65,60,30,96,61,1,1,1,1,1,1,161,186,
19,76,58,25,61,20,1,1,1,1,1,1,137,122,
59,66,32,9,37,57,1,1,1,1,1,1,125,135,
73,57,26,39,37,46,1,1,1,1,1,1,130,148,
54,34,21,20,81,65,1,1,1,1,1,1,146,129,
34,16,22,36,21,94,1,1,1,1,1,1,130,93,
54,73,86,98,81,41,1,1,1,1,1,1,184,249,
45,71,55,62,40,54,1,1,1,1,1,1,133,194,
69,34,53,57,49,66,1,1,1,1,1,1,135,193,
56,36,65,49,7,98,1,1,1,1,1,1,163,148,
79,15,59,67,78,39,1,1,1,1,1,1,157,180,
14,3,100,18,52,46,1,1,1,1,1,1,152,81,1
30,24,57,31,17,49,1,1,1,1,1,1,106,102,
99,57,75,100,6,11,1,1,1,1,1,1,199,149,
84,92,41,17,33,38,1,1,1,1,1,1,176,129,
90,74,38,58,41,12,1,1,1,1,1,1,164,149,
1,93,78,9,57,89,1,1,1,1,1,1,182,145,
6,89,100,42,53,85,1,1,1,1,1,1,189,186,
57,84,28,31,75,69,1,1,1,1,1,1,159,185,
86,20,57,94,85,28,1,1,1,1,1,1,180,190,
87,69,26,52,78,92,1,1,1,1,1,1,179,225,
82,51,3,16,71,64,1,1,1,1,1,1,153,134,
9,2,64,98,82,48,1,1,1,1,1,1,180,123,
16,97,18,13,35,53,1,1,1,1,1,1,150,82,1
8,98,26,79,7,48,1,1,1,1,1,1,177,89,1
37,100,51,66,96,73,1,1,1,1,1,1,196,227,
77,47,61,30,21,75,1,1,1,1,1,1,152,159,
71,48,41,36,46,100,1,1,1,1,1,1,171,171,
64,69,55,79,78,23,1,1,1,1,1,1,157,211,
2,98,96,32,10,75,1,1,1,1,1,1,194,119,1
59,44,82,89,76,4,1,1,1,1,1,1,171,183,
44,10,99,79,68,84,1,1,1,1,1,1,183,201,
30,58,50,2,67,13,1,1,1,1,1,1,125,95,
89,7,16,80,14,8,1,1,1,1,1,1,169,45,1
40,51,80,29,36,91,1,1,1,1,1,1,171,156,
54,93,48,20,43,22,1,1,1,1,1,1,147,133,
37,5,73,19,55,80,1,1,1,1,1,1,153,116,
55,31,4,89,86,56,1,1,1,1,1,1,175,146,
62,3,54,10,25,26,1,1,1,1,1,1,116,64,1
18,34,17,60,74,85,1,1,1,1,1,1,159,129,
86,75,42,51,13,21,1,1,1,1,1,1,161,127,
68,22,62,42,70,96,1,1,1,1,1,1,166,194,
68,43,55,82,41,10,1,1,1,1,1,1,150,149,
97,61,82,17,28,85,1,1,1,1,1,1,182,188,
30,15,82,97,92,19,1,1,1,1,1,1,189,146,
46,17,48,70,78,39,1,1,1,1,1,1,148,150,
58,92,45,47,89,73,1,1,1,1,1,1,181,223,
69,4,68,19,85,29,1,1,1,1,1,1,154,120,
53,23,71,10,59,97,1,1,1,1,1,1,168,145,
21,10,61,68,86,9,1,1,1,1,1,1,154,101,1
82,98,42,19,56,21,1,1,1,1,1,1,180,138,
66,80,55,82,72,51,1,1,1,1,1,1,162,244,
85,53,58,75,13,31,1,1,1,1,1,1,160,155,
32,48,58,60,40,79,1,1,1,1,1,1,139,178,
86,27,91,79,95,39,1,1,1,1,1,1,186,231,
42,7,67,25,81,69,1,1,1,1,1,1,150,141,
76,87,20,16,8,50,1,1,1,1,1,1,163,94,1
15,23,4,93,48,88,1,1,1,1,1,1,181,90,1
23,37,66,30,44,82,1,1,1,1,1,1,148,134,
62,81,67,88,32,34,1,1,1,1,1,1,169,195,
58,52,45,34,94,10,1,1,1,1,1,1,152,141,
66,48,73,84,3,52,1,1,1,1,1,1,157,169,
18,93,78,11,25,81,1,1,1,1,1,1,174,132,
58,100,42,75,12,78,1,1,1,1,1,1,178,187,
62,88,71,5,6,94,1,1,1,1,1,1,182,144,
37,53,30,44,63,16,1,1,1,1,1,1,116,127,
40,51,56,59,99,12,1,1,1,1,1,1,158,159,
9,62,88,37,49,14,1,1,1,1,1,1,150,109,
98,26,49,77,11,14,1,1,1,1,1,1,175,100,1
5,58,78,11,21,65,1,1,1,1,1,1,143,95,1
93,37,78,88,42,3,1,1,1,1,1,1,181,160,
81,7,15,50,67,65,1,1,1,1,1,1,148,137,
33,10,90,97,73,2,1,1,1,1,1,1,187,118,1
68,8,93,79,25,32,1,1,1,1,1,1,172,133,
94,56,39,27,34,60,1,1,1,1,1,1,154,156,
16,92,25,43,57,42,1,1,1,1,1,1,149,126,
61,4,72,44,92,51,1,1,1,1,1,1,164,160,
78,48,35,60,79,90,1,1,1,1,1,1,169,221,
12,83,3,22,87,29,1,1,1,1,1,1,170,66,1
59,2,100,36,96,39,1,1,1,1,1,1,196,136,
58,8,49,15,9,42,1,1,1,1,1,1,107,74,
72,66,16,64,77,86,1,1,1,1,1,1,163,218,
56,77,11,34,43,17,1,1,1,1,1,1,133,105,
98,65,46,78,93,68,1,1,1,1,1,1,191,257,
32,80,94,93,63,45,1,1,1,1,1,1,187,220,
76,5,20,28,19,64,1,1,1,1,1,1,140,72,1
35,72,49,7,93,33,1,1,1,1,1,1,165,124,
5,93,29,41,53,11,1,1,1,1,1,1,146,86,1
6,38,96,68,88,99,1,1,1,1,1,1,195,200,
52,84,83,50,37,12,1,1,1,1,1,1,167,151,
8,61,18,26,51,64,1,1,1,1,1,1,125,103,
43,54,20,28,36,47,1,1,1,1,1,1,101,127,
94,79,34,43,60,80,1,1,1,1,1,1,174,216,
54,48,32,87,73,24,1,1,1,1,1,1,160,158,
32,68,76,31,57,15,1,1,1,1,1,1,144,135,
91,54,21,59,6,38,1,1,1,1,1,1,150,119,
28,82,66,76,42,24,1,1,1,1,1,1,158,160,
42,76,15,38,98,44,1,1,1,1,1,1,174,139,
98,30,46,10,18,19,1,1,1,1,1,1,144,77,1
73,91,98,70,76,13,1,1,1,1,1,1,189,232,
26,94,37,40,80,9,1,1,1,1,1,1,174,112,1
7,35,17,45,82,60,1,1,1,1,1,1,142,104,
29,65,30,20,33,19,1,1,1,1,1,1,98,98,
93,13,56,47,12,67,1,1,1,1,1,1,160,128,
3,2,21,73,98,36,1,1,1,1,1,1,171,62,1
78,86,2,67,66,15,1,1,1,1,1,1,164,150,
3,56,5,53,79,14,1,1,1,1,1,1,135,75,1
81,43,29,1,30,20,1,1,1,1,1,1,124,80,1
82,64,9,31,71,10,1,1,1,1,1,1,153,114,
57,66,62,67,99,71,1,1,1,1,1,1,170,252,
32,12,3,76,86,31,1,1,1,1,1,1,162,78,1
19,25,46,29,15,24,1,1,1,1,1,1,75,83,
22,73,91,84,93,18,1,1,1,1,1,1,184,197,
86,82,98,6,31,88,1,1,1,1,1,1,186,205,
69,91,52,15,17,1,1,1,1,1,1,1,160,85,1
88,86,76,57,65,18,1,1,1,1,1,1,174,216,
59,3,27,33,74,60,1,1,1,1,1,1,134,122,
55,49,13,53,95,59,1,1,1,1,1,1,154,170,
85,95,30,13,21,51,1,1,1,1,1,1,180,115,1
11,62,65,83,77,50,1,1,1,1,1,1,160,188,
75,54,39,82,49,40,1,1,1,1,1,1,157,182,
52,78,38,36,61,96,1,1,1,1,1,1,174,187,
79,19,44,95,26,86,1,1,1,1,1,1,181,168,
5,84,83,54,8,94,1,1,1,1,1,1,178,150,
16,10,72,50,21,71,1,1,1,1,1,1,143,97,
67,37,53,59,85,97,1,1,1,1,1,1,182,216,
2,3,4,23,100,32,1,1,1,1,1,1,132,32,1
46,79,71,30,76,35,1,1,1,1,1,1,155,182,
100,20,29,64,67,25,1,1,1,1,1,1,167,138,
20,70,72,3,86,42,1,1,1,1,1,1,158,135,
75,94,37,28,69,17,1,1,1,1,1,1,169,151,
37,53,25,2,46,74,1,1,1,1,1,1,127,110,
1,21,17,72,9,97,1,1,1,1,1,1,169,48,1
12,50,1,62,19,94,1,1,1,1,1,1,156,82,1
27,64,7,86,89,25,1,1,1,1,1,1,175,123,
67,56,26,55,23,21,1,1,1,1,1,1,123,125,
47,99,78,76,52,67,1,1,1,1,1,1,177,242,
65,78,62,7,39,18,1,1,1,1,1,1,143,126,
84,92,65,53,1,63,1,1,1,1,1,1,176,182,
10,64,31,47,53,20,1,1,1,1,1,1,117,108,
49,73,66,9,20,40,1,1,1,1,1,1,139,118,
91,3,23,61,82,10,1,1,1,1,1,1,173,97,1
76,4,59,2,90,43,1,1,1,1,1,1,166,108,1
9,49,50,20,48,37,1,1,1,1,1,1,99,114,
51,100,88,30,14,79,1,1,1,1,1,1,188,174,
96,59,27,67,31,63,1,1,1,1,1,1,163,180,
95,69,11,17,10,43,1,1,1,1,1,1,164,81,1
95,66,31,34,90,78,1,1,1,1,1,1,185,209,
29,19,85,56,83,27,1,1,1,1,1,1,168,131,
76,49,28,86,10,85,1,1,1,1,1,1,171,163,
34,46,83,27,33,12,1,1,1,1,1,1,129,106,
36,65,92,42,28,77,1,1,1,1,1,1,169,171,
58,9,46,36,11,20,1,1,1,1,1,1,104,76,
3,75,56,74,8,89,1,1,1,1,1,1,164,141,
96,58,19,77,63,49,1,1,1,1,1,1,173,189,
14,60,45,93,3,83,1,1,1,1,1,1,176,122,
8,80,64,94,85,50,1,1,1,1,1,1,179,202,
60,2,72,31,23,3,1,1,1,1,1,1,132,59,1
62,63,94,13,54,33,1,1,1,1,1,1,157,162,
55,87,45,72,82,37,1,1,1,1,1,1,169,209,
67,89,64,3,50,84,1,1,1,1,1,1,173,184,
20,95,1,18,68,66,1,1,1,1,1,1,163,105,1
49,51,63,18,39,7,1,1,1,1,1,1,114,113,
44,68,72,95,47,7,1,1,1,1,1,1,167,166,
35,16,56,57,92,64,1,1,1,1,1,1,156,164,
63,18,66,35,7,69,1,1,1,1,1,1,135,123,
87,33,74,81,86,66,1,1,1,1,1,1,173,254,
54,87,93,63,18,59,1,1,1,1,1,1,180,194,
42,81,7,95,40,47,1,1,1,1,1,1,176,136,
86,56,65,59,9,94,1,1,1,1,1,1,180,189,
35,66,58,10,13,89,1,1,1,1,1,1,155,116,
37,36,54,71,2,21,1,1,1,1,1,1,125,96,
20,75,95,66,59,43,1,1,1,1,1,1,170,188,
89,4,10,78,99,29,1,1,1,1,1,1,188,121,1
64,94,98,85,78,51,1,1,1,1,1,1,192,278,
95,50,46,17,19,81,1,1,1,1,1,1,176,132,
62,43,30,25,56,5,1,1,1,1,1,1,118,103,
66,72,11,1,43,50,1,1,1,1,1,1,138,105,
60,68,69,77,34,6,1,1,1,1,1,1,146,168,
70,12,24,76,50,19,1,1,1,1,1,1,146,105,
68,31,60,81,61,73,1,1,1,1,1,1,154,220,
69,6,80,48,94,62,1,1,1,1,1,1,174,185,
52,78,98,5,26,49,1,1,1,1,1,1,176,132,
22,77,28,21,1,4,1,1,1,1,1,1,105,48,1
93,78,22,97,50,2,1,1,1,1,1,1,190,152,
60,12,74,45,32,73,1,1,1,1,1,1,147,149,
18,29,26,22,72,36,1,1,1,1,1,1,108,95,
84,81,86,64,42,31,1,1,1,1,1,1,170,218,
24,6,97,10,20,69,1,1,1,1,1,1,166,60,1
10,63,29,89,43,35,1,1,1,1,1,1,152,117,
59,10,33,16,18,74,1,1,1,1,1,1,133,77,1
82,44,15,45,95,74,1,1,1,1,1,1,177,178,
10,17,51,14,35,39,1,1,1,1,1,1,90,76,
2,27,56,3,73,13,1,1,1,1,1,1,129,45,1
62,54,18,76,87,78,1,1,1,1,1,1,165,210,
14,59,99,2,80,95,1,1,1,1,1,1,194,155,
20,52,96,17,50,98,1,1,1,1,1,1,194,139,
