14,1057241405269	1,23486265437266
6,34390789821003	7,13231755531258
9,75523616020834	11,5980057091993
9,06215679398897	10,7177807394664
9,46491338744353	14,794837263633
6,4701625844937	6,62772032659475
8,53902843506946	10,8883333788985
6,53581200484072	7,07951762082322
7,59707754310705	6,54023662172784
8,84852467371882	10,8023523060462
14,1906266800271	0,727648594635161
6,87418312575031	6,44185824494726
5,51024601569636	3,25892171237101
9,04753491499556	11,7205566770877
8,27999993548506	11,049177244746
7,34945300505199	6,51080560344024
13,5736137691305	1,20392970205379
7,14268184538983	7,73625613818818
5,52332308361961	3,58109103613273
14,5682245562533	1,56574509932608
9,68345430763325	10,5674648607401
6,35341565676153	6,88344640688503
9,5286723106284	15,2900275256229
15,2221504205379	1,41423650896299
6,64042221373579	7,70006802648377
15,0378848188733	0,400677490304714
9,72993064985151	11,5272801546369
6,01846485485404	3,60514519948748
14,3850063274739	1,17164730175279
10,2491445861338	14,8506987741505
14,4820648836442	0,56399769905978
8,32411610098523	11,5051948759968
9,91033994173592	15,036381251157
8,46733499442741	10,5095038219592
5,46582532018019	3,23514689004139
9,60119642725305	14,724451782512
8,82224595424107	14,7087481302129
5,19216084486829	3,60956816137443
9,34618353541305	15,5488366871864
9,12657457685266	11,2934786023171
13,9881667369729	0,928799289141245
9,50700027562632	11,2546123387935
6,59575525218179	7,16012107855823
9,52297122560816	15,6743291483382
13,9646498932394	1,42895090741103
6,80452197614099	7,29749541733735
6,85093657818544	7,13077705763867
5,08794601775091	3,47462230161863
8,93737286199246	11,3917753827503
5,17481859553518	3,37008345330672
6,86545278502282	7,91751894031071
6,7591729119266	6,9011365137553
5,00187025131757	2,14759155180369
8,74688186644735	11,6666783462823
9,10017473711245	10,9988368995925
9,78711630392482	10,8772361320261
8,72853931980056	10,6229390560541
7,33696748749758	7,5854193946804
5,36644340189535	3,47262006532044
15,0271164941035	0,774757883805174
15,0796410189658	0,648397077734677
14,3814579227122	0,717733417329694
9,23205462585828	10,6971000028196
14,4469759782274	0,475904997781596
8,77011492835247	11,9372999607425
14,5522478017708	1,58191891460289
13,6317866061138	0,485445586995978
4,77492879905189	3,52566163104939
5,70798216706264	2,87337635388825
6,00448251457223	6,46393568746662
8,18068608206949	11,1340056524997
9,98306476995076	15,2422363980688
9,05089343380273	11,5444787521568
7,21595645221339	7,1742067978048
9,56731517532632	11,8785493333847
5,97386758371868	7,18797384249052
9,45360843300049	15,2483931592785
10,2642398895764	15,868041809956
14,6535666294304	0,093405690984467
5,05020635232903	3,42996867356778
8,60659339341356	15,8743670474375
15,0374331858722	1,34731186010306
14,8841289860343	0,29917215135588
5,73458231228225	2,79921584065051
5,29584574387344	2,99200377826808
6,04134700110034	7,12054171503244
8,87087576386461	15,4010451138681
9,85189967389942	15,9528515083707
9,04432741510406	10,5284448310496
5,93293401591338	3,11249410333057
9,24869483445884	15,8031016028019
14,7764534084689	1,10656271382916
9,29352615890932	11,7685800603123
10,2797931903487	15,6922679729069
9,62186404416242	15,1339670276741
14,066454199138	0,76144720280322
9,57076181273884	14,7663522708497
15,1860627970832	0,85656753983227
10,2237644990359	15,4421917111859
15,179166139997	0,672440237163635
7,32726805796997	6,9425843092176
9,25292072151218	15,727181317776
9,55977910128029	14,9417902953584
13,737799745723	1,56962024454664
4,7512523523087	3,39987285491098
4,9103178349941	3,13663293600775
9,199396873483	10,5057116909356
14,0548676644558	0,108539733464254
10,1716419572811	14,9610688164614
9,47458888345158	11,572298388213
9,35497313223547	15,2059751674642
6,29254610069719	7,49662163944313
8,7735625263796	11,3575373268727
4,8144821015061	2,77449269524066
6,0612420846414	7,87633269526913
4,7179169943341	3,54375150148435
8,63851969701218	15,7790642013764
6,09810862352321	3,09936096847277
9,90449358980713	15,0425124445813
8,27214990287892	10,7961008756606
9,69103604977019	11,6455888613993
9,64424085226469	11,1163228437724
8,91241236123492	16,0551185253235
6,51495685531048	6,97723589308554
14,2639522283058	1,28276153168503
6,62603148858218	6,97551104892057
13,7075806135032	0,900808107215577
9,54272616131143	10,6934701636205
9,0843820940012	10,6866489857468
14,1677350471889	0,441282228676398
5,94961755010773	3,56123480429244
14,0085569108916	1,31931273002664
13,8410277038384	0,880715245383266
8,65975155513533	11,7159637815589
8,61490377666265	11,4277823978465
9,87419713181639	10,93455407189
15,0888285770327	1,09949244402989
4,84373414556466	3,2916283552256
5,03440215825244	3,52556041241071
14,781289235148	1,10351435083571
10,2676628240648	14,7812416289857
4,92391975428287	3,07069345437047
8,23702966345447	10,9364166308287
13,7663543812669	0,581716109505222
6,33280599590536	2,5588484684911
9,77707522023615	14,7665035246356
7,58130148531992	6,47457528078883
9,58105153945872	14,6648163619242
10,1071810386283	15,8482186164491
8,72079187942625	11,9063273494727
5,44579172499149	2,12569192999591
6,34109219027478	3,33343033738278
7,30153480378604	7,49822937953751
4,82803601545984	2,25148052896597
10,2194087563785	15,7746316245326
9,76163561906294	10,6379117167585
8,21229145908647	11,5422601723388
8,54244536499486	11,5445188109345
13,8987994961998	1,34513833139261
14,2423086465594	0,665765050258579
14,4436116009491	0,702591355461016
7,39580345701741	7,00527151287249
7,37057623310903	7,65646232496688
5,03706729037385	3,48179901120335
8,72013702622504	14,8734641810919
13,7212112904431	0,26928679501597
9,46140176156821	11,837582232817
14,6733620806185	1,4309207941312
8,75618074172294	11,643757225747
8,96675540428849	14,9095633490208
7,36385982443497	7,60482322409388
5,36953645747046	2,90037711115775
14,1448598348928	0,430702759994784
7,05338839526999	7,2818095008217
5,89797963534654	3,33500257344086
8,60747347951936	14,8534037238704
15,1279546845656	1,34063136850445
6,34815030244682	7,29592225728446
7,57937498079758	6,9319757976543
13,9560207230476	1,1303808460064
14,3066026442242	1,42384889919018
4,84027560339686	2,44193882362389
7,38830020728356	7,52068936043662
6,77376046194724	7,50741663551174
9,3485287317524	15,3553878995104
8,71348145614256	14,9665609485773
6,03949358634742	2,84197752768781
6,00381185420187	3,10096629760166
5,28192778887285	3,22731345863132
14,5630586803593	1,56767855823825
14,2420839031343	1,09287026761488
14,6695164321541	1,3018015225941
8,67363422488891	10,6638390436603
14,9845448434489	1,56866520846415
9,58401543897773	15,9288735690859
5,88161122806552	2,23401465738613
15,1919935709946	0,192136801436797
7,60254006987904	7,82237721001518
5,15580068394742	2,26170729671158
9,49138307752343	15,8214050133407
6,32340661029943	3,571504689118
9,37010693609295	15,1766911205899
14,7342146124712	0,150055222981136
6,35278735273458	2,5049981675467
6,36911107597309	7,73012514045933
9,31342333518501	10,8137036074272
15,0660388178693	0,399292015619229
4,71163659327185	3,4025813754098
6,86540825823572	6,88752346839373
9,49448453201913	15,1672368013277
6,38027988846009	7,42142984207527
5,58693512148488	3,22416378563924
5,02323523683253	2,87054536602193
15,127957158899	0,622908223273249
6,99910562258009	7,77340043938153
10,0469402286911	15,3939616234012
9,16647906125691	11,8257551412291
6,99739147935695	6,45562684347321
4,86668554401391	2,47569415154298
9,7913614400027	11,9414739772798
9,77137544302935	15,8804728602558
14,9879002529507	0,709765255200874
5,24205928021177	2,94336275958604
6,88886619573299	7,68086733093067
5,42280116247825	3,55362381481594
14,0231330997071	0,132110539877956
7,2418223711861	6,60345934581304
4,71908539161857	2,64002468616505
13,5544944768411	0,618171234640958
5,38754134721499	2,78121936488101
14,3344116056905	0,727979195052992
15,1326954276941	0,827205934542851
9,16260661661596	15,6298505990426
9,33780923995997	11,0030010401343
9,24464085177806	11,8964604136291
6,3058074113212	3,39184223292611
14,7659887730365	0,472734041278139
7,51407542248917	7,20054692640155
9,62339993246164	15,1676279029762
9,48901964274631	15,4323088351224
14,5411761128175	0,553247581673118
9,76981774096302	14,7669519781688
5,36045536389753	2,50856827886243
7,439645851318	7,84195046376046
6,54468603851949	7,52463360417242
5,72157262854763	3,29415363641634
9,87522371159918	15,9334885069893
5,96798003420493	7,74379783372858
14,279742507249	1,27729515180372
6,48253119778478	6,93470548434969
6,15786658880421	3,12210774594765
4,79770304288149	2,60327419171017
5,96125372015863	2,65108439007398
4,6861951882346	2,33723593537914
14,0790971494576	1,12829953078216
6,10919992461608	3,44986846133063
13,6267562705418	0,646477642703449
9,25344928698794	10,9056371477954
7,11846928828457	7,23909285003048
14,6220144856668	1,09042106189197
10,1091139923021	14,6956038648755
4,88445603018021	3,05113121855433
8,73034735845318	15,2114561054024
9,68272426083148	15,4312085943286
13,7266004980032	0,500468626379184
7,1868181240944	7,20767005126178
8,98565782066492	11,2169747242882
14,2333339147316	0,939445545393048
5,13647997772198	2,32332412278795
13,5900990935737	1,31032332037387
9,24684102283378	14,9591304931703
14,7704570864786	1,5808962548501
6,09621080753649	7,72058946769625
8,64336404187482	11,0154984963619
4,95538635981252	2,45741105078751
7,37192843640241	6,54240489198711
5,54233990910784	3,19137617406376
6,4982899709605	6,45568260647295
8,78965338820296	11,3974518255438
15,044006097077	0,176939881625885
5,8821078002359	2,81663659034981
8,59664157267661	11,9370812102663
14,6905030882693	1,09132472069223
5,3402662354988	3,3263958727181
5,43779891663823	2,12091981725646
6,45420783139355	7,01975885401596
9,7515820308944	10,6899953711216
9,26721261770097	14,6971445798799
9,27591792836974	15,7825200445217
6,70294590613787	7,7803957320575
5,83412008860993	3,46277294728076
6,76516561662152	7,01723374024483
14,527191164654	1,37298535222951
9,2367194323998	10,6657777956631
9,41056054935055	11,8368473538783
5,36805355698346	2,73193291405015
13,8780431727013	0,974917306239799
6,17724478041831	6,50357509476238
13,8401826225776	1,5742780894669
4,89521606448296	2,43085928190152
8,7014082519559	15,6648088347368
9,59552935900172	15,1478800621228
8,48285471579805	11,3966244076661
9,56006991915117	15,2719571732211
9,129236643285	11,162438460895
9,5735570814556	10,6325022596842
8,58717125864594	11,0295315459268
7,0646712904855	6,69549446785204
9,54200820510742	11,546876398085
8,83920877305896	16,1001635079696
13,6163375128413	0,542302916004867
9,06373182986313	11,5898330094878
6,27279671241722	3,22891016437354
9,76969025275986	15,499752503379
6,27170209962233	7,17149536579825
7,09293544822376	7,87167889267099
6,83489594734823	6,58921254970885
9,69495860450762	15,0233297945791
6,56152646600393	7,31008046330177
9,78895553762345	11,6492499767907
6,1835857593014	6,80755125210803
7,41416827478451	7,19648219745248
4,91018094940688	2,50100283729907
9,01469689747618	11,7038016963578
14,8747084952846	1,02184878400637
14,8719832341789	1,33751084180941
7,21297246536495	6,51885794061028
10,160716274052	15,2628049531735
9,40418999554276	11,0046500398646
8,44298636048067	11,3578315410828
15,033143867574	0,677719153550622
9,49335249754662	10,5108241375038
9,16265255983616	11,548045663261
9,24486644727462	15,6883280039086
6,94118580791149	7,03808292700196
8,97764929872565	10,6764049302351
13,6973652064135	0,672545180395795
14,8220858617149	1,02827918724995
14,7854418385922	1,18570370395487
15,2084081117653	0,889994734241074
14,5098574686554	1,1115453702528
7,15226168463222	6,45345497247134
7,51063544165069	7,20125892688029
8,28890690235094	11,9576206060822
6,87661530201296	7,72589673642781
9,13694181840535	11,470141760907
6,18581697748047	7,91467109340914
14,7555609484955	1,23638352035345
13,9105422930666	1,52812661793526
14,1077059260989	1,49784953373936
15,0031651663034	0,295998034711829
8,63329522907118	15,7986571597495
5,36812366590859	2,13894955880076
9,39659453944972	11,0432506631176
8,40317042040083	11,0304640465579
6,15920498759532	7,16178639275752
6,74831001181393	6,93111973252743
9,6239884595447	11,0073956546377
6,07736040058399	2,98163148461303
8,67133998424771	11,9274383565486
14,5064712638881	0,61927155649033
13,9459584722228	0,881394955372429
10,2892132809043	15,6080691538706
5,88210497454486	2,66823201980092
8,67158960960451	11,7138138421027
6,79251660633591	6,44629815508026
9,17110502714078	10,8410173024641
6,02587569916744	2,45538872701194
6,70093013691889	7,50543647104102
5,9002068666482	2,9227795632497
10,0926147229372	15,7740605158886
7,5269347455837	6,81436894604178
6,24569165028887	2,32982956402405
6,86051845981953	7,84900748144502
14,4531058216229	0,148313754793843
9,75386772432415	15,5124051131414
6,35559305681136	7,45035766322515
6,20178240941247	3,52636042781848
6,09814967700242	7,02596800998125
13,6876859952265	0,980152777729547
13,7655215674224	0,539954017243017
8,36367350837316	10,5233131345556
14,8993939275411	0,86357145089685
14,1686039656532	0,291906368079171
8,68168693563019	15,5565557307878
9,11858474266782	14,6720937917332
14,2283481120215	1,19665036384049
8,82209385134757	10,9205788319576
8,82077585004322	11,6624411844201
10,2944312909898	14,9703407506746
6,70131846813879	6,50938200804333
5,28780579858481	3,10536791308727
9,77216149797815	15,0399317079085
9,85717580981315	11,5212018716592
7,43588786987039	6,68288953105678
6,1446910808301	2,64943057253033
9,06474892761182	14,8369356013236
6,12873683925832	2,56882471912382
9,80449809293151	15,715044174698
5,94032998399888	2,36344710922211
14,3484815515439	1,37357703727836
8,1980118100009	10,9900935627097
9,05479734475766	11,7756535933767
15,1113776366971	0,447274414711775
14,0940977138682	0,7701725814398
8,86877205641129	11,6798489482479
9,3454105394906	16,0329520515815
5,19819957396689	2,6502370389042
9,45693935148462	10,8864990772842
13,9689533177564	0,632054798131772
9,12448154192146	10,5964104595989
6,299912979663	6,72859904033734
8,7503266110436	11,3408141501579
9,7030033322456	11,0657391354675
9,66808122752071	10,6063646446546
8,47940299570923	10,5234117542608
6,78332733716423	6,86584336804596
7,18302679004375	7,57008436283032
6,87443206616371	7,90862340048099
8,43978782755114	11,1316335772294
6,0285117953445	7,47547302079516
13,5586279430819	0,812207985837675
14,746779146789	1,18006012541809
9,491817921946	15,433688224378
5,08947831385374	3,56979517682705
14,7371234153637	1,12178691811834
13,5489165859471	1,37152227235002
8,63304987566537	15,466218246258
6,16101586734072	7,10500886606466
7,15349356016304	6,98409021484921
4,98755629034174	3,59965727793703
8,82728842867955	11,7871906074503
15,072155937812	0,768130127211675
9,1708555837268	10,7337843006669
8,82430181118937	15,4519928105785
6,21569352606965	7,58985902525756
8,79577524760456	15,0129376726431
6,03638552586278	7,72300878312216
4,97143513195965	2,15894445071466
7,36510810410927	7,80904196453725
5,39631984955073	2,57464182086679
5,78967132728193	2,69772574342104
9,84758054868544	14,8459195433197
4,73637430609513	3,14722321472437
9,1526475611209	16,1115702966916
8,75576637545077	11,2187351754593
14,183501084012	0,110870682834459
6,89391187183889	7,35385539729962
13,8715197083629	0,903136956460275
14,8243353148046	1,20190852912596
5,38000118653066	2,25443573817774
8,56266016989016	11,8689489789093
6,34268936705813	6,91512864992273
8,68165419321537	11,849803587881
8,72148712125552	15,7649605688667
9,63654962482102	11,0026992642639
9,72958064577511	11,4810341863687
14,5647327604334	0,68874155513093
7,18726498755638	7,93813870127562
6,0116587579813	7,14771509996964
6,21805597520512	3,32711111371687
13,7730444653801	0,653864613523985
14,4044461836033	1,4383896046824
14,5812348933589	1,46632440767277
5,33976734937259	2,88513500790415
13,8034008095976	0,380492293899684
5,12199717076441	3,35236162297086
9,16063590469353	15,2307776834705
8,7523257458779	11,1810858648472
7,07102636799585	6,64999610723413
6,07693695094421	7,62647035564009
7,020997724799	7,24711874442098
7,59213529283724	7,19911614340145
10,1497660756192	15,1228501600605
5,63786321516184	3,18913822433079
9,69126036799577	11,835965949453
6,32128644892991	6,51079866127044
5,70339657120354	3,26880430718954
7,44277864287892	7,82280095863199
6,78103006457692	6,96307696049188
8,38369853552401	10,5773867398081
6,70669228195328	7,86483717689801
8,37326244886738	10,9906224176503
10,0712732445761	15,5177429482901
14,1244696855406	0,910902163824573
6,84158989727426	7,25446459763692
14,1488566549455	0,809939761431776
4,80289278305343	3,42281471229435
8,94133043860949	10,6601875390651
6,65004588721841	6,94946643563011
9,34947929141552	10,9391348738948
6,37941915063952	3,5827804303178
8,49665207667485	11,8860096914929
9,07041997208772	15,435261976455
13,5968655301739	0,480761665515005
6,30261869390864	3,46408902903841
14,139514085651	0,378989989306345
9,55053172829475	15,0512893867158
6,13529516941227	7,73146050055118
5,00572311144984	3,54461275978163
9,82277552913102	10,9754439459236
6,24547614770903	6,60576087369654
5,9776632622083	7,7806715568009
5,03995484707743	3,04625143460421
14,3594559686167	0,733971218990064
5,84930489616851	2,99983488709621
6,52240333914624	6,91497210840298
9,62952200891134	15,8530951575845
8,8664307124881	10,886131348588
7,53629013152542	6,95654726625198
9,60819759592614	15,0445274278481
5,73802766561812	2,59999398034912
6,70398079695666	6,8211914103125
7,12062105695119	7,60175773790608
15,0356158699756	1,29303875224234
13,6631788986238	0,761210806790826
8,81745623582502	10,9564527638107
13,9790897712161	1,29442547711759
7,21997135657797	7,37414260327846
5,75867207501817	2,58930311718796
9,69632606320704	10,6368054752854
6,3202815460417	3,59122851347797
6,35587249364275	2,71839160924104
8,98091225961244	15,6676892244308
15,1928712957448	0,173738741469335
6,92874068058858	7,6589618686477
6,33977891681248	7,79618259575363
7,57664290431057	7,70309382383834
14,7677564566739	1,15044573465945
6,24221894487242	7,83666392962967
13,7089271227637	1,19894576845128
14,790491970673	0,291377780167521
6,29115113249967	7,7442085488753
6,28513780267898	3,1696763018905
9,33193253225779	16,0775218856174
6,50336200301033	6,67180396310656
9,78138826031958	11,9273476946772
8,53174345478661	11,4839040361894
14,5418420701623	1,55456364336189
7,33295533205304	6,86977045131735
9,01515709203328	14,7322495196243
5,97950976849771	3,50691093935767
7,36948573278253	7,27113285150972
7,60023256779873	7,66661027712469
9,57114014040755	11,8473831472715
6,93491719254706	6,83138576812539
7,33835309906318	6,49217395075982
6,72725424821501	7,53142344712344
13,8763145039045	0,671225700862492
9,8600792256541	14,9163678665297
8,71666442864503	15,3904546757192
5,42045517950041	2,83315964693816
5,99259844296899	6,56587143007823
9,32025191403628	14,7647012767602
14,6038348556686	0,97637136063654
8,66752735643352	15,2481502581649
5,67773837987084	2,19499857381087
6,22175721713453	6,88270227734811
9,32786532848327	11,9555300608646
6,52387993422794	6,89237735064729
14,5012755445104	0,157257473965347
6,47288397789293	6,98372712520329
13,9108596698562	0,76639429768461
4,76229062597337	2,30991588963307
14,2372141028404	1,13960806890514
9,80186162488376	11,3838107505395
9,68434450848613	15,0632262162142
7,30307456983178	7,13660215820681
7,36776355217006	7,64026058477867
6,42263353095323	6,92163706136577
6,27936146504822	7,59990591373617
8,4930228323533	11,4640823737418
9,13730665465811	11,3770033556737
8,67153701625208	11,2460378478446
5,64136331141941	2,92002529344651
7,21000096781244	7,85211016169468
9,35113686334899	10,8652202627614
8,2153198539957	11,7096251603863
9,68352179610264	10,5669184252683
5,71358423379812	2,23043560020822
9,33981772192042	11,0033351393895
9,06849542338716	15,8324764044498
6,3324898914213	7,73532613154251
8,55105156532024	11,6405981619791
9,35258245911923	15,4205188904631
8,80051253328379	11,2827671722395
9,59180442834899	11,4078647822206
8,69434867403593	11,7412083043013
5,65327243906294	2,8579562972178
4,91922549053374	3,45824814846416
9,48659590305528	14,8428533314375
6,28982504496077	2,84555503362928
14,843694554194	0,303371727380542
7,42061268229163	6,92942146036842
6,16254231817955	2,89560228792004
9,92608147901642	14,7636903366455
5,71309983029312	2,57634219934389
4,81097416752329	3,41579019435717
5,53176158354222	2,43787441618935
8,82036077296713	16,1137708655901
14,3273727233191	1,31083445387986
9,9161460099085	15,0950212418149
6,62602034967847	6,70927855908107
6,32828385356351	3,02668189122099
9,45972419765213	15,8710597228881
6,03466620078197	6,64578373009639
7,30124705249901	6,45148878195104
7,11420599645467	6,97700075286595
5,3312591894473	2,88975363644378
14,5053231658488	0,252394205337281
8,86958209903335	10,9694583034596
9,84873099425561	15,6606613481696
6,10024857968443	2,84331321266482
13,8242323581215	1,28894149775504
8,35747778277325	10,6897801480747
5,27030804958965	3,13934655396604
9,0587149249513	15,7085621285668
8,53776228974397	11,0771587540661
14,7921262290933	0,148866993333732
9,85650673196148	11,2673788844385
4,92465716718502	2,65531061086423
9,74717381019871	10,7357193541806
8,79697791868931	15,2235674202067
8,90005079458869	15,1485974750248
10,1261559509457	15,6407637247963
9,78033997442857	16,0062586078215
5,10820091165191	3,49214777112742
5,7120121677063	2,64045956106372
9,50446173640505	11,1236725677311
9,35816881084364	11,4984282855219
9,2785284119269	15,1075686797881
6,41997054561187	7,66966174633178
4,96011730110858	3,59592294354333
6,59929899544893	7,50144791015791
14,6708870559666	0,590650647446291
9,67839853056578	10,8742796472926
9,36640164858909	15,7619282461551
5,77707862481414	2,36974059249367
9,55749561323363	11,8940885733015
9,30499626698407	15,3863469240802
14,6577215190091	1,03855371116261
14,918375577623	1,50102300996947
14,4449245813403	0,429033047503729
14,752023231325	1,38970182481083
7,00758835512442	7,01316337604847
8,76061000443043	14,8961307805476
6,97272524736357	7,78049109158657
6,21925531026685	7,87128302924582
14,3266557774643	0,847546122897647
14,2471467630549	0,803689325325443
8,8519005844257	15,6028839281632
8,75426857080221	11,4935064814734
4,76450744104204	2,14925386574641
10,1727411943326	15,9374593072971
14,0549247915165	1,24434660165753
6,18112347498203	2,21696751861419
9,89751469460434	15,323875757484
6,7074527634447	6,46654116143862
9,34278393332674	11,294399507716
14,7068516948762	0,808678053227799
4,77671316938473	3,37526578349421
8,47003746996935	11,6800099527887
6,16403944502686	2,2885487302236
6,25362234705466	3,3969460295832
8,84147603624083	15,8646684477316
14,0222486390451	0,769312194205108
13,8674304682967	0,198664242560081
13,556776393913	1,25984230628677
7,41974243527159	6,84679080460611
7,34857167350125	7,18561435954626
9,39675105548784	15,98862585993
9,91008540578515	15,7752138088296
6,64000985989208	7,2973671445066
9,79303969278574	11,1501550490544
5,79270749819459	2,51678965841106
9,88405526646523	15,371685127259
6,10356436723463	7,9078081347225
10,1557584050041	14,7577691608853
8,57392498619909	11,0483600405587
9,62294510184379	11,0869194517954
13,8740372471091	1,23293155291453
4,91875724901797	2,53198051443457
9,29911134530873	14,882165082129
14,0593946116313	0,663479577120174
15,1603797458279	0,200444993473657
14,389806285654	1,16537447620459
9,55452955656914	11,6261658066892
13,8288197681346	0,268206981425174
5,30891015459384	2,38904156921391
7,58193890431815	7,77219461349635
5,5943647577588	2,4870947394822
13,7254642009914	0,533587318493696
14,2963287284448	1,21148783928733
6,24662993170251	2,30677042957187
8,89212261024891	15,2945187416991
5,55390248397495	2,16202798875659
4,84614565283211	2,37654313364557
5,97933859895531	7,36011589213823
14,4847909514542	0,881983317848885
7,31722935761555	7,35520298753735
7,23239233006103	7,8945236691776
9,92940792325681	15,8364115235889
5,3745189699967	3,3898304315078
5,57334491999614	3,44535142651866
14,9057327088989	0,091780070537727
8,43010814858082	10,5345712771414
6,36139193371228	3,36596537691056
6,70039398061219	6,80180814949498
4,94978340611807	2,42458514938456
8,31142289680936	11,2190441023621
10,1260396098295	14,6404443382242
7,19643569671816	7,11362962961677
7,4065735815421	7,1929540953446
6,0428789834204	2,70055090669376
14,9074707783057	0,997635353026187
6,02024832608237	7,03222580332299
7,47043684811475	6,89038599024106
13,9753482854513	1,23329564647871
8,87616087949581	11,2579884203644
5,56291046969523	3,32641152133521
4,68901100620326	3,23841191682293
13,888744655466	1,03065649711069
7,09882350971846	7,92588328538404
9,71537864674084	15,6037499009767
6,22252697735992	2,67886241080466
9,07660498886671	15,005944291647
5,83594608810727	3,42251546356889
13,7332267915283	0,181375930994097
9,17202001442905	14,8673406339107
8,3494560179531	11,8778971260083
9,63281291678824	15,6955876931907
6,13655506118426	7,58904531548167
8,79873755513994	11,7521330576364
14,336817590477	0,35696356273106
9,69275856037191	10,7197495249533
9,27099776938286	14,9879851708574
14,3758174705954	0,716828726538064
6,60373255830552	6,47654677494821
14,9634545160553	1,09163539667032
5,64684378536976	2,9226361598166
9,61526464093894	15,1519210219072
6,11796146330541	7,18233234785843
9,82827577248218	11,5096959363506
6,33353629456757	6,5401746612973
5,1253629268912	3,08110387130454
9,21235374906988	15,779348795078
8,52799611942074	11,0405999216029
13,8969900850194	1,36986184278428
15,1662067515736	1,44909152065145
9,86487287265749	10,6449231722941
15,0763759031823	1,05158439965255
7,43066429996907	7,20978059937634
7,580280993133	7,14403678761385
14,2510274133978	0,230326635100449
9,20304122676629	11,1102862180777
6,25572143150267	2,41840894242387
15,2282955556171	0,581991427665551
8,18419457575297	11,4707203029292
9,37378972537026	11,0407660724417
5,77441107296689	3,04623281231875
15,1573939920681	0,525237933714797
9,82620698905107	10,5512772683289
9,64977175632983	11,1044609243963
6,79097695123952	6,91661985391436
8,18834095188663	10,7711321157409
5,87697029972111	3,53897682755014
8,70231785330815	14,9434348380474
6,31850406366323	6,8910135819709
6,6304279984185	6,56474578417267
9,82790543050189	11,8290570661574
15,1232791181236	0,723533103315202
6,68201145802365	6,5684534901077
13,6654938454769	0,562893527635459
9,09821497292607	15,8089519995048
8,35021994423976	10,7157174105076
6,72640210643397	6,50809252045805
13,7744308435059	1,44711527881873
5,74490568861018	2,84955828809726
8,3329133669011	10,7668955173369
6,10000531959608	6,52841033492648
6,9576753314116	7,7190910656982
8,56949946638473	11,018725493
8,59142070729739	10,9860096224623
14,4302563719573	1,28595127347769
6,37941143449269	3,2325782082151
15,0239842859989	1,13214308047698
8,25081700311038	11,8009134938785
6,79273691488549	6,94569634901625
14,9704447170219	1,25773503933613
8,20464901952991	11,1221217128501
8,67655465609088	15,6214621982766
6,10856434512098	3,46633493948767
9,37950530210356	11,9596523327333
14,5536422193941	0,508732357921893
13,6794408738112	0,971321725943886
9,70359536779079	11,5787695004648
8,85985797944275	15,9927264833139
5,60709834705037	3,37213638134435
9,8457617389355	11,2644768086772
13,9229751673307	0,35439149787143
10,2246021323108	15,5178454959809
9,97876390952087	14,780634132473
5,97726706881993	6,93817337323876
14,2985342800739	0,293522012603078
10,1920237001918	15,3518110062081
14,4870246713832	0,091433631621084
13,653934426594	0,879188258512897
13,662435694888	0,410904654838055
8,72373590915073	15,0447359371183
9,51780917972705	15,5267380554359
9,16683083407377	15,2065508001671
14,2683850055159	0,33448967962436
14,2384156372997	0,154760738682832
5,14412556316128	2,43609700247065
6,29770907534084	7,91565319454112
8,39962968999689	11,8500155361082
13,8563715779625	1,56295099317222
5,41696084545488	2,9571806459465
7,14633297518579	6,56840659233066
9,87626886389901	14,9095270198593
6,30988700700982	7,05613384704022
9,16281373289914	11,3460935064431
6,06901325435567	3,42034739562267
6,36239189568737	2,11106894463904
15,0257688225492	1,21906761575854
7,2440445275849	7,77358780199484
7,02308377766628	7,17620445545216
6,14592160514929	2,79189363262987
5,70055462635504	3,02404115123544
7,06741498162225	6,83940301370899
5,77467471737859	3,33779965769077
4,89308566231446	3,39170382848238
10,0065669432613	15,3665695890486
15,0549051569766	1,11079798085287
14,0627122878	1,33643398390673
5,53184400740264	2,5313755049526
15,1065336806373	0,602287352394586
9,11783444201362	10,8356821558565
6,31788248253225	7,79868257792774
14,2922237079433	1,44418406334639
15,0077374833608	0,427569502201241
5,72631316103037	3,34865626916055
7,155954051394	6,60685606547397
6,00973629329414	7,41714835760032
6,54026214219211	7,78894310299269
8,8691339263003	11,8901492100049
9,98367356676963	15,6967812797053
15,2158415193101	0,667053028922553
6,02823347038024	2,62322476318886
8,63411278290074	16,0006105186204
8,5043479713641	11,7090330282931
9,36173648481763	10,7204746886784
9,28434357059272	15,0623809345619
9,91098692058463	14,9315941139745
8,84943506198711	11,2476292548894
5,24440645404368	3,00696757655504
15,0156089832245	1,12991617208957
6,29764912068348	2,62840852337918
14,7343635615349	0,812295705063977
8,90007064016611	11,1944875497078
8,26112782398511	11,6532845895056
14,2176477690344	1,57481979351026
6,01102648723216	3,00476595598937
6,58264191406803	7,41701295915349
8,21684730833027	11,5559260295958
7,52437127482957	7,48778653439011
8,84107988559557	10,9048098704533
6,5358774067872	7,52108364613592
14,9374424688888	1,44120368597617
8,75743575449203	14,7725421512675
6,49711235150503	7,16322948461049
8,97574493679291	15,8061378541239
13,9535466864824	1,29967052906425
5,52114600301082	2,91631482918552
9,64029717080346	10,7901651293
8,66316617769791	11,3569035298498
8,84960549062142	15,4139432151573
10,2272004876136	14,6255984391663
6,25108001311418	6,61456322712882
4,88766367996354	2,1199244868159
8,80736583905257	14,7434324273214
13,5892648455057	0,765214382168685
4,8285288231214	3,10781777315549
8,8836511996148	14,977310351849
5,57309601724788	2,18606364653659
4,85481953090978	3,30076136018269
9,60998069558321	14,8729947989606
8,30565975002386	11,0945368187756
6,36290286244049	2,69935706758193
8,72020534298792	11,278799149352
5,50856111862165	2,45276228084839
7,12706948923224	7,36681398759561
5,90654732113445	2,11412322756619
14,8068484400555	0,487493634323002
5,76256815098598	3,47053245311032
6,17783579638544	6,92343046825477
6,82036034602263	7,46637258057102
5,1131911770429	2,64717903587338
14,2800261561456	0,335990815065297
9,64563369896545	14,9671483914293
9,03360649203406	11,6550388329027
9,57889362423501	15,6888145358632
5,40534408719909	3,55504806135796
10,0164698220059	15,1789783543243
9,59223358445612	15,0758777258056
8,58633593018429	10,7576130303987
9,5487342581238	10,7623111509389
9,99041785726467	15,6065971136829
14,634957696959	1,13836851399925
14,9099266214902	0,898865646483227
14,4450733339027	0,481198974127884
5,68359571354204	3,05712821488396
13,5544554285808	1,22213291237207
9,85185961545636	11,8446859274472
9,06461937448809	11,7341716957144
9,01770978394107	14,6318688156744
6,76068943182475	7,77389670004689
10,2351316609477	15,9402456940221
5,56467674139242	2,65496557174443
9,51844433763811	11,5664970275005
10,2580571171864	16,0178277151639
10,1769743016484	15,8798225564427
5,41957582475947	3,33775208572587
5,521905672091	2,50179371876136
14,5083452810583	0,259313558257313
6,67873551948945	7,05040247843419
8,52832873359236	11,9258938874281
14,4578400869827	0,872326587442036
14,0301669555743	0,842682400828869
14,7124631140646	0,488098991145442
9,57719856174945	14,9026977898862
4,96716053557425	2,4760458851043
8,53905432468958	11,2998232871185
13,8416024054031	1,27466392750596
4,74383442053254	2,91901651185592
15,221945034502	1,01514460280428
9,27351696681382	11,0072934859651
10,1353549700863	15,8451174000849
14,2110441310434	0,576608005210214
9,49860602451515	11,2238952744099
9,20518145572726	16,0028693841988
9,70431518109218	15,240062666461
13,6058927786325	1,1826574811002
14,2371328494292	0,719877570454268
9,56408557032826	15,2447005172337
8,25102005564369	10,5625461038504
6,63930365623332	7,05036838860536
6,09375903312779	7,79596007890304
6,30348794596437	2,20868838606372
7,24476825054771	7,91917716921564
6,58709943043383	7,26851911211798
8,85454860376945	15,693018998459
6,62451085312465	7,05227878472472
5,98055559883014	2,44929470654163
14,9840797328861	0,767487116084617
9,88093917620577	15,9407854814167
7,03131588224449	7,2524903724235
9,8522754604225	15,0894773072999
10,1405493646231	14,7514159483707
10,2554220410523	15,3046965928721
9,44341744412635	15,0986833127428
7,14879621403155	7,81009309863746
5,20572791722263	2,88735927167677
7,2945484336158	6,64831515817335
9,36988410026992	11,4442562689237
13,8152733318517	0,254682199519312
5,33020271600384	3,1896093432088
5,29503643212241	3,31892127563759
6,94025764959261	7,20264604838509
9,37740622441574	15,5462613183065
10,0886668043437	14,8962988320632
15,0278292892868	0,556087873997315
8,60039113879187	14,8598732421407
9,36153063533032	15,3680428209405
9,8034083258798	15,5964453855602
9,38380576076426	11,9488548827302
9,41000351584327	16,0121541806773
5,63600611700694	2,32056664834449
10,1091596796433	16,0346041018167
14,335367104996	0,659412417324138
7,17358420952177	7,22168084573783
9,80328313856791	15,0238033697264
9,09163971568202	11,4090948526439
9,52471195683183	15,9778767693896
4,85506514547571	2,80818670045527
8,62622820271134	16,0763447925455
9,01157633071356	11,257235446418
13,7126340040937	1,06963626330714
14,0725655498594	0,868371855624153
9,20326823268788	10,9394468084542
9,80394771184664	11,6258452036276
6,30626788957564	6,68674181397228
9,24688405398029	11,6694631619965
4,93799581463588	2,3281131048878
7,35298615552367	6,53421810598414
13,7525694734175	0,820337561640321
14,3410010324528	0,707428271876867
8,59933424963472	15,8276414827201
6,53638716074846	6,49188500835229
9,32550005743709	11,5835107497845
9,40709839936975	14,6885143935532
6,22364631584939	2,744974299571
7,05934538757012	6,51008026115467
5,29897338153098	2,48159227641282
8,58259530907953	10,8226266245282
6,39456491775266	7,3025061178616
10,2629881032891	15,7532199360857
8,53926349194124	10,4973985890177
13,8528809401757	0,88653310498578
8,66606250026153	15,7593466137059
6,23990998372246	6,86508508882164
6,10567227504238	7,79741359762518
7,17905633269233	7,87681956728407
8,50580455933588	10,833750937778
7,47848491135815	6,51075156576798
5,9896773637323	7,31808089458571
8,37266235967764	11,7941808805996
9,09734224753874	15,463850007618
14,9594171416359	0,307564011956943
13,6039175623525	0,946233068831546
14,8583850399547	1,16487977447236
14,0808349939283	1,53248931488141
14,7874226837084	0,870352677669979
9,2244225056726	15,5164468308298
5,4426352701304	3,49168414436499
5,53068804144797	2,23807301777563
9,31626671075929	11,7030990778456
5,84370723558174	2,24406392269847
9,55603436976126	11,7575748635556
6,10478474453262	2,22404035137171
5,98656464947885	2,97690081225105
9,42018574341262	15,840392826098
4,90558951674386	2,50786365844439
14,355730516415	0,941489845612276
6,72339296325482	6,99465839276038
15,2062020995067	0,834601742403503
13,5862752095823	1,29610220980817
4,95782459842726	2,12580654346159
4,81811203162518	2,91612575762202
6,27652625559062	2,81614842718851
9,77298834793136	11,7974301070584
13,8076899694657	0,093807153422729
6,36097665962821	7,05727552867143
5,46936594948832	2,35386416519279
14,4299216003636	0,291871599555971
8,98370149799198	16,0207032451696
4,96554101300371	2,78422811971315
5,90835298273994	3,02093227385406
5,25994017071897	3,10492400768211
6,36392547411273	7,66639578527826
5,16918018527336	2,71317433130259
8,85419574661488	11,3035278307699
9,76242230509547	14,6531489790078
5,95716944450821	3,073582448368
5,53414821021735	2,55451321704833
5,45503765269021	3,00169694399381
8,98498308613937	10,8106162456784
6,76986110638017	6,68658473010176
14,6819931309618	0,154695350456462
6,24772043126916	2,42424475190245
9,83150136010202	11,0855422815983
13,9032729104533	0,643557640764993
6,63600638898993	7,73884238319175
8,97439822521459	14,9695256040357
6,63024917721831	7,45325549700583
8,72047303690469	14,8441676153094
9,50188715300904	11,1315549408615
6,0047413246666	7,88041661055205
6,30513346089161	7,59492257053117
6,16610804976877	7,23008984680985
5,89130307832984	3,34200454808652
9,1082199494936	11,3687247828738
5,00889905790798	2,95517953870955
8,90398909129712	10,8163568625839
6,21973871183012	3,29757855873108
5,37543414302986	2,73192764121562
7,34427579176169	7,7644333402872
9,82974348389843	15,6530857316016
6,27818446156567	7,09265067654339
5,58899525498851	3,58749794008574
9,22186833194716	10,6562734969949
5,77979845519643	2,7706201191849
5,99431245965374	7,45392498518439
8,8429210438909	15,3314821839752
14,2348602862565	0,767012115787269
6,39791812390847	7,76959655070723
8,22639381259082	11,2886486624044
7,46349801239482	7,47961907965404
5,90233734397726	2,55635393770951
5,9560579768578	3,01376227704782
9,2271507887621	11,1858428291108
4,77796074395945	3,42458323169006
9,21072544296216	11,4479419185816
14,6918393543123	0,356416876770604
13,9405814572862	1,19709702616664
4,9527359102881	3,1344963376305
5,1616088026794	2,96295719123912
9,54406203215561	11,4567939018741
9,12448914925099	11,5841848448048
8,92933596738873	15,5656185606068
14,8287426968159	0,517803142327768
6,47021128471404	6,9263565749559
15,110004438979	1,36756365608057
8,67635163795905	15,8618200538774
6,13364507970973	7,8980671319098
6,26876956615269	7,32117267111295
14,7063837889575	1,42945842569027
14,1956917091845	1,53668581227803
8,99964656740854	10,7947241800702
6,40922371207652	7,65956401993617
6,61426699014399	6,98982562830488
7,43167254478213	6,67317112561078
8,62710710207887	11,0380317134599
4,76300826388117	2,71312950687159
14,54834973422	0,453857691929486
5,50350899224837	3,2832555650193
6,54947415494041	6,69716035764817
9,15216394775169	15,5983457217189
14,728352546539	1,0747146221474
6,70845639305088	6,51547659385026
9,50063003616393	15,9567838245913
13,6626604954274	0,82726064339293
9,12350571210097	10,8589886374951
9,50085855059935	15,1156177792676
13,9593921335463	1,49984083075703
9,81111926316423	15,0278116800003
8,78117709291262	10,6686707584932
6,80200310373655	7,17466080615962
13,760584916898	1,36662766956015
9,12028732347475	11,6654205364043
5,35894334659311	2,16229238967065
8,31197436999035	10,568863986138
9,68695366428089	11,9150277009108
9,85095412586836	15,9820176541319
9,88071983215317	15,5550038908401
9,15512797837797	14,8032976895706
14,7865652310838	1,25370112858119
5,35637937920541	3,28082244065251
5,85873021705931	2,86985395464784
5,9751479149715	2,36427727078217
6,84527150923827	7,61557529414896
8,80227679043069	11,1052161510272
8,87219166061113	10,7226243079543
9,43290416194015	10,4954008472726
15,0646727577964	1,2407497330317
5,80445809274356	3,29432154216165
14,2801546848365	0,197655711520406
14,0094158028287	1,1834760157675
8,51676411492696	11,0150127722944
6,38977719435248	7,91927107433072
7,42789193785522	6,63157660496606
8,40890612903102	10,7026904268384
6,73703682645244	6,44199854246475
6,06858874436043	2,96800197508157
6,85519714922362	7,61733554773579
5,23027880010726	3,02634092309519
6,22957146643193	3,01560206350962
5,71850859334301	2,52784231983891
14,6270771070113	0,773299072439328
7,32374655128854	7,87361439407887
9,04785800747869	11,1042700341939
14,2873178566668	0,294921499807896
6,94485515448737	7,45006440002536
7,54387053823118	6,48376223757385
7,13308236184138	7,88133831761184
9,79616970497157	14,9709103354947
8,61819682401607	15,6163582391952
6,34431094815747	2,47211662861372
5,58302696322011	2,39187257148285
8,22533923318244	10,7611896385122
13,5659361447419	0,822043200948844
6,72657587971095	7,01007213102333
8,69232127345592	11,4558894313403
14,5157065707118	1,55273938119066
6,33260410658952	6,46946552701688
8,68914237220103	11,7598626041504
14,3543992919651	0,741647983247414
9,11821316050572	11,2450344833065
6,2431295564605	2,2180644213458
8,85937687633693	15,3736581181251
9,39454778240629	14,9091902321272
9,12886276504154	16,0063237576335
8,78283270597505	11,3185760062735
9,14684051118377	10,9388947993411
5,2505931459055	2,13463600489053
6,16414655086094	2,92606355396144
7,01806433744102	6,72523873177928
9,02600855370677	11,3988206458123
7,46849468159518	7,46760099310852
14,8001326979225	1,32693130710786
9,72242593078759	14,8888152717131
13,7629417735257	0,463413413889664
8,92733204407014	15,7750595238909
13,7199078186889	0,218275778485724
8,93420729463759	11,5382159278103
5,33730600926632	2,99028339250319
7,38065527193559	7,93770980900779
4,83482769273421	2,17840797022371
9,72282809794821	15,8292967707551
6,1143548590607	7,00808472633087
7,24302655985402	7,02768007510879
9,29425517305056	11,488264971809
8,22689613764027	10,602090991615
6,32634387835948	2,25310923910754
9,68746574214668	15,4469467501197
9,19951488765411	11,4890412317715
9,59410959985068	15,5994284660748
4,6886471939374	2,5876649311375
5,08107021084125	3,12696102031527
9,24880119158989	15,0451148716668
7,43494773216343	6,69549022962847
9,3918496613177	14,6982300332318
9,51036292968878	10,788605662192
8,72384443507515	15,0985078343117
14,4457584720907	1,37377340723331
8,87513156628414	10,7628709210659
8,59146851518054	10,7203647808117
8,48062435152641	10,9156035843757
14,3640945261214	1,54129671858396
9,73473701268724	10,9072990112579
6,18363704729556	7,6474503846168
9,7456551647876	10,6623897306821
8,82626017757997	15,9816179435869
6,26325008534946	3,33520171589553
9,86961790284866	11,601029199558
8,71715935987396	15,111227928101
8,73808268623007	14,8976851800941
4,99243343052894	3,23634340207368
9,09788770462696	14,8851263695104
14,6354742475181	1,42726640515961
6,83995815875479	6,69270582730386
8,21863682124614	10,71754228205
7,54249519792504	7,84148693618642
8,80839745406637	15,0178084816444
6,7374433866755	7,3928674336624
6,84823420293552	6,76455134559071
6,01498307503076	2,72427260299132
14,1255628315826	0,772690310860731
7,6058992270009	7,0661385184836
7,52337838719387	6,4664413893108
6,60923610813552	6,51042346752065
8,28675027916892	11,7628067556242
5,67225311767256	3,31864977988037
6,00658321387103	3,17120947018329
15,0217017246829	1,5594805575157
13,5589444281836	0,51882738049741
9,34620023908575	15,2909037812212
14,4512013191147	0,769769684793548
7,51256329859118	7,76361810537923
7,22305991878228	7,82192979942396
6,02796132639648	7,83155357120049
6,03101864995978	6,60482590591936
5,39432290041891	2,76737216872863
6,2849033672769	2,58355836178272
14,32942849602	0,319801692928578
8,85050418872907	11,9325996205275
14,9761008346313	1,22107305479362
9,60806761915916	14,7981379995929
9,33633474184607	11,4270837634964
9,88233773115209	15,4079548466847
9,4469247856818	15,588659539604
5,19937023242787	3,29664101963331
9,03372165259777	10,8583180446727
5,99091846804087	7,37535422033229
15,1339822662904	1,30615660979071
14,031760972148	1,39175500638742
14,2690697964495	0,946121972241762
9,94208655568606	15,2557113828507
9,79128585849078	15,3886922684489
14,8505682812694	1,51493221552855
7,39075577199606	7,09113440415396
10,1980263819301	14,8115776711288
6,02660101751345	2,27017409451378
9,27357040204478	11,4289794430929
8,31685007018584	10,6051059644361
6,33121737218407	6,70820754001744
10,0325333219203	14,6834483144016
5,95831381167371	6,94036564450659
9,84205455940098	15,3412589428799
6,11287635043399	7,66066012788503
8,76770567851484	15,3009738519549
9,60993245997237	11,5494814468893
6,33451747890006	6,69667259633834
8,87910132011001	15,2956020846596
10,1365096983591	15,8411020595684
8,73678868044819	10,5266373484736
9,32269131116559	10,5549578846214
10,231037235821	15,1305358744976
9,87130341782472	10,6035895497958
9,69489926069912	11,513037567355
14,3332419669362	1,53233061126226
6,19554740819667	6,72912228315792
9,67017055762124	10,8379497659926
9,58320829173868	11,7034263127436
8,6651748846669	11,7868062797596
6,21458948397335	2,2548516189137
14,0706820154803	0,790486038015887
10,2622564752468	15,1404035459113
7,60225095110128	7,07234925410746
7,24297863556474	6,56463258273807
9,96852638885579	15,9061679753912
5,77679793781244	2,89168911542688
13,7371412723285	0,9990522250036
6,07617439760713	7,77930030029187
9,53562848576209	11,2883112881267
9,51048160142796	11,9391035786243
5,70282001833783	2,52667808236446
5,53810614559704	2,26561950694615
13,6001619783097	0,371918792755529
10,0214237918891	15,2005948727892
13,5327041848839	0,27584407042406
9,08627761018808	10,5116221096414
9,67233689285148	15,6311920336478
6,59046443770156	7,03668243512565
14,3561137549434	1,21149362893232
6,3089632697567	3,53320339572857
8,96586390422749	15,066587088172
4,92476809180915	2,73758329487966
6,05129791933155	7,848768537304
14,6302748572897	0,853498447585502
10,1976469602898	15,5872198936613
5,26119543339174	2,93251101837728
9,94583461580901	15,7976369257192
4,87399052306552	2,77345154632237
6,24946335844392	6,90185257433747
15,1585310813741	0,173250914417322
14,902776108144	1,0864593007887
8,93265050171782	15,9656763520945
5,9322700012542	6,69487249783974
6,20510394238917	7,5774362256799
8,69822404197216	10,6050552180104
9,67874452289938	11,3563445405792
8,19467362386523	10,7831237329602
5,0185901260818	2,22697780845079
9,03772471132888	15,2468550401915
9,68493397529039	15,198083263517
6,42979876195004	6,87108900063748
9,79103681467575	10,7817248193515
6,77512956556812	7,75330592407148
6,0619868108222	2,40406015942163
14,6874628987922	0,492269394788331
5,56561251963407	3,15378517118205
8,59246798939873	11,8769393599335
8,85359877662602	14,8993821448747
9,84615109561062	15,5772106076569
14,1983693090595	0,368810918051034
6,21513234257952	6,62291071919938
14,5405470069391	0,716224318771477
9,51828941813568	15,9095005867118
9,92336010592016	15,853093240305
8,70181076712209	15,2305864211996
8,33723545215206	11,0474833467419
6,10823139727814	6,49704125116104
9,20511666992478	15,080274199055
6,86663963542983	7,86989051700083
13,7524308649439	0,255700475263648
14,2347441351647	0,121571376918994
9,22930648979781	15,7106977996516
9,34514793784105	11,3461275183931
14,7388578466772	0,348850141483639
7,31711927255958	7,12330165101498
5,78646104239039	3,47615149749922
8,90040304623732	11,5717395419992
7,20919807483558	7,79449808798971
9,82547012251963	15,6937164793786
14,8941447173622	1,36660996703945
14,5575543553694	0,301697359516485
9,55765240939421	15,1531660458255
14,2292089424896	0,752150739984867
6,18457459284214	3,21447474725393
13,7219542787702	1,45078666727196
6,20010553240599	2,24190479156857
6,92201773610967	7,88921970296216
6,81154938366273	7,59573654736446
9,65382590506461	15,2583929052732
8,43822165182396	10,7104264934801
6,76274078182161	6,82502249722231
5,14189311501141	2,17472837070887
6,87622848668552	7,2248126395312
9,79498522616475	14,9110623980052
8,98513535012288	15,4732670985085
9,29986473671426	11,1882105379741
5,43330315201833	3,02291065996549
6,47619473895649	6,63836941432849
6,13913081781111	7,37521927715754
9,61016953061337	10,8855390362425
8,3614013277344	11,4570734618414
8,80996474642129	15,9546782451599
6,2550158933635	3,21028657992206
5,23604300246529	3,08433575835056
6,22035711154502	7,09480816055389
7,35286434407691	7,34166860883334
14,0020695871286	0,260605272224344
9,43926344963715	10,9031178330911
5,29789700299539	2,89379889702619
9,25681958446744	10,5510463037475
9,9107054416153	14,8314184478143
13,7021778429576	1,47459193847988
8,83963053043387	16,0086022048149
4,91290267672844	3,490590285696
9,48618926647638	15,8213501031636
5,76099700556106	3,33455156440669
6,86211302897151	6,72126375504027
6,01548828120417	2,49053730219036
8,96719977080485	14,7667677084562
14,564878871002	1,53036399317234
5,00995464271114	2,71199590149434
6,1338397400739	2,26391368287795
4,90167971440415	3,14074266518236
6,106657417651	6,94393003053017
9,14958561056194	11,1121998897429
9,41893574818298	11,2232164266333
8,47885151708582	10,4923881856324
7,39248493525578	7,85701992938848
6,07168452476022	7,79133329839035
5,46416130050747	2,1721942222726
6,97295394940555	7,92693127382942
13,9677951393071	0,631404201846093
8,35530469516952	10,5276526188473
8,81577080531237	10,8252337332713
14,1639799479595	1,26661979425006
9,9857898157887	15,7925402367556
9,33434026240719	15,0243163003866
10,1216084632653	15,4672664221492
9,29153966236243	11,0683644853233
14,2514109362067	1,05029248998951
14,8890333169228	0,117958024622501
4,89710538649196	3,15672936451836
15,1213478077896	0,128902644210693
9,52936832211982	15,7797616169827
5,98978042538985	2,68114621358471
6,39136186373884	7,39975130885398
9,8120590464349	15,3878506358772
6,24532219403562	3,13599207979019
5,42948766702892	2,9289637024006
9,73406171851814	16,0714902211289
14,1506460055433	0,758064753659653
5,49928856202322	2,45820185824375
6,22378193228484	2,74940936416393
4,94712546325285	2,7534596065406
8,87656367565869	11,5754677438612
14,7898049344917	1,07329078469841
5,70630281665049	2,46588126474236
14,102199055855	0,645556122777019
5,20693024907249	3,51814842688743
5,97979777558955	7,89085884785151
5,06486328626473	2,54302491838659
9,6588877503197	11,1774985968808
13,6957214110425	0,657191949881396
4,99680717863813	2,58646039707764
9,75012458154133	14,6222687326406
14,3349449437873	0,645240245908983
9,08313759553589	15,9712817236655
5,3699304537697	2,86822978015136
8,67970893435319	11,6946293597311
13,6807475666156	0,968880127103674
9,01832538205933	11,7860798179439
10,0675584160689	15,9245173970354
13,6712506908551	1,34012943982486
6,08997382770858	2,18340866575108
9,83389081715297	11,0826529600174
6,05696757692846	7,41308450131532
14,508049988013	0,372242184528781
5,01217574498161	2,44375915633343
8,99909711424545	14,8856805934469
5,83793044894466	2,96495467880565
8,67961422956105	15,6288106116246
5,3087385660092	2,11671626635035
9,20383040411095	11,7729997894472
4,99542627739942	2,37808505673427
5,19043503864382	3,20334598325124
14,412749462416	1,35762513228158
13,5471686938694	0,701072673604716
6,60684216774935	7,63756943071593
9,36397394157649	15,0381267659962
9,23562925592749	11,4725107519683
7,40469284953547	7,8390277789688
9,72604245726874	14,6885917570086
6,33553190666576	2,23708229428093
9,79309552670143	16,1102426085023
9,51080049125313	11,6960888122253
9,94034420275279	15,7324078354087
13,7917323580204	0,575471042919977
7,02128076635418	7,84677713639963
4,96175974963256	3,38742159052433
5,05611998058338	2,45750782284183
9,83957319387423	14,7263653255162
9,08268218455608	11,4445167387635
10,2842424705622	14,8315474703348
8,48906158020492	11,2779978496456
6,25887978757732	3,19575531603945
7,29721675164333	7,32598585671957
4,98378168107399	2,50107318486359
4,87582570652423	2,80150691647453
14,6045137725628	1,10971455080286
10,1829654148161	15,111876472809
13,5380188717831	1,2692026803074
14,2600723888254	1,00908981609003
6,47490153162861	7,63835619401231
6,21767425733167	2,99683157451531
6,42450644592437	7,43247825928331
15,0570874747842	1,07432008355018
5,94232941088383	6,83935834081032
6,33714787952107	7,66374890089888
7,41320240745761	7,36822863339441
8,65707686652318	11,2259943670943
13,6413020896086	0,995740202516511
9,45894880914509	11,292698501674
9,23347404745637	15,3066803527977
9,7427120465528	16,0315692028939
8,7979175203962	11,3976457989461
7,09322148728987	6,82946870646428
5,67112399015521	3,42784437194325
9,38406343401248	11,8753336820764
14,2034058158678	1,45248863460948
14,6579248400069	0,142519135557728
7,51638196190329	6,61688520178827
8,71172463725821	14,8492034297423
4,73081625043515	2,65134944001485
14,9989988938478	0,800124353269876
9,7437643147506	11,1176767852722
9,21901042757395	11,7658326714638
5,20314408970204	2,59938122736532
14,8525671487697	1,4806906704788
10,1630473896398	14,8624705056252
5,36097288784132	3,1745216475144
8,84126734532726	14,9952158055514
5,62218155751336	2,12798452535289
9,86781657022947	15,9443609630023
8,54564841312107	11,5450650957359
5,56811244344338	2,18278453058506
8,92725661313348	10,9955045844508
8,5260878402957	11,4471555811402
8,90210538378091	15,3779149125409
9,7670840669277	15,3320638500366
7,10438368149806	6,74247025962422
7,26857931104407	7,03785402542632
7,17982167920003	6,70384926768281
9,08446837293785	16,0909664299325
5,77121110634889	3,3069608473616
8,71176051030282	11,1521167940075
9,37100691228602	15,9026546968777
9,57800016544567	14,8172070233274
5,41894222643422	3,48484963280902
9,31363524074937	14,9896196509309
9,97364583687806	15,073579063338
8,61618078506905	14,7384052233334
8,89049671793311	15,9960498292121
6,99914889795874	6,52350658219728
7,14886251214819	7,04825744755755
13,9965573843466	1,05322944569753
9,94341971525352	15,9594652860801
14,8272389023558	0,285013619489208
14,9601828052614	0,452477624607831
9,79243912554323	15,4095470769598
8,64955512151552	15,2558138807272
8,9656137748548	14,6693096486508
13,6936786114092	1,46934095670632
10,2642500086744	15,8319758464351
6,34269880865986	2,37347761777575
6,41860223037848	6,65439372782135
8,23964268313439	10,8514656072305
7,54562038641404	7,24735975644094
10,1839492588722	15,9660268897891
5,60852838360121	3,00898785697357
8,74887356010108	16,0801229689673
6,33330287472946	2,51861035855793
8,73045883242492	15,9755450077261
9,65608591272819	10,5491401545553
8,64684508585046	15,6243335939096
7,12219882338035	7,52736004205617
13,6612584409957	0,787720791184874
8,8894683774847	14,8611178771196
8,86224742829685	15,672233669709
14,2524828353204	0,153554031304405
9,4753095937542	11,4849308490531
5,2717614609776	2,83777077986768
14,6780759400319	0,349960871002016
6,33460618363897	2,97852134696348
8,19818610509332	10,8454715771482
15,1516501060141	0,894409097117653
6,03236973219182	6,77398071276886
10,1883068947857	15,7608047828876
8,87037217848692	16,0026842879365
8,97013428905996	14,7173477044769
7,05791694305721	7,62082620318676
7,62507539377796	7,41104864596616
9,57318585922923	15,0007998815181
9,82207272964709	14,8638423733159
9,77851205892757	15,1038548462189
15,0791633403731	0,926875813723072
5,83009065800611	3,19189782586251
5,63444000724717	2,90352990807581
9,75878612372168	15,4448140072443
9,74594613007612	10,531611005056
10,2910072152128	15,2912181589936
7,41584988916328	6,68878755239822
8,44011146899266	11,8925361054308
8,78095278117694	10,9852154231589
13,7908272062088	0,418430458980755
8,63949703333251	14,6607891582458
14,4129924609994	0,780463761617645
9,49409207911234	16,0732363939966
6,03366292373615	7,14333861974456
6,07003282456271	6,61609883878042
8,86528634951712	10,8269953337289
4,90821661665541	3,09045713373406
5,98412669964493	2,31685248304656
14,5349970423391	1,23634312579487
5,0034693319357	2,84188590476552
9,42182651483405	15,3164650349505
13,5359879668049	1,2584682483559
14,0375071027252	0,16118346040872
13,8421437646264	0,538107951653774
7,27828659146651	6,56978498939858
9,89634900135482	15,1456473381648
6,0894454573073	7,85492458347199
9,99994171699706	15,2893646657132
8,82891654827122	11,8302809577718
8,24653014133033	10,7211807194133
9,36582135813666	10,9782197817033
5,18565755106372	2,25191213532709
8,7095667537735	11,9188791539188
6,66425774864501	7,74635262667261
7,08410757988557	6,99677733258456
14,4628674518688	0,656726641915272
5,40488676485259	2,2461173457346
14,8920499005507	1,09166762943538
4,8016188574794	3,37506795616962
9,63561266861529	11,5928544545307
6,33819914212312	2,90472245206002
6,00426100426594	2,19192952077139
7,39823157695831	7,09504668380639
6,06081088983377	7,37220698554983
6,15643643405717	7,05429730143767
9,35945329342528	11,4159059723452
6,65771281516907	7,43399666038586
8,99802941650958	11,4751468560226
9,6297969289673	15,4015557598754
9,65529806942304	10,6647001047587
7,23649828519676	7,80315800476165
9,8743912270642	10,6718062529004
5,21358233498069	3,33151531316085
9,76609485692439	11,2049181860826
8,86057954676206	11,1233329293783
9,69323482022283	15,9182802291188
5,68940795397722	3,03594056729889
6,91900216150599	7,31254660761638
14,0650465660901	0,263944856542332
7,32445594070055	7,61818796924783
7,46894808761991	7,05454336119475
8,20346077032223	11,0244391036634
14,1566845110751	0,591099848119244
9,29931278505206	10,6054846426224
14,8230890645417	0,957035722005464
14,7183499521722	1,18929789649417
6,17626804172013	2,33703743324484
7,46952369401945	7,55557544930846
14,4425636462979	0,720434031420858
9,55573463471617	10,6633871435808
5,33470731831332	2,27566163031329
9,34789656651298	15,8619396663929
6,15048168279138	7,18890640390878
6,19424316590182	7,76502205924268
9,87170688802243	15,1328971899897
7,48616468037734	7,52506556403161
5,56374561314702	2,45797860544565
6,31375889283145	2,64697517103787
13,743380395299	0,133752019880852
9,12630503349901	15,5245484588433
13,6523851045686	0,635855311699033
9,22030280509251	11,6454423414608
14,1776164818309	1,49078502119014
14,4673065720899	1,24394380402962
9,70398013012858	10,8360010321834
14,3555914406846	1,41499272980939
13,8137948123339	1,55960695530687
5,31552688931507	2,51675406093172
9,23147574265432	10,8802737969996
6,22060400752394	7,12007245453601
6,22555129182743	7,2950156031688
6,08998360386548	7,65688226507425
9,56954296719068	15,1927200380657
9,67173767518577	11,3417920743149
8,8319182103938	14,9017428088325
9,04614770377719	15,3905778870277
8,80591688706355	15,9393692562235
6,51745267529061	7,54382658462324
6,19563694748113	7,08067527332246
6,47817266413826	7,09517735610298
6,28955138845536	2,25777552094963
14,3014540904609	0,124660796412002
8,40112982289469	10,9436141550847
8,57492806253869	11,7081289471058
7,2360786527969	7,63039624004477
10,2617374130275	15,0401260373422
8,45654819460525	11,0370880208763
9,26581532754466	10,5024368868341
5,86436316762261	2,26580593546714
8,27664628347049	10,5422632435904
5,00835983584775	3,28990961777777
6,66142216004003	7,79570761668165
14,9911232154371	0,75056122970808
6,56443247693868	7,34268433410041
6,1759954749767	7,81978602481863
8,77770582323052	11,3034251999991
4,89876525899831	2,45439459526137
6,37085886445416	2,54298392528288
5,83438959468636	2,99224585785014
9,06566397777326	11,0132195079893
9,76726504234977	11,3577212926043
5,2292942450923	2,47675020352574
14,281841704928	0,217088696385536
13,6200043043618	0,915449535653846
7,17825545339029	7,03207401505594
13,6495927689198	1,49977964509068
4,84929329268049	2,61398976369904
14,3179816190646	1,4535155626755
9,34957451229911	11,7898810272317
13,6047988009723	1,54794860869252
9,08041490023135	14,8801760522928
9,21777793189436	11,4901630940942
9,14015682752689	11,3993439625404
9,85184369430295	10,8357974484259
8,71076317176572	15,7725110599453
9,02350751142779	11,3741330363989
14,1958241555202	0,612108045609433
5,69835427526068	3,1844166999227
9,20759100078498	10,9812790285045
5,95974244364814	6,93569233114972
13,5439629031056	0,447951932824885
9,57925055917076	15,0581968837197
5,19449707533384	2,899416364707
14,9352941295136	0,350924615250629
13,6361528278844	1,55002633663592
8,68571352805251	15,0629333311948
8,81543575351167	15,9006856330032
5,94126472786941	7,0623445058532
14,463366317071	0,887128185271134
6,62971290457261	6,56830829639094
7,43034795794003	7,7300942066315
14,6731000672948	1,46255938161493
9,20439766088523	15,4441549053802
5,07380557466592	3,32501568665911
14,4131677429063	0,85434868538867
6,42289826331295	6,6125999877951
9,95873113127229	16,084666727777
13,8007605643937	0,568682992130285
6,65523640524678	7,62829019006508
9,34878705669948	11,1574151030745
9,29978043006506	11,5973940335587
8,45769986709593	10,9226728654888
8,79731281415964	10,9210890392325
9,7826576165866	15,7445540977624
6,37084619093574	2,88444948384304
6,34884746681674	3,54546672645564
8,66005498380733	10,5831135399367
6,94703533986385	6,4644982717691
4,99139351398366	2,96101705623285
14,5587397556568	1,44537770742005
8,26798512486797	10,8089079852029
6,26015739404187	6,69906777835748
7,05873526271117	6,47549331304085
9,02271278205795	15,2521450391479
5,45256414798302	3,42309407546277
9,48800027526254	10,7154953694553
5,56281537994436	2,93051895346327
14,6969490874213	0,376178796281474
14,678283659454	1,02602409879237
14,5229111379135	1,11493675732841
14,6222216991424	0,142596675309095
14,4645830501319	0,376573686313833
9,43241166286006	10,5140227570438
6,28218359640071	3,45914504925359
14,1530483997747	0,698470743578551
8,91983194358341	11,037683964769
9,76677120918901	15,1165112872501
14,8650359116485	0,786465764956144
8,94909015115714	11,057499122261
9,07583880240386	16,0342350327206
5,22172297762828	2,13095129270427
9,17933673868535	10,680032003211
6,22168265291627	7,08838842555698
5,12818117819564	3,35597590925044
8,91190830740486	15,7429443180726
5,2393386849348	3,18304245981341
6,52980605355893	6,85803807122354
9,88887921164173	15,4059470786401
7,46070156837216	6,59051400436777
5,62181296259694	2,42915972123312
9,54220870841985	11,2275011989168
6,56061426452479	6,91846746419777
6,96686019551718	7,07970194852572
6,98833965727938	6,57571411200677
14,4398228064439	0,097523894362018
9,59133035388554	11,4588023815202
6,43251694406848	7,76583216275556
8,89081865730924	11,6259974722294
8,58058053456385	10,7113354718053
9,09392047821301	14,8614859421686
6,58938837346562	6,91508625503444
9,40968239098738	15,8030476287332
7,02465899266906	7,65848179339856
8,62809526926151	15,7646631306771
14,7150038635003	0,579568865444847
9,52919050642981	10,9786104212428
14,639733712762	0,333829623553642
7,61208060825222	6,55322671925623
6,3343465896942	2,91690035123719
14,1212703470092	0,412282103793937
7,1842740255786	7,81862626861947
14,4637147857227	1,48475012714044
14,9652132037721	0,71403876287061
8,62381076787982	11,0382901577569
6,99280258161899	6,46385834399379
6,30992791528734	7,42676738839725
6,12651060257887	2,26209822696221
9,73427018042897	11,867331764115
5,81840760613622	2,90120133788425
5,97640804946261	7,30836316732063
9,64103160438705	11,5926560094514
9,36998207863318	11,8408138533639
8,60941517369413	16,0551963657877
5,01456785111886	3,0873921120489
5,21948335263937	2,55604614016174
4,82268890076072	3,25840413465177
9,45191286278445	11,0837848300037
14,1911989894968	0,299512133176208
14,0401344526443	1,19333877742771
13,8792870057405	1,33684889117785
9,59559489017514	11,3491475396984
14,6458191778759	1,19654771307175
4,84809013570231	2,34382542134702
6,35866320465112	2,20640434328798
5,98946079951417	2,57440373889121
8,88208967040885	14,931763140183
14,7700860476764	0,817818505292646
14,6695472174134	0,30082540734894
13,6373961464769	1,56379141258964
5,3873099497183	3,12637322865197
6,72534341569439	6,59879176470138
6,88306496047072	7,66363698580666
13,8190629857686	1,29550866184369
7,21074317638526	7,12789960093027
8,93660036251958	15,1189828058289
8,23178095256047	11,4313926683479
7,16548690672831	6,66174001707088
13,796683448354	0,857754781023175
6,19018872442888	6,44848525919964
14,7902539738578	0,988353050001549
10,0574803404541	16,0894996421695
13,9586284538129	0,63630940078516
9,0738564861678	11,0045926424753
8,67112510196377	15,1572599326407
9,69887014900803	15,9662395000655
13,5588975480973	0,903388511196622
14,9538857641234	0,400153035762707
14,9018878117222	1,14694548145064
6,19831107092516	7,80709179193897
10,1372522257589	15,2703695160805
9,91883402649056	14,803033962804
7,12309612023203	6,99028665716652
5,26996578500807	2,70942368355219
7,02619001209406	7,7062149890807
9,42113193976723	11,6414346459463
9,89591560225603	14,7450167939324
4,97012565689162	3,06517359588413
14,0973136818711	1,18722195571201
10,0059337041052	15,9659817173705
4,88347235395069	3,52108849265526
4,86782232158397	2,33553445806488
8,33318411941742	10,8808725448794
15,0347215985266	0,805215429813943
14,5787039871018	0,094301913047516
15,1260647625405	1,11229725616105
13,738497680941	1,16717270942979
8,72677100675525	15,5764742966914
5,86531928847793	2,87788975207097
14,0830802805061	0,272526880098931
6,72217684189962	7,25471913437137
5,72830042922707	2,51943508817504
10,2656181888882	14,9586446497748
8,5131401955749	11,7064142351322
14,8410504780571	1,20717365930154
8,77738076941311	15,4540875757272
8,6330797634264	15,6203802752374
4,68964894140224	2,2543411729948
6,15671646633668	7,80388663374443
9,06923437893435	15,1277519474217
6,42117919903398	7,89429515920253
13,8921411433633	0,509651019608972
8,67362145794494	10,9695649529588
9,07185418259441	15,4689187636505
7,39917641363741	6,60507322769115
4,79454202741751	2,54286115480701
6,72042700012668	7,69599427160116
8,67130573983581	10,7984085978141
5,14745392145721	3,46792129138858
13,9288225955124	0,900009130276622
14,7290567848303	0,255394893279631
13,7611416166466	1,30612618494171
8,62659169292931	15,0070794821023
8,57885058502686	10,8380268653145
6,26464782603039	7,74510087288282
10,1173296283686	14,8903603293996
8,53208868704039	11,0767028079387
14,4758580215694	0,711017897493121
14,7870224872717	1,52740232078728
8,9057353659823	11,54986334089
9,07453306968996	10,570032757133
6,67264782135096	7,42351703677804
7,43111460132992	6,48500383528281
5,99501629419718	6,46152534972006
8,99033693360248	11,6551847675973
8,82336127880336	11,4962204155767
8,27493601851485	10,7723265384076
5,94623352471594	2,22071029462022
9,24058890598703	15,0519992656034
8,21539966577861	11,4163792197103
9,07660648311521	11,1022225700428
6,03496390297436	2,55367638962603
5,03672212103066	3,54584207208791
5,2370931479315	2,43634409292867
8,23943244902303	10,6308438765303
14,4463929498511	0,205559383166188
13,6245465365785	1,38383488155138
9,20218076304984	11,7690094650564
5,46870361600716	3,0420388110843
4,760472479391	3,32092982121703
13,822705245557	0,562964366438582
14,8438363261491	0,563813478654937
13,6009958004289	1,55227273354349
9,78286023552143	11,0215798614181
9,10998437760271	14,8399093090283
6,10613387376023	7,67920448376265
6,80924952448837	6,76086345098343
6,22598764950937	6,5774910586911
15,2056806570783	1,1608400079221
7,42376365270061	7,84473738553509
8,86611777590812	15,4619841557617
9,6017196646987	10,8814652136554
8,83448454510763	11,4274190158196
9,33098663523501	10,5927696260186
9,80732011312432	15,9400454527095
9,74847626762468	14,6600460877255
9,07014805265937	11,9296298763497
9,03903790227804	11,3186097637622
8,95897172249865	14,7167688239175
8,48403069135124	11,096730299723
6,00675723299672	2,35351865028878
5,73528346741206	2,96743546050839
5,13518888353993	3,128082154966
9,58054733132198	11,6135602811697
13,6211391771	0,422267067558824
9,1298035229316	10,626808590803
5,4241730923485	2,97649731148806
5,54217202229456	2,60645842919918
8,64971122254791	11,4725474125032
6,2318507265171	7,71563731956086
13,8321284392292	0,701983352454575
13,832663090245	1,12496402225407
8,91869575495925	10,5047926031881
9,47516360924838	11,0198435264352
5,3121097038527	2,93307710633649
9,37506159474014	11,086180167532
9,34371052760889	15,3467330799331
5,35025104595639	2,74410368871494
8,79753303721855	11,5634202186229
7,21842595318526	6,46252175975142
10,0216023049496	15,0216446195405
15,1551532313749	0,677871329690691
8,55205030525571	10,8609040993047
9,6824936913105	10,5959568575166
9,07944797592963	15,2676227442772
9,25775633545651	10,5111093418803
5,09109384261038	2,55527181786531
6,14370227823955	2,8046637012042
9,22998336439557	11,4485131068409
8,76383880796451	14,9157447140756
7,34559702591798	6,66552352495135
5,75724263101873	2,61226767179182
7,55220212681461	7,73670892810638
14,7996660567246	0,68518958797429
9,28603870223941	11,9275824758202
14,4290511896616	1,32786601488357
7,03327057607786	7,23719281145263
8,84266714656004	15,8978593352307
14,6943142416875	1,18985030275096
8,71869429514856	15,8569177358891
9,19879892289938	11,9109255662533
14,2250154509401	1,25328443064273
9,43744028629985	10,9967730152755
9,04919033321745	14,7690218313109
5,76605418574534	3,40855891956495
8,9408211135369	10,5528579506849
13,8393276805503	0,537047418113645
6,81896627531881	7,06891577931148
15,0995976485735	1,41755920871667
9,32761804803875	15,9028468284437
8,34527110693013	10,9607483258376
14,0456155130261	1,37358690365539
5,52384105544546	2,69548290736758
9,55120237395754	10,6153919814265
14,6972215059126	0,871328845499433
9,72439793245753	16,079553978992
9,77066903940365	14,6777091395193
14,5495168630171	1,25346520192737
8,38936712115421	11,8102701062595
6,21199156617815	7,85343363188488
13,53661300816	1,0581684580485
14,8555004793416	0,588301116266344
8,47181340571179	11,8678869826796
7,06233885175886	7,34701219134669
5,83621894138948	2,65347918537169
14,8853097443882	0,721624406362525
14,4982416849549	0,539372098430893
6,1297788489946	7,92360010325459
9,94085781434809	15,1798697171539
6,70681538252777	6,55836139667887
7,37680958353067	6,97900142065764
4,96347052060524	2,15892206983724
14,2812901461504	0,620940753776105
9,30627795438736	10,5090721064291
8,43230059212778	10,959596224735
5,75721758118432	2,17476574554317
7,35269962464163	6,76404945168467
10,1655746633694	15,7346518666854
9,74688485224615	15,2852342107118
6,69612765185044	6,91520781497807
5,37649504416307	2,52452051376364
8,58801599170395	11,7640415550084
6,00234804579599	2,16609543943661
5,59664937482437	2,30092069343818
7,60202222810842	7,72761377171773
7,56582975666084	7,58272379705111
5,58440113892155	3,08359458596362
6,09187910644464	3,4489838955798
8,63210865288714	14,8820400224614
5,16791375963195	2,69065233312659
9,36415606058961	15,5741126710894
9,25732905290018	14,6280095747751
8,87585488055823	11,6412143259706
7,53211135359305	6,87975849630238
8,71349272174724	10,9696453371189
5,02973520402532	3,26218058919967
9,46421323026801	11,9020951372638
7,43490983978388	7,57560206621439
15,0109404592173	1,04055309144939
10,025114186609	15,8488932352629
7,3532611005609	7,32934026196927
8,91249903330346	15,2040344843678
9,86164532911679	11,1386818098763
8,31803412535293	10,6117551871946
7,43497994687983	7,31359292832953
8,67800517482328	15,8698152573706
9,87184098185462	15,6133083700778
4,76836641318532	2,18034558548482
9,6382866991709	10,7142206081551
8,56904943687418	11,2351699089626
6,03077574263391	2,35446464749454
15,1788283850817	1,49047933734461
5,3150344113736	3,33424636859244
5,37496126852094	3,03225759766277
6,74160991003097	7,1825647286393
8,986260273493	11,4638858081473
13,962946213923	0,451276139198493
7,28836659312524	6,80184563505092
6,3775575528917	3,15752726728558
14,482228794083	0,158892551485238
14,8712552736745	0,293976925668895
6,52132282265851	7,63882653951487
15,0584612658891	1,2843787496314
9,69596533663916	10,764712497314
9,08247281641815	14,6698484834504
15,0165528610557	0,379297781432037
9,22631129364415	14,7830932104838
6,24788688171187	2,23521980957225
5,63479669137516	2,49757775193865
14,0206897826303	0,421126855084577
10,196039325582	15,2982829254249
8,96912451633191	11,3087656136464
9,51714802048485	14,8850206485473
8,42484785973032	11,5048163054001
9,02323181833373	15,2282810255682
7,27260988183064	7,27175235987094
8,33371187332742	11,505681192552
9,38713774304293	11,1530515368746
5,98674414564564	6,62189883356489
9,00206593361767	15,7761869959275
13,7776451919529	0,707586385380306
13,8198270524987	0,726128803389336
6,1112547046206	2,36671329292056
9,85978851515949	14,8281058142696
13,9348653881279	0,645622919172605
8,94426392565556	15,659635203752
4,8135315700398	3,29538394793477
14,8601397651371	1,35241012954804
13,9368899571096	0,700141148108234
8,27307816193818	11,4015317984357
14,8791127373884	1,23083545771161
5,23487156426498	2,18728347339246
15,0988537894375	1,03764784045852
6,20987428847562	2,22106088846969
7,02056246486689	7,58527135019437
6,62147939029706	6,56799543407351
5,04382391122959	3,324856364586
6,00435615864847	7,44928117919899
5,93836070459364	6,74432658467405
9,9725356057205	15,575174493883
9,0370886445241	10,7844416005119
6,2230742772988	6,56556923458938
8,89505861898854	11,0204850626292
9,12572471684605	11,0304418795699
6,12538025247477	2,88434522263133
14,0241690747031	1,18027082749161
5,72055002472002	3,18623417435415
5,60792285039821	3,51000999010647
6,28699287447733	2,12394156243884
7,03356662911715	6,9862281190236
14,3771140786526	1,2033668034842
5,79249104075722	2,12039423658095
8,17756972752804	10,7937533009224
13,9646807737131	1,26001441138234
7,06055206050926	7,88803253195341
7,09988074820245	7,71896008180881
5,41087963124008	2,16110665003974
6,03622955229353	3,28731594329638
6,4017389192904	7,7651000309505
10,0857045207005	15,5703268977364
9,11248962343892	15,1666954800238
8,74601166232049	14,8084639949377
9,55508707128183	15,5638597920847
7,03268238655046	7,88041216837489
8,80770811571835	11,3716730804246
9,53241280961113	15,5607037666022
9,16520038526222	15,6919825230185
9,49792473926558	11,3362913031232
8,83349585378486	15,0394299446723
6,33547628355391	7,68498166319862
8,68117526989765	11,5541336243027
14,7639865484713	1,47223562510387
9,18980096222092	11,6552629883938
15,0530909871072	1,18531356334586
6,24297562279823	7,03952124936565
6,81546158322046	7,37870787367867
5,83456801171134	3,21107220299712
7,04204237675541	6,49099974628933
8,69560953335763	15,4848678819035
13,6621936637216	1,36314999514632
5,95265122125498	7,11872407177798
6,20103250967231	7,01635677962544
9,68096790083772	10,4984938032446
4,93938569946083	2,33125281879035
6,78929852743145	7,18791357593342
10,156780338988	15,1371536576408
14,5897483607461	1,49159837867129
9,69504264419158	10,8608425528343
13,5905809833488	0,43162196741767
8,19961994013479	11,4871243669005
14,4867519047119	0,50282662150746
6,7634098210307	7,01880569893804
9,88702906762294	14,6862012305331
5,99899355205391	3,32521910030279
14,8805390285731	0,99129798214096
5,53472875266244	2,79371621558901
9,67419051441469	15,543448335064
6,68427149631859	7,73608231426566
7,41158965755078	6,77736031743392
14,3806459880199	1,30640348623168
6,26372172796267	7,27470288200547
9,14702592964142	11,0454122504583
14,917068254011	0,524086674374361
9,28795544119188	15,7148811131296
6,68923848549326	7,88278306115082
5,6052304080436	2,38590485276723
13,8670255121374	0,24303807511442
14,0504648856304	0,680396680460192
8,93863947872401	14,809385898478
8,21651972615426	10,6635941495526
13,5698016095737	1,49731758148141
5,43114796986977	3,34882966957327
6,93062762286652	7,8268578738603
6,89163191097691	6,73082819114151
4,86172599671035	2,24427147386692
9,09793431901773	10,5737098905994
15,2251038523684	0,344362411228726
5,23198005380223	2,12272940562203
5,9638993402803	2,60341418570695
8,46609523996135	11,8220927903609
6,440490805137	6,73134078636823
14,7952570530592	0,098559361468535
9,52023215985832	15,2269406296521
6,70413343519202	7,42558307080716
13,5548210212749	0,621072510252994
9,80033220698881	11,148843653358
6,8330297938082	7,58162715164378
6,83806215413858	7,36737767995229
8,47388479256668	11,8800402433339
9,83352632271137	14,9179057751175
8,721877567691	15,3096401073125
9,30320562568133	10,6009043629286
9,2266872882046	15,5480906849606
10,2137566036802	15,8874975370183
9,01556824515373	14,8351562918858
9,09991798809649	15,9997631735458
7,33082311747896	7,75028629106326
10,0283047544055	15,3801488187655
15,1009178444222	1,35302279859401
5,84388102815541	2,63747200343632
9,67599202090601	11,6123730215196
8,82347694348441	10,687178407437
8,41353996843601	11,4345603072239
9,60622136314997	11,322346164638
8,49744487230612	11,1513607996386
6,28864164487482	6,48574962731642
8,70324554439113	10,806150289613
14,9911487145848	1,32203899655416
8,98419969706345	11,5848854818199
8,2202784261881	11,2305304918255
8,68507616436785	15,3548182648965
8,73736483884397	14,7098637318885
9,40315555570075	10,8954434029381
9,38625788010623	14,7902315290594
5,12081071091227	3,4295226137615
9,35491861314813	11,9541601463701
6,11981082317837	7,47422655395737
5,73084193081205	2,18765848088662
9,73157328259503	15,2084820081041
7,20117659441932	7,28376925949535
8,72583421849564	15,4139775957063
5,6365452192713	2,98157694164041
5,85287920115212	3,29510023516332
8,81776971609342	15,2158547791728
5,94819157973815	3,37015149437045
5,76971431427534	2,68888057252096
9,43346563158023	11,5248982925619
6,39637082379556	6,50322530907753
13,8268135119582	0,972147725166302
9,07670319969019	11,5992241537357
5,53523728925454	3,25883429715894
9,87245969577188	14,6520128241894
9,14287674710598	15,728609883853
6,70330051381074	7,68334350529529
7,01314981445418	6,87350562506019
8,70460777018318	15,1430008158752
14,5339309554298	0,290277696101157
9,50539914888397	11,2711053327431
9,37541848564242	11,5262325391654
8,7385043518398	10,8377085087127
9,58710432906969	11,9408519173986
7,51156378481374	6,65798177892516
7,46133453860654	7,19579868126006
9,64997325499768	15,2389527993052
7,07626397439361	7,50827614442177
13,7328549184817	0,28594867190415
9,61352119184758	15,7185269879192
9,44162843641731	15,1898757878416
9,43067579669585	11,0779656875912
5,88460129630022	3,19731403064294
8,94605804941943	10,7975064972887
14,7187941524276	1,42617865947828
5,68321514130053	2,39576352059497
9,95593861656221	15,6545210285075
7,0101449200022	7,62291454596588
8,78734679515785	14,7494153618266
9,6809598733076	11,1215308531433
9,17540557362112	11,1614106465152
14,4144219766089	0,771890580935316
6,23893576478133	7,35246068719066
4,97189481419749	2,78657113832901
6,13680439299612	3,30679970899776
10,0524171563208	15,3696113290305
13,9280782498952	0,263753958750109
6,2053341014786	3,08860331744027
4,70432545783108	2,22348640994104
6,65035673082575	7,13867596070063
6,85634927806172	7,08663725915985
4,99118065189053	3,06785322115816
14,6713073912145	1,41106783931468
9,75639494500211	16,0432365479003
7,57987899405919	6,45491191186442
9,11337027245621	15,594315735241
6,41614619864679	7,39007179685478
10,0271504425361	14,8328101315944
8,77356573909773	11,3542073265679
9,04690690920401	16,1093958003094
5,96641986502276	6,60902710089937
6,12589754151063	2,34750570762901
9,59690310038712	14,9558204884972
14,26155420605	0,157771801384631
14,1154385970146	0,837175819184797
7,55476380435693	6,79010605178924
8,35078920957456	10,512122678635
9,49556554711469	15,6219519728214
7,44175931531689	7,80292231627301
5,96629244606234	2,68565012297341
15,1610375875284	0,789521565020896
14,1219138756955	1,02945772469639
7,39835359212037	7,91983722594237
10,0460308404399	15,7928178292464
6,08574920478111	7,77440451374462
4,7402649668222	3,43770230800525
7,60073611709296	7,2030643888555
5,27873072052106	2,78982476545631
13,5693357698183	1,46849811320547
10,254216968341	15,7897922907906
6,8075760536607	7,50189757263787
6,78724600087159	7,58008082801621
9,67143485584007	10,6763202770698
10,0830985022134	14,9503273291765
6,83559152963919	7,0691816742319
13,5835842558863	1,05369656211532
5,07384032618953	2,42127877853825
13,8766828510184	0,618938619299926
6,07193847828358	2,71562492160587
14,3327490488551	0,516820123095561
14,6952274343808	0,600896747272476
9,44892399587813	10,9022603968216
15,0292816904973	1,11210602976882
9,57667246530511	15,1518070550164
9,54080599456059	11,6017410310989
8,84940690706319	15,976310275087
8,49927841253311	11,3153858400664
9,86788495355718	15,614833370576
6,737845092691	7,03244599141378
4,89986023681458	2,69742603020417
6,15581194259175	2,75139625909752
8,8944647053231	10,5669315372311
9,58057019594213	14,9280804660665
5,64440350416918	2,85224038941396
9,37880166188159	14,7291710221612
6,11370233571821	3,05742906679322
6,02929175564146	3,07918480048354
14,2849769781167	1,42029710348138
9,69674428086254	15,9411548629759
7,38678587332805	6,58105737090121
8,79352242510366	10,9519129491777
8,65822880892066	15,7227455918603
10,2656966294934	15,5331500980927
6,10801473036789	7,90182617886433
6,18261685392389	6,63377052857733
7,42341674714651	7,30633205004078
14,3569404265838	1,19382820680162
8,81267197784993	11,5298330764762
8,69892054413843	11,3804433711291
4,95621315697376	3,04233839859111
8,64433659207372	14,9367456555138
9,94560537149405	14,6363838521843
6,5993342536226	6,52662673038619
8,97164280215421	11,0040625525172
9,22795871627553	14,6375708965457
5,6710246315457	2,52698325892754
9,73644590448649	11,9276653471504
10,2127375035816	15,4602576834246
5,65270972945322	2,71171692580061
8,60512267089252	10,9143115553282
5,32479983977015	3,41490607117596
9,39368310284951	10,9992603716592
9,29085073216758	10,6596393174938
6,16284501552369	7,05732331000805
5,60306107631049	3,40106709803106
14,7125076139361	0,889275194142815
6,98776633000951	6,92905564158928
9,62281070185218	10,4907681532279
9,15546056265317	15,8904757140542
7,28994821202773	7,34432350364696
5,66759451145794	3,47106697847427
14,2662444152999	0,211902721446496
9,69127019154795	15,5094049303671
14,8629188344106	0,428952315986178
15,1860498439182	0,961103915038423
9,21573894899925	10,8165636101529
15,0408423224696	0,13848309121474
9,95776955458426	15,0301635511973
6,06819969497906	7,47909395133261
6,95310181584231	7,11366694372288
6,76384536008066	7,81270814940693
9,776580433124	11,6211373797464
8,95184615395869	15,3023362732143
4,69259378527635	2,80334962986336
7,33470433273628	6,71680812196564
14,4542088598025	1,39794106809159
4,91843682687358	2,86636063772408
9,11379734144159	15,2895529439187
9,78134884521166	11,9496794593075
8,77073164968094	11,9260775067634
6,51266031811289	7,59843715602984
7,25564433013053	7,17818254389568
7,56454505446973	7,36551671827194
6,22611315292111	7,50223736499305
7,08714099377332	7,48690561473642
5,0976726226842	2,30023088088653
6,3234689544657	7,25156294800465
6,14010786393634	3,46933373054291
9,39124570079802	11,6458674122865
8,19751652513494	11,6297737922536
6,39455032677231	7,57878695530228
6,4007167918493	6,5309650523816
9,30933645208164	15,9381942550669
8,78995999711681	10,7174885286388
14,7265151351421	0,095756204997523
8,34948793646137	11,2766081206536
14,8144851168279	0,973718200744619
8,60012717244332	15,8913254465486
6,14759640216263	3,20373555339962
8,66989419050773	10,9629108120105
8,99152800756506	15,4430060023771
9,00734500118601	15,701965971147
7,03037810069092	6,7538052556844
8,36261352590244	11,5720704694812
8,4094979782274	10,7364280298942
9,87750891278551	15,9751707463151
8,1830625591791	10,7247770660263
7,36350308453976	7,20765035333688
5,97486028077695	7,00935000729526
8,24808665100041	11,2163649301964
8,82114759578776	11,6778074102624
8,34724753741469	11,7803315005692
6,13881749492207	3,4645719712012
10,2495580747299	16,0960536331227
9,26394334125489	10,5231650752969
7,41984709494849	7,02742870244667
9,32881741258097	11,9240620816627
6,65099958457004	7,714432954613
5,35786993985481	2,7510861870547
5,43720578765695	3,53776800466151
4,83920792885346	3,46567033435963
14,5806381679343	0,939037910389841
9,6860499606255	11,1923533326728
14,7922592243966	0,984669887949858
6,33906263208024	3,19189983118014
8,4436308995271	11,3025434471541
8,39486520186024	11,6808371272914
8,38525601258243	11,9256412251719
5,23021839944048	2,48195490946539
13,5931581900516	0,806355624985648
6,46848851247582	7,35715771195414
9,23377172247197	15,1084864952107
14,8644526046182	1,42868358056742
6,36895677131967	3,58347143412611
14,3838029382533	0,162663422674897
7,37436131213463	6,76587781600207
8,7553335800278	11,9663642968148
5,20073224472534	3,47990524712153
6,86058042200602	6,88287269593374
5,51771679739067	3,01199641763964
7,0264949689905	6,80918166803262
9,01310756943165	11,1047332012289
5,67300069519324	3,56881297056051
6,58686173315976	7,25015924543506
6,86665889435603	7,07610982435569
9,62041753013794	15,1719419652658
8,86932853853977	11,2284944186225
9,2530044454398	10,8513172226981
5,26887029254748	2,28131992615997
6,15029480208518	7,26264074305937
9,46029107655061	15,1138974963545
9,80060685962403	10,6182845043325
6,18175857621009	2,60194130334255
9,71061799834862	11,7631755522354
14,7972152862638	0,301991119913111
14,1792402390912	0,871981929587577
5,93419485146645	7,92278030274175
6,33798462864877	6,78933199665571
8,89397836037799	14,822012091008
14,6764456235914	0,156587961059488
14,1005930176804	0,52706493157192
6,792579999044	6,46607350237117
6,42505550836582	7,72626080325626
5,14876269702068	3,44763683041515
8,37042535301638	11,5877247530451
6,31295777303766	2,23844907083489
8,68544241045444	14,6560860735278
9,6766071735549	11,442462432488
9,29290614193985	10,612912337597
8,86529317675326	14,6252797621537
6,64136632186951	7,80365504888127
8,91348889926894	15,3500678080625
8,85778355092783	15,5403612355549
9,35510441658882	10,9707510262831
13,9289739746375	0,424805848230185
7,11622231562752	7,12193681800755
14,6238086897872	0,913197888236681
14,6133495449945	1,55819012718173
6,11349103082182	2,21307109303244
9,13491360359971	11,7900234460675
14,674691575637	0,782580963767043
6,24548748539096	7,36259303080719
5,95186489127586	6,54873772358629
5,20310982310803	2,99392357250821
14,8640685795985	0,276765913358047
9,75565126490702	11,6401389482668
5,75484622339668	2,64746070466928
8,2766128579396	11,0938308059181
5,95974803804867	2,66672303762693
6,78698386256437	7,16008870957444
5,79047799333687	3,16401006214619
14,7628381869569	0,76689040379514
14,5045304309236	0,832684450707105
6,75330815101813	6,7719651988902
10,1500034372046	15,9722423417436
6,57174366911713	6,7544288015947
7,13779305727161	7,43294489346598
14,7026610214488	0,135757318597968
8,8902505607894	15,9492204807834
6,02301289683452	7,30552967655016
9,68063686079421	15,0969327324789
6,34930800218147	6,75159433309961
6,01873427151978	3,40970866411803
14,540063302341	0,348108175510975
8,61204289470085	15,2008528011455
13,6920015069797	0,753002166175041
6,66182001252063	7,37337720724203
7,14358442973453	7,89827619364526
5,70133450710563	2,32097383128734
6,68359090109898	7,34793197886329
9,46085038144234	10,6970101150486
5,27464159106421	2,25873364414003
10,2779460640283	14,7840513882923
14,3300815437479	1,15815114921901
9,61137024091658	11,6643556494643
4,74020965278809	2,97540301053582
5,31850237464159	2,29897753569091
5,4889212998733	3,38758325834596
10,1232072041059	15,9837222333093
7,08523447846303	7,56647943377985
6,26101500287415	2,71036427794699
5,92504799214103	3,27546295758794
8,84130678859984	14,9114426258738
10,297767424149	15,9669255280538
6,00680471755782	2,21698048753191
9,10375606859297	11,7843269193756
6,22931737152038	6,83999142306092
7,51116693205022	7,67371557995887
6,22927883466279	2,14053479356926
9,53495076048114	10,8455804864578
5,5096128154849	3,2458482657335
14,4879074332858	1,0975767612908
6,186676351404	2,64827491605812
8,71126598125968	11,5247902975749
6,06529791396344	3,45552578683723
6,92364266317119	6,74606580790285
8,63460444843932	10,5413049294923
10,1439471254224	14,943128606536
9,25156177132173	11,422207794967
4,70395646205221	3,59801821775255
13,9902517822377	1,28306044996354
9,0852962359839	15,2019688378259
14,2848565055215	0,995714459607083
10,1905988937095	15,5328005331544
6,7758013183252	7,14268387718001
8,19230421997706	11,6956966770594
6,1042347294419	2,65469492917447
9,99124154425427	15,4599995053063
6,17794689645206	7,92911184577395
9,06933216772654	14,9157964175208
6,99914168380914	6,88237073892719
9,17314040503616	15,4627360645396
9,44279515165507	16,1006613003233
4,75890328316642	2,92901361534172
6,30393681322853	6,7241676150776
9,73333271963502	11,0110275471457
9,14351100219125	14,7662337732572
8,54882497683485	10,9923561596961
5,72666924532435	2,74445252270738
9,57254936469642	10,4870504927674
10,1985052272414	14,8781353713515
9,61074420267208	15,0837459117266
5,27426110046961	2,85801758171453
6,46011746690404	7,88340589712481
7,54870746978043	6,67534379226247
14,6965776967012	0,67767897033216
6,62524332080471	6,61396373411255
14,3979303378789	0,717548880880134
9,84241170760522	11,4433214708173
6,12111776284934	2,56599741297175
14,9875435587076	1,08068009311173
9,43569674804247	11,6635712579617
4,90488478871982	2,62478261796688
14,9451752728217	1,03880114135273
6,71602221887155	6,86829308142222
6,10152595552092	3,21447408494441
7,05017670100533	7,22031928759373
5,4256455808923	2,26325820625265
9,80601537717409	11,5844634883182
6,12783096826596	2,16516296283397
9,47933785628113	11,2299890140372
8,84410667285185	15,2284007608992
6,42235411117037	7,924852379232
5,32571278502539	2,42168231514858
14,5805011770712	1,47068312124598
7,60324254718714	6,53610273963338
13,7846537692209	0,706448287805778
8,62632543413355	11,798559364177
9,23739672231043	11,5863089862344
7,16535012260272	7,44487026607492
6,03587055098625	7,75732620937182
14,6257324403419	0,93335959804708
6,50011147896045	7,00634428311779
8,66734806742267	14,8800232935234
6,58066965518917	7,53081436132183
8,94426272650751	10,5325851302005
5,1301899962688	2,22837490026779
9,55591569111981	14,6392660972735
6,95269262418784	7,19280602635785
6,3584881166193	2,33082195811602
9,21981701749529	14,8672692687442
5,60437959204697	2,48983959733847
6,18206946864855	6,60192787044449
7,57857850797104	7,81868841674428
6,491048057971	7,09536950425663
14,1028854950939	0,754268114733452
9,48404497634896	15,4139372648464
15,1872198204095	0,279256694151046
6,76762412541098	7,42164323246427
5,00181258188728	2,65455023247546
8,75935097590904	10,5051113134414
5,65289360265473	2,77634931396686
13,9349523364679	1,45725284015687
10,2735417337812	15,0790213131103
7,38907199168803	7,11565548336018
13,6053865226152	1,46295616891699
8,97927940645086	15,5769781033801
6,7128022209292	7,22729305595738
10,1143024203942	15,5370622851541
6,0048078627983	3,25883069592075
10,0590209147734	15,4618941043194
6,69762227499629	6,63353958808887
8,17768740046551	10,6538059834209
5,89707333696815	2,98706796239297
8,79215479359633	11,5512152505036
8,9217135471653	14,8618218198805
10,0905453492293	15,0715104009278
10,0664373494991	15,5251545789313
8,6507407311533	15,9394641838947
9,46695291908766	15,2517884301153
7,13559826703742	7,01116973237684
6,37084218524769	2,98318396000867
6,58933615788595	7,12076565575976
14,3797625975368	1,0652640765869
14,8873389683835	1,48957536744681
9,87542121405215	14,9218125673514
9,63303689182965	15,2537165434158
5,79909813026809	2,26141801461734
8,39192902356781	11,6838232100164
4,99492175791742	3,58571597257152
9,72090860552091	10,7276628747219
14,9456179175942	1,19558635010536
9,4374107278717	15,8354298251377
9,92493714984545	15,9467689952438
9,58756972343118	11,2289030647847
5,21544843506007	3,37459302354237
14,3913444107079	0,167375451362816
14,5247002228237	1,40280313141562
14,7183836768599	0,277157401956223
8,61736960138297	15,9830975993672
9,4388299219338	10,7901214402176
8,84955231442733	14,9362856503831
9,11733284082636	15,6078259082247
5,33789880086739	2,29244627026063
15,2219106310629	0,66531774874836
7,17943586747458	7,93119754494684
9,16521244553105	15,5795964123096
14,5163653305511	0,724024050451555
6,77887318396165	7,48521193781747
14,096460885922	1,19813798557886
5,3497398617959	2,97785714832704
5,07169171332486	2,31589728378163
14,359492274899	0,989738045300055
8,24842546392904	11,3636757424751
6,32997709532619	7,28529056354747
14,4960496615219	1,50947384923215
4,84083741393838	3,44904329265297
5,79029574518383	3,57273569948536
14,2076841172371	1,58553511304757
4,97376935548152	3,13455690436339
7,05953282909438	6,89983301690239
5,60513506867922	3,38965340577335
6,12673335336889	3,16381757789835
9,58905433522447	16,0824956610045
6,14359621053327	3,26581541857669
8,83909792991115	11,8349862580594
15,0975655571511	1,45554424432467
8,64252039447994	14,9768325228987
14,2948530237478	0,518622399888953
14,164001134139	1,10878326843065
9,2333661488254	14,9363762725246
14,0927388397093	0,846938794322545
8,44863188280671	10,6747625069939
5,18959122821231	2,32105178148415
8,33398467406208	11,0649534276614
5,25295335878041	2,51758970771702
8,27780995586431	11,5337678311771
4,68624844769947	2,89487119185908
8,36810390132229	10,9064769513585
14,3858929162476	0,408644750655224
8,78016319065092	14,9141796625916
13,7203708505363	0,356244556158355
13,8308245718861	0,2396190591805
9,82072768691129	15,2647784265927
14,6083399397315	1,02590245099865
7,56359361913364	6,44705266168014
14,6654495600946	1,12091199155916
8,62268252114905	14,7034886381541
8,53780810192907	10,5179951745885
9,66746665783303	11,3989827271592
8,92619095309625	10,6380134781523
9,62865102246372	11,3134843333774
14,5151357550928	1,11322643801079
9,60296650346604	15,2637664313354
13,8541870377546	0,92281915561088
9,40603736663276	16,058122678442
9,51172986388204	10,8296128869724
9,92134374343585	15,3411036652121
6,43086882572208	7,71214978022395
10,2727152466946	15,6707972003515
14,4960511546012	1,44643779020911
10,1566157608607	15,2507563453907
9,37780294003009	11,4559638485008
15,098301965188	0,147087183630595
9,69058770601656	10,9440013332568
9,11011399042155	15,220316737013
13,7742519809627	0,43658604192757
5,84655513592416	3,39071838848836
4,86061550469218	2,73874251118238
13,8141752948524	0,177863474420595
8,60594811586553	15,3851427257107
14,7231222925704	0,387938753070759
4,84303147570528	3,02027943059008
13,806542231729	1,3589969545916
14,8825754680812	0,122890050353491
5,26622368073241	2,99885908404204
8,60890260520379	11,0316115906929
14,9221935169775	0,25502315161073
9,54249313803058	11,6651176651621
9,08259529402825	15,5347080325183
9,29460751951338	15,1015525326724
6,27874027271138	7,26744437046447
6,10842611637299	7,79048225145322
9,78592008580597	10,5569373096378
9,35296162994212	11,2175062903984
13,8200901869996	0,481757458826061
8,29177575327724	11,8012815741833
6,53964710363172	7,57805607796628
6,23271981059585	7,91199768711311
9,8577051310438	15,0001458241249
6,23817613191098	3,08830765202478
6,69160716344702	7,83768918472059
5,18632456401471	3,19242240571795
9,53592684407776	16,0485698685393
9,86672382063878	15,2471818146246
6,31440471353219	2,36230977407511
9,22367681381223	11,0557724005214
10,2662466375457	16,0189786388934
5,61939425509808	3,37153002723553
5,42837281716986	2,91320657406325
9,1678520739091	14,9917745618214
15,2234130057292	1,22650045100611
7,10768958596442	7,65959184755629
4,94090014361137	3,40079040718483
15,2177943409522	0,197774271079462
8,43228562089728	10,9588961138492
9,40972911179973	14,6574549476862
9,07712048812398	14,8304342195334
6,73965987971679	7,32356742907803
14,101439149833	1,51596253770751
15,0496937895155	1,17816794115238
5,99147509795641	3,30362101896391
7,57549590394704	7,17008512795505
13,9432731302162	1,22343308576561
6,33890598724473	2,8040145558206
6,37612288955125	2,14421448065898
10,0868726992789	14,6728767942951
8,58961991296101	11,8903865514578
8,29360390381702	11,2494107508373
7,1850331218957	6,68695671676004
8,60960453175195	15,8511010488052
8,77534740579189	11,2863716162983
6,44059741672927	7,10348265473196
5,46611549247005	2,46519852857857
6,39122165883263	7,76010507457431
6,70567363117085	7,84568068536718
14,9850743927452	0,230887931575698
14,3174411461658	1,41849051614525
7,33413217909027	7,77567307950378
9,13630382519524	11,7497860546933
10,182130439002	16,0405927428289
6,24357405718925	2,89969713677549
9,46205355891222	15,9739271413243
9,70227111888429	11,3043253380481
13,7772649969152	1,55292292052029
14,9043986015714	0,88960265382417
14,28950540866	1,35545853874702
8,73035083817141	10,9317568719215
10,2789597593095	15,8884912146916
13,9436051407032	0,39184364653573
9,04444311442828	11,4961794684558
8,92131673677165	10,5000523627313
6,04123768626946	2,37944092247901
9,75921991866975	15,002047908409
8,64359922588931	15,4082080647573
14,3210643188742	1,27743977925334
9,56943130237083	15,5802978908708
9,49815783898112	11,0817691007773
5,41866155598656	2,82792532139146
5,58114702459278	3,49535928385199
8,97005923058577	15,007070261439
14,3125500633809	0,476468835013959
4,71673079349353	2,11773544140364
6,20672458091764	2,80017030417102
6,16986977446949	7,60285292320397
6,81236215880149	7,83548786153774
5,93264555845261	7,13275898684121
15,0395147300727	0,790059478258626
6,22745493582209	7,35702190189577
14,7738763523461	1,50158605241215
10,1173859594984	15,1017716979508
15,1491953089454	0,573381968943283
9,6801831078575	11,4289288931392
6,45685063015191	7,17233500554356
8,97386628245199	11,244966718646
14,0890465800995	1,48671926715191
9,0103953590832	11,6820450701434
9,50904612167787	15,903476847919
8,68632052035986	11,3385949034819
9,00169184617341	10,8203182281267
6,78769388541123	6,77463896663176
9,30265382294894	16,0517468809915
14,8028614320446	0,577858669781719
7,03958458364803	7,39784950428197
5,6881499605854	2,87857759131637
6,60365192892242	7,14367413013085
8,74954613435858	15,4375807538635
14,9603468826951	0,819403998005775
4,69405510040884	3,45450936392175
10,1135605217178	15,8209386271215
6,28704752502578	7,21797760511222
8,96042409118875	11,0734131728848
9,23577670520616	16,0582490671282
13,7834909997013	1,52515728968862
6,24810230522557	2,39881880755604
9,29521939953309	14,8417837455365
5,39758320420105	2,92118324323047
14,0726665990978	0,963289703323558
6,86667781481523	6,75738111153012
5,8341920530184	2,85470659528592
6,98472478877897	6,88416430107077
13,6202578935555	0,230630011807488
4,95857515003244	3,07395685305697
6,72201983778918	7,3967938027477
10,0180259661019	15,4523002573546
8,77850598982447	10,984108817465
4,69304966962863	2,76645042469428
9,2613257046682	11,2608203464146
4,98165098970771	2,94180025695632
8,30154260682252	11,1403474373687
9,26756113516737	10,7683861600938
14,333632495265	0,821959748866265
9,66904006023249	11,0378612233534
4,79570944679554	3,47344106510402
6,34047380689836	2,5656489323165
14,9291809280272	1,06277987623331
5,46695699303683	2,79894332932085
6,07082899958349	7,01976551805091
8,46462458866077	10,6554761757735
8,31878710713747	11,1330025647062
13,7313420360336	1,27448405538121
6,24266885385183	2,5153853277267
7,03948842057918	7,56349192656038
14,8085724417854	1,38703187463048
8,35550503933871	10,822343556746
5,5551588886646	3,17055597825014
9,19633685985559	15,6141982848982
6,70514672342106	7,61476806459499
14,6126784953417	1,48941524725488
13,9323190393828	0,983116054921774
8,63058593508185	15,9311710305247
5,99059982613868	2,41782955041396
9,5564580151396	11,1984864703539
6,55734759648914	7,38761648624168
4,93292677302256	3,27114255862065
9,16161297431991	11,59002359966
5,9436934959117	2,91255856177488
13,7325487527723	1,25433498683812
7,31392632785587	7,51119611479445
14,951289939079	0,407073137276557
9,21480735720195	15,9146720525688
8,65678853691797	11,9324105669147
13,6724242705592	1,44208937980318
9,48435997942104	14,7492696143365
8,52236073857103	10,958090984051
5,77464427252867	2,19237573635727
13,605366046864	0,26295406822694
6,70502182645342	7,06971004878179
9,1828617050365	14,9257808793471
5,90035748828026	2,77289142173154
6,37173924001708	7,92856660620467
8,79227225018073	15,2663700902288
8,30448232977745	11,6279713813751
5,16316120256768	2,85620723838565
8,96732642341159	15,3506468112047
14,7621448413669	0,363681492916038
14,1515582409384	1,14216928358976
9,44359456439054	15,8313568486779
7,19898692915151	6,9640687722193
9,37376093399466	11,623447958934
9,51536451145623	15,2129637519855
6,97083369844163	6,75001277920453
13,8524788621944	0,724922034997445
7,39785700402648	6,74193334480997
8,71036967716618	11,4964078894831
8,84273046065289	15,5847311765915
7,57859851839526	7,12070622783166
9,31730840578335	16,111262385082
10,1798397966785	15,4638561538372
6,95746950475584	7,18023313810611
14,6207217438119	1,37159264267331
9,74549723868093	14,9315437436772
5,4053400844537	2,18568973031105
6,47752902963517	7,7129005946226
8,98299622098917	10,8953640824851
9,10115875087467	11,0150643438361
5,47195755828851	3,0363945550045
14,2020334731432	1,53762997230175
14,9982700078399	1,40131513771538
13,5778295184793	1,55355187901776
8,53874923194728	10,541526306736
5,0625320071273	2,95807610636355
8,84221918504663	11,0078364572696
14,8816579801579	1,46423208496596
14,3954385895747	1,41047325944164
9,29842222728081	14,7412595648957
14,9495644384351	1,51380987229449
9,22286007680631	15,9462635802505
5,41370793771652	2,46240127356702
5,12202221913509	3,47655888403477
15,0989981104366	1,28207647124824
15,138816362405	1,31673015070517
5,0158899727567	3,51462057538965
8,68119985688074	10,5148142896109
9,11405337799421	10,6385500423637
9,35381349816145	14,7856786549776
14,5061865349352	1,12794802060536
4,92783693656981	3,02168481816219
4,70718833136517	2,25654206223159
9,02001855887615	11,8850417739654
8,97891808396503	15,6853368907666
13,6259907388053	0,483428849629704
7,16129333568403	6,57599869233384
5,5868749074125	2,33417914158828
10,2945259343289	15,7480849631386
6,34863258863944	6,50986584556921
9,40538655996504	11,0547420744246
9,68318981773073	15,3246903005416
6,25109438859037	7,74545460529557
6,27998917607677	2,66799783137477
8,19911689188613	11,4721441689715
9,98640711485047	15,1181818792043
8,68494293699145	14,9661139228298
7,4868253906472	7,49924729005111
6,33874731592249	3,34437347281205
6,09961948676591	7,78827079731547
7,00920753996792	7,38625470508955
13,7506353457657	0,7343112232052
6,23194732256275	7,61245331928634
9,75007348810803	10,7328647794519
14,4841484975831	0,154518631989545
6,41270001753846	7,6931731040208
10,1139246871844	16,0835290633779
5,04296496084296	2,91502342745279
5,74418894991151	3,08821188877145
9,0607125993593	15,2810555908824
5,99142295601169	7,87668092346809
6,40301653011682	7,23847177402094
9,70164202313198	15,6662340668103
6,91726270961399	7,30779663106728
14,0273597194966	0,806748341435922
5,31707054235099	3,47000172019621
6,85152551505529	7,840598578772
8,60694373452613	14,7917072499307
14,2617172155554	1,09538550603852
6,51947223457919	6,58888966413096
8,86775570153726	11,4092649892274
5,20737053752959	2,46345585740786
5,93141794674522	7,08807400112486
9,13738467405356	15,0766886804507
6,08579880990414	3,56779417889795
6,04784256932781	6,94768650655042
8,63078790673766	15,9510264205941
4,91001253871595	2,33318186231747
8,61635006980897	11,5394681263513
14,2814092840552	0,254353862920108
14,5199940114391	1,29753963785524
5,18081736323083	3,24059614533353
6,75373968246561	6,61217182644102
8,59904037184577	15,069088425268
6,59184226050116	7,18790745474628
8,6712449189343	10,9818829467349
8,21467412376969	11,3801217448301
15,01808903245	0,687688827861361
7,07333997933373	7,22308954618378
9,03506058793821	15,8558457660491
5,71855376480345	2,12477744345109
14,2478117713823	0,93909588048812
14,3812883734222	0,593367949344616
5,92853849363985	2,77505425069998
5,14441097199475	2,13393460649314
5,36862898827322	2,58438786712645
6,15970974188249	7,15119477880629
9,09401177420602	15,4662859495457
8,88254519022726	11,3368924294348
6,30566167301002	7,6582406237009
8,64526686158808	15,1382050613828
7,26845050331117	7,68836368300603
6,82299897983482	7,10195725605161
14,2169677180498	0,844250423691207
6,53009292711596	6,99440345281406
9,51784118202568	14,7713691375884
9,85910978857419	11,8755188690323
9,27824566480557	15,7146219236859
14,3003414299024	0,378936485927738
9,44460741027377	11,460266818658
15,1384818533193	0,281391177686537
6,02917685268915	3,16576578952641
5,94842564093999	7,14374165782416
6,16112756944994	6,85982975955232
6,00113120964926	7,77420692148414
6,25039939478195	6,98547399397056
13,8238812464302	0,710982778300759
9,79499752057098	15,8381246317914
6,00498998733061	7,74430181396273
9,4377766752502	14,7871744360477
5,98809801495481	2,18624557003114
9,4787104687807	14,6365989361465
9,37473891871525	15,1263968529017
5,52769345301116	3,39163966975505
8,88863592589239	14,9912277203172
8,69034898924535	11,0966871642431
7,11321571136462	6,75670210634518
6,20013374861444	2,53159952925068
6,51708947228775	6,6492597543227
9,10825409998169	15,9757697158709
7,15537958006679	6,4566478585021
13,6026273548881	0,899074713607444
14,5455958533592	1,49726863171869
6,91081036736355	6,70569502375093
9,13895456698911	14,6151922831781
9,13043808248833	15,4942247513394
8,67023319103259	11,3036196511967
9,95207019527721	14,7315338297248
8,67340922268459	10,7274100275461
9,08092833269169	16,0873174103947
8,38745952045226	11,6516792320983
14,0559952502445	0,093978159124608
8,43854671075004	10,7299947786862
13,8848063750664	1,26962605969204
5,13838789570596	3,3586886067797
5,83448389570845	2,33191182867239
8,75853113598797	11,8764119381511
13,8233059103899	0,406511461871709
13,8346995460587	0,840875100010809
6,00280991910116	7,65738559263678
5,34129494997465	2,33893322634027
9,81567199483913	15,2634247058156
9,37942368434025	11,9182575680474
6,32499645946945	2,69860877964052
9,41135124242716	11,2613484122446
9,61234636494682	10,7707736798326
7,28051829020349	7,55267343363924
9,10568525210112	15,8170113830061
5,93957913857626	3,03239814479475
14,0507251182373	1,58555190157715
8,56812806044974	11,2906263534579
9,52751124016134	11,7618883026034
9,20016354611582	14,7783641272792
9,85437991342817	11,2570757573382
6,04864712957657	7,17772778077648
6,17752623514102	7,40172130483162
13,7060401345418	0,089716263374438
13,886266406096	1,45163177097327
9,1328279048331	11,5575066150924
5,82189292795215	2,1664431280026
7,1577980038859	6,56911750125787
5,20158087632089	2,56340428734191
14,5194416332268	1,24345307193979
14,7981543943232	1,31924691859074
13,853080902598	0,56287863841829
6,26874639389465	6,47887510116217
5,54557010082021	2,85754013939364
4,91068569300385	3,53793838956433
6,03586295144663	6,76241365217631
7,62403529374745	7,07474239190388
13,7673503192144	0,458083778816582
6,95926381657725	7,6823451430128
13,6394579234464	0,634797694118025
7,14498559365824	6,70765140085231
13,6403466815588	0,189469244184206
7,42573738752537	6,50964301568186
5,97339144066197	7,1742756294056
6,05342369947127	6,53278593753477
6,17704127699528	7,0575120866777
15,0500978735591	1,08672972984495
6,55558703075664	6,50798209447279
6,87649105933853	6,93217673921081
14,2561018570041	0,731703138524496
14,6291046471826	1,37708566155141
6,15857100821343	7,2633654937034
7,02678250264413	7,10174798000189
14,4139429311226	0,550250818009925
9,7744431926246	11,9505598536409
9,5113370675308	15,4008289521733
9,76361177830606	14,8585461436499
9,60594661323243	15,06720121825
8,68436037210646	10,7688571969923
8,59918960013339	15,737639133491
7,52441021125536	6,59455688796818
14,9981607830906	0,388098471188194
14,2080966496456	0,16376469631954
7,53583032837229	6,68244992923757
9,00157486786852	10,7676500718703
7,38792835134085	6,90572181859169
10,0177256091728	15,3235797987456
13,6738714608041	0,209939860466678
14,7595947888895	0,22667955081678
9,28185944652445	11,4293632531049
9,75421024516013	14,6738634356731
8,41310565248676	11,2390745992098
6,48187152841226	6,65348551242636
8,64445794152176	10,8102523570538
8,6177785334719	15,2335921339215
9,40933073338855	11,0370752798028
5,24379776987141	3,55385377626162
14,7246048297534	0,352909424141883
5,5702915232426	2,45022431617034
8,5213723298814	11,0467858588399
5,67391564400375	3,13787463607264
5,53394397251834	2,27506925351971
8,89999639601601	16,0817176532199
9,51263111623587	11,9079720823155
8,6135126917178	15,6347254566103
9,66875449058433	10,6754859536626
9,33826551021318	14,7269708872105
6,11304071323744	2,7714114521021
5,67190152367935	3,08238979589391
5,24876437292775	2,12288588574026
5,27177954085976	3,58673954801948
6,63461099201549	6,92526395164098
10,0322088031943	14,8727048071724
6,78360998340622	6,98993983826362
6,80877512658753	6,97797557171102
5,21767191095953	2,31707922299734
9,13704036190526	10,5053380985804
8,18131796079249	11,6043457153419
8,18826231504901	10,9130589915609
6,75402693052665	7,59659669526178
8,52518827044541	11,528475084496
13,6052947545664	1,57711420583895
14,276527008359	0,370296970002455
9,68119489117905	15,8198383967994
4,74551881188579	3,34877153253156
15,060074697586	1,17873748127646
9,26924196718162	14,6362238277086
5,41179390343533	2,17039541395038
9,74558721123328	16,1082031990566
9,38206387371476	14,8694778816725
15,1913220269318	1,01437205271587
6,14661194088182	3,30870428408263
5,64114028643012	2,6415900343707
15,159897729491	1,44071675038735
7,09096832366952	6,51089461596534
6,59427315189377	6,50492997354841
9,39007373956169	15,7084543774087
8,91090945777351	11,6050608159108
8,1925606548899	11,1176785161901
6,82071886187167	7,34255299679123
8,85342508620918	11,0463929467268
5,06552723395613	2,42672862703492
10,1320838899937	16,0257891775267
5,50772133980245	2,38082368987116
7,484856291781	6,66221503974579
14,5708051915467	0,477635624601658
8,59694122994615	11,1394478379483
6,19847224680357	2,49878137305849
6,76928147674273	7,49289598187562
4,71240246405722	3,10953244640159
5,76933284483665	2,43092109701286
6,00698544768384	2,52394095540602
6,91588244317018	7,44023306377074
5,12869893410922	3,6011725674965
8,5328407519948	11,2512856670692
8,55508426160723	11,6741448344707
14,2162006211298	0,978752254120892
6,66871390547418	6,56118866238854
6,2034724980158	2,65470023968414
4,866756260212	2,99172524149924
8,602927825616	15,9438640566059
7,15393702049825	7,04640663389241
15,1167359392128	1,10164357850166
10,1744048132322	15,237126428831
9,77286951086849	15,2028139238864
5,19855160002633	2,84265457162298
6,26474404293604	7,51146212151708
7,57631028783828	6,95159817462913
5,93774136587806	2,48883905580016
14,4865021590115	0,23516166507581
8,2487034945806	11,1969025873285
8,19613656014047	11,4485350618162
6,12358415226643	6,44621851483247
5,42430759031242	2,40268861992233
14,0118979217344	0,989542740856596
5,60731448866718	3,38608717791601
15,0966624109141	1,23617877133425
5,48884200318336	3,06162950280469
6,90885681477187	7,32740460765687
6,3234196238362	2,36315220045962
8,65650388473174	11,7412284352407
9,98685307424061	14,9871481148557
8,3037780977941	10,8149521960432
14,4262354122286	0,556525137370545
6,36224884451101	6,45798357955302
14,7042716797549	0,584009101826057
14,2553997569256	1,21209781790307
6,44418809580708	7,31061408799704
9,27810879904042	10,5747685125359
5,94911365146768	7,06046035589585
14,5415977052252	1,15876317238062
15,0856462116387	0,362744034214872
5,41313892562248	3,19215494610696
5,96106380251414	7,20297849712261
9,13825110240052	14,8613567603055
9,64042674262437	16,0697728673
14,5148234093488	0,307639968187898
14,4289281815972	0,770003645527183
15,1044097220945	1,18472097445161
6,37588292002438	7,8275948327483
8,60470196413754	10,8327343063827
9,05661857416479	15,339465717688
6,15713418298679	6,88220067841289
14,6096913646835	0,196089060099214
9,32942920686566	11,872781039433
13,5674366787987	0,988447852072296
9,37884247054062	11,4122492176079
6,51220673443991	7,9010634994717
14,9020090214139	1,49816485532013
9,34119999934823	15,4780675097242
5,86301629766622	2,13036421783968
14,1887812333677	0,98826366239964
15,0298304050608	1,38020823487223
6,83957420176029	7,07234713431217
8,3528474257443	11,1699102947963
8,41861277153056	10,5030020661338
7,16989036760745	7,93497145436516
6,33628378832105	2,51534543730463
9,04552213569986	16,0294576262803
6,35906566356653	3,13662480646539
6,48634875372032	7,62251746876627
9,39035345530248	11,5791412127856
15,0550626294705	1,29990042317882
5,75458839927121	3,48249379184193
13,8718979819372	1,0172037869308
15,0234553828067	0,117523396002216
6,09798915776022	7,685325039939
5,20943415815121	3,59559136605373
6,39056958075239	6,7113395500987
5,3107412578414	2,7823162774961
5,79403626650141	2,79220768554908
14,236816897509	0,260266306390731
9,36732294221453	15,7659320492729
6,26710876834319	7,08597217675466
6,36321293644275	3,26620181684607
6,43514990746301	7,0712365245142
5,65801890988352	2,74982634496454
8,78695972856743	15,7942356884509
5,24512997428729	3,51345576629863
9,72030449955281	11,8468109785543
9,41049582484378	15,3076457759821
8,63346997435191	14,9654513840521
10,0364053785264	16,0951612303936
5,55744853752873	3,37474642203483
6,33698809450466	2,68750044765954
15,1555739532256	0,371877175046064
9,77253871643596	10,5430595608405
14,5656910540248	0,763077505274443
9,70205478745067	11,204078057446
7,07905898745501	7,92620994658379
13,6345468553069	1,24019496748749
5,93747188245436	6,69604241558079
8,53472610289743	10,9702324348722
5,21227400321842	2,15412822084825
5,48863913649719	2,4224918195975
5,65849563594082	3,2572173999961
13,788380071825	0,1918430103668
14,8082624816724	0,854766190401655
9,05505669017816	15,8128492198705
5,37663740168328	3,41690267210025
6,21295814326577	3,24474722076618
8,44397060704511	11,0681491568556
6,24454744564025	7,41849578277261
9,477280754886	15,6967389697166
9,79523340378823	15,4872001715506
9,76965820396646	14,7787761883393
10,1882695618136	15,3627110320215
8,59933206590387	14,7986162878913
6,07944383170145	2,2361443765875
10,2786586332397	15,6066732656726
5,58194181217858	2,25056980222669
6,13477523392217	7,0033449559005
5,71392087108694	3,60708227733897
13,8515681350197	1,44735773526944
9,19086938690393	16,1036543645429
6,34289365492241	6,82150988555144
6,83169396063072	6,6293357001911
8,90539795939409	11,6978024769996
6,92904600007759	6,73358122701465
8,26030641192479	10,6420766411371
9,70024129378446	11,862322652428
6,17232411579153	2,37403637773999
9,60572454225999	16,003966503479
6,18326823931565	6,74249964148443
6,41837042649613	6,56945880180326
6,36077378497815	3,05767954061336
9,10863436352916	15,4562975170814
10,2578366686392	15,9626896295867
14,8727225908443	0,957904056580445
6,27518931878251	3,35147865903073
5,64693662590876	2,37542532975455
9,20987481591471	11,1825908119722
14,6360946905581	0,17667571019437
13,9791448338266	1,29180825422485
14,1747339579483	0,646972657869839
6,265478476223	7,24400567169197
15,0169035055163	1,39004905926297
9,69847209191233	11,1028148191864
9,42727216468016	15,4167434934263
13,9702870490041	1,4054543955005
4,72287010849373	2,42035756517017
8,88491528586459	10,7703830575904
8,45682443540841	11,7133323840715
8,67791419319996	15,3247257421321
5,74301822416022	3,45191423550726
8,87574394170516	10,4787982895769
8,30921004636226	11,0360317501518
6,91414099513833	6,96700628673926
6,69272460252293	7,83350004073054
9,4228202250449	10,9175610876669
10,004570211495	14,8399649772405
4,72986826488378	2,60161080819314
6,29396834310267	2,23925467889887
9,67894632711991	15,3701692979712
6,02403461546841	3,1872759771689
5,21311743546427	3,13463355871767
6,82940682476203	7,04285302619277
6,08846906306364	2,48018779112792
9,55004524936592	10,9759528918669
6,45443856143117	7,39197145118009
9,290609009549	11,6556897864583
9,18781666269314	10,933948835486
10,0203251519456	15,4118259210836
14,2251028467827	0,265921830812962
6,58935124838098	6,67672974577502
9,58120075579536	10,895309465211
5,18210701100826	2,22412269760893
6,33842695497797	2,87625407231967
7,14913105930649	7,20165616670617
8,85742254377298	14,8300909174707
14,3610367247802	0,089854981430958
10,1866271243243	15,0322960246972
7,33717776071633	6,6085752321439
8,91420617323624	11,3983239055278
10,2825255741161	15,3372087260598
13,9279282644792	0,56348016007507
5,05595653660991	2,63006751147155
5,9352616170851	6,96644508540818
7,26697792821143	7,05867906399041
9,20293341922436	11,7044713163599
6,12057260989085	3,56952366394815
6,08789430769852	2,71784694122388
13,9011966090259	0,666800027341655
9,74252803422163	10,989057828131
14,5227419191946	1,12862592497614
6,82710680901645	7,46440481932409
9,26809618682143	15,4599077280956
4,81397622727908	3,46122176490439
14,7198927647098	0,613940089960201
6,11402724203988	3,42129105528769
10,2898392553005	15,1153757558261
8,90113481438124	11,0059318423117
15,1609516935263	0,740096896394077
8,5120164940029	11,5483415339951
6,35438329282959	2,24230194339637
7,39246566784196	6,7653882741527
7,30014977192292	7,56624358080728
7,30544486773611	7,55483537491758
8,23506668874768	10,7924378349194
9,18878312722278	15,2995655247057
5,24007586422627	2,25671482286909
14,9996589457778	0,262808447869041
4,97141462628763	3,05374803884363
7,29482709055468	7,52847073455066
8,99183679643824	11,0579790485573
9,44571203874285	11,8795786783791
5,44367747594835	3,02117671704981
5,90334699873676	3,41776975901907
6,89486628312106	6,96848166616709
7,53000841235308	6,69719911280725
9,55057362584581	15,2021056325811
15,2072873642828	0,659224091827546
8,46139965986948	11,0979159196856
10,0968606087049	14,9790796226075
9,42534268776334	10,6648496748378
8,91658561799481	15,5059497307596
5,12987455366729	3,03822596303901
5,98949357119762	2,36062060736701
9,35148115112649	11,6052631773514
6,04430811675839	7,34784938958973
15,2284399680537	0,504619536647203
9,45344472209848	15,8509402762628
9,33509389528894	11,5164089195414
9,89193155280177	16,1071657796419
14,8242444193124	1,51054552379279
6,34815294939087	7,36625886598769
5,90898488151842	3,23844064188959
7,59015271243763	6,68125359807735
8,26339617475285	11,6617371731959
8,5505391634499	11,0271078334096
9,4966021510447	11,2636662456276
4,88988669433886	2,70300908280784
6,2568857487813	2,38283454672558
9,75387742465706	11,5963533739539
9,98098992111714	15,8264066468599
14,0212746326298	1,55471475544177
5,61793366645563	2,73628977835724
9,38976031716416	10,8161730848927
6,26029347177151	7,76149828319966
9,99732108452018	15,9859886318128
8,95986065512437	15,5298938388052
6,06891349262589	3,53130069981018
4,8073265937463	3,51449695923106
6,14469628527182	3,50572863750636
8,55855355559585	10,5884282155721
9,82536272611515	15,9856164245919
14,1318223303322	1,37140955297533
8,54050762355441	10,6500546856164
9,61810715192321	11,7333408543009
6,91679146773145	7,17565655799938
9,20661075304062	15,3890567814116
6,32650402580089	7,60185532556446
9,15246172492635	10,6492910742075
8,94427845390505	15,9786141343053
6,86692489092949	6,88641807119406
9,28679200954535	15,508892970741
7,59560413094038	7,886177434888
6,68204318935888	6,9140366306483
8,46353549646561	11,3050450992294
4,82135095175269	3,19178272375176
5,35085809681327	3,51779635879375
8,86138799627247	11,298160644999
14,1765424308726	0,91488005221897
9,37220880208652	15,7694018982338
7,13182065495466	6,93753495753505
8,93968008012757	10,6814599422643
9,37749202123863	15,2350513011118
15,1166939527245	0,422435584182029
5,23918594009649	2,82352299545978
6,74522807394347	6,75833564319806
9,26573428380791	10,9359316411103
5,98616469602342	6,74290188050965
9,85920875175907	10,8521231585467
15,2278532263196	0,321764995477982
6,250283577935	2,70044138358392
4,71686461430048	3,05178938460924
7,12976674985857	6,94043090205253
5,52238732536346	3,32278596931183
5,68248141516949	2,27610141464633
5,99907410003247	7,84525675080945
9,72025385140136	11,7244446196423
9,14207523075329	11,1645796403105
8,36620143923979	11,2753225933669
5,74645099788177	2,24265805374297
9,02368134751115	11,6637114497218
8,84494749570946	11,6581531952968
14,3120136496731	0,431366016479445
5,97593873578305	6,50973555386887
7,45210170812877	6,58764211445633
9,8736425078372	11,9172110890972
8,56666715151365	10,8014004293429
5,77980822054221	3,38839483881913
7,10242168152848	7,55966354777857
8,63802468365372	11,917227022362
6,19187476997506	7,82798241792883
14,2182593967649	0,933499261138631
6,66779613545703	6,49199579868439
5,87765388926289	2,88425184320559
9,98575532290216	15,36836301914
9,33264475859306	11,3444540849114
8,62027743674214	15,0432082016702
8,41009876354718	11,7217487446597
9,04663495597301	10,6538549037424
9,19747818478402	15,6364686518275
9,48044093652812	15,6160534084629
5,4670343599121	2,74291577499547
5,70638128561111	3,48471618183087
4,95264775292769	3,07097382644519
6,05423501531029	6,92725933607182
6,87902750949712	6,97574391729821
7,33128901923977	6,8192083449307
5,44208030322278	3,39078157898344
9,75964614074123	14,8612219580216
8,67763573237694	11,1099904028929
6,08945998894615	2,47548588591099
9,20232372547595	11,5786017260227
4,74956841852506	3,60223556461211
5,76975457511202	2,31413884539833
8,66970989659852	10,6288517005398
5,56053736745928	2,55525125606995
14,730746393291	0,813309427466
5,7171379101337	2,66518938951634
9,77125933595788	15,1197369355276
9,1390586440463	14,7286176472723
9,03212018202144	11,036374504023
14,4396986863391	0,64869312764843
4,79443307892434	2,94924043945957
6,06984017360676	7,35673965171514
8,58143613067342	11,5196666707595
9,83178467124272	15,8137822088361
13,8424183626864	0,632159938407017
8,363249984705	10,6202922337009
5,50094655667104	2,48791237757025
9,21635674154407	10,9485748156941
6,59998444868448	7,69432959502176
8,79903380822072	14,967830919687
9,72016897331308	11,8240030724412
7,15402634384267	6,80221976483076
6,05607589196234	6,88284205019938
9,54700649014245	11,1234602374108
14,4781134438534	0,106017486511649
7,37225806542721	7,89760949770832
6,36470804255397	7,40104402767725
5,37374110782829	3,41547803624675
9,46533598902517	11,6997492013655
7,12614614614837	6,72037548908439
13,6103376383154	0,108442754819267
14,9992659049344	0,788143915303254
8,19623541776733	10,9464996187361
14,7451592586881	1,27317901503946
14,1453880497813	0,567935096956335
9,4879831579853	10,798808646601
5,39706306908308	2,96581561050027
6,16631128003159	2,64868634923594
14,2024968902693	0,871956867401352
10,1620921812966	15,2750967291796
5,48336344989705	2,3040482802245
10,0301283935083	15,1633385962007
5,08723670028199	2,49202220601961
7,47338069841625	7,83305723139791
9,66672099206968	15,618135135116
9,67607675564421	10,9762404384757
14,3457589536029	0,534065467767218
9,32712724502505	11,1536329791913
9,02286188230704	16,0402551402276
5,62419979168742	2,18343740460834
7,2131699446463	7,04786351770163
9,99345318374509	15,6210789537221
9,10303416130998	15,2112201452902
6,50391343595177	6,88695396853498
5,20761486511756	3,27889660429293
6,86618593703657	7,1820742625787
8,47755388530641	11,8732105055929
5,72763042930063	3,33951099387402
7,54666153245196	6,56249916777027
8,91939907551558	11,6878111053744
9,11706653406456	15,0860544089989
7,50287679410882	7,85684826019259
9,29036938692394	14,7677438007312
9,15612378955766	15,2332831457502
8,89935383046825	14,8675733927369
10,2793058285373	15,2662417463803
5,41080272349725	3,51980628874941
6,9847449519208	7,14325375916697
13,8091687219139	1,38644115611818
13,9582254807793	1,02439437156299
14,6077212705329	1,25879264932013
14,7040277965621	1,2792153502041
8,68319709076594	11,5690744307861
9,42278910478851	15,2341949044864
14,8023348945861	1,2609615917564
10,2623716667961	15,657823595015
8,70827611660035	15,6533150742863
9,24124861453768	16,0378051792447
8,26719343882068	11,7730230747815
15,1336290563935	1,13976980054207
14,6322937828275	0,398619867970836
6,00949406583611	7,50137448634554
8,99718325409364	11,3922891649648
15,1709770449356	1,4216094932865
9,56127481341319	10,5774515702469
8,21238017944854	10,8459196700535
9,80455134711189	15,1146639620978
6,99590297179013	7,36000964190762
5,49444863406493	2,79134145622235
8,57702479102129	11,0404781047018
5,77547414804652	3,03095581552051
4,73465060583916	3,35690393068974
6,21618778508471	7,48784639547219
9,70702518452841	15,44672320144
13,6207034207193	0,671115368737996
4,86680245213141	2,98924216872982
8,82015585846786	14,6925600027207
13,7561428080888	1,51329671084607
5,89601949895706	2,11391041897408
14,8546472270236	1,43395981559119
9,77705764181878	11,0694890890388
8,94218310427974	11,2211187242406
14,0209522471805	1,52565652551982
7,06661717307486	7,70547549095982
8,793019611754	11,8121851089485
8,48783315690887	11,6857802011267
8,68301455649838	11,4702175012312
9,74353237643799	11,6398358769208
9,72806448950509	15,075519136716
8,81434567673423	15,1324572344839
8,65862498298135	15,926960932912
7,21615071472543	7,51924764770404
9,66774810284726	14,7756735952027
8,85995277230987	10,4999725320472
6,90309213007687	7,25276760400004
8,90383524284151	10,5184551964758
4,86303038739318	3,20646409395241
7,17730676856402	7,38254182537228
9,5757248192566	14,9976354648026
6,21985427480708	3,59533185781124
9,24667451131384	16,0996423792401
6,95107896160633	6,86254918953617
14,0771535597614	0,977728828562042
6,24437869730904	3,05230603976698
8,9593895259566	10,8776456378912
6,93823340683826	6,46139376447407
5,81907575633987	3,34129635041582
8,37388941283499	11,2310060435871
9,45544330305726	10,8152034430172
6,20055586418026	7,9092790635981
5,77732427825737	3,42074053549461
8,85533435048586	11,3562135292866
4,87108704779674	3,20018033189436
7,29462063788053	7,07539021111208
4,70175505867163	2,25729497296701
9,92640050674269	15,3841555628149
9,38462132540173	10,9376465693965
8,79329343483633	11,36703489669
6,207285184701	3,16196117561866
9,22043752143632	11,7544101901308
5,55418171420787	3,50394286593248
7,10358098520945	6,81072857282606
8,44123327479913	10,5643645194337
6,96264289546848	7,86970404604296
8,51772317222868	11,63876725139
8,6111318317684	15,1926416311851
5,98281793867814	2,15346071711744
14,9959857488366	0,509772551803609
8,99289174093335	14,6515801506005
5,2791167527882	3,58056951071834
6,26410031703803	3,44530363136588
14,9680117126858	1,43583781991799
9,88158112996698	15,0326779024348
14,8696846061954	1,20061372395534
6,81225846572283	6,45730270854774
6,25081654948075	6,99304706535071
5,36810599171843	3,38614000152001
9,87140101283794	15,6226019376369
9,42069313505996	11,0949930674881
9,2030988478458	15,0698446052537
7,08615225557617	7,07606745670004
9,87248570598155	15,6659110194984
9,06809857940734	15,2996742635883
13,873365242961	0,2055396265805
6,25809463074773	2,19949842358801
13,941010800326	1,2827029278626
8,98299906422444	11,6218766038882
6,12049088086038	6,86100267565037
5,71291664247518	2,54668267380688
14,7128449402449	0,682174056092668
6,32460698727651	6,83262881782205
9,40337706956617	11,61842742812
6,33112875520914	2,1942483741835
14,0383819485729	1,06829414272207
15,1536446205625	1,01496419047935
6,17825103161077	7,2737014657215
14,7681187742579	1,19209303223095
6,11621222948362	6,816451169103
14,9162531941996	0,444892249498483
8,50894888555893	10,6006321534709
9,51889684731096	10,6692686020208
10,0588738379852	15,2327822447391
6,18533818880253	6,84286614542124
9,37107057036399	15,7478963480047
4,68760190462682	3,01682558495431
8,69532249705601	11,7714422797901
14,4392618400286	0,361438151210948
14,0840053292582	0,773647544270657
6,1988476921681	7,66157901443866
8,60848447257905	14,7257984198822
7,57236518373116	6,75271384502408
5,25639178966194	3,13124297093233
8,43068992911193	10,8493832888665
5,42178822525022	2,56859862694537
8,82118552539164	10,6890999546754
7,5741523961109	6,49112110871232
6,22139476380664	2,21897730963244
9,21024505752375	15,5043123846259
8,74134388333561	15,7237203365243
5,94445998644775	6,84590809660149
9,14244158315547	11,7295258900667
6,35984437396638	7,15326924385098
9,53453923984356	11,3517724604504
10,1341545751313	14,8008817139933
9,1991511972742	11,2401214457606
9,40443835319956	15,0820642798599
8,95114804758921	15,0270284968265
10,2979757721587	15,3026143916482
7,29121937966644	7,53037088002931
7,2867052261466	7,2625602167318
8,30823230251624	10,8519730470428
10,0806253597867	16,0408473541694
10,1959437211941	15,944851230529
7,29815403463064	7,48556010109277
5,99651750521258	2,97817689017824
7,35905610441921	7,06847035714002
5,16608876551257	3,44972828128503
8,19572831647979	11,8443569006555
14,4161261131062	0,603452659410913
7,02902512214613	6,6684798303302
13,8169722152036	0,45137596596443
9,57221489084821	10,5451034462718
8,85970400413673	11,7340933247177
4,90368832047325	2,78776021738513
6,4582822091432	6,74483600881834
14,0656268825911	1,28917514213519
8,58293173852778	11,8491629184147
9,47537605792595	11,5563814678097
6,19857847490023	6,63166058464889
14,9844335065205	1,05979337047362
9,03077106461576	15,0509138675078
6,30833333657389	7,80345816750529
14,0062611604851	1,0748312451483
9,26586258340888	11,9201741514351
6,42280833148526	6,63061494446554
9,6645817293438	15,4393478383969
9,49003759092145	16,0021269888736
8,73407719844295	14,8213266779659
6,42964630248359	7,24936257145783
9,14785729156971	16,0103893373786
5,24396604859526	2,30040619839251
8,93420349553405	10,9830936826291
8,29305835795225	11,0405737627806
9,50379876494576	11,2905465320144
4,90443393299173	3,23724584910968
5,07592801061964	3,32360511078412
8,83848318955592	15,5374762002652
6,00749692092505	7,03167571545163
9,27097336729159	15,2683378531496
9,68078264269436	15,5198227640752
5,5493052769259	2,15199641292723
4,90369367067676	3,38544659597149
5,03217063651635	2,97467429216316
5,00075883742543	3,41719720883997
8,79115142756692	11,7875631642506
7,3695471027176	6,95070913180091
6,43080356561916	7,09814217115684
9,38310530374199	10,6142802229662
8,32449330098167	11,4731088070921
8,7354917720364	15,7967676461614
10,0056562792004	14,9536602364506
8,55472051374259	11,2438318345856
9,7218535453774	11,6374959641827
7,17669018598001	6,86600967547622
15,0777572588231	0,684422086430396
9,64663342823683	15,7139167241176
5,1330849735195	3,16960376045561
9,30592898919352	15,3307566281525
9,62441724349182	10,7398713142648
13,8902497445815	1,36710431821416
9,26421787350745	14,629084875801
9,69517210786786	15,1872490629598
7,17348359944608	6,93934417509868
5,68634602582379	2,93132294012946
6,33296634229347	2,4483728978681
7,22671220472094	7,63823325661642
5,73736453108221	2,32253879983579
8,88550970459761	15,5769395034861
9,47825698497797	14,9733055541138
8,69974477343672	15,7188167240975
5,92418876884963	2,72322494493866
13,9698829441236	1,45108799633251
6,01791656725485	7,67243615113272
9,67378305584329	11,3947786846929
7,62542685009816	6,58366730807152
8,28227270345013	11,1680932694671
9,07907197811321	15,2325630102477
7,51409252213502	7,39732239442445
8,88784991998499	15,586153635984
6,39556009286324	6,67123544684484
15,0646715164659	0,511146747873838
5,77413251346751	3,10914136377693
9,50195167986819	15,6818812490337
9,26834286822359	11,3024909583662
9,14037844455306	11,0441461461474
15,0556183378376	0,686394716139673
9,03627895712995	11,0199171215672
6,66440243180722	7,18080394130932
7,02451892199082	6,89485467145792
8,24721457730631	10,8975552432151
9,08221190310231	10,9199754819425
14,9386190239264	0,173815124121329
14,632771954297	0,340390441623902
5,03165297980853	2,38065267543274
5,95744074901337	6,76048294287593
9,52136723306647	15,2184398152396
10,0354297840656	15,2609816810654
9,06701850610052	14,9618237603517
9,53629574275551	10,7649340015467
8,69966809570775	11,9565996723162
9,41593448834476	15,5539580020513
14,2817375625514	1,57360904514833
8,39116118048561	10,9367017480131
13,9968249088207	1,21369086427431
6,36110452647106	2,35513850982955
14,8017647756921	0,808476108642599
14,8444459926994	1,11412630980595
9,62112279586451	14,8555926650843
15,2114945707816	0,44360266972011
8,56215521222742	10,6375330737788
14,8651826750805	1,4585738871844
14,9331962585788	0,195750221765299
14,8779648715535	1,52074541861762
6,24513825179442	7,55400068366816
14,4445887787323	0,993891861725926
8,8096253749686	11,8437899824973
7,00695350321762	7,19512692214857
13,6244729511081	0,192798771666618
6,18229921312818	2,69981468121721
14,594628460681	0,286263500250621
6,72441014580593	6,6346453038345
6,10913978512608	7,10303026135879
5,6648280977372	2,39412678172287
6,26299484356136	6,61922186911859
14,2796845929403	0,220618239029046
8,66484842698264	14,6228102941334
9,79746501156298	15,4902634437995
10,0896240420374	15,57798536144
9,78653486920704	10,5793879614888
13,8432548052894	0,85521820936356
15,2199350031114	1,51910467594722
4,90721704195327	2,45977135538714
5,34905245984888	3,3664506243982
14,855561773355	0,517612485123265
5,12481515101319	3,13943685191349
10,276892259708	14,8395938084872
5,93671283828337	2,33875761760641
14,8324121291119	0,690155042596537
14,465443330207	0,826140575720952
14,0478329101274	0,482814308982201
5,16816671653981	2,8292532863843
7,3187953155232	7,47332520926934
7,25967574708111	6,53893302395988
13,5793329941528	0,108669147570877
8,96941833032997	11,011397793756
5,63766730502897	3,58081031508557
9,11513779344215	15,6495628947444
5,36090950005064	2,46739484161523
14,6676684005834	1,56028168044402
9,03991500639041	15,3900749083858
8,99065649112552	15,6074856386114
4,81521825009493	2,75719706065486
6,07143181110089	2,99621065075656
9,04416484077164	15,1105699345964
9,54974558818652	11,0178235167542
9,85809097656457	11,7867289401814
6,17657291801695	6,69726388834881
14,5221488447724	0,378549084662415
9,52834846100178	11,849436525785
8,41119375407745	10,9711123775697
6,97738600505308	6,9355288423031
14,9623790288301	0,964120558180275
8,82935375083958	11,7412488330083
5,75611564532718	3,3255350507786
7,30857594740529	7,37132436382863
9,13838244066409	11,869087176332
6,21738300103525	7,23685732121089
9,66408778950842	14,7328932485634
13,7129748895616	0,736586671167444
5,37883821292655	2,46247650825856
6,09466579354947	3,37109496017617
7,61829341936828	7,59531778647155
15,1397949439383	0,637070546868636
7,53762326419841	7,3306987695953
7,23876675254195	6,92514400294321
14,2105422912136	0,612697280105471
13,7268582196405	1,50667787940498
13,5471220316485	0,747747962186341
13,9756725564533	1,27253441696302
7,36689630548526	7,34808423735907
8,5004195655902	11,5142951176404
9,00536373988384	15,5577271938853
13,771429413865	0,774868664166053
8,49737101918924	11,5717444647304
9,07780783265691	15,9978849853508
7,04061852357866	7,39216680549471
9,75823861824137	11,9077723483761
8,55896224451333	11,2271828399789
15,2184525003285	0,377873144288877
5,72278900945612	2,73525920032638
6,57823679380149	7,52711609767966
6,27724759039174	7,64064412007074
5,95845282152269	3,32684040375839
9,28217707437505	11,8409746385316
7,11246430361048	7,92917781538726
5,09993627628028	2,97893535386822
14,803521340188	0,87304817216366
14,005305505871	1,30434841431111
8,59146330928432	10,9888300369149
6,72542352113258	7,82457421974383
5,7759018214862	2,89165144652283
9,27628436789306	11,9406241011559
6,31358639547207	6,90156106699589
5,30810102461281	2,79439652040473
5,16112979304979	3,33968447084551
8,9726161530667	15,4607471948511
14,3723809748707	1,52650526073949
8,8448174074032	15,2818991802509
6,82087323977099	7,24143345038142
9,14842463125027	15,7180911363174
6,92844332633849	7,10817730607486
5,14810116794788	2,24466248225232
6,14284980056594	2,53358717988888
9,22529678327138	10,9563933512092
9,25810345216292	10,8171830875145
9,62386967012997	15,7151515472047
9,12482695253109	10,8152206468205
9,09866720738271	15,8471144069116
4,74178217601931	2,98636023404932
9,75507802201438	15,9178189276875
8,36447979799175	11,2052860199325
9,24828053965561	11,3316418879727
9,61404498487462	11,9083929201568
9,52671924093114	15,4273348207404
14,9328516227215	0,57458724687466
5,35519557400651	2,36602065340107
9,18240275184415	14,7215995954242
9,26881982612649	15,4175538023868
8,25714447321568	10,7800872540517
5,56944274557156	2,76650171241519
14,3615088982688	1,16000511621257
9,52486508951415	14,6331117766848
9,46480671312142	11,933478695108
5,39609141506707	2,40492248689711
13,9241844059612	0,979613720116701
13,795344072484	0,166914770638547
6,67950630372236	7,07125972454878
9,13259265647853	10,5017674506652
6,78175279755102	7,46677796401455
9,78570910077283	15,7391778460057
6,52049113022131	6,82945005133525
4,9607112681138	2,43773793999246
6,94827772667961	7,73085560638809
5,84037897275831	2,44118072273416
14,1609794015082	0,489157295803248
4,79709159873063	2,40250115693782
5,9694202481485	2,14198854504441
13,7387313291757	0,380072956500698
14,576934285225	0,639502026486745
7,03151063647812	6,98154594963014
8,5805927697537	11,6973010188969
9,2982409038812	11,081557571195
5,69994850656685	3,05389409183713
5,0506013026573	2,20943267554507
14,9536808732185	1,57965340627621
8,74623460235243	11,560616355121
7,07033159292248	6,69923668570832
9,03000755608188	15,3551340388336
9,61533354641107	10,6131153347431
9,15774570708176	11,5767451358145
6,65075201010704	7,86604934927602
15,1597674325311	0,456160403752361
14,0028833645972	0,632730226280193
8,76511008567267	11,4093566306902
9,84157685110646	10,9368058641223
6,5179162469237	7,61127563805668
5,67038819740752	2,33398590851451
9,85886380489911	15,9319332688119
9,1013096950632	11,2679676431128
6,29327664713119	2,10973163343945
13,5863151938028	0,882972825737612
10,1628137889803	14,9122247057579
14,2694876622308	0,090885675332231
8,74777682417443	15,2906974874687
9,10793082482284	14,9739663281223
14,0210207877595	0,934683777494835
14,6335607079152	0,866130226417386
8,92477046591208	14,8640276465089
9,64464558762871	11,4652191866718
7,57792003698351	7,47069628492071
5,04412138782006	2,25328426784384
4,7318519357517	2,8066629290004
13,7100162167274	1,20698602518579
6,00944207719529	6,87886351690769
5,39602814834898	2,46636279938408
5,98833977874755	6,69501268682535
15,174116266483	1,20387587871882
8,43612687411477	11,9421845983147
15,2118939710928	1,5106003414334
6,25076400696791	2,24098512874006
9,61816224531512	15,7911716667013
13,7117691351381	1,49082597210628
8,78330103346983	14,9280572378954
14,8250615017294	1,51018289481207
14,6357507890748	0,968499444318822
14,4104191375828	0,368525482507757
9,40806896734536	11,4780445612939
9,11187887844399	14,7025675527736
8,63775843992864	11,747737984999
14,2237270133542	1,42605043844887
6,77822221440257	7,53478887693088
9,44026356324235	10,6117677478655
7,55181270913911	7,70801753657122
15,1918107532556	0,355410834127724
9,74546822386219	15,9382888767958
15,1213451296049	0,856729142288536
14,3963354843195	0,424392749412724
8,28645018874289	11,5012944730484
9,7856390978211	14,873696123816
9,49040318479169	11,7014782119633
13,725003726609	0,382793373755255
10,0270737477392	15,6708576697839
14,9724507170127	0,74157155581458
9,49039264050562	15,9265617763147
9,68499084926802	10,9489061717019
4,69163204648082	3,56771234299211
13,539273093008	1,37655654511363
8,88363131839703	15,260211231543
6,13092956131716	2,49406812099479
9,09028241516753	11,9076208755146
10,2902228562057	15,0658702465467
6,60214120622029	7,60073116375545
9,50075990282766	11,0920498496332
9,25064328461228	10,7352643491799
10,148554644013	15,0017051556148
15,1733201290687	0,375761684025373
7,0977798973627	7,78025931439398
6,01657526874644	2,48591074101842
13,9761592774409	0,550555237915251
13,8343773499102	0,234387254658002
8,22627415396137	11,2947067725881
14,8914121024583	0,418368236427389
14,5968150387554	0,732203073978089
6,32461702165586	6,64630009511543
13,727251439434	1,20087222216209
14,7869154808178	0,269303807925866
14,026740686493	0,913804414738567
9,66247798833252	16,0938829836047
9,24894514722501	10,7337649787013
8,43039030087679	11,0758914990863
6,54250734207305	7,32999952395905
9,6640313079361	15,2615927476153
5,69093010508563	2,20997409847616
10,248665489825	15,1327873037654
8,84393990842043	15,8686497577049
14,1506297656109	0,264516786056556
14,0125104747347	0,287083880192747
9,85951439214345	15,6438822168252
7,26870192927125	7,79971731918232
6,17331796665633	7,3483657774637
9,69049191684953	15,6638858560824
14,4074880334626	0,821714508615696
7,10838239211759	6,99624543361408
8,22193898755521	10,8097800890206
10,2962443400473	16,075003465361
6,36063919565371	3,17023420751903
8,66665207026771	15,893859978511
14,5899056876156	0,445133796725897
6,27439199571573	3,55389873314987
14,323481544582	1,23423489613334
15,1094221324438	0,597831823705074
7,14464372583549	7,90702573193504
9,59848486872286	15,4201521088879
6,34828320923202	7,86477765065015
10,1911491685992	15,3443390319019
8,28607713069795	11,0521458313231
4,94295073436248	2,84029808197836
15,0993421441126	0,686277260085194
14,104744382153	0,893571892219898
4,82877848090751	3,01403394058229
9,48304144664317	15,0064817085279
4,76342256326385	2,79383240677196
13,7420870995122	1,17098307084652
13,8563740770969	0,725386669201629
9,32788091128714	10,5476771204059
13,6897418875638	0,130890452542592
9,61350770636422	16,0736957087186
6,47377983050693	6,88304899977391
14,8990005128785	0,436109261835057
4,71710292700755	3,28673302565546
8,83214740117199	11,3962687135849
9,08387816991175	15,9841291889844
14,3330422439627	0,096903588209303
9,15569135263221	15,8551460775718
4,73178265720674	2,18813085150305
9,5767916220364	11,0110656263944
6,27613481753424	2,32750877270023
6,37899918623861	7,08190772445054
13,9368900121875	0,178646701773576
8,93203127315112	15,693518500895
6,85214790412721	7,09949540643643
8,74643683698243	11,5547570373592
5,43821601837469	3,3306966747451
14,6171668725584	0,701142777127924
15,1872383368941	1,50389426231424
13,6293801786017	0,265855569674462
9,26508640274347	14,9699443707296
5,0730234948802	2,45107876075179
14,5388817767813	1,55646491287565
8,95133600302929	11,556518728514
9,17619009273992	11,5064748701652
9,86757278859113	11,4267672817984
15,0816155761937	0,366766014338353
4,76898637379849	2,67140210324957
14,4768236553974	0,988967607201445
4,87738536032059	2,97296563913932
8,40880268416455	11,4699415945347
7,32037364304896	7,53600928216523
6,33014207968208	6,90754143729372
9,43136566670442	11,8891159935877
5,02869661106714	2,81986923875497
9,56868646687098	15,0543352654647
14,9808498595125	0,237358879555486
9,84394784741825	11,9332376546797
14,6462347021737	0,734961542271784
9,19742504092562	14,7068888252195
10,141185281474	15,0651405667252
6,10890020416918	3,5474949144302
6,26696925432224	7,7822844498042
9,02098730661474	10,9451890444051
7,47790102956294	7,63635880701289
9,09864235945915	11,7471135774899
8,46773867258315	11,5344064264919
9,60807062393046	11,4427970729035
9,18144893434779	14,9218859015939
14,3637619109502	0,449087228124789
9,20556743488405	14,8422303933072
5,2387895654392	2,75966451955369
9,07800250878221	15,2191961569569
6,73895841231294	7,50105101815937
6,1323794200755	7,35511171713048
9,30863911945986	11,1479661330291
9,4721690060394	14,7632432591373
6,57034434082634	7,85235534647982
6,79035425008539	6,72452336948636
7,13547062592135	7,796464322889
10,0998177473155	15,0724416522232
13,7429593061908	0,572136228026137
6,17867262464891	6,5345759706508
5,08582989202703	2,74798755040685
4,7384505118919	2,77252340450991
9,91538858462998	16,0604562668557
13,599763839427	1,27950371064717
10,2574355649012	15,0278301701093
9,45453390360096	10,6881351186312
8,71903080632733	11,9634200688141
9,36707371453049	14,9076978247942
7,58660077694485	7,20791284803286
8,97529500766279	15,0970634568982
5,9698641044866	2,56415662802803
9,81199564834285	11,7850104244318
5,66758735102581	2,6999095139681
6,17236138501548	7,05035197412787
14,2300819510776	1,14302147137277
10,297852995385	15,8410379907478
10,1478182626798	15,7726594990033
13,5683036271601	0,327501452912996
9,43148022859743	15,9931421760293
10,2678301315467	15,6594321142053
13,9602958718037	1,49794543128704
5,28175204194346	2,58601889417715
8,78369997570897	11,6174028164141
13,5377847861974	1,01623291375591
4,68808188931663	2,41688032326281
6,18951615699767	7,00929447308789
9,31887358302642	11,05679391424
7,57825240204224	7,22421914752449
9,48621411402969	15,5621922159956
14,1909880282588	0,854090506995115
9,36568481069433	15,0703619722216
8,29239681478179	11,6733572234888
8,44675459030531	10,8962821691705
10,2068348029767	14,7839741271952
9,46860954135665	10,5870928109397
8,87294470837506	16,0432767577496
9,24516141941968	15,7645591236796
9,46848267702669	11,8922926627724
8,70685578275069	11,4488141767619
7,53065153894581	6,6129928863729
9,13653082600374	11,3791559587322
9,29416469514102	10,6414288929584
5,64434135298522	3,30680715390863
13,5677380404564	0,516543364764907
7,39492329404356	6,53633986703525
6,10046456346483	6,45062346328508
6,47474890618035	6,76218020751249
8,64858401559967	15,2138411923186
14,4487000908192	1,15537340482661
5,75640798269854	3,41379607328115
9,77406573100389	11,0924328712497
8,94709518445882	15,0996430523962
9,85046720951517	15,8499032139141
9,10137012449789	10,8006061584408
15,0510930629669	0,178098692912018
9,59211867508131	10,9325287168361
8,91688768950422	15,42467378225
9,55170567020473	15,0097503296939
5,86154632396275	3,27307561970211
5,94129236597342	3,14079505963425
6,66641896638595	7,30775224743078
8,470808197441	11,1802701535265
9,28758408249566	15,0320562032368
14,5515730121269	0,297619832266576
9,39057018507435	10,8571232619563
13,9320127548982	0,204601055247071
7,42664568709756	6,47514397313512
6,1211761160135	2,84626172904067
8,90471966299569	15,941387016308
14,2607279070497	0,376275730963462
6,3523945284568	3,15493071722818
4,96140376980231	2,80983025354092
7,10335614954725	7,65980291978299
6,33850257568882	2,11609427583551
8,91507400826766	10,9260541919374
4,78495751418731	3,20130517838663
9,81778246855021	11,7279236062803
5,88860198584706	3,35926053823413
4,87237584277367	2,65032790506932
9,25721738589256	14,8673917212364
5,28269922694146	2,19778707790083
8,95180880706492	15,4271355135896
4,86835969670039	2,19238608537217
7,18351289766047	7,52468909649957
7,45256462033839	7,13060716873956
6,31855202485068	6,48278870532162
15,1481862800701	1,38845073866253
6,48934885824166	7,82078595935118
7,09137007305767	6,90878783313483
8,78836244387001	15,4264018407177
8,88384511582948	11,2467397974987
4,69646715521515	3,30614559310448
4,8590646735397	2,28055082524404
6,63693260662418	6,52375513136133
5,12854765532669	3,54207679282857
9,04460162341849	14,8220698949348
15,1833718980116	1,16370769551447
8,63770545956343	10,810410720246
8,77918915453707	14,9663760108945
6,0820537080926	7,42935742720909
14,1728633197744	0,931731637273507
5,03071444752815	2,72273182285522
14,1230274102651	0,339931719256958
9,41819485678098	15,4140708354311
9,37059096610433	10,6663197835934
9,15700717818041	11,7418850963346
6,74699966816495	7,34034623140611
7,47344815030442	7,26906757072176
13,7494378563388	1,15951931107725
9,13304709939687	11,7926888211486
6,07420942271099	3,30282349414201
6,6649950746087	7,6700282083966
9,73978824714087	15,3699164507044
8,30729635004431	11,8539819749581
9,04306769024296	11,6079326770621
15,1700545810526	0,600749169576644
14,943118956039	0,152267278248606
6,41844521782499	7,81815121974645
5,17225928396373	3,5899192191688
7,00637319796465	7,47414541278054
9,79833648634565	15,9952540758426
8,77872536988722	10,7163411934367
9,16358827090069	15,0936745031842
6,24740395850901	2,37303266117071
15,0945407217301	0,505781641549889
9,77556654324952	15,1524927406596
4,77729831249031	2,94417809723126
9,98074273677762	15,8528073361006
9,74990232825563	11,9478148382521
4,8666993498674	3,40213723844244
6,93480954605112	7,65598454113016
6,90280302646704	7,41650399325861
14,0551533614448	1,36454797868493
13,7315241266196	0,637753171804126
10,0842757505589	14,6948544788958
8,77690835949686	10,604516969763
14,8130853881649	0,534330640674028
13,9810966219858	0,987595016827319
9,45405492996336	11,4501603473573
9,01689120790037	14,7314700952368
5,9478302446922	3,43612271452191
14,6468661594255	0,361346587817483
14,4037838414855	0,994612907884263
8,84589284911766	10,9810976344521
13,7464938475913	1,03310033997705
4,96890314440483	3,1565715868543
14,2926855146235	1,3470432994405
9,04457712752891	10,7201665233961
10,0929815695004	15,0638726516482
4,80740947365043	3,02364187033582
6,16221443870329	3,37893219091202
9,58262734494723	10,9377686043419
13,9709911493157	1,1632620888723
13,7021831992379	0,959699271918799
8,76899530267723	10,572622356426
14,0749310389069	1,47060330966129
5,15063774496989	2,70270142651273
13,6627328165319	1,25678290456751
9,48204403587308	11,0017359795477
9,69505608193774	11,244437812788
9,1693375093627	11,5077947814918
9,40245378971967	11,3968872570536
10,1648379005444	15,5592350204754
5,43938676190035	3,09318478656395
6,75120161810404	6,78366415580137
9,70691380477317	15,3089211095704
9,77254438737357	10,6339850601724
13,7575803898503	0,729514349516824
13,9705568874711	0,624212977470029
7,13092153468976	7,77034388201318
7,53570054152431	7,85962130136746
6,22951029029049	6,54482751612805
8,91918452944748	11,0597063397248
6,14387045779794	7,17884125224391
9,31714755390168	14,8007051197658
10,2756783086973	15,6514576676168
5,89114072135652	2,45818261675281
5,3139059565007	3,10223856057932
5,03827147797369	2,6684501866594
9,42904601833859	10,5977258462536
6,62001920499283	7,21657640586112
5,96595573850078	2,91568991527404
5,81401364845941	2,85819222198943
9,32251533400795	14,9080052513948
15,1571885826636	1,24731428796271
8,1777811696755	11,0736108803043
14,3320025052909	1,03141530293826
8,91186931132753	14,7121916876108
5,31829412134456	3,44103410633802
4,8799084883851	3,58730166668988
13,5807044414236	0,617713139269498
4,88455984436921	2,75461529672129
8,3025171579987	11,4733564620631
8,49588620987795	10,492987048076
7,59455023890174	6,5773310934358
10,0303080823386	15,5088747039364
7,04952889361722	7,63608226276959
9,02827207772884	11,9265770870133
9,37604072886002	10,8580362659187
8,88698694197882	10,8086297197365
6,58558384118267	7,73469472337463
4,82473957175913	2,88838765191002
8,89112844251163	11,5569722749584
8,9130670838206	10,7234525601327
6,02536627809409	7,67760093942861
7,59563948524886	7,56241900111463
14,0591446893563	1,39560444350218
6,24367342628743	3,25799154895852
6,05453687650941	7,41320051349254
6,81957929685267	7,54336024895893
8,82461867390428	11,9115503901644
8,80738394286256	11,1023757900187
13,568023357441	0,13267593395033
14,2645375953642	1,58382311404243
8,46828078616578	11,0976357871755
13,8362892885102	1,45025781899901
5,5434994221731	2,54691341852166
5,12198476101868	3,5946429338171
5,86958604533043	2,20258467282944
9,71241831396359	11,613592826516
14,8724050008898	1,02751208292952
14,1482449697541	1,48494304534416
9,88077878710946	15,4488458082894
14,5297055558999	0,946410566283294
6,22335053901378	2,63495656105384
9,32964423857643	15,2869256957475
13,7036581777949	1,4389948677374
6,23335746129836	2,59754791502874
9,15506683195537	15,1903557841218
9,08590936974331	14,7787518248373
13,6369143555509	0,223893251979884
15,1347988017743	1,54643365749766
7,00377392302936	7,37901229299611
14,0020439064168	0,944296577466498
8,20954282889045	11,0040037930529
6,21090536410731	2,68651001720211
5,19783365825763	2,37783529463262
15,0197612927979	0,178489130713457
9,18015058698565	11,1305802743704
5,46108554911018	3,29738442624647
9,55150398880007	10,9796573187315
8,73195656866016	15,4464142089268
7,15310169350812	7,83431847812185
10,2501965012495	14,6156912025432
5,96779389409798	7,90776288743354
5,40162675166338	3,48976901195417
9,23212256616342	15,7628659000718
5,67085213869528	3,58851920689678
8,80488745799238	11,8986196246833
8,22231378881345	11,5554742610231
6,51502989562167	7,03326604273133
6,8639894573361	6,48057119936175
6,22785601642518	2,28423003177401
8,96602579396754	14,9076740452976
9,03460607127851	15,9320178309525
9,25775149314916	15,9689454322979
6,29667169875142	3,60128560153659
5,52577672539261	3,05655150056449
5,43888805830663	2,78391227552433
9,58912956077048	14,6264957601113
14,7032556596877	0,904569713534154
6,19322490433988	2,78921497766867
6,38875832332783	7,25080819523783
14,7919933191747	1,56745344134671
13,5924581111882	1,44126079648944
6,47916103931577	6,685374796244
6,27948143356503	7,31207062077968
9,05126580116859	15,2004669746173
13,6476202060434	0,475147823943608
9,1729808770235	11,5074023591494
10,1020774739002	14,9187469556666
13,9793724689878	0,591155925290619
10,1387101138583	15,6360106582684
9,32101403784712	11,2274380638001
9,65121113107518	14,99037580536
15,0807787438714	1,06590746833312
14,5501612292812	1,07680159792947
5,38208802441063	2,29968914957027
5,53866496895037	3,3944151059008
9,65088921313522	11,939369154072
14,5010625064211	0,425448437226506
9,10721973638766	14,768499220718
6,57952360772718	7,18449374692352
8,37022865537132	11,3587895503037
9,7589581306479	11,5207859701695
6,74328427622028	6,56227861515522
9,93392233053245	15,7001733637721
8,8690254933542	11,816731319234
8,41305002893881	11,9576059881107
5,12463094463121	2,36757836285479
6,44760018161747	7,37463911255816
15,0840304399656	0,395070111103506
8,20148053270536	10,6806510340137
8,6507629698575	11,6761263552233
14,5444792904545	0,173950454395363
9,26421237671638	15,614874561147
9,03539123616666	15,0557744373151
9,47044328847526	14,6589440703277
10,2066340863224	15,5996462386294
14,7508386486474	1,47846576587559
9,22091490059874	14,825199189677
5,03484499734031	3,19101275459458
5,42209425992053	3,19561882756511
9,45062745994971	15,695667139642
6,68689235554817	7,01920506563195
9,72488371019507	14,8607846618997
5,20568815523269	3,4579133105424
10,1950659402465	15,7101145486608
9,01555109183094	14,6428362405876
9,95542420331531	14,7706011277214
4,68716164525072	3,40657915997778
9,71167875894029	14,7468099261119
5,63860032414943	2,16394869400852
9,023652791631	11,2288872487644
6,68856141093569	7,41225043782566
7,39558182385926	7,39720407533172
4,83266793767127	3,16272135733544
5,84007452459561	2,4778287611694
6,24670547251332	7,61349863159586
15,0433892708045	0,768474063730975
9,14247442225651	11,92931014734
5,93304006685613	7,72822422271122
9,62168553328598	14,6967158117232
14,9239919171825	0,76084903673672
6,23417126921798	3,57529505975773
8,99918047802732	10,6512291823197
9,41901453822966	15,558240435604
8,87994631029753	10,5466248097194
9,12366686459749	15,7495101338907
10,1324920245484	15,1356546258556
5,65253877714097	3,59211005225542
8,66855892523364	15,9959028499074
4,93109136950699	3,4177498126186
14,621533681826	1,13165719714476
5,9424794763744	7,26009029478089
10,1888067687534	16,1094123928667
8,91050213755718	15,6643762940819
8,63327723319419	11,6314894099755
5,36660287415059	3,42936612967302
14,5046090556708	0,089123390226042
6,26493056088903	6,50141828664824
15,0268591912787	0,591690543310518
4,9245439497223	3,26380229536292
6,73991946653443	7,77450588752816
7,25330829516311	7,06766839443982
5,81337014155439	2,29936330520843
8,43477919702055	10,8278844270112
10,1015774072434	15,3900683372646
8,84838473806827	15,1601058651633
7,06669533021604	7,86869649448869
15,1463569867435	1,10285555100438
5,11604102362142	2,60727081187116
14,7710452606024	0,355939695824894
6,36787768334386	7,56969734721073
9,25704249787106	14,6625546818815
7,06917685751811	6,78941481173206
6,49105946510699	7,84116413958998
8,89542142970971	14,620882261581
13,8509304047196	1,14934767995175
10,2367149609483	15,968878881356
5,51559560168592	3,01352554334184
15,1245937640445	0,894325629263588
7,40558037687352	7,66539712203704
10,1555634446144	14,7393021265613
6,72455759943632	6,88063467737674
6,09599482921411	7,34662271254106
14,6901780197764	0,974397868392743
6,87986920899725	7,63495057849806
6,1838587682489	7,83590247520785
9,12641722907611	11,9592766868511
9,60950214842616	14,8810078604456
9,64842925620053	11,1347374034133
9,66025511180401	11,4524698192743
10,0539098744311	15,487614329595
6,7536677860341	7,05013432513418
6,20123235863451	6,98657033576462
14,4399603290423	0,438851828775578
15,2139212681688	0,254490198117915
13,8849221053776	0,990272648116043
8,67657507503774	11,9248269044539
14,2031850250695	0,223038523484957
4,78152685004421	2,78239177289917
6,58382794259987	7,51560191052157
6,82740614208144	7,71916263391947
6,11783315874907	3,51984227471366
5,19417384841032	2,28006408191371
13,7038936775926	1,36359204872118
7,22599726168054	7,86116089797537
9,20623562677965	11,1342960968959
6,15970019050307	7,78933514585215
14,3543514350561	1,36450675163367
8,78185431721449	15,3268657290699
5,45386177812751	2,45081034839106
6,98039353876804	7,08351210440678
6,33262445330274	7,59623150114455
6,04878533693915	3,27832274799688
9,44926360266026	15,04523145691
9,23802187081896	14,8992992465522
6,66262506121173	7,43175902900523
8,43628985048685	11,3418958280949
15,0058898394745	0,229355094480741
14,4483496766495	0,611221643152805
8,88375189300683	15,7587437607821
7,08794685013132	6,82606708829707
8,37570220326656	11,1158885840314
14,271603750606	0,810412113403607
8,86593511451984	11,6417600821411
13,8955102516178	1,33546343396824
8,48722972539289	11,1258293158398
8,60638895794888	11,0735818232013
9,07832538243423	15,3423360071311
7,2455661844566	7,01787332697711
9,38526358987283	14,7015922250011
7,54659207358004	7,78033245875085
9,10530981113917	14,7032877350769
9,81315894637282	16,0544070594445
13,7214750481428	0,893035769351672
9,60220255271339	15,0294167594881
8,80658064904188	10,7806266136263
9,0172924880158	15,9600724120833
13,5833178480414	0,431171017365105
6,25671377741177	6,61419248015748
8,46649152471771	10,7173143948912
9,08352371680941	11,1078158738756
6,53081477359945	6,5563842164206
8,67836900640833	11,7516168872087
14,9921900185283	1,50259240005892
8,64081114686458	11,138029432797
14,4732236208391	0,7572901272742
7,2263926582642	6,88281056797522
9,22850285991086	15,7408740893134
8,92806119054283	15,335660962446
8,92549432150466	11,6748458738674
5,82835051354049	2,93422555951426
10,0484009800808	14,7746346728471
8,55428689743583	11,7686028815411
6,22600865482409	6,82913181144317
8,64009299032843	11,5322646256036
8,58763679918618	11,0694480292756
13,6824389318678	1,42426581992579
13,9733350927918	1,22469890264878
8,44896995090473	10,5996665417905
8,91298360653443	11,1113970887796
9,875861378596	15,5505266785071
13,9455049156486	1,32898515493829
6,4925967046403	7,45272683534392
14,8863965568386	0,431566500471081
10,031258671703	15,6746922151233
10,0507341575525	16,0435227525142
7,43150115584474	6,57039389388798
9,17825055833539	14,664107854388
15,0636977847344	1,12749832169095
13,5536636180284	0,397622940154081
9,3579926102998	11,3713163172857
9,02912318825932	11,4187620626662
7,1843559420961	7,92738529916334
8,81504995219758	14,9163100648228
7,25058064427189	7,32507522394683
5,60715306601438	3,27585122272497
14,0530088397219	0,509788160161747
7,6057052240955	6,56934984714653
14,0526498143342	1,21112096774421
6,53462738634629	6,55890555683366
6,63449959324906	6,54202347495677
14,9928201259173	0,90252637752476
13,7407633946282	0,359155028441923
9,2722010820072	11,2752753645178
9,42749527452146	14,7328437154962
7,34841413445954	7,07988098934821
8,30074898077983	11,3049131782665
8,4450425097273	11,4595494243383
5,06611134495132	2,82752447616197
10,2115454083439	16,0137912073208
9,5313221913573	11,3550673479869
5,77456337059844	3,38878988632575
13,7318988289946	1,02668467669828
7,59487726667392	7,54277174909728
5,15981982030101	3,53153069354541
14,2486729375829	1,18195387615391
13,6213006889711	0,89256090347442
13,9231078907557	1,29211243950896
6,9806993465538	7,40303010742039
9,85930818931778	10,6721531905408
8,43003664622527	10,8662166944774
10,0122323412225	15,3944911922539
6,26635763549038	2,68130705607428
9,32410148222953	15,9808995201139
9,79643240523525	16,086098638895
9,85201582011427	14,8237730896073
6,16882900850669	7,51317300072208
9,78462586943111	11,8733976311437
8,53712133078057	10,6916960970369
6,02950110524576	6,89867192770669
8,3141714801372	11,9607911758204
6,78777755351008	7,10361235664392
6,29154289738959	6,88879606904671
9,23791345582559	10,749508992596
9,84229299643632	10,9348042434532
9,32500984019197	10,6704422024725
9,82843382481548	10,7288646330145
15,0026124263114	1,29800429150568
8,70888473808574	15,5687280372258
9,03364466255682	11,8994544519011
13,7848300814937	1,16010484236672
9,01805397953104	10,7545536317815
5,56584300226614	3,3462952947652
7,24841824082458	6,98741721719706
9,00136799767735	11,3229144987224
7,29757710978456	6,99381887036072
5,91355252921486	3,38900347522313
14,916482474877	0,450084106049445
7,04865672492549	7,65058789563393
13,8687002532396	0,632008176677305
9,77268254080978	15,6795813136732
5,05728302257846	2,86944351192816
8,71208168991104	14,6303537986134
13,9688838791214	1,28806492282438
5,81445678587319	2,16214462418542
13,8393922878729	1,50451554696069
6,05150819772637	2,87677008386022
5,32738724481703	3,53454977818446
6,07475669633695	3,32045886144464
9,74037136808474	15,2354778128315
8,27870323101669	11,8704421037779
13,5489895621392	1,2880954849338
5,445592827771	3,16921660856098
9,31600312012636	15,3574777005851
6,40046021068967	7,22171315489007
14,5109495026035	0,988009671180224
9,16990937767355	14,6949889096445
4,7994026738932	3,3817644103296
8,8466721719263	10,7103448478237
6,95505348272017	7,35135217734576
8,57880348075238	11,5070373002037
9,33659399968211	10,7364840640164
10,0883794723546	16,0945464328993
9,17112375423155	11,1095537376192
14,6226668339642	0,530339318103577
9,79445415613978	14,6458613267731
9,41335597252087	10,8536819109465
10,2728164343114	14,7382399658377
5,91189714045424	2,59923865604826
6,06397480119054	3,10104965097025
7,16946135137329	7,64411921189957
9,3344852313734	11,7180214276567
8,32675579155194	10,7728795241745
4,9976517940676	2,3181556267822
6,49710043687787	7,89158865723859
14,8283117611813	0,164666633874112
15,1219655050567	1,02201358994526
4,80936416897336	3,46205747922812
9,52841855092152	11,9100324530606
6,63111822369079	7,4133507298138
5,60282201057231	3,17303014084032
14,2930700316411	0,326964665775768
8,99141687957136	11,237856514911
5,81415041084036	3,30491294215243
10,0451062339999	15,0008646506542
4,78488842351106	2,5431175632112
9,61917943652392	11,3113914706257
9,06715348378711	11,858066718527
9,13841679184928	14,7221020674353
6,41183566592039	7,76073131681164
7,61251352096244	7,65157928424397
14,8552171920877	0,425291432961628
13,6327095053585	0,386885368007969
8,83252576792683	10,7233234419286
9,69235889800087	15,2768311483092
14,9846365163597	0,646091320452569
4,75035697055495	2,29071113434229
5,13897788796938	2,41972242442688
7,27220534188394	7,83949462785158
5,94893404963175	3,37703212130639
13,5784881637648	0,437222323981912
5,74677061546809	2,78768561206987
8,3658023944465	10,9046810003514
14,0465856489993	0,292305918333972
8,72488096953328	15,9743906499631
9,46152905879906	15,8984579661964
10,1336316667352	15,8610815515913
9,3167081797567	11,5101082969927
6,05961243817855	2,3025628801234
13,8449429967497	1,16628589602435
13,688834222863	1,36196801885954
6,0542618451114	3,48804269955842
8,8616163971665	11,5616976434664
14,4683926045603	1,50828354120971
9,62849401744242	15,9883159844526
9,81653876849912	11,8854376900944
14,1890997341749	1,17126365128345
5,40294964748548	2,11149401410451
14,4147356709801	0,674528464325883
14,0630516053169	0,960890470659913
4,75361801588099	2,95333258019337
6,09832439309886	3,25782169859147
5,43103767365442	2,50541387553807
5,81033715870046	2,53624115580283
6,16721213834751	2,59484433749816
13,8658056737601	1,11380775705905
14,9635848012394	0,712311237445762
13,7406194785556	0,820266317037176
7,16940729113953	7,20458090519206
6,33082542514875	3,50716831260749
4,74144918907047	3,36496304660854
7,00265808057361	7,33496876115744
9,5882019745336	14,6879367729633
9,59207700600943	11,7583364970667
6,05798505822635	7,05768975918188
7,23068410543054	6,84196711132126
14,1083965935576	1,12105411849229
6,2698981696063	2,36334384559628
14,8666169305183	1,40234350612207
6,04915058748279	7,86751897560119
14,4609802476286	0,609156514735131
14,4012438724366	0,93649546958649
7,17981051237296	7,74281501189693
6,36195007232725	7,00006316327522
9,49961965349589	15,2105770423591
7,08382350059083	7,51883486653128
6,24051896286377	7,04711191550626
8,30928515186252	10,7287819345802
6,26428321962751	6,65941462689523
6,7377904513533	6,76841458889246
9,27635429587452	15,0985866084122
5,93464120129098	6,46829018449709
8,43779204894994	10,8204128601245
6,96012041776282	6,82456865231747
14,9009711346699	0,68709264539873
9,20074056288261	11,8292823093117
6,73657564659299	7,35089175518152
4,96361224116252	2,58225036847208
9,84667575194111	11,6294975024929
6,67655595884643	7,00710725328413
14,7615021245526	1,34008981131085
8,28915889082562	11,4030670887136
10,1729120624293	16,0627446228315
6,24154955161189	2,90338962733476
8,22811612263866	11,4698103193112
9,4488082621509	15,1882595988601
7,60837416712273	7,10320756034379
9,03922944633133	15,5931113092905
7,1769821114893	7,43203812011024
6,77226910392348	7,84956508548726
9,43359415097593	14,6218471051183
9,7059662477609	10,7405661972478
5,84114036259914	3,12084052955213
10,28003504718	14,8874746776035
14,3500599867292	0,101417564684716
5,93430557968695	6,48107704924332
14,3092078168907	1,1586181127078
6,74539961919817	6,85892212825023
9,81037746511459	15,4798479330242
4,93140590671482	2,54983156516391
9,26727235519331	11,2483270615332
6,15289005151951	2,17434001913412
9,80759441697972	15,2813567642899
13,9910648560439	1,04435890379045
7,33552926721614	6,50528570180129
14,5392933043559	1,29662000503815
7,11418431134068	7,17875998423037
9,1378343319606	11,4630346848346
9,47023692910457	11,2095492588258
5,07484408738851	3,17202217572698
13,8541883864943	0,567707035266301
5,52842681289881	3,27613769169309
14,7624144934004	0,956665037431807
6,31981385333537	3,32069818464846
6,59431078239069	6,63679257127772
7,62597254411593	6,46509833848545
6,04455331613225	3,29627345762633
8,92942002002945	10,8354067779333
9,66911502234415	10,9511466378574
8,82722438723369	10,9060959786113
8,86974069965475	10,6451183578693
6,58223586812782	7,16243127813743
6,36891348242041	7,8754845233667
14,6976934574438	0,40942125720827
14,2130298618755	0,434169199587822
13,5947352200899	1,44406360972749
7,32750984008419	6,55192638000081
5,36115504023162	2,71047152976637
14,9082229302213	0,20844430083764
8,80816115024649	10,8437205032036
14,9644076963637	0,242639673473452
10,1541935093408	15,3209471029265
14,5417398289899	0,245573243647444
15,1380225189916	1,14005311783699
8,43907644413164	11,2283988872074
8,48956584377643	11,6539052788657
9,28279388570789	10,5608251714252
8,96263789948937	15,5055134038727
8,7151199012415	10,7693278467366
10,1400843525633	14,7923478060435
14,4688366086572	0,292155386307377
8,87643370815212	15,8113747641305
9,68965935325525	11,3564650377881
4,79611201969704	2,6499666432235
5,52838420381534	3,35094243736617
8,30231180545934	11,9552500549204
9,67655614794782	11,45022584041
6,90161787573635	6,50646839018065
13,8910676345448	1,52998986483926
9,23792293565665	10,9586510288695
5,84893737585576	2,34677738233138
8,90197475454955	11,2540704086285
14,9562195936188	1,04428984149138
6,36180148290409	3,07704836542959
8,65438205853157	11,6702351173345
5,46242301760111	2,90226510357644
14,2559133890401	0,750452618261138
14,0569065331412	0,235686718739734
9,76027760248564	14,9185942870455
7,51161105167501	7,89607996022414
8,46024235820014	11,0045065047954
9,63255839796806	15,8870036639417
9,07194053362031	11,0703918882705
7,07449243094097	6,90423317154913
9,82705197575935	11,2047514791776
8,84876715333777	15,7693046366071
6,28973351906971	3,40008802495204
14,0130356254689	1,42741146597388
6,82417967232318	7,42211603684355
6,98368452890738	7,60740583092423
9,87634266602878	15,591145119741
6,32637953933966	7,49815246393068
10,1244938185994	14,7410646674756
9,81544321912784	14,9957023825516
5,33605127674104	2,8529531466607
14,1726269318644	1,02957913162339
9,25898956280781	15,6973936369746
6,38634988545699	6,82399179622697
6,51239849268624	7,41326428728721
9,67870961210514	14,873338028693
8,29770894570448	11,8968825167572
7,10245573337657	7,34405121871664
5,54526916449507	2,36210740765759
9,54867366605197	14,9119810135447
4,76104972849996	3,33720557878568
14,3786419585347	0,106625046227373
6,61302908607221	7,35429423752056
5,82464925259166	3,4842826901027
6,17541913056331	3,1597225138976
7,59830914727674	7,02217807958918
9,54856432749144	15,1347921412755
5,96597558903125	7,1632297093437
7,21040292122688	7,18524035808403
4,9428252186392	3,12174228688198
9,98998829795019	15,7856801179591
6,6878294018963	7,76405355268674
6,37443873768553	7,08326889164001
9,48794211387433	10,785478238588
4,7650775825749	3,55728973550895
9,26483943811913	10,514987091399
9,23585534076807	15,0914645262676
9,13358143150983	15,9491117125913
5,38455101254176	3,1756372931418
7,03152545328875	7,86112198329734
9,37338009927184	11,7406381535877
7,00595357785792	7,41735183599411
8,45525234423875	11,6925061832465
9,49480926043645	11,1243363769672
6,14813779129484	6,62336592469708
9,67534850651508	15,3287601386331
6,16041115081275	3,29777178604667
8,56339189842385	10,6127239461673
10,2230446658637	16,0788920117358
7,09388495793207	7,14748484655465
9,64444270284249	15,3503102813986
5,4490070159853	3,12545424216515
13,9371922619728	1,04634992900177
9,16585888578112	11,2876098581949
6,0955348970358	3,55477062094982
8,3913332546658	11,2942068290958
14,4040077736952	0,306996555957275
5,62453699998969	3,16463041504631
8,60107176869639	15,7044432345962
9,30056290799481	16,0819943815934
6,13121854881867	6,89270961202305
14,7310762470109	0,241862343068627
9,40826080869845	15,0681534073786
9,7210366548795	10,9349837936393
14,6897609831072	1,456004857031
5,64539639506182	3,13327784887757
9,50630936276315	15,9761979309078
10,2651669499989	15,0721687096321
4,90155612286858	3,08785283644548
8,62804548007274	14,7102910616569
8,18583545112063	10,6782625995024
9,15357041341845	15,8918873093496
10,1947899101398	15,3594325196247
6,60389201610202	6,85306981259116
9,47358534093368	14,9329060168135
6,80140920754415	7,25564299644504
9,23515136498127	10,5036974468187
6,33429785091708	2,12241833874703
13,5792206265995	0,214726029811399
9,47897925598296	10,8839984552281
7,15716934447856	6,81197537404964
13,9079865103289	1,45127203389936
8,77064904355086	10,9223527643077
9,06650056259001	11,1351000599945
13,533585951369	1,22076206929173
5,65920406254051	2,30483868998322
9,64520502415474	16,0823162981612
8,8967660848328	15,6143184501635
14,6519345190504	0,618428730577655
13,9136244606728	1,55407373419615
13,9905734629512	0,670063156698142
9,32809607062964	10,8620751934235
6,06429166044962	2,36545181930209
13,6884235207322	1,51285546838063
8,89604447540727	14,9310283062727
6,29745943784228	2,76202173145527
9,96672360104191	15,8210802190531
4,96061141485216	3,13040504504763
5,19652712980324	2,43223757705944
4,77522666283549	2,3288300234549
6,25327703823439	7,70398099931966
5,1651895197932	2,24759512224951
9,2146383045431	15,3125365407313
6,28853031287358	6,60816352431864
8,60999062479909	15,417575525952
10,2935143715503	15,409561435261
8,87914263300219	10,87655332368
8,990712659194	15,9859511814113
6,95134491241493	6,74930982456641
4,96732257729377	3,02920926917245
9,43936619340973	15,0694090516568
6,7557547722316	7,50782332225394
5,82939840798033	3,46717028593082
13,6391534788774	1,37723534457715
6,5410280343052	6,58741233672514
5,61702031743247	2,90640856103682
6,33075782126953	7,82021314798635
7,38198269002246	7,07502272498893
7,0297643050247	7,05583181814617
8,25180024198726	11,0263275147993
4,74914425279248	3,11322741804294
13,5927325778915	1,05783015414932
5,94794707456184	7,48723458507233
8,63047978622746	15,7474499675566
9,19376205870242	11,0417633876
10,1251052493835	15,7979598397834
9,33377012913845	14,7625864166593
6,37746065900841	2,6674005671475
9,7551593670025	15,1399623257682
5,12407786358922	3,16885940565942
7,13600299109541	7,65041084599371
5,69335405438209	2,61676771200114
13,9740469369339	1,12018012959757
14,8984245115433	0,628852097025943
6,32922621052771	7,14731578362856
14,778098889547	1,4839478803557
14,3610656372933	0,895269798453429
15,0559286132158	0,861091437436574
8,64018004108764	15,7007930275577
15,0063714846733	0,728791453051445
14,7711295069462	1,47002122831328
5,20380670319642	3,2854004960043
6,35212788609454	7,10376874128658
7,32396770514466	7,82904944433073
14,649762645217	0,605874718444763
6,11604341398089	6,75118722649302
6,8923385586025	7,24906632854756
6,38152643774631	3,12422447864552
9,12508890379945	15,9577596145816
6,13174387090674	3,45787152289473
6,09319319732257	7,59640795313359
9,69959558875727	11,6813259528768
7,58753974236415	6,86724657737335
7,23594242544035	7,24620331590811
7,20983892371407	6,69615608876558
6,63276118634793	7,25199175600979
8,23129195162508	11,6812226963491
9,37929325328088	11,3337921175314
13,7449212677931	0,232416573649228
8,77900456896105	11,60943656617
6,08335364262123	6,72095187405205
6,29952741806867	3,14874469980272
14,185865259337	0,101950886326596
8,23654042162494	11,8343382761022
9,0409341023025	16,0547264253026
6,26950290939128	7,06617587351694
9,25612274223672	15,3778240660729
13,9753070824603	1,41216780297918
7,03309470633078	7,91266936693891
9,98832231425635	15,12398252989
6,53285941711267	6,51711755204492
6,90598377937834	7,19202885275234
8,51902665105462	10,6111490146021
8,29502929806649	10,5145603036186
6,29081038726324	3,02918479565922
9,05398985804691	11,2999727895766
7,53034614881093	7,42925327739447
13,9128818636616	0,617691969888728
9,2891348224629	14,7798172902877
9,24247950651807	11,5682137397767
10,2154909627743	14,675470670459
9,84601432352807	15,1329367093333
13,7842224503922	1,01450920358644
13,5916011501746	0,204907664757164
6,85658216201594	6,66020152063878
10,082566680463	15,4931111287854
8,73536001808775	15,9112734910053
6,12935644143032	6,5883408318347
7,03896146214522	6,70389559428867
8,92258720949247	14,8349475914447
5,00581648691276	2,65472827373971
9,55353064710023	15,6139388504866
6,3453245230796	2,310977653971
9,91356113715537	15,8852469362947
9,92495835090758	14,8236362329613
8,93712113270726	10,4852326350073
4,69718758059236	3,28786724437743
10,0902314965411	15,1804583843137
14,7085618131718	0,786247314569322
15,0651134783505	0,850256161996845
6,90008693170978	6,99407697735832
8,5882709400976	10,6163117963788
9,50682311666942	10,967300582638
7,37776587338809	7,66584306899064
14,2972263012124	0,246989148208021
6,96237784421455	7,05078054916839
8,51517163598954	11,1527513955369
5,29376907521848	2,36612772357991
7,49391562934393	7,65534502719032
7,60924390412783	6,59772326516111
4,8582658157223	3,44937961040708
4,97446315525288	3,56738883544805
9,14546757839066	11,1510896484416
5,61909286641198	3,51334478921414
7,61674290593326	7,76771578081169
7,05247577682506	7,78603346086762
9,04252234063233	15,071095491331
6,81196941559214	6,750245019668
6,30100162117418	2,59428858363905
4,75546313324495	3,52977844020623
4,93215066078208	3,04077555246048
9,87909287008584	15,990954762421
15,1486172900282	1,17230737619624
13,6754853354536	0,603258063902365
4,8026155668866	2,53540331195476
8,89391976149732	11,9225586303514
14,9184926234831	0,734498551777412
6,55164337110963	7,14290821829415
14,2548814718477	0,135306085496996
8,28551009781196	10,8873049620811
14,9678798807514	0,876656497680621
9,14866871451614	10,54750161454
8,95982694859338	16,0018956260516
8,7947114096945	14,7024964120119
9,08200917279124	15,7871729417822
6,13943152302068	3,50691376701204
6,26439619469164	7,52620309957192
7,27509092169764	7,15590040312334
14,3252598312066	0,989190354792799
6,07684761829965	6,81185472447869
8,63009687688393	15,9634233869721
6,41900153764696	6,59456172364071
9,17748801261832	15,0580211942987
15,1130776089659	0,203137994569781
9,6407500458866	10,7797914902358
9,00954337561618	15,2569745515774
9,88084131538426	15,1729032976745
8,95735541752847	11,430230635883
8,7894116194121	14,84476276875
6,76060291262351	7,63437190683185
14,1118265004373	1,50147312458304
8,86601971633451	10,7060695362989
9,83058465404629	15,9870907849463
7,18511914580764	7,05850692387933
9,11662436479207	10,5247750186918
6,74762423540753	7,5133215290459
9,10651398400473	15,4437808461217
10,1793671560581	14,8142068838784
9,72098290670679	14,7826438658218
7,09713007516407	7,69777487244447
9,39092840857398	15,6686561552673
4,76450760600863	3,05781378224844
9,60818798443539	14,7824042250035
9,55992206006948	14,7862550306524
7,44022720202456	7,19562505554155
6,23631749343339	3,41048621550702
6,2089550695839	7,53218726551559
8,44963801098067	11,3989921847195
5,82831394926506	3,52984267331247
9,59927381641377	14,7723455162166
5,20641047426513	3,48910490032462
9,32173208804159	10,9532629354275
8,71447152890575	14,7039837947979
14,0345783974871	0,428211303840746
8,82215169125229	15,2484134135455
4,68413586517311	2,51040036484317
14,5490429586928	0,829782423434836
8,59154113393968	11,7076020682185
7,50945538288823	7,59456070142283
5,60584778404123	3,40449690852808
13,8909275432059	0,096702053048583
7,30306169861916	6,54759094247257
7,06621148507711	7,07413586881281
6,63376871092765	7,30899209154095
15,0489202458769	0,412130106952587
13,977832354663	1,07739090576829
13,8929693255904	0,361859738619334
9,26294146638766	11,3592246334262
9,99362608743628	15,3321100992316
14,2819633080432	0,108897583168379
6,13407571159601	7,47749834491696
5,14118311933214	2,33641281275588
9,94491867678655	15,5389117668537
13,7143794260959	0,831913882383082
9,77491017161567	11,4815693115478
14,147146397389	0,866354426849764
14,3293597178467	1,11161304748336
6,12519036231833	3,49796616376331
6,825047337547	7,53826775985119
10,1101556061026	15,7588728233917
5,95878675822787	3,33679819710789
6,08039402600104	6,68033657026565
6,33972791729861	2,94806779731992
14,3676444262628	0,852941817915269
6,63059753333948	7,74690942218848
9,34593947457404	10,4840074711531
9,92689915873418	15,8554579262546
8,51052507585415	10,8819730293124
9,46825979496683	10,7153483814684
13,630966115421	0,490244576389098
7,54024094283083	7,75342259296447
9,04321787252556	10,8625587901651
4,96470129578595	2,16696627363393
8,48775339794942	11,6588762816689
14,8657796786221	0,259001595314226
9,13917219798375	10,9209062783832
5,29642532019608	2,90517876646928
5,67614320521171	2,17377244533387
9,62788231332065	15,5943149362417
6,37149191320544	6,87475596629491
9,51937301333055	11,4238778558896
9,89164818314504	15,5388651508733
6,42703520945048	6,80830039882277
7,46227132748004	6,5936602026602
9,67287845202544	10,685267703978
14,9474843735276	1,36420923244949
6,69621224286678	6,50469727753163
4,87773757995383	3,16037739393947
9,25915964774248	11,4625004426898
10,2936934193393	15,6149075797494
4,84683603232328	2,42087465650958
6,13123426955975	7,81525812511246
8,52362432706627	10,7003552949812
5,53005253269498	3,02642633186921
14,6782474909355	0,915896445566381
7,3996846460883	7,83738865285966
15,1065886367573	1,13715787555888
14,4480781894391	0,905024084315036
9,11422886616051	11,0693290452737
9,14891118336152	10,5961806033099
14,0192381146381	1,49877054710264
6,51763983704427	7,39143796365379
9,71608544089921	16,0474256219689
5,54327788763603	2,5596039060034
14,9731461090348	0,464223369597526
6,16839282944371	7,27312111938112
13,550110776907	0,912459778523357
8,981109801681	11,0427185276316
5,50225319241691	2,67254796356445
5,84913198182257	2,67654480752392
15,1658725217427	0,805421131607617
6,09588352713534	3,28629268379973
8,63158457314769	10,5544171216644
9,63006900211982	14,9268102927656
9,58772679094613	11,8800692866625
6,83258277179604	6,75570860905715
6,16556649496148	7,15727630175285
14,2386427356878	1,48827831937849
5,12453641644341	2,13758340882451
9,75119477830632	11,3297746511786
14,9687834818661	1,44689453962503
14,0641859234763	1,22221412844292
4,93147434193029	2,79942254540231
6,51518695307973	7,18594412759581
14,4441174442197	0,193062136723138
7,06276249406495	7,31437006209875
6,35219317134281	7,73293063802183
10,1554953356654	14,7086214832876
6,11385376410248	2,72686700494875
8,43425297477988	11,6221890977784
14,9148293594799	0,554144107543969
4,8151204757315	3,2946410676737
14,4428366860281	0,872623647674266
8,39997347155035	11,3616581827593
9,64626045904674	11,2102767196962
5,94694149346481	2,54578331946039
8,93432740430607	14,9395916165111
5,60408710426718	2,55676509007289
9,87354022054567	15,5923177180318
4,71428859421849	2,27669180148154
9,58004444580233	11,6046241416863
9,73085080847387	11,7822726751954
5,14082363077241	2,26314356090554
14,9084608256658	1,12283420038629
14,3122535562586	0,776628488127718
4,79001080134435	2,56051977700716
8,32601069245539	11,3038271924522
14,0662998164316	0,805795536450257
14,677118191594	1,02745888464328
8,74153377652726	10,8117243482036
5,7488416375029	2,59860549638125
9,64004391287602	11,7662188004825
6,08056773544466	7,92743698635174
14,3036821787186	0,090090883559834
14,5992021029459	0,737251369339876
10,0273076773277	15,871827951268
5,9730813841894	6,4912686139785
9,04787702246744	10,7314197871536
6,15490942800752	7,64752815679686
9,48885873140636	11,5182644054069
9,774857813967	11,6223380884938
14,8164432798359	1,29649486495063
4,6864200933503	2,96367104040796
15,2227702342391	0,417988154413959
8,47715934020179	11,524692029469
8,6768478938552	15,6683806491244
9,78243127279736	10,6478997843634
6,15443055406753	3,37794487135089
13,5868747796461	0,595274080670537
8,64133184858074	10,7875648193749
6,71178062305253	7,12407812701519
14,2832208000861	1,33371741882938
9,06922348865494	11,0712235651704
7,20923639281123	7,27852865696386
6,90377884665265	6,6355216758677
14,2895934654125	1,25230552715911
8,89880280897942	15,0972743144538
14,8783420573312	1,49858996394692
13,8341202898528	1,24982414357281
15,1678476688756	1,3988315482649
4,85786321122274	2,71396353815044
5,98395154970127	3,30583270535504
6,36416574549214	2,85637199453155
7,08802906807672	7,20997300860627
8,99237312621382	15,0013215330756
9,01405684724039	11,4340107987142
14,8425858471928	0,530770976427483
6,37903308578354	7,81314677826861
7,04639091417755	7,53322696818112
15,0315168065214	0,857071462071352
5,98819927115643	6,58008035281685
13,8781876938289	1,52190960252955
9,23920750792206	15,5378436097707
14,9070137048904	0,897601892581025
14,975058875918	0,305632759551778
10,2523470610903	15,5803322188081
13,6779393177923	0,772004560404998
9,87470136329514	14,8700671120196
9,48670304656218	11,2600680076864
9,75263246767231	10,8154844189869
5,83730745864958	2,40700166140953
6,92743354194485	6,67437891635817
9,22193909688264	15,8147741323709
9,32089300341083	11,4883838907119
7,04374815455205	6,44351159809748
5,25015531698577	3,20125780649585
6,74522390696779	7,58483752700402
4,78242133432215	3,02034360858985
14,2646973177388	0,544345637831755
13,6776675647346	0,256889785610496
8,68262893205684	11,5318448259802
5,52897807667751	2,83102898854124
14,9761322830625	0,990846107646754
5,39845297321984	3,47925685860612
6,13659640296321	3,14657712387297
9,34214703838447	11,1062564779049
8,62382398756811	11,3416528576634
8,74391930327642	10,5854564864166
5,83971038526557	3,57257808843859
9,27236950913994	11,0324772991401
9,43036865579954	11,5559853903042
9,93394941761403	14,9992713237875
9,61317199332591	11,6970493523132
13,9540563899838	1,31692270980198
8,60275541488275	11,3494697437058
14,2363913987808	0,691575322897265
5,4470010388855	2,13974677048246
5,89655572351247	2,22100427870477
6,10591075859626	7,3055325744013
9,40594977264945	15,4926155900415
7,05424224541269	6,99779151328985
4,73485137809634	2,54328026333955
13,7977642019539	0,488247084179355
9,59694668043995	11,3263651381314
7,49068643758776	7,69648438331408
13,9394187224735	0,227317928758896
6,50090728336979	6,59160451096411
9,28459145792292	11,8481170692451
10,1051225096034	15,9975352357445
9,44196984650687	11,5249452791729
9,17801177475754	15,6859292420543
4,70953213722368	2,52197587963804
10,1897024174899	15,2542457056277
6,71946554744572	6,87811608054799
14,3880631508515	0,086702157181863
8,92490216096406	11,5571361282372
6,26686518408176	3,05673496312363
14,3434292704263	0,446391173360216
10,0166419465145	15,3914503055828
13,5398358943964	1,44928237268424
14,2171542880514	0,12739052306092
9,85253145538558	11,4918488482785
13,736349575501	0,863526101831192
6,63803972796047	7,87905136026735
9,27846952495974	11,0695023057855
6,672435513616	6,51949937801107
6,37029844215482	7,87766155336635
6,58578098979935	6,4668340640921
4,90396140820032	3,10465203677603
9,07082094809796	10,5861801048296
8,61320439992872	16,005341512499
4,99827802666456	3,29458801002299
9,27104278747578	11,3003829759486
8,68442338187962	15,9130914009014
5,43969790579893	2,61384776910614
14,3180599136993	1,48048877616836
14,3332290180659	0,904382062563841
6,32362489247281	6,73835706942773
5,98222664215488	7,90614186943276
5,08785265274895	2,62661224587501
9,02726216064669	14,6417328356369
5,02438272829913	3,15963604241436
9,11998463689259	15,2351829795583
8,51431012514544	11,2772887946221
9,14663578342729	11,0738694095883
14,1793462136893	0,498140650288581
5,13061742280011	2,92365276133535
5,32901674861793	2,89838852034868
13,5549850851992	1,09524156079233
8,77506078177589	11,1647450224133
9,63908846711147	10,9750265411107
5,8433982934947	2,36895093316761
7,05579402405887	7,20781170479185
5,98387990368692	3,21672033116171
6,14576786849128	3,0369599774034
5,43117828691652	3,28079421116231
13,6866521181508	0,604543708354776
6,09732854482765	3,23934820414828
6,50266745867054	7,47679020443308
10,1456689445392	15,704604292722
9,84197691696726	11,0023080223189
8,49140420278571	11,8618156941712
9,68077068885447	10,5632392815385
15,1547494013473	1,44501591487839
7,24267968739642	7,2698102429522
4,82706527594206	3,10918515503579
5,21325353200332	2,12688197390349
9,24940065440347	11,3406659717564
10,2113201646903	15,5930007544508
8,42375976415925	10,5517998085403
8,76533766348928	10,552761541216
10,0809006643927	14,8120901426894
7,56746209044168	7,61094192833447
14,4274371935664	1,24816357482015
5,49422321586693	2,41220136531132
13,5650506015526	1,13582457688779
6,69987264267281	7,63177601977353
9,22070986997785	14,7175414557082
14,7712211729714	0,531393234296154
14,6498350422338	0,195389548745176
9,98286237261557	14,8159652968064
9,02365162484695	15,668666293812
13,8198803611739	0,261366356263566
14,555824749772	1,35189694221411
9,77079045299653	11,1056776811794
8,73377511476627	15,0646550320472
9,24191144713062	11,4721656734421
15,0689671488484	1,2007251316457
15,060421481896	0,390540115925828
4,84841701759457	3,49473934087913
9,84813334837661	15,7973112538974
5,00091475257848	2,52732951444608
9,29602949643245	14,7371068096624
9,26809034881785	11,3562498207408
9,8142552549311	15,2108886892132
6,8131439666825	6,97059843262551
6,57214291077306	7,18431541444193
6,33412769720115	3,14540250541767
8,62335358555663	10,4819680951224
14,0287193705579	1,52974622064931
6,54675848771942	7,28401328728638
9,0207664886944	15,0187829478976
9,54702653197192	10,9940139325358
6,65324161260391	7,10640472827086
5,15451321761284	2,95775036069806
8,81217587640598	10,9339076334077
6,10650498660231	7,17781924747057
4,82962243224271	3,16385501894318
4,91702773590691	2,68225707056559
9,75635466572799	15,4489310905366
9,11601004345645	15,2315849845227
15,2049229339989	0,148249274437633
4,96639621827013	2,69298826267707
14,3593180972234	0,434670791773616
6,28411370281973	2,90093932961092
6,00422798316742	7,28833085871936
6,16456901351296	6,44963635980186
14,7561531543868	1,2341558720067
5,36355761869875	2,1773527467851
9,70227652883629	11,5060379732263
14,4806374906795	0,569967149173228
13,8137614586914	1,48339250771365
6,14393145471492	3,59712691834965
8,50057471463625	11,2988019801334
9,12383463169124	15,1987116544559
8,54339183017885	11,0617928612744
8,59826520324402	11,3428834541961
6,6873824020683	7,86993681541403
13,9217980949045	0,21277599485391
9,36976435215044	15,9058572092884
6,37576037778937	6,53946395497681
8,48367044357354	11,3886649563982
9,05687117624982	14,9373276937699
14,7634107339843	0,586217975486555
7,47596869725788	7,44417923769348
5,50719909332449	2,23981744306584
7,11849923233978	7,17033043133217
6,60101379270332	6,81947656020195
9,24290267026542	15,960276274284
6,2188162652888	6,91812247904443
9,27505982510809	15,8415244272702
9,48515485366564	14,6384483838171
7,32435847956131	6,81515002136985
5,82598146807967	2,28630525082665
8,77570613643416	11,370048726002
8,73122940670793	14,8972020409208
8,84313969220306	10,5521159302473
6,62930337372502	6,9972844904961
5,36812241748353	3,18830869583556
14,3189979411801	0,133390949688613
6,81168812885121	7,81952697360509
5,7814857061918	2,5356370525392
5,08470269572023	3,5844432428151
9,70215760608029	10,6696223490669
8,80995027157217	10,8156811874344
6,43795096457314	6,61434457601765
9,3307158835331	15,8345187924794
8,49427104970481	11,1015336581036
7,00992887532945	7,69866755888494
9,45207098572409	14,8947600699224
9,21327569236815	14,6853456875061
5,38992796408876	3,29644559801278
6,46301692090828	6,75097430218207
6,0906263517273	2,77157461934365
5,46947478606309	3,49096600729897
14,0106222248551	0,208924494192068
4,88919722626785	3,08325069334884
4,82461118545187	2,72064509324729
7,34334627984784	7,19514288080378
9,56892185508854	10,6592557603041
7,50359488382727	6,59871896778408
4,84150317647055	2,7685061099219
4,98483080485704	3,17470323721557
9,52406018497521	11,9198744495439
8,7462282712229	11,5104679521073
9,641438622566	11,1640511807868
10,188968384369	15,3038262207367
5,31256766564297	2,87937179614768
14,7585238839822	1,37249193471777
9,8150689844131	15,9057486205059
14,0542511072469	0,13024286510605
5,43957274466193	2,85498373995208
9,91373740470649	14,7153134219776
13,7153089975318	0,110222812094599
8,93896684097862	15,4465468157188
7,60874848737557	6,96407307785375
5,87608974274015	3,29213378094427
14,6347272768373	0,263597865311179
7,41117628212536	7,58243107773748
9,68667751363319	14,8975711666345
9,15283454224366	14,6964851198691
9,67537356316984	11,223600519809
15,1031752355136	0,910870298992398
8,7585642052988	15,235512204054
6,04062481722886	3,07817149049932
5,02701204766869	2,98943964847174
6,36872089450488	2,94382792385277
6,30905613158379	6,82662290538037
9,51407850845628	11,1674555396101
8,74836339989318	14,6778930726162
15,0476371345915	1,2180911866787
6,18445906091737	7,88339526295957
14,7753219428885	1,20454786041984
7,62936264485146	7,11640002995484
10,0403529159158	15,4337947627785
9,03570521009655	15,4823721913565
7,24181977745849	6,47481020738519
6,0534177688617	7,76038186126454
9,63028968628215	11,6483461427053
9,68776152127188	11,1227443838553
9,61497183794913	11,1010210932014
8,55570077842585	11,9716989990893
8,94658030131318	15,3879815626453
10,2597520470424	14,7480433115182
5,9062799855728	2,54413343868952
6,21099172528931	7,07040862795079
5,95188636042326	7,80161353683423
15,0413898286165	0,231575724650637
10,005973515874	16,0355863520992
8,65362329565392	15,2765386055053
9,37475207706839	11,3405191103188
6,18427201269443	3,3428808860384
8,62296436240277	15,3242498228649
13,9181259742045	1,4524419153145
6,90228896770075	6,99052212519692
8,30006232519749	11,4016063153062
6,13694045325223	3,11043540590964
5,87765750848752	2,60394737368787
9,43220736166925	15,7311704556583
6,07555206047021	6,50828228666919
9,18329401654742	15,8083816688694
9,44903824772887	11,1021362930161
9,29542280095391	11,1127177464644
9,84894563293109	11,0175355208752
14,4288435697006	0,756202384188215
7,5675623585737	6,78887724841731
15,0066624358147	1,15558278927259
5,82128512019807	3,15833873057709
5,39090924725354	2,639437176882
4,69696274097611	3,27914747333104
9,63993929739542	14,8784863670144
5,46772107386768	2,64135137138767
9,10701280248476	14,9812365573025
9,16173402864875	14,7932644191792
5,75624877858919	2,41011336304524
9,59684428633453	15,8412295831384
13,9821951295312	0,651605457940041
5,07165227933423	2,66617040628311
9,83878845058896	10,7786583464704
5,69564702982337	2,75413784638504
14,2824870920536	1,20185200890674
15,0485826336621	0,245021400633647
9,58781413496095	15,9415550764853
6,02948507456849	2,88932125807415
14,2745030329959	0,994027357261133
7,43455981037362	7,41077446166165
9,25072190694512	14,7117090503535
14,1293941376812	0,641632572424041
6,98540305504309	7,33173001892886
6,23545433649098	7,50404862751063
8,79739096406429	15,1218603369831
14,0929928888156	0,903775579774285
9,57515859945217	11,6828710487871
8,92865399080508	11,0888526042212
5,74127212633645	2,19462749844986
14,4458022220894	1,3817072141943
7,58137332895683	7,46275150947874
5,33991320371847	2,90030425394479
14,8058037966274	1,01678737696219
4,82321183243946	2,85354236722937
7,05961602920531	7,62584764277336
8,98360288757392	11,1059804015389
5,38285419476453	3,12327236536763
10,1520172477008	14,7046171523572
9,35852531346636	11,4101733313841
9,72604928235115	10,788638422268
10,1271630089367	15,5278552031884
9,10430145147188	15,2283751424672
10,1026828587571	15,6514471073205
6,19079225444739	7,34124960911488
9,88702435859278	16,0650170626594
9,5223212394658	10,9452078276815
6,49736465408756	7,35648025274447
6,49615059978927	7,90867847674342
9,4192053464118	14,8208201334984
9,84861475005184	15,6177246115701
14,0084199095449	0,942217992566507
15,1360059855301	0,506127661666553
9,16783185067767	14,9494671370995
7,02776781756048	6,96844081556613
9,57452370362307	15,9183362958722
15,1161199168785	0,759828804836705
9,89123601884928	15,4149051531842
8,53347919721628	11,7371267155123
14,4086002816903	0,246719047290153
8,97195493623559	11,8302990228566
8,64042393514927	14,8815594594438
6,77843316620379	7,7821295886691
5,91632322565877	2,46979598978265
6,34809360784957	7,0703988413564
5,38666241978752	3,27541429869102
14,0949505932945	0,687267114387633
6,54520896272419	7,83003498091987
5,80784177829949	2,83338881137888
6,27465577549732	7,90471822904797
8,98694693511217	15,7292401304667
14,9185190643006	0,613091376246459
5,51574209046666	3,33806913993621
9,65210064384049	11,5352774435454
5,77065566385757	2,69897229754171
9,32818774729533	11,6808985848697
6,03928611015824	6,59065355920579
5,80899403447827	2,67259483496298
9,63428807074072	10,8980528953062
14,9632638018492	0,244531036737588
5,87230263755862	3,36575023931551
9,63295906870965	11,0536883155062
6,38144906324485	7,6415960762326
7,07478063895347	7,39877590170155
8,46795846303266	10,9947222087265
6,6957797044309	6,81658547696912
5,53326591565825	2,45998350645338
8,72993748328137	15,7944161154941
14,4053719443637	0,394851942094797
6,08671654237512	3,06719315372556
10,0154208495786	14,6883478485839
5,79754701327107	2,17853523895485
9,54242789114202	15,4649310417422
6,00618879287818	7,72731403073492
5,84558018272519	3,25629253343107
5,92858928695624	2,36506424605398
15,1768804732064	0,831887978850976
9,34199423434307	15,45314493381
9,2372059880795	14,7068660364911
6,49699619780164	7,14599725848601
5,66435617523641	2,51999371813312
6,12133358013279	7,50014130491268
9,66459259329072	15,6197169840766
6,21738482578892	2,42308246160762
5,94430187773847	3,59524760225709
5,79319728187755	3,51297343574565
7,18784389335153	7,54909859697533
14,3966080497206	0,103375024884045
8,62111204144686	15,4221157608541
9,30163975852436	15,2619384711397
4,97363252774851	2,14129806981046
8,47083780484026	11,0111383516671
6,01663322719303	7,60743821133475
6,25771243251618	6,54372857465779
5,19357392564195	2,46180583717696
10,2802417721022	15,2373288081866
6,22969909324244	2,93758503770181
9,8054876288058	15,6835450441158
8,53066203503418	11,3762036003591
14,7028006273456	1,57477990058814
4,8926878548001	2,22825828701547
8,73747657167676	10,8863250261049
9,23610843158969	11,4779802182
14,8507290533697	0,865904986438292
10,2690711307817	16,106423417645
9,11366222325398	14,709079177312
7,20110985483183	6,51632481667125
4,78062389803402	3,08283382681071
9,95479753988707	15,6083035517158
14,2294553458177	0,442271529165184
6,5034785197267	7,20835471466422
8,28097288848349	11,1837467986186
5,51834604435828	2,62298130238736
14,0330207173102	1,42977460357719
5,29259253885013	2,70984496566804
6,06532054795181	3,26888630558485
13,7358183796855	1,04769355017893
8,42384184485528	10,5958543274507
14,2135904003342	0,111314528290994
14,1408295247248	0,621499383275758
5,46516967429538	3,53874555926185
6,46819924660516	6,62835491278417
9,52620658681145	11,7424623449725
8,72857323833661	10,7701330705015
8,22313622403815	11,6393155103865
6,7957172389256	7,28250755828143
9,38035056158659	15,5535714461461
5,72853704531615	3,26135857060122
14,2992417365125	0,930251145983689
8,50813548891522	11,7956582678295
14,4170696754701	1,53876937540346
9,39802429828606	15,3228429580356
9,80870257610608	10,9372730142877
4,986383693487	2,19094142065285
13,8315931032946	1,13274856758451
8,71076454442908	10,4828034056537
7,26433813065747	7,32803141064895
6,15180477770027	3,34323289461757
14,3270705043858	0,794114336394311
9,8030807428011	15,7634566111567
7,46304415167059	7,87571144650588
9,97589846420892	15,5404371906721
8,83826089090808	11,2803720579469
10,0861056781977	15,4786571061821
6,61973267368217	7,75644473691866
9,16859154761852	11,63398657149
7,01138966860378	7,35480311206044
5,37369280019451	2,72101103535612
8,26332520095007	10,7374322992835
6,26657463548528	6,79417277031888
9,53914361486771	10,9102023456311
8,73079392084672	15,7136794633168
7,46907706131154	7,74833250967356
9,51390523016529	15,9878956790647
8,60783022745597	14,9060856832158
6,26738340294144	7,3584584621767
8,81684154609225	16,0115947001424
9,99214533479415	16,0468417589412
9,53009480113766	10,5497828884122
6,40682803960765	7,80088272858052
8,54842256959103	11,9393142110641
13,9013877719994	0,730716851593659
14,2536973808442	0,539896029597281
13,8104568994956	0,501568150985079
9,82750686413921	11,1868699533434
8,62052821192739	11,4476245716684
6,93212285094712	6,79689269377386
6,09280230580931	6,44277460880938
9,23353646286175	11,8223399121961
6,22229109396303	2,20731575554083
15,2295718985393	0,982435644344608
6,74390061209005	6,74384747873926
9,59264274919862	15,3170775977625
14,9103650542239	1,08430893661477
13,9603374106331	0,941186585849133
13,7107178565305	1,24977420794551
14,9307656147479	0,769183962348122
7,47596365360248	6,57206320629735
8,76356118202403	15,4515296833626
10,1579678047477	15,6139599329322
10,199348224902	15,5275002680979
6,85407496774204	6,86867837332921
10,0109601802845	16,0617465974123
9,58397409346536	15,946057316865
5,83174210804618	3,52538855840879
9,2784048939817	10,8660261491831
6,59410853780276	7,79111174839785
5,02402177858842	3,31553847823146
6,47226373779979	6,61608410737685
13,5630431511053	0,337719744313376
9,2259189463183	16,0145753035944
5,49739194409682	2,89588176874828
6,97138114108648	6,74962491662565
8,96067719276763	11,7182368169366
9,77186797068323	11,3556179108807
9,70210053291752	11,5267382468299
9,97044277402223	14,6897284332117
9,53577027942412	15,5307093015626
15,0298964517923	1,04813530122381
6,27856954300016	2,1972780472289
9,46350419881875	15,6334271293175
10,0154847172185	15,7338300507029
5,92521653800978	2,54117893183339
9,01113426753872	14,9994232784672
8,50847784454097	11,3933077034372
14,2823624513674	1,06753809676859
8,77274563416394	15,2924378960256
15,1251308876968	0,510305148893893
13,8237876890188	1,1510692938057
8,90852899232568	11,9639526626657
6,00493662834071	2,96199527985393
14,9786644542044	0,29939869623038
5,99478512856273	2,76087640415588
7,14424710035154	7,21374545180781
7,14366198171843	7,46862046611674
8,82774603740211	15,6274115553534
4,81693293539128	2,14675036254384
5,16619844332048	2,20117943051179
8,19488577961203	11,779170134245
9,7974174769569	11,3874024521336
5,01226619545241	2,86777258114328
10,2826357703712	15,6138529520262
9,72719012602519	11,1085502224576
7,45415305673959	7,66686048106486
13,5968873173798	0,417940571932361
6,51974512628362	6,8586500368523
14,8748787248574	0,168230302268798
7,00613402116466	7,12748232858415
5,09545280480695	2,28319433129875
6,04709439502688	7,0859182482362
8,74499230835548	10,8620974124235
7,31686036008483	7,20123405187292
8,81870851956671	15,8722531708413
13,968836707615	0,781609343222601
5,70572960892517	2,93856895512904
6,20599112080206	2,42045715427128
7,2385892604846	6,49227691144074
13,6344773036668	0,80507090439168
6,07125266646513	2,43071888881333
6,03875378648497	2,83414508220161
9,86021686293989	11,0071330621509
9,00215060671738	15,745856866858
7,08844343541757	6,69576704684347
5,7216296622195	3,32744550372986
5,3588435506489	3,16276190602593
14,1622034571405	1,06134742141303
9,50960236073768	11,1405300095453
10,1595471438258	15,5826691298513
14,5626626623292	0,606728065411007
9,44183479192512	15,5161305924675
14,9289002209081	1,44750208660154
14,2928151757802	1,01271943535794
5,57606435585328	3,40280936447113
13,5406225353298	1,20878761155148
5,15706426053488	2,70082967453324
9,35005834561682	11,669969272891
4,98477215830459	2,24416856998558
6,19886240642527	7,00417657111217
9,79528234578897	11,8980910059384
8,32106515883161	10,5563023473621
5,83287510607333	2,19260949390176
15,2139226912813	0,350902141831147
13,8656201400862	1,42796091313676
8,73168669506596	15,9830457125951
7,27884823812198	7,57647749534017
4,98336064001501	3,08125900181299
13,7996020203612	0,546116514037323
8,77747663060674	14,7024869122772
7,09308014995044	6,91411798883686
6,14078104542835	2,96742134972595
14,2113060165814	1,41379646920884
13,9718833549405	1,54620683170413
6,12545459085245	3,22433963580944
8,34704981146989	10,5981486176443
9,2296154504666	15,0336603591679
9,43711277445329	15,6949419797899
10,1608011327025	15,916459225928
9,66165355266072	14,6376716226094
10,1339191631142	15,4930490547697
6,25365243119609	6,45334739758866
7,37714331294893	7,56660327694304
9,7293719910335	11,3994934776399
14,5879874048733	1,28294523106739
7,60785733788119	7,93022971110067
5,15154265879718	2,92383416192949
8,94486915134061	15,3111421806658
4,99268852809421	2,45604698270957
10,2264438538788	14,9432534162736
6,54006565996654	7,6368569246487
5,28409461706031	3,02469348793261
7,17529800329738	6,47308659798348
9,21121604300333	15,6480131077226
9,85774829500685	15,6984288251465
5,13495972087793	3,11014060459531
6,35495664540695	3,1507626356312
8,51925023823132	11,3234087844355
9,01703788253931	16,061104412012
5,7033624392477	3,30502864135888
9,57163751142988	10,7705307788946
4,84411705697031	3,51847779195443
9,10334880612288	11,0420368389568
4,73002739573984	3,34558060654996
6,04606122350397	2,84324904828519
5,13702240486314	2,9086126318416
7,02409363806881	7,39965014376449
5,15879024946193	3,08568478394756
5,99189184798709	6,50432434571941
6,37444881874167	7,03766525710689
9,09454331971875	15,7674746351683
14,6957323217736	0,727285544084234
9,40808735267608	11,5394679228826
6,77749927143635	6,87914130692333
13,9831491250047	0,329224690817407
7,49891407976113	6,72820957848523
9,53114261068389	16,0770328218902
14,9644905980198	0,649239059299786
4,8288590676137	3,54419906999731
7,52551242979936	7,5660213827285
5,97768228963203	2,48667522739704
9,37250578117082	15,4336864855625
6,43845870501008	7,09686857968122
5,91976516756296	2,63155099340141
8,71533260901616	15,1516022002919
6,73554325387601	7,46531655225593
13,9189952917747	1,01244121257574
7,40529831471301	7,72959050671662
7,49823415365773	6,71154113238313
5,69891811598848	2,18645351364327
9,81548480671841	15,9937763602735
6,33824871475616	7,59482224429835
7,00479643608942	7,02555083533438
5,02681791339608	2,50977869911326
6,76102313266608	7,05937791309238
5,38371596390894	2,77709233830189
5,30943453283599	2,10982200175159
8,91959741461595	10,7404568189352
13,8793326554191	1,03163991684324
6,21244451032551	3,03116033194291
6,18996639734756	6,46212609817153
8,47295137514254	11,418759251701
9,31622334798672	10,8371650967659
13,9156660437965	1,16427257735221
6,37718007722397	7,89586102611803
14,2237678193822	0,86283233597431
5,37163050422914	3,53859288849894
9,13218118576632	11,1781733576228
5,1752427322084	2,61339480238065
7,32502633527245	6,88296390248298
13,7162105915465	0,208442003739493
4,94536002908046	2,34064426094163
5,74554550787953	3,37345584805217
9,57133097297164	15,4230018183254
9,95947115321195	15,0118768832326
14,105435762963	1,44826302912477
9,76534660560889	10,604569614113
13,8227798977951	1,53967539810806
9,14314822150129	14,8852510900681
9,38063526907448	11,1888047601369
4,94211348298435	3,42716256213636
6,22348842475444	6,60944484870121
8,3673536497798	10,9083829206433
8,55901640093079	11,6447279020219
14,0006779124188	0,514884017978985
6,4770927641661	7,61927181613022
9,82674489669751	11,4933195164991
14,6287378194082	1,15959875141478
8,62172366129595	15,644087180146
8,43017514349102	11,7832695474251
9,78767566292675	11,0873442478161
6,8608666075368	6,53663671523782
13,9903365323165	0,92980476174731
8,83994036030139	10,5316889601771
4,89373580946682	2,7843532871762
4,97278947481763	2,98191939632338
8,36484812794225	10,9959907893893
14,4108489761828	0,224954858260838
6,17998512454798	7,55072033811154
7,27278104596925	6,58104357135035
14,6472775893222	1,06688240358813
6,16042077183381	7,90851077129901
14,4108884649445	1,44682537740538
9,37522756316992	14,9263654004146
9,61221810217811	11,0347768278108
8,66130471918314	11,108431831797
5,19801912031376	2,86857051601403
8,34698988213854	11,9201966382293
7,17353585286472	7,72969979047941
9,65704963490697	11,0760376584746
5,21347646429707	2,72873559888204
9,20328066914132	11,8364598911902
15,0316299829776	0,779778132785564
9,63024574489012	11,9495766596697
8,33862333351749	11,493045488246
6,88360757528305	7,40053614449443
14,2080035636207	0,704924949297582
14,3140188644133	1,31943976794784
6,91335872489026	7,92724382684727
5,19866372526226	2,39015063670898
6,25436452402343	3,04277038782017
9,85650540491038	15,8880929807928
7,23644721986566	7,82551894821293
7,04752300977071	7,71249263590567
8,3102073751563	10,8899268436792
14,5388466791417	0,111480171675019
9,48530662174048	15,0479618819558
8,54493887818451	10,5832718635857
9,23681985423314	10,6886619517288
9,51212388031196	15,8950187523977
6,10719311762157	2,87415175207083
8,92555467537495	11,3398529459553
7,1936140964255	6,61386059543815
8,83828830821576	11,8656242505254
8,86356740852553	15,1697677507205
7,01391959556142	7,17089854570167
6,16572492225342	3,20660536458982
5,44317936583836	3,41892780939578
9,48828781069939	11,2870924794394
6,2835050770432	2,82116232737677
14,7798054972051	0,561596626327901
9,52708062198066	15,4202611059617
9,29344836226031	14,8553740078462
14,1653495253708	0,369294001617557
13,8860689320642	0,18438794623986
9,31554103807897	15,6763622193128
9,93310708633283	15,3704245482543
13,5372077710752	0,998909697277369
14,7737280383935	1,11482661163645
10,2559601005282	14,936384780005
8,47140275893952	10,6538601222866
7,59492706255476	7,44499133816493
7,60295592770907	7,71054792765033
7,2136037118753	7,45001436828618
14,2076685005672	0,222779316288063
9,70902072984199	11,8461141324374
14,5790838104061	0,669408144737465
8,9175290307626	15,6338758260461
9,70504736944364	16,0372402586224
10,1008347910832	15,6193468216999
14,915258551277	1,22927204110987
6,38384685092202	7,67262501272415
9,84669017517468	15,9109732582399
8,19967770132411	11,892665077587
8,91024927015871	14,9679356598252
6,02953412900767	6,64130728919312
9,85781905085625	16,0177483283391
8,33897297438098	10,9269319244765
9,16840585636738	10,6551084163997
10,1195754855109	14,9885928165812
5,14683021811161	2,57504048958955
9,69018057975368	15,8704611970143
7,46438204355587	6,88654588937912
7,30250115021498	7,73370591637251
9,79279462701004	11,8938973548062
14,9116879092767	1,13300719107901
14,4054816939165	1,39946337285727
6,09227682259147	7,5944886017461
6,87510363223117	7,08635183507684
14,883850299237	1,4791300424448
9,66230560027862	10,8374806542319
10,1732242665116	15,6333330625359
6,03235932522322	2,6832997208723
9,96357537481154	15,8188443032738
9,41774486881997	15,5703590828644
10,0803854009296	15,9026720807983
10,2366220362781	16,0288430762135
14,0027041653916	1,37771864280797
4,74164913284489	2,71996500788853
5,94340742813942	2,31472554162242
9,73864670776536	11,9601124706367
9,16715618486891	14,8530402871419
14,9569341727893	0,681521182730865
14,744767825995	0,407006689029854
9,05801451625947	11,9190482507332
7,58072493933681	7,89712431509627
8,6198784290719	14,8050586351846
6,16186818529387	6,86751080006031
6,80175244601162	7,63765523684928
6,35007569881218	2,76800447570915
9,94275257506182	14,9857581334372
9,08154612678024	15,0675585136078
6,31504675064737	7,76503714193503
5,83534904315906	2,30994986157708
14,9319434656669	1,31730547745831
9,60036857147603	15,9153607895195
8,57846021972457	10,6094012074938
13,7181896313722	1,25530829867467
7,32053207938752	6,47529393223716
5,1573363792	2,88295392775129
5,48668364538137	2,47412795073914
9,77803210016037	14,896710452886
9,59802035849889	14,6222005673207
8,86176917714684	14,9903837733084
13,7775930904585	0,603342459888121
5,12692811916181	3,47171825203507
10,2632195540924	15,6343552088819
9,45170569777195	11,6178644779844
14,080573801064	1,00029579005185
14,908701777036	0,350314030453867
5,22105000623236	2,49704205193129
5,84327365690297	2,87738432044753
9,52800790103503	15,3317076216526
7,390453713003	7,409542255589
5,6663208065111	3,19272078871485
8,60140153952589	10,5975814341575
8,20799346407873	11,9309343139402
8,4695803565891	11,869125350361
7,46460355479435	6,90737322616921
10,0555295097374	15,2542245288091
15,0291759634554	0,66297334511931
14,3107797343808	0,484479434170613
14,0421462819565	1,33413101374571
5,64558342071462	2,33965866044059
8,70649215804657	10,5646301284503
9,35050455108418	11,6037993524893
14,3745894767043	0,182948262603449
8,69790738626539	10,5353383876938
4,76209130896137	2,68262828626466
4,68902384455384	2,32284629103696
5,05839400094744	2,61892058752438
6,76699834732765	7,30032809601038
14,3933774281555	0,188067534014612
9,87648546444229	15,7646773104298
14,455776925498	0,652619377413051
9,21692737985621	11,5121159504648
7,3191201738172	7,55958915746915
4,9476042378321	2,40005408962735
6,71637095758844	7,74921464474533
7,39556135700466	6,60610625078765
8,9387428143228	11,9225483609965
14,4599487968269	0,602489342124855
7,47270570845782	7,39381829615287
9,24119380914318	15,0243595440436
5,20726178338183	3,19182290424783
4,77073921828343	2,94947842433221
8,54980387190169	11,8524722861635
4,85825914512438	3,24250650631464
13,6928822393323	1,52909485511051
10,2090422284243	15,1304604849365
5,06462972589107	3,12795390260703
6,57066410181189	7,8961613837153
9,16848859971655	15,5683590530436
6,20879024932469	7,43013873438662
6,77690666266233	7,38727239858145
13,6710118540456	0,407182422404641
8,22764588746729	10,6270385554951
9,75266463364449	10,9039470153135
9,25609976364542	10,5244208148638
13,9380079689088	0,489093339928448
5,61059185649714	2,19288820430034
7,27071434194685	7,73089068566159
5,30714339520743	2,62701141055327
8,65396282303315	15,3480667952941
14,8668027515544	1,36394523899047
13,9275282136468	1,11761427580966
10,2418772174733	15,5112926451253
8,49477600574297	10,6680975184588
7,05276122088179	6,61566989005641
5,9174526900166	2,46144465386933
5,60377717470274	3,40619843744249
8,20518944307865	11,0168657834537
5,31482637576454	2,2281725448364
5,64668424039896	2,21992852388418
6,0097825823054	6,63437778474446
9,04484641904286	15,6009603375649
9,34223067249947	11,0378464899481
7,56985543145907	6,97956830086297
5,69302811964433	2,54511579090933
6,01636578919882	3,57992301870236
8,41246191141688	11,0536840046727
7,17954267444728	6,63568679176228
8,80783345276331	15,9430953221731
6,11499300630743	3,29741806602058
9,63937326768363	11,7855844709443
8,29275086700849	10,8723108813991
13,9063696563009	0,649653528511679
5,23640366187979	3,24235148671672
9,24746295431701	10,6296417512251
8,41977837439224	11,2804959157384
9,71064470687915	15,3356738810885
9,74302014353381	14,7983927636516
7,41234781567311	7,06262615407162
6,47318255209942	7,49646927236872
6,16258022173421	3,4999568359764
7,32051313658245	6,61164019976697
8,87242822087509	11,4403090452676
7,27381025847908	6,73705652615329
4,73136777388214	3,47817378178886
10,1735454238161	15,5591704329898
13,6123257211948	1,54356355082023
5,04678304380843	3,48057416387891
8,70639793286328	15,8602978734291
7,45247012432682	7,00615125006336
5,94549519027906	3,2097969191744
15,0872696119705	0,636335800456683
14,5597536340174	1,28450639450198
8,86876768185405	15,1617492711108
6,37456315409358	3,2676381885829
15,1324522330374	0,497056389955727
13,9324447241882	0,743680575895963
9,92150664788027	14,9327318070749
5,69445009052324	2,76771659650687
8,31732801027263	11,9084796910352
9,64581603900039	15,9208818228004
8,65292849608907	15,5691750698797
9,71942111356202	15,7119151824613
6,7651982099737	7,43266164836355
8,79317148845351	11,5100754469544
5,72368795889769	3,32050014181603
8,78985444161571	11,7319164334189
9,56158571215928	15,9417720214974
5,97519871833029	2,95454264507202
7,3345335359988	7,02947827176338
6,32911276885499	3,56717818944071
7,32038395810207	7,90229522890337
13,930922785382	0,810169187539489
10,1440606168957	15,4078619067736
9,86421277090787	11,3577029582663
8,84701020001647	10,9864130618246
5,55565756232082	3,60795511784206
9,5171177049444	14,6599355604269
14,465364039739	0,423361709154526
7,50475985839458	7,50086376259585
9,69552994316117	15,4333155206096
14,6451592640296	0,175735352222534
6,10910904244125	2,17725812099972
8,48978905556456	11,4891126171263
14,5992947088108	0,753361215906977
6,31326803366182	2,85029856019147
6,8329378667812	7,16811134283242
9,66416115103414	11,9585351358873
6,72345766874158	7,63249457337239
9,71142985956361	11,7867104617233
9,53571339782042	11,4173988022106
8,70239968780298	14,9813807095716
6,06367059076412	3,47627450451645
9,72536427259143	14,7831857386336
5,54524947907786	3,17044314079467
7,59277357936625	7,13736707843997
5,13531820748518	2,44897452001269
13,9293066865179	0,630291665560036
14,3174735887933	1,06157674242623
6,52734806487555	6,78359508824058
6,84445190819287	7,71043817009289
5,17021993977442	3,33064044019936
8,7532363138361	10,7334397969483
5,85524896533899	2,16771671176105
8,19661536222567	10,6263220215977
6,62290604649365	7,12777959708254
9,29061337975878	11,419984901203
8,61856075149092	11,5069480701035
9,6760076973124	15,0728361473371
9,0913713871484	15,9845519449975
8,76916405594384	11,2605669017976
9,45817584868263	10,8822322745301
6,27620837941191	7,44515782455204
9,68069628544563	15,6296938211215
6,66716984596467	7,6746379563259
9,60711178587372	15,4796169346158
5,0626869971259	3,41100796201067
15,0988567512047	0,568301293204535
14,5189516315316	0,699782037033085
15,1532356961706	0,305409967595491
14,7681445798275	0,497277510283825
9,37819052028948	15,2143026639834
15,1107908785476	1,34340389335418
10,0626194781947	15,6207791092987
14,0253683173269	1,17043269845145
6,0054282983144	3,33706555269475
6,42654487410954	7,89717894034465
8,48070295787981	10,9073511177236
8,50599245708221	10,8574982370199
8,65111662050209	15,0090793877088
5,70809702022799	2,3845283596243
14,5421084527491	1,13346067115713
4,93916061397511	3,51060178337065
14,2833646660879	1,35908362224809
7,08294518521324	7,44923847253438
9,76258230648148	11,3841999281502
10,1446803352223	16,0708997813992
6,12340463243945	6,58097061584976
9,71279068648203	10,8290829462205
14,7623917836727	0,143133068641868
14,4492803797215	0,257076136545548
14,1142536859078	0,618405536309637
9,92338280385673	15,2987701489199
6,15974008160024	6,89001011419439
14,1483388777829	0,793346261678115
6,15981906943432	3,55028004498767
9,64698510590017	14,8304011927959
14,3456601687703	1,32746981532882
6,20492751462715	7,77987044069104
9,20598172558306	15,4083071102056
9,47738014374564	15,509118594479
9,3470082495132	15,69060173203
5,2299103977245	3,13165031883231
9,51109087824927	15,7987256852652
6,66310505134478	7,70372849703353
9,40183319278818	10,7010247437912
9,79826685007503	11,0912653131449
6,9630462049791	7,11183401711564
6,15770110561851	3,45015747217132
9,77337274432688	10,6640890837018
9,31526772200108	16,0205124851334
9,74038363091604	10,8431473530998
9,50662450333778	11,2395349433585
5,79443276260585	2,81802536329931
9,33996719716555	15,3054272181258
14,2641878092232	1,40982064028186
5,81959814530041	3,10779452652193
4,9671550605346	3,32891661140688
6,72326269678292	6,45693440445188
6,25031490173367	7,44814985092384
9,34952319926636	11,2079159919467
8,28899311257665	11,6844929871194
15,1062285186423	1,05322579562577
5,95970772617919	7,29263307880732
8,90651963926867	11,6507472581955
8,94298471070743	10,9434697395119
6,01622178129025	7,86509712927405
5,94530189218054	2,30681879371925
6,72564832881225	6,53996733267185
5,84528417469222	3,00596114303798
14,126577957407	1,26320538257406
5,14000193970415	3,46815864053102
15,215621220523	0,704054437860821
9,74304265817065	16,1013073136149
4,71017286526522	2,8304353534538
6,71184536237994	7,41143472614908
13,962549743278	1,44388589470681
5,89255435215503	2,72168249588096
14,1589534114883	0,171441379707433
8,76515823429056	15,0364056395976
5,94252719753956	3,5916284543222
15,0829533839655	1,52674395456513
8,24089868968647	10,8161777402405
6,9941435837739	6,70078062770649
14,9277670137632	0,391340581291884
6,30194382525002	2,54381483075317
6,03737039393223	7,87983928937067
9,13819918690798	15,5314887304163
14,0970602286921	1,17831859401811
5,86790241418505	2,49758202771183
5,57698500989697	2,8633350581921
8,72831743121076	14,8767796396207
8,7303459069801	11,0881835241894
9,40289947823467	11,5623969820115
14,9613290505899	0,609082251513192
9,83598856077632	15,9883096635152
6,14654401476051	2,22594080611478
6,86186178859513	7,01933439211235
6,17627007080814	3,51110751849173
6,22397840436195	2,11925962145157
9,34288225308094	11,2057028823982
9,11054322440184	15,5021802943823
8,86606327258409	15,2821906492102
9,45399276760201	15,1394778895126
14,1279650025018	0,633616649936881
5,59556195058054	2,57607140243466
14,818864275367	1,30658962980871
14,4363358554872	0,877713723538036
6,14848266535684	7,46221973300625
6,21793262604312	2,23179501543405
8,61351385755545	15,6235840908865
9,80897167410522	11,4455105915467
6,03006944672552	2,80474854130955
14,1976833238783	1,17100549974036
5,89951148412678	2,11976432750338
8,86812334685222	10,7604435301261
7,5139386371906	6,94216353906543
9,53297705350738	14,727220367922
5,46359969494602	3,48921454878093
8,9776452564761	15,5914987593386
9,30140786073627	10,8620055041745
8,77631404263976	11,4151906603594
8,42418939856142	11,3540849254993
8,20283991897064	11,1549122368054
9,20141214785765	15,2350642526509
6,52179325027435	7,04836580635803
6,40563929172257	7,84485957490291
9,86762575079043	10,8216666614302
6,660393748781	6,97999210463527
10,1930364959365	15,0657321939046
14,8509966005529	1,05197411494343
9,82686807867135	15,617688479099
9,44690215012622	10,7051985228582
6,0380604318941	3,60333522531897
14,9339889743219	1,35411158353168
8,63500155494067	15,6823990032082
9,58242909528768	14,8938617829001
14,4702835871117	0,245444332339822
7,22223299428261	7,31738212494372
5,16718867584939	2,35558455716232
14,9786354234497	0,433424004812643
8,54079045179264	11,4856445477734
15,2272545755475	0,426871840892523
9,56706670465811	11,5773655310131
9,36938183066551	15,1412473643192
9,55766106890633	14,6505720151763
14,1895175605089	1,58077735060832
7,05424388150907	6,53780219742646
8,60686835840082	10,6059175518089
8,47047914399397	10,997092179783
9,45779233145631	15,5618401590485
6,83791836564762	6,67039468672299
7,54757168569472	7,81822007413552
9,53652271454586	11,4083189495705
6,82817972741401	7,27209004456175
8,74495718102395	10,8284964984679
13,6133506295616	1,22882884406281
6,36905547467805	2,88872656394705
6,0087438710278	6,63384044770852
8,96968990371299	15,6424195639922
8,61749771050217	11,0658129350706
6,22899778385172	7,53379813922423
9,46168966248933	10,6554261360557
14,9970098657536	0,564080985430486
7,31076605576102	7,8284879058429
6,35000082404299	2,15889100494761
7,38555768419059	6,76757480532337
14,1449175294403	0,705121334905381
9,16036520749806	10,5152589592172
5,61289499114967	3,14815006820327
8,71260978447259	15,3308586304639
14,5614235532876	0,266290392004584
5,9687159247419	2,612532421917
14,111661154097	0,152060496931333
6,62712643781588	7,64369095219987
6,34895269073108	2,74899826617863
8,89536282688927	11,2968635569835
5,84100375662653	2,87346523675276
7,54721003965529	7,82842278437072
9,53574387651273	15,711527090928
6,79814835366976	7,20323480744978
7,16642489034338	7,41929032978874
7,08442824220732	6,79066452733648
6,88664001091719	7,34354955082806
7,34909640057262	7,90461390624314
5,17875179544081	2,77685591118691
4,90884713774789	2,5533826126433
10,1714594782916	14,7578423709729
8,94081689216298	11,2892142386135
13,8134360594779	1,56807330613692
8,72848357639925	15,0635188312085
8,42859227314033	11,305378109303
6,46422966325767	7,56992907692888
8,61958771455286	11,2056899435601
9,71332611978243	11,7868047517482
7,40424493793777	7,25427663105276
8,73165063010464	14,6602448680392
14,5529187473466	1,36672197099644
6,02392528506241	2,32047057415657
9,19145118210218	14,818408487383
9,31189948711054	15,4987065209518
8,52462659118288	10,5839246604355
4,87032948407625	3,2821966948883
13,8627661321609	0,197095402538545
13,5869408345575	1,16842859776141
14,1638546551966	1,5233810941098
6,48959484009826	6,44710729597807
13,913477132292	0,499610478339982
14,6499644629472	1,02044452061331
9,32244201664018	14,9984239624879
14,8343988306313	0,4026022953922
10,1409872705809	14,7176209836853
9,82801154875189	10,65603467659
8,7861479050608	15,4314722880824
5,54202717544559	2,983080183817
6,3548172324955	3,13013355385603
14,2051849002773	0,331214314308869
4,98403276363982	3,28176653366047
8,84598541665513	10,7981064952197
13,884886887514	1,50147764351086
9,28820842912147	11,9659198017417
5,58886075053264	2,18714612725795
6,16052825554927	2,22208538485262
6,22182235568758	3,47744248436339
7,37587731747612	6,45300884788924
9,25934778101295	11,953379362161
5,12533940031569	2,51458146396353
9,00451468850084	11,6738404158815
4,93065785136487	2,20907198041171
9,58196518082687	10,784556616305
6,35832664215632	3,09932050905375
6,3653850375532	2,5693189362502
13,9608522899975	0,305703792787006
6,73886077011875	6,63134917288572
9,71941297178315	11,7233685899331
14,8569764393019	0,610543425518556
6,22025731978527	2,52266470806846
9,91415323382518	14,9412976230486
7,11833262656009	6,53419475739786
13,9192429303637	0,537664524331583
9,85747198199361	11,4632139524121
6,30643014781708	6,683727754968
8,39556016139413	10,5522445989545
6,86958750749847	7,10790212885445
5,93326334990076	2,78906075097342
8,84290120486841	11,2972920118168
14,1087978062326	0,561412739718159
6,48336750236506	7,07911009050429
6,255120056817	6,6910990658443
14,0711131444867	1,01494373322
7,10836471578883	6,51183402911597
8,8702493008867	11,5580992743672
9,78789304528919	10,6646431418849
9,29263161233962	11,623037774547
8,61031506958636	15,8199438840748
9,57154406135523	10,585160445812
9,74755081975533	15,1326381669085
9,29391786500941	10,5031747611299
9,42796806121923	15,47017938895
10,068184196221	15,2946188623601
9,69881826054366	11,4112725392736
6,75942371215528	6,75595467647252
5,99485354792781	6,78153327917985
6,48966096135863	7,54150980775235
13,6116405279134	1,57036532236918
13,8966527851513	1,58332150736977
8,95856942017671	15,9456982508699
9,20666144702568	11,3531411608495
6,59302113982425	6,69780838180338
8,80552137039074	15,1156446767077
8,31885423432673	11,3662521467982
13,7994320407889	0,610691467760877
8,29426646281673	10,5024297988954
5,62924388540616	2,42073062945599
6,21322697078563	2,77877767977964
5,21179939928115	2,62744053306985
15,0510746272575	0,648921198847369
8,5714530042657	10,8451156450329
13,8435071285092	0,500448107240868
9,67633733029427	15,4941404345851
14,1643925480196	1,31613371964729
9,7415262347617	10,5042430895043
5,84417028768159	2,59950619313187
9,49398985224822	14,7186603973208
5,78473274122112	2,94205915074575
6,85694624380903	7,82695929976119
7,4054738949664	7,29352772183633
7,4695602891916	6,61253302183372
6,06957224651955	7,43993068230754
14,284049809284	1,15895059545871
5,57878913057456	2,33816614874045
14,4582933461863	0,284795760771398
4,86009851238661	3,500588287919
6,44955832914276	7,61441075350122
13,7262151952667	0,134480613695613
4,74582569600878	3,57503861041251
5,30734283123327	2,38658425002106
9,48893129166016	11,3318108014816
4,77382747988962	2,71954262093786
8,26547727182077	10,8753169404812
7,26127102467379	7,75585754696988
6,71669043518918	7,58501979638415
14,7731681684709	0,89091162271779
13,8101146709294	0,723572486224404
6,07469529551608	2,75189553724149
9,74809119428853	11,8059132910004
4,88156135769316	3,06102718773078
14,3123812020534	0,520958780549625
14,9491308432422	0,975363792895622
5,04349140911693	3,20203166148519
14,3417871674786	0,984611068319876
9,672129989536	15,8653071908534
5,78863798725878	2,31468769620034
10,2518143418691	15,3104076205487
6,63450747085238	7,55383954834365
13,8438134826891	0,42603473051427
7,21659308202002	7,70045614806745
9,10077053166368	15,8093191268088
7,06188737416133	6,53747648020639
8,79035209259108	11,1986454332486
13,9954743582033	0,278129137066168
14,1730860349631	1,10932999832863
14,4422465764568	1,53882989160755
9,10753341963322	10,6227338454777
9,70504824715215	14,8415726166788
14,6661980426963	0,719820630738098
14,078829769215	0,522138268391543
8,70532208826525	11,3158575923741
13,8508765616206	1,01840132317193
9,77880924395569	15,3052778846252
7,52038125205132	6,87468299584134
6,76269484905552	6,96046287695151
8,87927920784942	16,0689725867835
9,30193958460652	10,5563538809262
5,59559751040854	3,0287968315122
8,28199750586705	10,8753052686181
5,46847647279041	2,83191419943385
9,08714396373819	14,7936359167928
8,93938753858036	11,5382312884815
14,2906848068854	0,097085037025867
8,64114647904903	14,913108958243
9,37283805243058	10,5954343243531
8,89336756147734	15,7988992663552
6,66732799341621	6,57796390624222
9,73705305765643	11,7492654827214
13,9488860775952	0,338676418039986
6,38648034109682	6,68075488979792
8,67778710447513	15,8278752380526
6,48382182040732	6,66542594721169
9,01439613558979	11,0667483680138
8,90253844384292	11,3033152512665
4,9087973296485	3,06664097535366
6,03371466788385	6,69377230935498
6,02353915933855	7,03170775668194
5,81759588159323	2,41623134422865
8,86089354124133	11,2320003657593
6,1350298776541	3,42645000944658
5,6545495581435	3,51962753059442
6,84493689946931	7,78895053773735
6,18592991339968	7,03894312887047
9,35134359152641	11,8503112495371
9,25204837508453	15,5244467674476
7,47687442377355	7,92286675184106
8,81628583142511	10,6142322997629
9,56943339737413	11,8263210035282
5,77617068493555	3,05668437664545
6,12402695397915	3,54331194252484
6,06967977928704	3,5925592642317
8,99479546953351	11,046347209936
6,12179487796532	2,6657888431404
6,61710438597509	7,79952316718316
14,077604890267	1,47067824003888
10,2100355719575	15,6807207005635
8,68027171991706	15,6686607263877
6,30272314772163	6,74498020002355
5,47430974427652	2,49212823037141
8,88468149049275	16,0174965224214
9,76421817234887	11,177794634973
7,61306088266479	7,24862382561692
6,63505390745436	7,71169001805922
6,07158654023856	7,07181828723669
8,90798734135883	10,7277522795784
9,63489249609316	11,7441552396329
6,25912977158168	2,8736931216725
6,16354653145695	2,82673114029285
6,51258630763011	7,87791969404637
13,7440961373739	1,44041939588287
5,91286498553465	2,83743765803337
7,1909665571761	7,61908447013003
14,7331586885817	0,833034011611779
9,26196496775867	15,5036253862921
7,5886870602593	7,09878693847551
4,76853725073435	3,28352194466017
4,96781238473417	2,80259126977051
8,53424886554517	11,3662340857723
7,03340741065308	7,13656228542373
7,01973434678795	7,16237957345775
13,9203774578313	0,216702031591983
8,83703498684617	14,7642591447859
14,0340171077417	0,415894757252507
9,78488285430474	11,3425087029498
9,79995372762491	10,9032673839495
14,2281537295149	0,296775421611062
7,5264929552275	7,05346494322379
14,7344245698322	0,997483994152
8,82547764198527	11,0121450856664
4,72403035012123	2,79754516677806
6,37519844672126	6,89305063556162
9,81557292786761	11,4705143676369
8,81829743973169	15,8337563701464
9,97820525919281	15,0802221017475
14,3769266033316	1,06107089291253
4,99883440493998	2,72079539139242
14,1585046395403	1,0697202446306
9,42721965843628	11,054597038794
9,8373834565511	14,90059560994
14,4257471974459	0,144160629206658
8,579855320582	11,7404431033563
9,38232436043378	15,1678705385684
6,25179114096236	3,12874744006366
10,0915877069314	15,5688867835844
9,16128845457119	15,3924005730179
5,30902370004979	2,15875249636885
8,36174401724159	11,3820445630448
5,95716732815729	3,52607559540156
9,21784373021838	15,9806904199462
5,79233654944927	2,99813793933754
14,8711082224152	0,377031328800489
15,2251117083079	1,53741416025428
8,5628952205685	10,6145993264408
5,8501438481543	2,36195005942865
6,3485267471063	2,59736951889707
14,5603613033454	1,13811703957226
10,1013473093442	14,9269183134329
15,2088278036521	0,175976774041223
13,7596242174463	0,663541630780184
14,2891107127333	0,800378450542692
10,2608263355003	15,339067417199
5,13050971704561	2,32177440682581
14,7430281750541	0,282532597011018
6,40994450171207	6,62022483751425
6,06850308423352	3,52840598694676
9,27306548097501	15,849405475185
6,53526242117842	7,02338075306044
5,86742206701979	3,03995429291778
9,84473718536577	14,6231964660262
6,2711045401516	6,74427636953999
9,83378974199383	15,6105018307627
7,31866691081764	7,32442693211622
7,51145184977056	7,27503063010522
5,08200528565373	3,47012045583534
10,1881895547512	14,6173242161548
13,7425114621737	1,438255785754
4,95085463284636	2,93379198822072
15,210129243218	1,11265014507666
13,6469855946108	0,601253844708883
8,37210276407214	11,5020255929298
7,09745081278016	6,50242458889217
9,45996356263712	14,9901722020661
13,8772295666873	1,34496333953376
9,29742115133472	11,0379310745427
14,113224137449	0,419627833750614
9,0077912577976	15,4283454181898
5,29543839669808	2,51016779280941
9,69050783804611	15,3326923572769
8,31601287833479	11,6589380161738
5,02054644716702	3,14896289276026
6,11100577245288	7,14929302728098
14,7871822182542	0,786086783856628
6,94525807313663	7,23437388516635
9,47062320073009	11,0345199891341
15,1805956880213	1,32729849209372
8,31181472307225	10,6523222279826
8,93756802032743	11,1084556714935
5,08807116236277	2,20250252873301
5,47159517077811	2,57661819083744
9,22850909981069	10,5060433237765
6,98086809389243	6,9782100175557
15,2100698704574	0,355991768511473
8,41012418333487	11,5257762773472
8,93551393052467	16,0976564473793
7,23347739760298	6,75776144777999
10,1461058288504	14,82329428762
10,0282622545389	15,931024408496
7,30303087899252	7,00808170094559
6,3027227000027	7,53536787613608
8,45174905658737	10,8164270828208
7,31690909698632	7,02793821477929
9,22942707640716	11,4399438580208
15,0258952666384	0,835885955549847
6,26898349551577	7,37859070642299
7,60261664861485	7,36331225334668
9,1051264970593	10,5152047434464
5,95408967648527	2,8141891892938
8,63836585029716	15,2084617585227
4,78732910226079	3,12935059734864
9,58517719092272	15,4718594228521
9,92454012513503	16,0678971998446
10,2419626447102	15,9798249564444
9,4106585648222	11,1677007080887
5,46763585412404	2,3506051679702
9,12763251333513	15,0777447742785
9,22706859521879	11,9091956931363
14,6214648537187	1,07199238624279
6,46266856209091	7,84861525163801
9,02577550558333	11,3137649624085
9,28457584266552	15,42362562962
8,71303040964703	10,9412819854589
10,0878829820988	15,8577125248918
9,64632844451584	11,0362420814154
8,90849760261276	16,056539726603
6,29920535389598	3,27807219795362
6,08744538270622	2,68414194123731
5,1328147301666	2,56346752315803
10,2228843035141	15,9524883720497
8,89099812282958	10,7518768072806
8,80121460968394	15,9302867846592
14,4467059402993	1,49182598592147
7,1757440729524	6,89958450294306
6,54197015413604	7,18890456650075
13,9044048925737	0,676893216498813
8,39545019601873	10,8192385056127
6,70085895415536	7,84128959122135
10,0549664220718	15,6269917986532
9,44100827795884	11,4799862634716
9,78602859819581	14,7474346278831
14,2270627916892	1,07160876967692
14,6237239101547	0,307276225530493
5,69507504969105	2,29556034879416
7,07311467355556	7,33942696903473
4,92904934928693	3,59130727895412
9,3945860534228	11,629835987128
8,792993788314	15,6245702962084
14,7736849985953	0,740796517594035
6,61992804735157	7,11632873361379
4,92465822692123	2,80483490033394
14,4517937917387	0,918106514247947
6,78195942481282	7,66349983497865
5,49708516349141	3,2715025251933
9,9296927765923	15,7443419948896
9,30121119992205	15,5135720322395
13,8279681603095	1,53968415225714
14,857359333629	1,28743304253808
9,54007554495123	11,7081729256278
8,50137170260325	10,5231692001565
13,5681993376358	1,36627045623562
6,09787287388178	2,3290348971475
7,32254033554284	7,35841084070593
6,15517223772209	7,80848731452532
9,47797694955014	14,8114308106341
10,039997340008	16,0371246376753
14,9263899276406	0,129884958870037
4,86425574724611	2,47316039848332
6,17331062379742	2,4933795893443
6,04446895182529	7,26483477007511
6,4980664051057	7,07335292351022
5,73637951042551	2,68456631174019
9,73221186332292	11,0564783298254
6,80767466669604	7,69900093419298
5,28871669765037	2,97095572826664
6,25489653647752	6,66206508289416
14,3759823993735	0,443669408452678
6,87867491794214	6,78405096862828
7,05946306488041	7,81587436501985
5,04724503539362	3,60633609840555
8,72601599704148	14,9596623388887
5,74826900976079	2,61090173575828
9,18738857798399	14,6231608464284
9,89306124065892	14,7098853173532
6,05482395327605	7,91977952523875
8,22525358688228	10,7734809038147
9,26976741043942	11,7696601446018
6,36997926416679	2,31492770453745
9,88676859983818	15,308753349202
5,7433717974256	2,13466994093138
8,22692741689002	11,9128235868855
10,1815901042332	15,3429437467089
5,39502278266212	2,44913474214107
7,02403790475502	6,93817297064028
9,75080343311519	10,6433640494088
9,0043806028886	15,0943017636617
9,43321619765045	11,8682021771289
5,98187314448311	7,37485047427836
4,78015219152379	2,13730535377626
5,98267534791504	2,88627508804723
4,81394041224523	2,5539117730275
6,64224069775876	7,34591715268099
7,39841199263657	6,46646478293808
5,93879068520794	2,34339509980485
10,044819920719	14,7419724359232
9,08747576472885	14,8002112493518
14,1623463899378	1,22689306621943
8,84986669049556	15,0800846476088
7,52583565880395	7,89742636108052
9,2184024658018	14,9127596509492
14,8885071062463	1,49560092435704
9,0612611160909	14,8431122973991
14,3972413129221	1,33292001258123
9,66498109769426	11,2124537463924
8,37535601565263	11,0846407283624
6,65496435799523	7,47585696495817
8,84399452044369	11,8474492500241
9,76221124206983	15,6825379226132
8,93478865984075	14,89537730373
9,15064193040394	10,5238317138014
8,81119051558752	10,4869140943662
14,7018801496466	0,579815029341267
15,0763344892647	0,112732178838776
7,52696861167594	7,82284209008719
6,26685612859208	6,52534186853563
14,8006252615492	0,627429731111042
5,35465762689164	2,378378277026
10,0002349117759	15,4728338019056
10,0255507314725	15,6434299625064
6,91755224036825	7,42779082870092
14,144525686465	1,30682765764602
13,8708761059816	1,44092406049208
5,96273760502947	2,63488829109344
6,93876815457918	7,6494471218286
8,63196828278376	11,8606170778431
9,26746712925916	11,6284870697013
9,71308455322294	11,7490070807573
9,66710926921627	15,9236647958307
6,1421473891992	6,44201508484734
7,16993519941241	7,75400975204219
10,2226977883148	14,7386557338942
13,7329170630895	0,572586764131355
8,81072286180315	15,5376959022494
13,977156813484	1,329610533076
5,97251121601661	6,4831724141569
8,70835493967609	15,9606541457366
9,67485931171365	10,9287687058834
8,25960380068236	10,8135991874945
9,07793135119408	15,3936342152845
9,62602465787451	15,8267976612158
14,7922883091433	0,387141295816203
7,4756516512628	7,6945267155387
9,22412806217991	15,4463685915352
6,00620282379877	2,21540218513526
9,46258854439583	15,4184367484544
5,08209956888519	2,15194074230644
9,74696135571023	11,1213122668007
13,9051314206867	0,153103924859769
9,55019643386688	15,5188119480655
6,21570838172673	3,44203612590199
9,4160560333408	10,7087464333708
6,55313232182482	7,38097696135566
14,0996009604789	1,43685260318404
7,61009191659449	7,00397111174646
10,2070919811662	14,625948850209
9,67357258286708	14,7835974252651
8,85842647154519	14,6231735971585
9,33589560132512	15,7661195777295
14,8498196962645	0,522237993866965
7,01103301449867	7,3981544950675
9,18334510995866	15,0726622690543
13,7245748640909	0,709783954377496
6,35180430605582	3,12750307263063
7,1587842114035	6,49151399510672
9,64679016406153	11,3624010186875
9,64042388245587	11,5845373387882
6,77448859370765	7,37646686718338
15,154067300021	0,239649166070032
6,94793480138056	6,95784996214261
14,0303026335703	0,274628196414246
14,8180501632989	1,26062800258549
13,7489077296394	0,143961746146688
4,89292917257661	3,27244386595485
14,8471121321722	1,17497247649731
9,88425421593646	15,0791197370716
15,1388147471653	1,24157990771138
8,86170336862437	15,4641742579016
8,23485624018366	10,7407447132224
9,64469608619656	11,0803047225788
8,74549192879933	11,5875756970632
5,77376075069435	2,80989392827899
14,3732389184724	1,05729591597127
8,47151251488758	11,6526387086518
14,0884272599439	1,28009434913221
7,26948078877972	7,2818752431179
10,1467045194527	15,1736353227973
7,38154549719524	7,65103695872331
5,63231847516234	3,34246691669572
9,93025540824803	15,9190213064723
7,43673902378068	7,38946598480284
9,36738041205033	15,2804691159712
9,16023589866004	10,7550958149467
9,76900743913043	11,6119256765249
8,30606818004799	11,7876320372644
9,35766977029615	10,5430322441349
9,71786462357565	11,7713758333057
9,19499574288867	15,9862199093409
9,47143284793587	14,6762920654164
9,76409067920684	14,78665828224
9,16569016886232	15,4123380629278
8,24490210322796	11,6895122985023
7,31370051590875	6,78893150340414
10,0293334065333	14,6173648989787
5,2476053040862	2,9551345853705
8,66009396791837	14,6970115761634
8,61692918321869	15,3035976586662
14,8966179442584	0,914226063301206
15,0374339002937	0,165335826700063
9,22588130838581	11,6213622069577
9,73187389356681	14,6963190096606
9,65023896410271	11,4451752165677
10,0086967783322	15,1064892889063
7,03807340838762	7,04810661383811
4,84958713813751	3,50620413535002
5,40340539056906	3,57780441206309
4,76966457361228	2,27315269742846
6,06601559972265	6,45002288033387
8,22964142097155	11,185177847926
15,2043210772506	0,400658783453807
9,47102367443454	10,9419563363411
6,48472912357673	7,05638944567848
7,41438194199587	7,62379903529288
9,60957753992417	11,3193135485427
5,06038643753652	2,60325716318387
14,9760093877	1,09226286394424
5,67283080898918	2,2070005426895
9,68973335456604	11,5582011426113
14,6396910535032	1,29007807819398
8,55541238131526	11,4198651615409
9,10151985119928	15,9221419179555
5,45363671074522	2,12741367405049
6,53794627455514	6,79076070730808
9,30077498792327	11,0926031295031
5,82293958597723	2,17195708463938
9,04939193353727	11,3258108537057
9,71541509281515	15,9178189208271
6,5681429592019	7,6675449746368
15,1617927365958	0,776285042894054
6,48300113322512	7,7761024536972
6,24983423336658	7,14381338037367
6,36143988671916	3,34526143950642
5,98933250167675	2,33351599259663
8,99166868806037	15,2566676172786
14,1208812956447	0,641574248423707
6,16958009953082	7,18907377839083
6,14223347227514	7,87042354239059
8,99827574294286	10,6907555110011
6,60546573544945	7,3293360464634
5,22267909920077	2,95909277362057
6,10514822914579	7,53781686557236
7,54852915914873	6,84564222362608
14,2196902028739	0,845656844706316
8,39524044615083	11,5932073104849
9,19747133027141	15,7833681494442
9,40803701645897	10,5608078376708
13,6144027410255	0,120545865648901
9,65707858455676	14,7292175138479
13,9189070387366	0,778601798838511
14,2353156813398	0,712089472250857
5,65285984983079	2,74696497246138
6,84915904794398	6,62892696754185
9,55659474819453	11,4804033808391
14,6387304339225	1,14272389396532
6,0960868907649	2,2376961887311
4,74412927169639	2,362304018439
13,6313182234915	0,243973213247262
9,22667571548427	10,5131276340765
15,0358272311248	0,192337179440095
6,25441778211922	7,93003355622328
9,6449946047297	14,7524416143947
9,03661198299495	14,6425183554467
13,6257904577894	1,21054604886877
6,4188062069247	7,47029616079183
6,66560200099627	6,72117334780497
10,1951318781915	14,6828752076552
10,1527611622382	15,433875596892
5,37460116810269	2,8006673675071
8,88474014226309	14,940306856657
13,9276485310965	0,962338725413076
14,284880703931	0,331631970758427
5,86080033630285	3,27405381206984
10,0470263143092	15,7339075596048
14,8359031243603	0,152838697258278
9,2923033897957	10,8475107293082
6,12995306737559	7,09907212196383
6,27888351113983	7,22829089881893
6,3743647637493	6,9246050658239
7,55395717549009	7,15581412575669
9,75724194975221	15,9313003791106
14,0820369574103	0,559736462543353
9,36763279599767	15,3765554712375
6,12040622056669	7,88531439835111
15,0018542358444	0,527305483551213
14,6263164950306	0,808166138821972
9,46075224657964	15,8326210374873
9,18216441425646	15,0713749922321
9,21121652296546	11,6140393727328
14,9230565534501	1,40577076452444
15,2162059861051	0,531372722271404
4,89814911744469	3,163888238238
9,74906554151709	10,8723096463486
6,39347806826924	6,88815338967527
14,522857844173	1,50858061612611
5,01695858062395	3,27713024513583
5,48972081523762	2,60420836001248
14,7409744152944	0,728834704722061
5,14740285225588	3,24199884276896
8,69013165730547	15,915661799883
5,85939587543091	2,47202831613829
14,7131306525053	0,137073234088863
8,27006452972135	10,7805824202757
14,9946951460648	0,555565420923514
14,2867979471504	1,41908377432943
6,71945374207374	7,20351108804833
7,17660943674638	6,71450105932983
5,63374717305432	2,35897371110619
5,93768801133033	7,89905304873523
14,3571062026753	0,99880730706433
7,21182444854006	6,64710862597844
7,09091144427277	7,20365648905007
6,53263323210751	6,67242920485313
9,03590744128516	10,9715473779214
8,24289061219501	11,9184515810371
14,0435443767222	1,19490144983569
5,59453946359639	2,6181453622319
13,889632364996	0,400670343898206
10,1760719488972	16,0193346918451
6,78181942427293	6,71489109495782
14,7518411902893	0,640488431883052
9,29875878043731	10,5941251807375
8,48341893240852	11,6121625762441
8,42135879503462	10,9072858102292
13,8566803165511	0,514352407868462
8,71799492916881	11,6852338691048
4,84259427539	3,25939819745107
9,75285227660364	15,7969134111398
6,15825449172362	6,92069407810821
4,99452196391955	3,52299663879599
14,8270165100633	0,900435787877487
8,84072930915909	15,7479418768271
6,23968715702299	7,5310221034887
9,04796057485759	14,6564677927216
6,68977066426765	7,3387960714568
5,16273149848314	3,20182594199915
14,8557919467807	1,33023837826748
6,97567350037478	6,51278792382417
6,25542583124014	6,93342782429328
8,7345213216115	14,8396834877408
6,3028893660976	7,3128982967463
6,47939066140525	7,40675017730463
7,03113543866635	7,47763334387348
13,878356673315	0,537685052684157
14,2801026991918	1,22048715528387
13,6190641299014	0,67240340207739
9,55907202851869	15,4536052954111
5,03176312082639	3,2168300478885
8,65561116155781	15,7570671664359
13,8052325556929	1,18959620089433
9,14245010298235	11,106017919966
7,11694086826625	7,77224867518349
7,50627971578907	7,60714135271776
9,12916633948857	15,6610798753882
6,82793590350811	6,98570924617636
14,4821536946988	0,706372980524579
5,08041586711229	2,39988586422296
4,89203357078908	2,53989625691634
8,67889649079335	11,7224424226228
4,88064059721456	2,35164957478075
9,44846202989494	11,0942228981946
8,2074966887862	11,704656630993
9,58895554095723	10,8258214815229
6,41454482080155	7,04655438536449
9,56451725966018	11,7240084532191
9,80770112394666	11,3689216465746
9,80790829901861	11,7964946149325
7,19640579090571	6,7857918882001
9,36916092724835	11,4263835976306
9,83532883133678	10,7604901622363
14,9707639029054	0,419152306020695
4,9684345853934	2,8500384836399
14,0268963274396	0,625082169938495
9,22167838332426	14,7282306754553
9,03045607492077	15,8172955547818
9,5744731960913	15,6078899014453
7,42437844218996	6,8688900822572
8,94253746769353	14,8005707839189
9,45048345806223	11,3700661465239
5,65237810333683	3,09921579595006
5,30027582093602	3,44491967812267
14,9718424052311	0,219305855887934
14,4719037436171	0,366550916129418
6,03994413481038	3,39676912412461
7,32150145654315	6,82414024034007
7,16793979124255	6,48486054007139
6,19444687036835	2,61484271739009
6,77272008708556	7,05876386217311
14,7621303995679	0,302704330267976
13,6038122383791	1,47664958966184
15,0808024133665	1,27678366229529
5,02479767765803	2,96136852905709
9,99913331113664	15,859203664623
9,52623379886247	11,2881892449786
14,8516684799006	0,322016111514392
6,39205706453547	7,81322106086747
9,91500228824993	15,4082947548394
9,43496819921564	14,8319715949032
6,49013845768255	7,2789335947429
8,69316937315483	15,414676590925
14,2708913105011	0,775529706916862
5,23191083734453	2,58153250442534
6,333587723918	3,02784315489256
6,11328864948595	3,16579179127084
14,3535016098128	0,327080293809928
9,8151328685312	11,284555272
13,5699157374404	1,43869558321585
14,0693832922093	1,14899873296761
5,681005015141	2,87025857228851
9,0770680556968	15,903876817667
6,33105612760145	3,11481344036563
6,34221113993562	2,11933008909038
9,50564990701097	15,6843444443819
6,13774436180318	6,50806217546164
5,36658325524728	2,40079592123531
9,35703329872139	11,02264961614
9,44645593554454	11,8137656304045
5,07943382736933	3,38364718029538
13,8237604777494	0,73469062856897
10,0301055084645	14,981233186648
9,42665386030024	11,6213094493676
4,84422816288892	3,26550696624177
14,4672728694394	0,828371201272035
14,2050820817946	1,36978140258263
14,2701747117177	1,56440115375931
14,1197063120004	1,03812220629193
5,85562234787074	3,14984336765346
13,8265533223934	1,18761612725683
6,21189533004327	2,47635861135543
14,3381019709288	0,196069758475553
6,72237759657414	7,77082966307297
14,4041518486591	0,484768682615756
6,64128107793593	6,88232243641627
9,71002799265819	15,9139806870653
6,19895997435344	2,20684409792082
8,99453461864554	11,401610952668
5,96833307809637	3,49013124445961
6,6566539012884	7,55329916630209
6,86513264525611	6,56146515452577
5,67412767037176	2,80102398209103
6,35776346670789	6,93362098350914
4,74701379735361	3,57441552962153
6,15405747791123	6,98225890220777
8,74277391460818	11,5599267113932
9,21941131489791	15,3940988121567
9,74051383302519	10,9627629225633
8,62561810299113	15,5600382403706
9,53672630940652	10,719817148566
9,34061685835304	10,8043970260148
6,69985915718223	7,84340548024965
6,36264226504452	6,56893817828843
6,98590968373799	7,01358580771429
6,31024343433965	2,38972374920118
4,98812088109653	3,29171510637204
6,14943752460906	7,50901312102348
14,5899356785166	0,521040589358416
6,97918325458815	7,75287770660766
14,9024385933368	1,24938166606559
14,424095427222	1,19233193130152
6,78810070759713	7,25620827460991
6,36823201282699	7,50981373197073
5,20464866333969	2,13176545119903
4,97252501019013	2,94563616398099
4,97113367598417	3,21226269062573
13,8965012313898	1,313306913421
14,7730969970707	0,772424204201275
9,97220849499747	14,8856560227925
8,94871103127634	11,9240620856588
14,0690211925421	0,259688954176423
13,7146921227042	0,228366606418353
9,0330851029575	15,5874843428496
8,86637194038705	15,910189315153
9,10596712312793	10,5158590703773
9,49741587572195	15,6547946135297
4,75509002186359	3,42174688360741
6,99059050503717	6,92449918113244
9,85663457261295	15,8451858017101
7,06606371682452	7,07781148612348
8,4531899677227	10,7481265860537
8,60307592001441	11,4694880938099
13,9557131950126	0,666168907112091
8,45589678494455	10,8816946693834
14,4661549700144	1,38709430986402
5,97159974756625	2,90766707352711
14,7002190321483	0,410180428512132
10,0173988027224	15,2281184679728
8,73486987064515	15,4842664569579
6,72833970854441	7,14863588110808
9,03332504667219	10,6356453647421
14,4421026341645	1,17734456762867
9,52691173355812	15,8623494774586
7,32528619706085	6,78210005243159
6,07094615842656	6,88851539542382
4,89975690017857	2,65987745937835
9,38099083882257	11,4793019087633
13,9713878456863	1,08127995263048
5,23142599976315	3,35449917481136
9,57198026390514	10,4955145445372
6,57161940235263	7,93793360352555
14,2456468628768	0,520887820262072
8,93470610019261	14,8145970819939
7,50250722434099	7,79139421053816
13,6601670066516	1,52650016332574
14,3897252457966	1,41942193795963
14,8086923772044	1,33927338022926
8,97803107358617	15,5583368306145
7,08054070248147	7,93802396487047
14,9173244353905	0,830922966547504
14,3470219354012	0,878538024035559
8,19368601855373	11,4482718954312
8,97737553840531	11,6329556064072
6,66382840657458	6,93182225059797
14,9596579010831	1,16308311779108
9,25660350862785	15,753484275811
8,69448466484291	15,230111748037
6,78236831083564	7,13665622270256
8,82355361211384	15,5953792638862
9,27068168939872	15,7310063800199
9,41070113769276	10,925676715793
15,1644362224921	0,931390956462649
14,7251681361757	0,433339705672764
7,53331095680158	6,62484618682204
8,71739523641441	15,5963423278277
5,5600939597237	3,11447403421443
9,08169965695912	10,5038162144668
7,29356798596837	7,62207601725298
5,86781322261005	2,25859014734159
9,30179988175016	15,5866349236868
14,284457206596	0,764243965222655
4,88936227797853	2,67148766065789
5,97419198417584	3,09608168955706
5,88340618492326	3,27725753703035
6,46519938398197	7,82961739620329
5,05776945433473	2,13872821377125
4,94742976300235	2,2873086312695
7,19051123056452	6,46927614567245
8,87252222078584	10,5819241998937
8,29311250241454	11,7016132242162
7,59138835833861	7,0309377916836
9,19540497135968	15,8637702543032
13,6870042115422	0,354689185905931
5,58599612683687	2,33204108885504
8,81465895916265	15,8862004705433
6,52475594294215	7,20655018588766
9,56388300572597	15,900316742745
6,89549197401127	6,59965523209751
9,01573715330501	10,5167235423594
9,40874440964842	11,5821511314953
6,95384219655684	7,67773668590235
14,2063374819621	0,781916174667518
4,90104416878282	2,33551672613384
9,67979440890714	15,2145326051242
5,32439133674272	2,28260441913367
5,58081153654766	3,58708332369844
9,81437913256327	11,2304541444961
7,55580546314698	6,45847409288668
5,94682254559353	2,59763133884107
9,11591851412938	15,843607682763
14,2003762452226	1,35696077785299
9,3419642036654	10,4973122785911
8,77313619984553	15,2863043694106
9,06057817054789	11,0876268236297
13,7757982928972	1,3058864566105
5,76143299662583	2,62437183465448
6,88664861365958	7,12024284996482
14,6896060461827	0,64648911918727
6,91691423000295	6,46904810295638
4,95585566061059	3,37618611710597
13,9544335178873	1,31302646888864
6,41743850189838	7,51272521156285
15,0880842182859	1,35678695284307
9,94182582329285	14,6874503346351
8,63808218899776	15,7251888096431
14,1234917891782	1,2517964075388
8,98608181595509	10,7967446468869
7,51039258982785	7,61942728877585
13,6620368327851	1,52819642717392
7,2132910084622	6,58831232224255
5,6124165717123	2,90434981610598
9,8177062510938	14,8326128980446
8,3344332082446	11,2371052004107
7,41675438553096	7,42209074172622
7,14865646895634	7,20330920387592
9,69147298593062	11,5591198535696
5,97301357713919	2,11625532471931
4,73732207136576	2,82874287883731
4,80255994587311	3,16889870270404
6,35861309822212	3,22244284006565
8,89197617798428	11,3822416058382
7,43593086645018	7,53694006759005
9,28803076925622	14,6243657448914
6,97550247419927	6,9076620625368
5,004592840089	2,93091753269715
10,2870966593031	15,7882953059894
9,95515892040582	14,9321258749478
5,87824169568014	2,52527618981458
5,99213093483481	3,5659693650581
14,6862061282528	0,447856422725155
10,1175817246332	16,0280761961288
4,79784109616947	2,37542953755658
8,36351901638426	11,831151149483
6,15128248312216	3,20429021780274
6,80132076195137	6,54194800424588
7,13334775073188	7,45856018966176
6,21628525373579	6,89229930623579
9,3500881000372	11,8474555172184
14,2466759023401	1,55018419525361
14,4190742379338	1,09949572842988
6,0133155264245	6,67390813556113
8,31109685015061	11,2182911692033
9,969230083092	15,9778668640829
9,87811480804461	15,8730615271396
4,73379068776753	3,59974260886951
8,88451644483587	15,7779787010897
9,18234488266574	15,2509586338722
8,81849115957942	11,2775015783407
5,83119327333433	2,24930814993148
5,27150899954284	3,14150353551698
8,85661104150575	15,8538213648604
8,64334458244145	14,9572271865401
9,25496625466909	15,1771213672115
9,06686610885229	11,5469559907054
14,9049887729189	0,2757411948697
8,82530284265326	14,9222320651897
7,22632803644061	7,90439573157328
8,36776172222392	11,2678666570412
4,83968309269868	2,52044636376825
8,50837419215916	10,6978622467568
9,74113987330192	15,4296457710389
7,49166885639187	6,59487014142149
6,10256519684329	6,69362994662091
5,40301495569608	2,85133102557925
8,55661523128283	11,2429443787898
5,25744186601976	2,8086789053474
7,1284451138829	7,75745458806755
9,12187293494686	15,0666270771153
5,8290365741298	2,79243875088086
6,29351193887416	3,0865987792446
6,28465642693778	6,75152018908845
8,94838639264052	10,6707249506661
6,45037396766625	6,69350536437486
5,9545246163019	7,84535733806313
7,31729664953649	7,22358317402278
8,60712107924321	14,964641640562
9,18397444200884	15,2076136334779
13,9779436793659	1,22741169457958
13,9553683541441	1,15016347784642
5,49025512871234	3,19034418063288
9,45150876851793	15,1374704230015
4,76129902949513	3,52550043981068
9,26164733399332	15,9176270391438
9,17038772117463	15,5866965407862
5,8805044408301	2,23359363596273
4,88775856430136	3,43507279823402
9,16369667885991	15,0808863539471
9,68248154650702	11,5048371469809
8,87894486273956	15,8895727410951
5,14115521175426	2,98109787804735
9,95234410654281	15,0382846896156
5,06503684937079	3,5130089214991
7,32008040118122	7,87113239118166
10,1841306409165	15,912274733735
14,2176803813673	0,747088472072484
5,96141291693938	7,70129813680698
7,5570887146563	7,00265238643949
13,6270355931468	0,831302749448075
8,79606543476188	15,9021670638319
5,17568721263079	3,36621317445694
8,68883296643635	11,0398149481516
8,8863616151514	11,9237778046817
13,96968975249	1,30616082065693
4,83977662423601	3,40502828250332
15,0324730042494	0,96990379476887
9,68683401084361	15,0051514817498
6,71309357236684	7,60905298544253
9,03750607168721	11,1992096746918
6,83093548804619	7,30114282078719
5,13417183616033	3,55992492959956
6,40332659818427	7,53640580229426
9,17601770960152	10,720190904222
13,8306178841376	0,835359795467171
4,74690422439965	3,22569089654834
9,01689803892926	14,7127955389704
6,71753113596928	7,38755253775352
9,78634660683865	11,2807112294606
5,96874529705316	3,14215627985419
5,20927147488641	3,17718587144298
14,4500614633684	0,248992371471778
10,147181909245	14,7597125359456
5,14268471921578	3,03783053945042
5,65831647374985	3,46388726657732
7,45764621894633	7,74457183196609
6,505226512313	7,50783315434432
7,10632900064499	7,55942511142654
5,86515715526949	2,72743445822353
15,1008493973053	0,696419145180732
9,80572466083861	15,0120143068846
15,1098373509968	1,08841095991788
6,21578913563522	2,18313576153722
9,30865399840748	11,820021486037
6,03244287313683	7,34849842825876
8,21338035455592	10,8995581986259
13,9331055987271	1,50733617373352
9,57678351116254	11,3511919215614
9,80479813265143	15,9792256524807
7,22326522117591	6,71592683703699
6,37293574995443	6,45658739817275
14,869860859479	0,774532731091833
13,7850633412132	0,837293191693511
6,15499439440308	7,83441498989781
4,93607077163905	2,92209887403703
8,24932534731387	10,5522306453689
5,85994095956263	2,59743515643625
8,85248277192483	11,6948782903132
8,99824595127726	14,7193639610014
10,1447810111374	14,7509842768283
6,86276740264885	7,05055659778631
14,9507123314373	1,26640085179951
5,73885495388149	2,38745987159074
4,84987601224085	2,69293250426483
15,1789833414546	1,24948450075043
15,1212704422398	0,789945124960077
6,03719318124104	7,64335176000721
5,47075487896753	2,51192209663561
14,720726398675	1,26395938943972
13,8510642372736	1,00757716693224
5,96493419251727	2,52248821328307
9,42904974691917	14,9311711104603
8,31109327186282	11,603197470173
4,81148360036585	3,0631202407309
14,104473457593	1,56933608394219
8,30530633607636	11,152552412498
9,24588921825897	14,8464219297982
4,91872164892874	3,24812118715138
6,25417544098442	3,14206107120347
7,12487072383561	6,68617873569969
9,64786732575941	15,3529822006221
14,9943040300628	0,284703430696063
9,49895856867884	11,4433193692871
13,9117685520896	0,190662493935989
8,88117355825226	11,259384209606
8,58241411405091	10,7338338578704
8,94869744571404	15,6345789598941
13,5431332203341	1,40587522016581
5,93171295462802	2,97601589426138
5,09493863182463	3,56417163649082
5,94633833230506	7,14279047401553
8,86468408459917	11,5542233632839
6,1418377986881	2,11033339544108
6,46961916894226	6,66866874591474
8,92793177820937	11,6119401262005
6,07854615908706	7,16335813341167
8,27881926642833	10,9407689262758
4,70117053729054	2,57065295559138
6,59248111772097	6,84069216738072
9,24941801610075	15,0527979873158
7,26482316067376	7,71907158098262
10,0924018982555	15,3058251224058
7,37375948947539	7,68500952403357
14,1875816327613	0,64675561333143
9,34859844534303	11,7059770653175
13,6602257674099	0,915421342601778
7,10217817362174	7,86041538377233
6,11139903458227	2,41585412522665
8,95050450271544	11,5434798194326
5,57859957348333	3,01268264747808
8,96554988863067	14,6689015423827
9,1419911356981	11,3772974320352
5,74680667570433	2,87077589418703
7,59091676673678	7,08604116269028
5,72971119090021	2,40629917396164
13,6974895074094	0,629028243320099
4,86767020232582	3,01223384801521
6,05434513134072	7,91173468128213
14,8776469529351	1,03390136568773
9,63776211643584	10,6130174781473
6,21235010129521	2,66014666998953
14,2228822941472	0,375511594205689
14,3539766106461	0,623076220391008
9,76541058418327	11,6088434130521
5,47929030826267	2,1683453120105
13,584474315632	1,42234145833944
7,60106048740578	7,04288367961577
5,71585587375925	2,93767733573402
8,59136608060424	11,1526886473185
7,10393096864436	7,78144662524474
4,83672907699679	3,40377244123476
7,45673498412388	6,87238708258015
7,22258933363627	7,59069513290618
5,98412631996431	2,67564805333153
6,14533870698204	3,03800897856917
8,95510636969706	11,5532968635019
10,2381749803193	15,1001657370662
5,49056311616961	2,84983232913004
14,120009524644	0,989072553542132
14,5198188527475	0,482689579083674
7,24110623099258	7,64481678386345
9,17089859610273	15,835045934772
9,19242917598206	11,5847518307813
10,1310958592653	14,914281330883
9,28698050244579	15,1469991531924
7,10931028341325	7,57230919442237
14,6718663828071	0,173872914275369
9,66266056017506	14,9291228003855
9,47538447479938	11,0828347447905
9,52481134818278	14,7488432576966
5,6376579322895	2,27965656384888
9,83434321650257	11,8062083611538
14,4175391978284	1,0492601613023
5,61750872655314	2,831346295889
6,32310926798935	2,87300109451572
10,0878766887293	15,6196569489509
5,94859519072748	2,73053766216262
6,17454289726671	3,19052446047984
6,60836316327286	7,07878682241335
15,2123458078709	1,14756728276139
14,9807357575877	0,22286352781792
9,70693094258985	14,8907261550325
14,7629104424707	0,393341135978884
5,92491994352649	2,5415142741838
6,1201950419095	6,66695650233848
9,47680683642158	11,252991046241
14,7979291997478	0,227559508747699
5,32429829353846	2,56354442544727
9,18640848063234	14,7001727198713
6,25357765674466	7,9092453063211
9,12799899266961	16,0901758861809
14,0684719064757	1,42214080322943
13,553295493475	0,379940785010941
10,0567655269663	14,7659458204908
9,58044950910175	11,2644306514734
6,82231192884073	6,64518110495228
8,58199346864011	11,0330787146101
9,8252678193165	11,0714404405466
8,2260536256181	11,6621977846826
8,80966533787411	11,8062527041184
9,83258557847957	11,1659056996683
9,31960872224699	11,2463181215398
14,8499345978439	0,422255271173717
9,65619763180671	15,2816178475381
6,12611708320871	2,15902229543196
5,19282093260976	2,27601295038103
9,61838032097936	11,4239194584655
6,32373611938359	2,93999653192608
9,14645702692449	15,5325804101422
9,32514019119723	14,673712120751
8,29232003374701	11,8025968203176
7,23691514089353	6,92918444633789
8,57012590303256	10,9508993643495
14,0393696768186	1,40242170510061
6,35827492155745	7,29478331408079
4,90340894667235	3,02241726822339
14,313856881094	0,211594061600153
14,1648184188476	0,933365527486195
14,0819272648776	0,439890017772224
10,1490342822714	14,9336080361147
9,32089025699204	11,7962478257554
9,69823462792506	15,42821287911
9,25872544479559	11,5181903211551
15,1497892738851	1,02349732860643
9,71075919043322	15,1831922883645
7,42443852918318	7,20164293333751
8,9422910540142	15,1728457336279
10,1443405337245	15,7409556698001
5,35973224386851	2,42193236826715
5,45580049317983	3,11465661471612
9,13180128884457	16,0491679238877
7,07314694729581	7,53233743969621
14,8234052676604	0,703269247570012
14,9901434905956	0,960263131792624
9,54799236793791	14,7955332493964
9,73658451503558	10,5920597559623
9,70475046542518	10,598846909485
14,939060756419	0,86798393394526
6,02389064562094	2,13524223600498
15,1737871092078	1,07669852697068
9,64636491650917	11,0146089936909
8,89862818437862	10,9681505162205
10,1007044349465	15,5713155991244
9,14666743022407	10,5150488265113
5,19519689640109	2,28133603456497
5,79285161013673	3,48023917595707
8,34095724588499	11,9179585764525
9,57736235567819	15,7774988996618
5,45384285442778	3,09461133913581
8,72688368271492	11,5546816538283
6,55461428080748	6,81835516593383
4,8561469363454	3,29889643221358
5,35102500207934	2,65880335231905
8,99760394644792	11,0419114162737
5,58715190731497	3,42458240980511
7,07713688239685	7,1161399746995
9,23488078379493	10,6557949967207
6,37875116903144	7,29843672947347
10,2490164489873	15,83874040164
14,4886995191489	0,965648399325888
6,84814749772871	6,49947245925396
14,3866668788622	1,56766309771722
7,37573592883469	7,78080429656721
9,83663462509037	15,63637206209
5,61234724307118	2,45798875775911
6,62172721398337	7,14336116494686
6,88758688713793	6,6921039181295
7,41849084045188	7,54701079380812
15,0951322975734	0,296579986279449
10,1837280938592	14,7979242686062
5,29824598567933	3,19494012071508
10,0839361771845	15,9129906034175
4,89356799513863	3,32772715941043
9,7951631808127	15,5406368698008
15,0414796505696	1,4051661592528
4,73781760654666	2,73456906263719
9,29561152532089	10,9412519734641
14,6504863760387	0,373497166465967
9,74799481345018	11,4783859436984
4,91811441697411	3,40492680158045
9,01600005201222	10,5232773398441
5,94340422353146	2,48067426049021
8,86269730912155	16,0758518668889
9,58142537725046	14,6936395296595
13,5556446634713	1,5536112827992
7,05245959319103	6,95092468343838
6,42499404871083	7,63365804558643
9,62319497807962	10,5474369600726
14,3225181833742	0,403049276221563
9,86110689971558	11,1644448927314
7,61342902177844	6,95495373041759
9,24627509446865	15,07898556602
13,6007755209772	0,707172489657779
14,1503838860246	0,532250603332501
8,82646800541736	10,6333144908246
7,56218991407062	6,64323738313993
6,96633396000848	7,28339423456037
14,7306428078354	1,00806226705178
6,80503609005763	6,47689262772929
6,32468060943479	3,3433066653367
6,84738847517299	7,26229798573235
5,59357211982967	2,31901448311913
8,80633024191955	11,388080071053
10,0706478487164	15,0408221332347
9,80372684879384	10,6414516718406
10,1696381344943	16,1046067036822
4,70621773753971	3,24911629208538
7,20553940025623	7,87728628679816
9,07574524467182	14,7238733563125
9,04794862614498	16,0629762616099
8,1847062435455	11,1316666441438
15,130578270706	1,39684731603049
9,48557450085365	11,6647601624713
6,34971723005227	6,83139055607586
8,79217298937235	15,6833066435099
5,7201220627067	3,5316843888632
9,56265930720966	11,4415806559955
8,21125144420888	11,1824030476633
10,0032136010341	15,8590822946526
9,07146968168335	10,7147114356486
7,13021918446037	7,06998028561043
9,86287184153284	15,6154898031358
8,87541592994516	15,5419921359568
8,79716565434866	16,0470936869125
6,02280300892665	3,57485206232673
6,90565924554173	6,8821491279175
14,654444462478	0,265523656002157
7,42293561188786	6,90494447113751
8,82139133837902	15,6814734312858
8,93981637621125	11,2072539986274
14,693274543138	1,19412048501872
14,692045643346	0,861833569622845
6,11423711264279	6,62778966884022
8,96548504906867	11,0505219401338
5,01331172225306	3,00540965852169
8,66780325442274	15,4468662575874
6,63734730220262	7,64925588853329
6,70328107785715	7,657309042719
14,8632027737542	1,21887182634904
8,93338971512634	11,9540126285913
5,98348164408571	3,47019966669544
9,63848585875405	15,6787210932476
7,1251436442893	6,85113119733718
8,79276742556719	15,1402040302945
8,77015451098736	15,9277065486139
4,98270454671391	2,36767330811572
5,58485879818191	2,78751650696857
8,18431872357855	10,8207375074392
8,62689483112566	11,7968603841318
8,51292681471451	11,1100958252652
7,48250320118915	7,16278778294512
5,63892381352049	2,18470526299031
13,6716819749141	0,338726573826896
14,593653463589	0,193336676608493
14,3785035944789	0,670063215554488
6,13810952975343	6,71240628199591
4,94192245281732	3,08077622143247
8,83050693179245	10,8070719117339
14,0415503344797	0,428332428497494
9,38155602381753	14,7203536377958
13,8493926745296	0,718603092007785
8,72173006236052	16,1136497651753
14,6574390445231	1,11726164505452
13,6883498037486	0,591823966492096
5,18549563246575	3,05170854179902
5,11226250952436	3,54477423057141
6,22795223700655	6,80881441954604
4,82666050618867	2,51496557520568
9,54802795438348	15,4074656489767
5,44253614620493	2,30538786502692
9,39344841131312	14,6760405731624
8,63504850075218	15,4301247261139
14,0834118891794	0,865065818173025
9,18844366973705	16,0057242680346
6,19566843887061	7,0013582814457
9,24321260042563	11,6032902558066
14,9055678172188	1,57365541219601
5,21296751382491	2,47050900313449
5,04319343731112	2,24843091951016
15,2104650979516	0,29379168799526
13,8282378040964	1,15423756624692
13,5429399519513	0,428869569990555
8,80772785943102	15,2499619472835
13,8041220024791	1,15958552322126
8,73707747012198	15,1095609428553
14,1816336001285	1,48173681200926
13,6779613100373	0,853559244671704
8,42907061078425	10,954982943812
6,90349208858499	7,19570911279915
8,94852559409985	15,6244821702478
6,01172043906667	3,59540193180818
9,41897247961733	11,6200806151364
6,1881192612404	7,20432520088363
8,96133315937423	11,5587506199081
9,28402490263304	10,9354476256241
5,93079510007785	7,88329041057949
9,30991700748177	10,6805206226644
7,29170388987278	6,64570829529073
5,19412673252131	3,05021432855405
5,33576061691123	3,22286687166092
6,19910366135705	6,9907349899235
15,1965358525975	0,52476476118368
14,3981632223551	0,850902263147108
6,14133590707994	3,55679391498729
14,8398563556205	0,317568987146482
14,8920746828554	0,732126177373335
8,95461992160896	10,6499359310123
6,37445878070756	7,64797409333754
10,1666217917674	15,5591893072138
9,67372658686742	15,7740424608486
9,0274219361636	11,9730999578528
9,01794556051798	11,3279082091498
5,97836185858513	7,07072824027922
14,5629519793981	0,755396803832819
7,31642252333427	6,63622317728985
5,28666041124834	2,27194925445744
6,31165363685719	2,46474673720454
15,0062653519998	0,857155764402069
6,06055977921835	3,54240528501473
14,406347871567	0,411984410163354
9,52854698489214	15,0523413977684
8,26759932818969	10,5588153916532
15,0896892329007	1,10534430298777
10,2957400017055	15,8883215233444
13,644301500452	0,140683167458115
9,99872401123562	15,7645807112017
8,34628296876544	11,4490073029924
9,01996558911722	15,8645054907989
9,07866022196048	11,2671687120662
14,1343114948745	0,217414555008919
9,45812277454494	14,8836826380762
8,28249940843844	11,0521791167992
5,40032380665753	2,7241434624712
9,58910600755583	15,9972973920495
6,82473850619649	6,79480785465498
14,0652200302732	0,19862619522715
9,57865951530896	14,7327021174616
5,63610335276991	3,38308327752726
5,87412778160443	3,52615126081524
7,59600548744731	7,58682687892374
9,37140934718171	15,6794315884424
9,408973138382	14,9378945025579
10,1494754997476	15,3684955290045
6,22005133446431	2,25638959440079
4,99257502815458	3,57617078323502
9,92851665586019	14,6327042215066
9,54855355148153	16,0440301697911
7,43354253232393	7,6820003769812
9,66457311645942	10,9966788580013
5,776450369095	2,93164412861117
6,02170576865395	6,77009544329665
15,1832617614237	1,10287770655836
14,3828478926677	0,557837242787396
9,81873949818139	11,2123419970586
14,0151316889545	1,08594372945538
9,2986863725525	11,9103392791777
15,0071662219974	1,36366968610073
9,75763023386499	15,9348971582189
13,8620122495395	0,588460941666042
9,61784553566208	15,0043210043071
15,1202196885118	1,12629201068328
14,5125770133735	0,297897675006265
7,53189332114584	7,74076984549861
6,7568343867541	6,55991572399299
9,34169768606407	14,8653951684485
9,60118555720438	11,1509318902164
6,03818949739242	2,90463901159573
9,6179078553742	10,9671125873605
9,25648601141321	15,4047006258118
9,89246429470989	15,2935015213533
9,80854665459219	11,7048935790835
5,89481400800808	2,71634332793959
14,5775269849378	1,21929910540811
7,50975220830487	7,19692459682692
9,01346452731298	11,6779523691256
5,14497068466667	2,70962344304847
9,18841545553975	15,008981981527
8,6112523343847	15,6921924631522
14,3700459834336	0,353775251777449
7,57946255836875	7,85884906816325
14,399091622827	0,607408478395897
6,16796080634726	2,12751808305562
6,34326228847947	6,45602478765516
6,74964584219098	6,73705542824382
4,95990876117933	3,10557838503598
9,80160860367215	11,5862275852764
14,5106297640455	1,35203268640659
10,1528894065896	15,9308585358766
9,33387527449945	11,8936986773406
5,8490493962738	3,59420102036026
8,29817361032037	11,5952822952155
9,21368139755719	10,5270809173839
5,18087174704067	2,97203481162828
9,2554371594948	15,1162844170662
9,27945300774079	14,7266359239161
6,86621692561652	6,53180849240384
6,02126689062186	2,63322933993512
9,41013692737258	15,2576544244295
9,80402660245435	10,6344792356488
13,6432881543102	1,56697567642653
14,0565489515635	0,577149975317249
7,1127321604084	7,30487843462343
14,4547233590586	0,684431190946963
6,09213781105016	6,52661932193194
14,8268730041556	0,256542694311639
9,77436217756881	15,1738410310749
9,3289906277137	14,9843396632438
13,62509322071	0,843932192805164
5,97710710977345	7,14142350658006
9,81339807668793	15,0588469522309
14,3945625441456	1,26092760235787
9,25991182991217	14,9516893994767
6,85124872990334	7,67824479489415
8,83872427467004	14,9271289900731
10,1445586535427	14,9045873629177
5,56301937965996	3,09662861810758
13,7400594667667	1,44799233921497
5,62064848421007	3,21494952273912
6,38379092487794	7,56442483801717
8,89423991477971	15,0112954375418
9,51324962528114	15,2869077970086
10,1407756329783	15,3402061137349
9,32856522745284	10,5047841268432
5,8547459827536	2,7462403700688
4,74674714964893	2,6156941427532
8,70223957231051	11,8084563904455
8,84163668685993	14,8421021130632
6,00057868437078	7,20569029792196
9,43853906563959	14,8217550747802
9,78737682197657	15,7490829358172
9,47350554994255	15,0954179139407
9,3998989458233	14,7361648629772
5,9678709975148	6,83730785847209
9,52994592389581	11,3588482853414
4,85720315341999	2,85128492238923
8,60731929281134	15,2454492633935
5,54712778197265	3,27085168218803
14,310814809513	1,49289147092009
13,8557627507256	0,866627115194959
10,1889945992221	15,3771880930618
5,38448745382652	3,39123317497193
10,1750129326576	15,4060351295851
9,95687307774067	15,0249477804285
6,00677612997954	6,69602886371247
6,19816193696026	7,00272263922664
7,27322784756706	6,53639232450796
6,66002260369647	6,64143646960055
9,84466701424283	11,2269206466338
5,52439430683043	2,20603101715189
9,02757502785609	14,9749039255136
10,0892610545792	15,3682218620872
8,55976746885522	10,6505874328654
5,94005901538731	3,37970660733912
8,43473263655744	11,8644573973799
5,58683185286628	3,06259109107126
6,33611346699608	3,24887077024974
9,36867767643093	11,3623083902438
6,69672634676474	7,39349526104422
6,20844554562986	6,95282627053771
9,41075988220048	15,878465822615
4,71493851044513	2,81785351590532
6,6566068815889	7,76579582098309
14,7547204897723	0,086979291750194
8,37273865431224	10,4971546096244
9,76277378972492	11,8732079265796
5,43357087360099	2,43710424174594
14,1822497816155	0,559497088147226
13,7907528860083	1,44751026230925
6,50590153679635	7,86410173529934
5,88900449840087	2,82352219443841
9,00838346435202	14,9632620295916
8,52415346437684	11,9003459343752
6,49458592372481	7,66237812508792
4,70878326287601	3,56255035724007
9,79096885443754	15,9505926768363
8,88792824761924	15,2928153574675
4,88435688726293	2,41117588789846
6,47340265149881	6,7659998040463
5,76479425107842	3,2980918344513
10,2843089166383	15,665879382107
8,54782521087873	11,4470025364261
5,18913400858763	3,46173514534461
9,61203210232994	11,8887465033904
10,0410001126314	15,7568375443466
6,8218601406843	7,272200492762
9,55405053361624	15,8122436085595
7,3026756127297	6,96048419535941
8,95385140681601	15,8360599319382
5,23521135129726	2,27946318436481
6,62523033279202	7,45485860784359
6,45961791972462	7,19180167900265
9,1443775972562	15,0227513351866
9,49119058352116	15,0945938078393
10,1166261571099	15,536858343904
8,7934298249679	16,0568951084766
8,67556739454971	15,4291729353956
14,1310817540549	0,43371465404542
6,18599565076308	2,51337725674099
9,16754096673844	11,0410205100631
13,6808127407173	1,32782863055602
6,02006040803447	3,57440783428284
5,21277673890568	2,70448485127528
13,7727309955754	1,47400121933537
5,69474209388308	2,29410673275955
8,72617718718609	11,21270191333
6,95291169550155	7,50661017713028
7,6170469363266	7,48781000329163
10,0330625675561	15,1729967236086
6,39094922771918	7,5716808498493
5,18981931359533	3,12218464446047
10,2921717642854	15,6798786843366
10,1399459706505	15,263115842221
14,18285419928	0,273635978758528
9,34785224014797	14,9161695811787
6,36659696594246	2,75023059275048
9,52489017649439	15,6171731260913
14,4047562410243	0,973200507843557
6,44679125681345	7,01658379292833
5,62189605158444	3,34632837774902
7,22062676808334	6,71137099399756
9,59775799673295	15,6891264610793
9,2384694104781	11,6002679839637
8,80799972093999	11,5272859004588
14,9361777646636	0,914093152480144
14,0153540400579	1,15225523261598
4,95983218498692	3,03963176300934
9,06012055928613	10,5429950651132
6,98661971682299	6,90990886277849
13,5823593569888	0,317726928186631
5,63404879232297	2,59671959493963
8,65978288295972	11,3439208098315
5,32269868006238	2,95486333777292
6,13859665259606	7,29748805094088
5,28233567039067	2,8420196219074
14,9410389499646	1,55583073389761
8,72205816210216	11,0175848532194
4,81814900826549	2,49171607384855
5,87495068042656	2,49280115548193
7,00043371217107	6,86832847268725
14,5544522312024	0,341925149350487
5,67308511794585	2,91641418183417
14,2653098173234	1,46122512063423
9,79794898390487	15,0581622120554
5,64855359320693	3,49713167899575
9,84601971783134	11,6681475066288
6,8289591128081	7,33555316621505
6,55335747188852	7,55125827656472
6,76391004141451	7,17713421649595
8,25975504044103	11,6696092468519
9,40709724766998	14,8352979285889
5,42396731922732	3,43147495445707
8,81059234488446	15,2048824272448
5,72575591363581	3,37080351880145
5,85141117670207	2,77921140253015
9,40421510890525	15,8334931054328
14,3028653709185	0,205764156318963
5,8353356217878	2,23326763343166
9,26919843550154	15,2319210593972
5,74654912468988	2,86394366795969
14,2718126458607	1,26772512357913
8,45998082994412	11,1749734578886
5,29242966035033	3,36620329885857
8,55943329483534	11,9685932755357
15,1274267293552	1,46243661456869
9,12312919761444	14,9481497529325
4,75450670371183	2,713826700984
13,7078349541638	0,609211788967097
8,90854726501374	15,3920851820182
6,04505170094201	6,70057807449255
6,16374466811375	7,53591757876453
9,67936143587374	15,1080457131287
6,98531797423854	6,58250874064435
9,72694608779441	11,3286391025354
6,67208099204	6,61185822834824
8,72482514545725	15,7263203552674
8,61640557922218	14,8144856547425
10,1467392680898	15,6962554659172
5,24936663100943	2,40739529718112
6,23477832757359	6,73912973105318
5,29369340511843	3,49299002004343
9,95434844859969	15,7163553182354
5,75770419827306	3,16385836937173
6,29831052428255	7,86938820884967
9,58237035865581	11,1141423754038
5,73364006271643	3,34668251376346
9,27435454326757	15,2076462682239
5,22097838996884	2,71651950359058
9,16401852595613	10,6700778328677
6,31914307348837	7,15613673273762
5,50757864007507	3,04989567411144
9,47484436211999	14,7230062960562
8,18418561566437	11,6111249918254
10,2591001838232	15,954945319191
6,15484369291883	2,84281417708684
6,58104416343827	7,23868026230227
10,0391242493565	15,2942003823193
7,2586190997246	7,4247504895688
6,87874906011684	7,10713453686886
9,16784207119118	14,6493468734255
5,12734135471179	2,14205031487608
8,23182461083519	11,6735569965516
8,78838780852318	11,6768424732774
8,71807232994615	11,4424312104556
7,5913125370375	6,57238833397861
9,81812950037699	14,6177876523051
6,14989219579599	2,19254292689986
14,8262890703573	0,702524042734397
9,31043135856489	16,008954399783
9,61525738258651	14,828194385419
6,38557251391993	7,71675428416738
9,77220121302968	15,1397989031427
7,57848828431014	7,33921253558524
4,7336687093367	3,165409544414
6,47650187311918	6,73638662153289
4,92354853470197	3,3845013865675
9,63142029565471	14,9196813506019
14,3151839916023	0,21647358701894
6,11858242913183	6,61563856895271
6,12314281662329	7,38187876091716
5,7518273842852	2,35769327558311
6,11253101297694	2,32300528904575
13,6362306795618	1,26656628979468
9,40115376898983	14,8954170429113
9,0404144375757	10,8267130294315
6,56543422776388	7,16120478598625
9,42648601955958	15,2022540354028
6,97615927355201	7,09903813561678
6,28487448438787	3,54685324881973
8,66902960231284	11,7529191806799
8,95447691460739	10,9098144524794
6,80412005265589	7,23158085432701
8,98895362267012	15,2420930625557
8,87070889296731	15,3994342304288
8,37178791629773	11,0369084716216
7,38606147682197	6,87200620423305
8,7552803176054	10,6657905065423
4,77331232109427	2,88273263303156
6,2552538098186	7,80688323519298
6,34691119586733	2,88534967422486
6,18422855702829	6,75316338696204
7,31153896665343	6,99854514871085
8,76599708861312	15,9321600647551
6,28807275492656	6,64711776057891
9,70164179915231	15,6077018891323
9,01668334882554	15,6309826075144
6,20442835958309	2,99782113803134
9,56477507109534	15,4569236221259
9,00223501976754	15,5542778840113
10,1723825271591	15,6749739082604
9,1338629614954	15,3166121820314
9,59335571090503	14,9286236015033
9,07344143673558	11,8048658984942
8,65802217855621	11,596116446823
14,4968292093255	0,494424348932512
6,78733392247622	7,21558885422182
9,70230285039066	11,5433785788356
5,89639464367811	2,28429285615469
5,84785518011956	2,1172111527053
8,42523367277993	11,3082129000967
5,39229901356927	3,05319750161532
8,70065429713078	11,7831574659846
9,16103244050253	14,6376357301834
9,11533225228307	15,5389394331084
10,0847220871603	15,2098018766494
4,82306275155364	2,4288407656723
4,92462501826437	2,43414874235843
6,29663597715663	2,89524521172417
9,87660329522207	14,8581417329519
9,0630939082599	15,9864625963814
9,96382282886644	15,9495710941329
6,7629986641473	6,70190537539943
6,02056463520417	2,59183713420103
9,26767154209404	11,2061333943996
5,91525915599465	2,44658860314708
9,65705932685717	10,5881696004967
14,0056775431976	0,935912051787718
4,88359392208751	2,50827005538927
4,86774358802647	2,33614324376356
8,98628408192935	14,8387539658022
9,49254246790579	10,5864336355799
4,81991795439236	3,28470282334661
14,1708560623582	1,49175932008379
7,506623096878	7,90151803059779
14,7996186612824	1,22079340294812
6,51606105624823	6,61237503024177
14,6779041908644	1,26679763353072
15,0086396055521	0,664380459914535
15,1431368612685	0,218313881229398
9,56132321098612	15,7837527503572
5,68050411273303	2,73951604787649
13,7262773390443	0,300337190692614
6,15987627727272	6,61696611770366
6,28135367118198	2,54343274149739
6,9454518939346	7,91809258233951
6,48752574883428	7,76908881722898
9,63861157343315	11,4068744108438
9,54905385710658	11,3172375687598
9,16172792217995	10,514309877713
10,0256781771569	15,7582749445946
7,5430895913481	6,82153484183386
7,33143686861748	7,43275586177428
7,01238354726412	7,20393921531115
14,0696564850648	0,358949038752268
8,88454934398207	14,8019922952735
14,1679288899186	1,54606407830327
7,09912949497292	7,78048679990925
5,98978762757498	7,60042105936563
8,86394519972207	15,9484538582393
4,74951598300273	3,17637334213815
9,6789605602958	15,3446742917944
9,61094082405873	11,7388830811275
9,63475971808848	15,4438533850617
10,2385474635171	15,8077524039244
8,81493979752498	11,0848671169501
13,5641586995876	1,20134478825327
5,55489129219222	2,50710405050908
7,17063541573328	7,28558610959647
9,19293711846973	15,7637389911097
6,35092865858017	6,68869189415922
8,61885319056144	15,55606465852
9,20679225336226	10,6003619410008
5,01056373345242	2,18306026187689
9,2065264525458	10,9754052368127
8,77401002484295	11,0486483678789
6,16622767221627	6,54281332243675
9,59429604134244	11,3025984415705
6,52669880067381	7,28180933309517
13,8496139951892	0,614843802981987
5,39957835675466	2,15394179811245
4,89706280157787	2,52388137693394
9,30649628034892	10,7638491710054
13,5858282236022	0,792014560307284
8,60161501758301	15,7471795536145
9,32261913266261	15,3022940254779
4,90886180421411	2,18861287629449
13,8726086789004	0,476286339845493
15,2187768447628	1,11696280913503
5,17497346179861	2,45945417466995
9,86463098043293	10,8510394195226
9,18271520307863	11,7126176307502
9,18198487789196	10,7845109085529
9,73364910074601	15,5929784622719
8,80050439095232	15,8680071805706
5,65648595187865	3,15276332969217
14,1283022454977	0,213415418439718
14,7660592919153	0,705205146527623
4,94662474108819	3,12380738512039
6,22374178616987	2,14093916358925
8,95786886947968	10,6427834504377
9,34551698544983	15,3436608313494
9,18771818391468	11,7598543876134
6,34694658488931	2,68649458602053
9,80497759530865	10,8692972236885
9,41627267872224	15,895112122143
8,97054111698072	10,8834876587147
14,5665209719214	1,50917527258257
9,44037399192131	14,6406565203771
4,91711158860205	2,38341763371316
13,6920522128726	0,984531374724846
14,5401067849913	0,794532153270641
7,25632532575309	7,45233327730126
9,52620387917962	11,8714022287327
8,4219584189077	10,6286165000245
9,73066598079059	11,5914417642007
9,52905704294716	14,7181754478045
15,114240003995	0,488692136010488
9,26741443835194	15,4139061009156
8,62129272501802	11,3176640841746
13,9368642820787	0,752741684537104
6,38054963993149	6,90403189424104
7,4474662945116	7,78650615200695
10,2512965633014	15,4065747791668
9,57037188121058	15,1808645201601
7,62301111119361	7,86573397812879
15,171040644906	0,412621480857938
14,646525363814	1,35464038413219
14,7991971592227	1,03779881658613
10,1959060570526	15,6645549933062
14,639160906184	0,153501034239606
6,95556314166435	7,22160788682203
8,9956454211072	15,3731447998992
15,1619332730133	1,34689817858109
8,56284166803685	11,3872063723866
6,47221349704763	7,715727188812
13,7152027581691	0,649628748172482
8,99492101585046	14,9768297477403
9,90203648083502	15,5952251542611
4,89840218775955	2,86143879119471
8,98697097319568	14,8126914739198
9,21895787540609	11,5207895776467
6,32966424260938	2,94843036685224
7,31954856632701	7,26693216722432
8,84218844470967	11,2682581580677
8,60962096753974	11,4851066044995
8,366262953601	11,8599129559225
6,95965545087461	6,70091524267094
15,2173632241365	0,364836875373791
6,86044105393111	6,71144683152154
5,97237295867736	3,25538368291101
8,18738818436584	10,9902404723483
13,7211447403663	0,290664185758962
9,03533021704336	10,8780077302099
9,8582694911796	11,501902488139
9,78673010382379	15,8765432596584
8,93199305183346	15,6836974131336
14,704798345129	0,196243203494688
6,25156352655865	7,64172993861073
9,33235170654089	10,7189459395943
14,12677464652	0,963271885863391
9,98590014142817	15,0584458866855
8,97085414441267	15,0333150896291
6,33847144017335	3,09092014877687
9,44192885365118	15,0294124116692
6,59860175552584	6,71916157416261
8,94151859402994	11,8586565150707
14,3355083696978	0,918747444740554
4,8091137868133	3,18451310121222
8,9450085466711	11,8804948404631
9,90848365308752	15,7079273330545
9,41028969612016	15,4556495428587
14,8652557556825	1,53329751340648
5,38507364197848	2,58401928600046
14,6482011684545	0,291704511536405
14,7558889393979	1,51482050989285
7,11066244341471	7,71279426766952
6,16874818344104	6,77048851719075
5,66426089412099	3,37556586535006
9,75937269889588	15,6694530911484
7,46728889445419	7,14166773675264
8,74732215336042	11,8927608024632
6,87268920257821	6,98862219822834
7,07437541178185	7,64189639090622
14,6648613384102	0,472181750614304
9,48781530993043	11,558343240856
9,03951847533073	10,9673553352184
8,29072209767198	11,7950160466178
14,1713769537457	0,731074993113494
9,39734716958756	15,9758900304526
6,90894001820059	6,63240919764907
5,54546371389537	3,50932763231888
5,20111127848646	2,7208679895078
6,75437775956492	6,78202114353787
9,46630773781938	11,8375268422636
6,98642102719259	6,83351368269945
7,54601167550657	7,31323684840244
7,21865460830647	6,64730970456596
14,5002320992296	1,30221898215875
13,688266597625	0,203776024217909
7,48739439091675	7,47285963202065
8,59247554169865	10,9488745575497
9,9352602410981	14,8308628717343
14,2177212472814	0,71005351147856
13,6599724885836	0,205614676148848
8,84105678836933	15,9719417232031
14,3286512457046	0,847939981848913
5,72239535831222	3,07679565629129
6,44334821576927	6,79858429582013
9,79674676332097	15,8850564843982
14,2832032125903	0,722146146768267
14,0283833582956	0,348784982279453
6,68010366670019	7,25870246247933
13,8921582159111	1,47052629303
8,81754663938739	15,1441290814219
9,3556383088217	15,4979428707252
8,34995762701247	10,7908879579763
9,65270563528248	11,4791890217082
5,00595653037309	2,85701835331956
5,87563929913357	2,84130085724412
9,07556382402082	11,5846641774561
13,7361447654288	0,509026754699579
7,42203508802894	7,69341638582003
6,04018197358925	2,77947047907681
8,57010667261781	10,9385150914733
9,35006796462547	10,5068629105841
9,05441449265431	14,8083040058167
9,30672771224386	15,6949089913272
8,23289702753933	11,6992553150396
8,78529475103925	15,5825043342425
10,0756704773691	15,1059593752036
8,87028962692886	14,845293761143
5,98677886859248	7,0224388504373
6,68033191169943	7,06532971137113
15,1153968478562	0,31604424139532
9,84030762959419	11,7840408672697
9,98999188703788	14,7294749031385
6,27711846403159	7,45805439024719
6,26884028422537	3,34773423393877
13,9128634342553	1,47175941790799
5,86198638167467	3,53492283362266
14,8849763835706	0,279695515328233
9,78963039979159	15,7764344236187
5,48028500754317	2,46514921669628
5,69822316242967	3,32598580374505
9,58071157364517	11,4998879151572
6,84960765709968	7,91837080828151
8,90659807265975	15,8352482035606
9,3897750512069	10,5812118249762
9,80195186323393	15,6190016429005
5,03467036072521	2,38444407048962
13,6665535507774	0,514655754317096
14,3313795992269	1,18115995092885
6,70543243902049	6,76731124071223
7,30608760432374	7,37095068996587
5,87939465344482	3,60034415403378
8,75164243193773	14,6807460061375
5,77046526322949	3,34007760007933
5,80990839985061	2,99256279195213
7,02055522461182	6,80763130294852
9,1470221814825	15,795766915059
14,9088820336132	1,39365043840438
7,45408555111115	7,52937872889985
8,46858919085619	11,3286513622109
13,57977639189	0,719107698120596
4,68803821369924	3,05536327689845
4,94879481070123	2,12659757072426
8,83916055419609	15,626110725117
13,5761931549508	0,192639115958076
8,72064969300457	15,7683072903681
7,19855629395656	7,33711524530068
10,0301458051509	15,5860166624219
7,28802657103862	6,87161524003784
9,58754890615633	14,8177914832254
5,17776008090282	2,65572949797478
6,13791803059274	3,24377520124049
5,48596650409126	3,33117263041033
5,08203976091203	3,54840676946857
14,0477641270871	0,939402677462481
8,79610925272026	15,3653278111095
14,0177820493655	1,13157145953574
7,24186293192483	7,93265201746398
6,18251883981059	2,4963106578229
9,76628949613626	10,6978967242686
9,57715123323298	14,726888772022
9,47898603770589	10,968200634378
6,98941991463498	6,64546873599648
10,1959854762866	14,614509920192
8,81383021754043	15,2528904304907
14,9137461603154	0,723023596774318
6,69927240796914	7,73146607836673
8,97390051324665	14,7291796163775
4,90705102188616	2,41571676745172
9,44023984888044	10,9652873712365
6,08047785987559	6,79181976543139
6,68999314509972	7,55185674107225
13,6453838195923	0,512324053069322
6,09071808798569	6,85545894221044
14,3582611062589	0,823927706305649
7,55904648460498	7,15906959688072
13,6487818176295	0,917909678432786
10,2055912327131	15,7582090931743
8,54590365948176	11,2947241877281
6,68299727441786	7,05336246149616
8,80691998632659	15,4510929686743
5,86569736477339	2,69793932018916
6,74536790818202	7,84070627283398
9,79748622614621	14,9992552072325
15,062398883358	0,969839023333309
9,64629760385711	10,9851542354046
13,6422141784793	1,08881279021124
9,08963204447554	15,6162240222304
5,24418746159774	2,56965350306363
7,53228870282102	7,86150066007481
8,42264703121989	10,8971557762069
14,7035668065734	0,801774586100742
6,26436313633752	7,48297722298972
13,5424930631953	0,66935804322405
9,15401839895992	10,7575473646801
9,39082738659677	11,359215509783
9,58861208683917	10,5721975760837
14,157872462339	1,01125690091737
13,7279052504746	0,288195360304538
5,76163784815702	3,22289849278681
14,4795646512316	1,3898005361547
8,81574621044651	15,4191932530876
6,29692518865274	3,20336858093676
6,35941670575232	2,87147378299143
9,30731599185801	15,0113002391543
5,62390568435189	2,58526079752506
4,90107361866493	3,4106234342046
6,98001873248798	7,52918650419535
9,05019242031384	16,0240711216631
7,53299118718185	7,22896159506999
9,94480015356456	15,3647503716303
9,20922919100345	10,7017286636554
14,6647768415891	0,911732432026195
5,86853835396592	3,07691389775157
13,6654509833712	0,854636008481609
10,1257629664721	14,6640805841466
15,1047042636213	0,231316264641802
8,95085139207077	14,924692283316
13,701324291358	0,963259789320269
9,0140007200165	11,2118263636128
9,09074353423921	14,9023806804056
8,40511019788377	11,9185684184045
8,67042437047846	10,8621932407878
6,27292875359587	7,23683235868011
4,96434905750973	2,90409423850643
15,0610695112306	0,450843001341206
4,97207629848074	3,33557348150221
10,2629312630351	14,6963510441988
8,7031691219692	15,3719106781272
5,9002393153296	3,45815111083367
14,2574047385529	0,845156441278558
5,20132365652951	2,31934404337955
14,2487139160174	1,45930786801366
8,5956913742316	11,839182822149
9,03867110848105	15,4344219384601
6,90531187542701	6,49368984129164
8,57027566541657	11,0633373454081
9,73115213205895	14,8958057309851
14,4240157584717	1,0318674185564
8,49704946024432	11,2150682062046
14,2659847624248	0,631633036533085
5,68205188970829	2,47385265957362
5,59395910905808	2,26313508088194
10,12520012718	15,666980181957
8,21231144796653	11,7072364605
7,47636863166532	6,71488731053683
8,92286124412268	11,9508843126452
5,3259836334944	3,33456144996758
8,31882625219864	10,6106085341855
6,74459539940487	7,33663127818376
6,69694557873986	7,44209268012744
6,39334066826291	7,04668340371066
10,1883137081004	15,1486022027984
10,1158883929221	15,8047199766185
6,36996445720571	6,93200586626099
6,5826878697761	6,95556447595237
8,81465650307147	15,4107585725341
9,49635191253087	15,8171505119316
9,103728068365	10,5275346043441
8,22000711925923	10,9866372332369
6,72212706576089	7,17408243338597
14,9622079661326	1,13899501043811
9,17759104384138	15,6133418925241
5,25855867358879	3,48288479800783
14,3936722967891	0,635953400773802
15,1314989392345	0,237313366380378
9,20888938433457	15,0675430269706
4,80187735781237	2,94337990417374
8,35742987581008	11,2463153434078
6,73523774083707	6,9519338934592
6,14342665676748	3,19498997648604
13,5471621730432	1,34381727230028
9,75410814104807	16,0145940504403
8,31935238342394	11,8103226613709
14,4118200253264	1,43291907927684
6,02622510131415	7,08863922055058
13,9983209954017	1,27425691348353
6,95622964822659	7,23635945331013
8,18778799946217	11,813348854542
9,67830677868976	15,2519561176488
5,74597242126418	2,20597737586819
8,79066361917116	11,3893240705456
5,17372027871228	3,20215829928773
9,06984422687949	11,439335481119
7,46652710938207	6,52764871651834
15,1266441441587	0,493894942782363
4,69184497708748	3,2981748870162
9,17764586193358	15,94991366034
6,15168444024546	3,43869389498521
5,54494770089071	3,35178108819696
9,36635905244531	15,4776774151675
9,94778420485352	15,787240827649
8,50769791753706	10,6922959081397
7,54413502289212	6,80631381382453
9,20928221945383	11,8998984898441
8,59082243779915	10,8019189823598
9,94351105769298	15,1241180778265
7,05631748828232	7,47818970705634
7,38784680166497	7,12579529856385
14,5012682297981	1,18715956303733
9,67693043055615	16,0835726438112
8,95394771501692	15,0813043917494
9,60541217584488	11,4331844435606
7,15658761600172	7,20983709447142
6,91839307405849	7,05618625487493
5,71682912472364	2,92016296924919
8,96755359007303	15,2632529524193
8,53336896422084	10,9835358498978
8,81211949749181	11,6952124479392
9,2896209611912	10,5583119299694
9,27557391451778	10,591096344372
13,6302926723357	1,35364679424437
4,92155111624972	3,47604188344659
14,7261556605259	1,07490278001008
5,89590961958942	2,33300547613313
6,99209483858034	7,05248786138589
10,0177414707488	15,8517252912208
9,36427692050301	11,9468519222731
7,40294527792695	7,89765345945784
13,5704203992258	1,28660656505588
15,1894394730135	1,00857771657226
9,56642118351833	15,860344927854
7,34649631351871	6,63091685319759
5,86323808144618	2,62449593101084
5,53729376780039	2,79199281319479
7,45293496184393	6,74819398344956
5,73109584466904	3,57329413365542
8,8582240617516	15,7941641347613
4,85259868401446	2,95773789384246
5,95584331881313	7,36821025831795
9,24870592520179	11,7100130643406
9,21407669782916	14,8722181311945
9,65135637589316	15,4795907976472
8,65602424430291	16,0359971600673
5,80896937871259	3,54771678022186
9,65568876650624	11,0368426294974
14,3598021036253	0,655026194755982
6,26251057118129	6,49779266062765
6,30851969341469	7,924090890446
9,31900898716432	11,6207845960238
8,76274252281373	15,0426395002901
9,69902352264841	11,643814617914
10,2323124075098	15,7922422824172
9,1030231234966	11,6836533853053
9,59539015792301	10,5299410361406
5,03556351740854	2,18530848418697
8,59250820585111	11,3938341414485
5,8591545392657	3,56407790509892
9,00409176265211	14,8084986711749
9,37978204395261	14,6780252719446
8,95893932017888	10,9135116922334
8,71897348508498	11,4606917649504
7,58163845265648	6,83883551784208
10,1374101379684	14,7819536350428
7,50352551674627	6,77111082692181
6,16589862890658	7,92484559392456
9,58127953756502	10,7330530799086
10,2894220415268	14,7310053770707
9,77160118639626	14,8274344351302
14,560667414393	0,207787693587705
8,21277528028195	11,8331083737371
8,32308391551993	11,4837642847288
14,5356873199259	0,863476223274376
8,77104367382389	15,626629187396
6,83657171460959	6,64016889655799
8,93779001963205	15,2807486987363
7,05450400925397	7,34596131755988
6,35097529053992	7,51915970476287
10,1704433229522	15,1184738713862
9,15680882301329	10,7214894733377
4,87749142861093	2,48921001181988
5,04659992807338	3,23980039242052
15,0080680104587	0,893757289792097
6,05772812649839	7,45907562973391
13,736816763182	1,08157230046979
14,239802956676	0,920262246702605
9,8509608914644	11,7987926530316
13,9052390057214	1,25489736070624
7,11664897722482	7,28514588506481
4,77447077591554	2,13077472286798
7,23189586917766	7,78012774704937
9,19583551766022	11,626994330437
6,80190881444067	7,65853759668177
6,23168604034726	7,55123095013013
9,00409570231808	10,8562487678756
10,0409781552943	14,9108674696379
9,47588698308395	14,9555682921853
9,60473112203578	15,6663776178289
6,3849528660801	6,57369353207037
13,5633290794968	0,678202924374237
9,76634714061373	14,7696685704266
8,54612231701671	11,2941006268223
8,92754873032496	15,3324657071694
6,96851940503091	7,2523795871277
14,3664720386187	1,13391714993518
6,88681672693097	7,68351406328615
8,5491046484637	10,5187226797203
9,94985882643959	14,7268582613151
6,73909861970356	7,82966842920641
8,37759739639201	10,6958100259605
6,38306691542188	6,86949556255448
5,02238380180848	2,16761225150567
14,3349205376404	0,900116017448229
5,52658102433063	3,56842913097553
9,37197457295908	16,0613556897208
9,77750797706775	15,2349417394094
5,96461329226617	3,60649226758647
4,74731539694282	2,67337934352253
13,5569291691924	0,283090584663452
14,9035004016765	1,51797993878196
7,47041172647425	7,93813470031761
8,49575672279314	11,4552362003317
6,35642680482566	3,04762240562374
5,45784870135661	2,78740640515719
8,59594592801208	10,5635232406743
6,12392711702842	3,50590188839883
10,2361899353955	15,6763692264447
13,9545774067295	1,40235783932486
8,74869959489397	15,1897678526921
5,46399337425285	3,35135812342464
4,91964750626505	2,45205179980996
7,33674797013731	6,59168662219043
13,6355426140017	0,78036347525061
14,5111391393325	1,40000347284745
10,292583973718	15,3587173248813
5,86702659410127	2,91155532361385
14,5448294517401	1,01317193818227
8,38738715097616	11,3709076688837
8,61099641349328	11,9283213332409
13,8545605447649	0,149272408542449
6,17704074491666	2,43989837957732
8,68929467674439	11,2910144134713
8,86829241337392	10,9091320653434
6,77437533352217	7,53249707826762
7,17937711114782	6,90272153916223
10,0311773450714	15,0292550847934
5,97286986499172	2,71060252957517
4,83267856010216	2,45410244813111
9,41081032055464	11,7049480066633
14,2917524880981	1,0572651964078
9,52911226343087	15,4235901569208
4,72875568531496	3,01989172800232
9,85139129922097	15,8640985024597
13,8693048682199	0,846401321270804
5,42266889228406	3,3161284300508
6,79100782383005	7,53698580634689
9,51496159094962	15,6065549330915
10,1264404846515	15,0776857520402
8,63306632256006	10,8129515732733
9,15476967217687	14,6675349183694
9,26134634574747	16,1137859176502
7,61075503700106	7,64255879889418
6,62078873877032	6,62598813563144
7,62736302630873	6,78587079602931
7,20835870556448	7,10304459362975
9,81274911250775	10,5207460209503
14,4018526943693	0,933789222917438
10,2659679028997	16,0146443507326
5,61954415132934	2,4594570328101
8,24745498704153	11,2526203504216
9,18744228149387	15,7976094393634
8,93111442386268	11,1446739354409
8,49108912005009	11,1350933651595
7,10896791071785	7,65213068145939
9,59419639633918	15,96695996591
5,34063809591133	3,31707709955975
9,0565789979807	15,9598516780235
8,61300026027569	14,9334306492804
8,91614265616207	15,9832871964193
14,2216352027352	0,814442605353439
6,32496653389127	3,23727776799656
9,45526281470385	15,1871585065232
9,45374077638052	14,6519446773469
9,79451014184707	15,1793635108723
6,01765239466896	6,5267933208212
6,42812811869127	7,55533631450345
7,57135875650777	6,95516494402324
6,87102777722802	7,59130561648958
7,55087057920924	7,90708950734536
10,1984449888624	15,1207443307681
8,56017415454231	11,1416367867214
5,4607911989085	2,23509943730246
8,73499291950147	10,872532038361
5,88618064392463	2,70398353456355
5,01884652400604	2,34561549763393
14,3982404120458	1,51057637830845
5,14770303771376	3,41190412973192
6,90433664236324	7,75700722338357
8,68626243712474	15,2469575734937
6,62237838894478	6,47889907750119
6,02345572559751	2,68109097915998
5,0884644127343	2,59273775755852
9,50391933258299	11,1580400168146
9,36127084979684	11,338461822484
8,96769200757763	15,1687447599251
9,17453122358084	15,5939207936759
6,5352948842172	7,71975427549824
7,02075027339444	6,90959906385075
5,82742200807065	3,23297612238751
7,53227060468776	6,78166325484887
9,87095954985404	10,501330071074
9,31337566588249	14,9031198560466
14,6271105884206	0,373709761077753
9,83631038769541	10,5359381543844
13,8463919721981	1,09711976833014
6,32012502444606	2,20502932943668
7,03388441774564	7,72685982501493
4,82277521568967	2,57439725438642
6,2936276625686	3,45756726904592
14,2964279865328	1,28101138730494
9,88645218028393	15,3917221172381
8,77437146141029	16,0048635494685
6,01247822997638	2,39265060426831
5,45279522520599	2,50974312287164
13,8919600936912	0,811881254135206
6,10871901993421	3,24818713011079
6,18662818166339	6,76854999125625
9,2237771450578	15,058795977609
6,20718581240993	3,07021313333318
9,05815850193693	14,6402358473705
6,10443362762486	2,91163318317542
5,22716068820184	2,63578775961389
6,12406048560019	2,95431554325778
15,146250410049	0,296340760614927
7,36499006813041	7,02442295518755
14,5300589094362	0,60023633735404
5,57144540232126	2,99258376638151
9,38242304654091	15,7735683251729
5,25593173637605	3,02328555454726
8,63815441795682	15,5122138719949
8,98006843374468	11,3216107318594
13,8136191994748	0,452785308354548
9,34739570122227	11,7137695439185
9,08096262329872	11,4747690630355
6,62721829439601	7,16987955609838
9,36895610989861	15,4536563667532
8,99356711037372	11,0095103559136
10,0384184835486	15,9468724215441
9,52639845698011	16,0134172573418
6,66079863439006	6,80473603297549
14,7201345785354	0,741663973922321
7,05253499817829	6,74107794249512
5,8020649544836	3,4654360493223
6,46398708174152	6,57915487329168
13,7764084968289	0,500853110410677
14,8587095924143	0,601065197562013
8,37513872847518	11,0488825702128
6,29340093783735	3,04622641600791
8,90637282225152	10,5416509697462
10,2334383700497	15,8085338739939
6,79363064114468	6,50309964992123
6,32138920445389	2,31412179214353
6,08498833662094	2,86942807516964
9,30973956730128	15,5394396214852
9,04675375269995	11,1689096944215
7,03152921149581	7,87480650540606
7,55092953277953	6,78937650258556
14,162578430435	1,43093636539851
5,56880206955432	2,75047964950766
5,1522569539728	2,64045420557626
6,40640677194614	7,32291356303122
8,67060699172341	10,8501235940589
8,62861115418029	11,8629574187635
10,1726493600728	15,8120868968813
14,0372035382097	0,31512724932694
7,28905065986947	7,43585962705166
7,48662057966659	7,00552393201258
14,6235621054	0,245600743134972
8,61561695293851	11,3889555367212
7,08810688597189	6,78661989367566
5,84550472286548	2,23464044150503
6,00740107288498	3,20756069295132
6,06526100927757	7,61917258160587
15,1184945724258	0,712875507938726
8,86953700393094	15,530242615189
7,4315171082563	7,0445065406744
9,09341181435003	15,75754261216
9,37393162117213	14,9808176567034
6,69515056325703	7,63563502861464
6,85590992714471	6,56534071587341
5,97305357582814	3,45377242829962
9,52705734635845	11,5368374759294
6,34479846344859	3,08357649113364
9,50317509841966	10,5670316277029
6,07969706028631	3,15016741658433
8,7808239781811	11,5029101084825
13,76413919498	1,0751953581585
14,6151302295257	0,855710788351227
8,69191784238482	15,8738716391104
5,08749139269539	3,54572576187336
7,06860755901459	7,13890485771547
13,6667834773207	1,14950605231724
14,0385023261521	0,82656616072999
7,58751159302373	7,45064487461796
14,0360866010595	1,38753420213388
9,71840896613962	16,0523891525474
6,34496276499021	3,35934493883955
14,2575119650751	0,393427324076947
5,21573604761635	3,28204371446301
14,5480800190598	1,45859240507101
5,92131600047218	2,45920428278596
9,78897793293458	10,7955661111369
14,5244790899622	0,090275546515111
8,50160243885957	11,6059311722863
10,2674993677744	14,9958289955877
14,6624805020145	0,352877499917789
4,75006635064709	3,36410077260378
5,68434390074966	2,42839951005231
13,6560689643918	0,779088635950082
5,86472682223739	3,32865304205646
7,0856774652477	6,85595151385119
8,96436964890272	15,731739087651
9,54208022824727	11,1957173378158
8,82023020721781	11,6427458534939
6,04188989148483	3,36283120977502
9,82233719248008	15,057323437635
5,97443173791559	2,16896300183707
9,77293387182367	11,4974772913781
9,55054814707633	15,6843300032411
5,16506703576926	2,70160512531519
5,01811981509939	3,40465758475702
5,20074287497498	3,21707699794009
8,89445376800072	15,1126865474796
9,07403233725335	15,0537863217113
5,5047541029868	2,83341965859001
6,35079023191208	2,78399156133193
10,1031041846598	14,8441486493565
6,47812496069839	7,00152438273817
13,5437550179244	0,283374218263848
9,65581030510914	15,6138438373315
14,1886808978573	0,462843381167445
8,81347513386983	15,3570758104271
7,05800494895186	6,95894323979905
14,727098107506	1,05150965568336
9,50164064070065	15,5873823098888
9,50294587795412	11,5175343917969
6,6618623213706	7,82252713299028
13,8781246343154	1,56659450332365
9,5339686429036	15,7341801266793
14,2503471895815	0,693850755614233
8,77722610215144	11,6354853773185
6,48580280861546	7,66188062959306
9,3183269260933	15,4970893447781
8,70790707824168	14,695504508064
15,0764402534524	0,472985922031798
9,8052973789011	15,4237126079838
8,28482220173073	11,5927084307185
5,20364449041631	2,67986715447206
8,36676129218241	11,0471728240572
6,62479040037454	7,91392818271026
6,25746470445143	2,32417054099555
9,28634146087137	10,9643611795159
9,05848435587419	15,3873667525298
4,93734924395942	2,88204209318082
8,99138198366493	15,7325014149122
15,1321361682481	0,256175427398824
8,67389068912651	11,1345666039679
13,8326780103194	0,088877677903937
6,36341765706874	7,20182270243258
9,49445896517156	11,6339253680919
8,54625521171528	11,4918669409572
6,30933997620036	7,55214053295414
8,94956724934677	11,1256888073352
6,10837695237592	2,79575520983211
9,79741196144573	15,8356343839844
5,95717390795521	2,40123788849557
15,143785093962	0,859610681103336
6,78456963295914	6,99067521464987
6,65943660944123	7,18861692244915
5,81347805714185	2,62211021734806
10,0115663108452	16,0540978819886
9,37864890503606	11,6520684442269
9,83912073726831	15,2461993674745
4,8194443662093	2,26449903934838
6,36670998258964	7,33118085009607
8,78387237431123	15,2059049111946
5,97980201117613	7,15841672806159
14,5097732299364	0,225139437770581
9,21122714197412	15,4583337703595
9,39498255425891	15,095082538586
8,2319498097446	11,1255034170087
7,11877665696258	7,07377113201685
9,43433443998352	11,3125969681895
14,0937992613642	0,442518665172817
5,71341930118571	3,031789342874
9,65091643208178	15,225065963106
6,07229450084017	6,59427628660725
5,96668816526065	2,7329874295956
6,30754220807761	7,33915046269771
13,5894131080218	1,04598941269304
13,6433850838175	1,2396085739349
9,13207057861912	14,8128786156172
6,15267057067184	7,61713171966321
8,69936675333417	14,7668383221274
5,49570721521595	2,58594931265879
5,28218342756176	3,36792527901898
5,42474740241098	3,3183356345003
8,62204848631063	11,5447838842386
7,53927898965898	7,77063591605967
15,1726139672669	1,43433279442707
4,70116844728139	2,6435862018605
4,8516516736363	2,69793459410419
6,74754667807731	7,06543545226873
6,00260667617163	2,96304878216131
13,9327988337303	0,096833973306632
9,60796077508464	16,1052866350114
13,9601281012237	0,194551725404847
9,37820188376559	10,9910507514132
7,51660330958952	7,19302008429255
15,0907284971849	1,32598189513364
14,7230885363632	0,146367688219698
7,17366532344197	7,86267035046075
8,89968095801279	15,8556168677941
6,67317439351524	6,78760074912825
13,890921731001	1,18519167284861
9,86911914900116	15,1058369031189
8,28570391944031	10,5042094163885
6,30578389776376	7,70972557825656
4,90413028851663	2,25464974330051
9,4792488122617	15,9194836401774
14,3865909513555	0,197213824276291
9,71363979361828	15,2054682763092
9,39884411544152	11,1843215817872
9,76798897088348	10,6081137711109
4,9429880358572	2,59033339539488
9,02683181285913	15,3604945453771
8,65414427393708	15,148873783832
14,6057323733379	0,26402081743336
14,4577377321324	0,716768696223141
14,7539203603222	0,551590604344736
9,0530356504321	10,6132997330594
9,10430656645587	15,8978208106043
9,44947899030221	10,9406061181987
9,66534974351346	15,1136069202419
9,42340192513844	15,1113621061043
8,56210733020085	10,9748567846287
7,44617109056177	7,50832211509691
6,28080736558041	2,71637581302342
6,69323358252287	7,12023166913225
6,40515566485009	6,64519613940776
10,0305091721407	15,0304580664219
9,24299578664351	14,8301953528604
5,0026366268119	3,5041313022793
14,7340242188664	1,21241185667149
9,27860530619526	11,7489637252354
4,84470577053063	2,36617945060911
7,57774484495989	7,71580931434981
13,6459533997547	0,498106768852966
6,30440992519618	6,58801081395043
8,35763510152697	11,3704165753701
6,94554710791095	6,66654804494786
10,0444377258483	14,9941744702946
9,09544444392837	15,8198898634153
9,01378888180408	15,3737626750414
6,69236211964118	7,26469879480415
9,51298289856994	11,2715892763452
9,86193573162062	10,9228716266621
15,0919928975484	0,392533886450949
9,92363626226744	14,6985548150211
14,8576232382112	0,672718106088473
7,35005709543973	7,71646864199118
6,00574400186222	7,19462725398541
13,698926418376	0,271601032328759
8,36087604150264	11,6705744412149
8,97185219641505	15,8658668152552
8,70487451692639	15,93276323336
13,5928753321505	1,46568683204589
9,32638388581874	10,5954804955091
8,68407060766773	11,703954228199
9,45710464509129	10,7621854636732
9,79681577593498	10,6346807642195
9,30460194477552	11,794131896804
8,82456213211802	11,8839862155246
9,31199403256601	15,965940009352
7,17190836514025	7,66534049849441
5,9845051243773	7,32500797405938
8,42659374299615	11,0932822355557
10,0047061065218	15,116651721853
6,04956393300562	7,31758910385375
13,6245852674465	0,869859508892782
14,6474265010729	0,914917957362193
15,1250464236734	1,48200234049265
7,30198608378908	7,71991839873155
10,2691215150427	15,4252813463868
14,3350142185338	0,714503306532266
6,30070677353517	7,0359170069859
9,67673856300193	15,7780211643065
9,23463312734183	11,471391070796
9,4359590942878	15,9622651152165
14,5813925721119	0,167918651515429
9,86774300728477	15,7310071480045
9,94645162175589	14,9521432269242
7,56580638218388	7,25854853042111
8,4947950352599	11,9530680938071
6,11360314169304	2,38934507987091
9,60888574944589	15,8076005405445
6,2207432910994	7,66689526824314
9,25908308667154	15,6030910718146
14,9498552446059	1,26397219313919
5,03923548544917	3,11560021209984
13,7226117859169	1,08061274894256
5,08599845698902	2,63873772019216
14,7889439398669	0,989643794785938
9,44591988134504	15,5870066705843
6,08550593555923	6,57862682011768
10,2748050381867	14,7792184217013
9,28834710506555	15,0721554119322
8,3997516931373	11,9276052213383
8,88895524151323	15,548425078516
4,90388674238434	2,82017043957915
9,10739084204985	15,4537918706076
8,87273446575347	15,010934304979
5,46895147131929	3,40559808568245
9,16333172868041	10,7857280247731
9,29804012458009	11,6350161563675
14,8845731579532	1,36364185339692
5,93979622009288	6,46282189493657
5,35236479905322	2,82284808495998
9,60555706019476	11,680802038146
4,94373303528823	3,23257393445056
6,54379787968459	6,67909052335075
8,33444614866096	11,9639637059235
14,5055292401618	0,754771719170168
6,30230546640573	3,30948871628929
14,571970676144	0,877449534313923
5,83612236778334	2,84938191352734
8,74033412364103	11,5254736349101
9,35256417192967	14,9057728813978
6,89596036781162	6,75075937623671
5,6600286097765	2,78179956845858
6,26881685392082	3,2705440531782
9,96421684141393	15,303886732822
5,64502948854857	2,32715235981543
6,66030228010475	7,92066886553222
9,47641131311925	11,1347265203171
9,4759131787854	11,3872828755184
9,2941164585945	15,6372776203963
6,87834003732331	7,39495224335149
7,53952045997217	6,95366762959046
13,6921754528131	0,137008856277865
6,93766145168944	7,39714611235803
5,4569828148577	2,64852160086675
8,74012963534345	14,8626700054651
6,32712244375829	7,83909300592742
5,42244426009153	3,50808564120895
14,3327248410375	1,28333341872897
6,80011207532436	6,90090708967377
13,6376723104238	1,39531103015584
14,72486714698	1,46676988967917
9,64398043787531	16,016644557914
8,57324044202618	10,5998000268101
4,77740440758728	2,49709305115281
8,96574231740384	15,8126893941894
8,84552504824859	10,5697550930834
14,3400254197893	0,896933796937152
10,2853317664193	15,5752949990103
7,01598356114085	6,63678681927409
13,9101770377021	1,57458702967592
8,89570198333417	10,7907675048573
9,4755481885855	10,7637427077499
15,0840715232772	0,142040444669524
6,95856058510903	7,74292712291264
5,5239336450635	3,48318554674267
4,728523253864	3,36485046811328
8,57008422656309	11,2456941811649
15,0489909801195	0,982641316694726
7,19784879232095	6,99010703261935
4,73607280156174	2,77239143903871
14,6979551772693	0,628424180823657
8,94864696094164	15,3677701429926
4,72478208494033	3,01302670021415
8,7236010213821	11,6640481650048
7,10304205239151	7,4068848135225
5,80121221095457	2,37856615198562
6,88522634699103	7,33667048854735
14,2412737499512	1,08791182443778
9,07686035627785	10,7751195437902
7,04780081948205	6,4579909368072
8,9936293501326	15,4794449638401
8,40907789302304	11,0554455890623
6,13950145501681	6,57406001598851
8,36836668165946	10,9993647049395
6,62655605081079	6,67910199459545
5,1432954205153	3,51284906395421
14,6191820549266	1,29948902333121
14,913266891444	1,43844390070922
6,47173685579836	7,39657370739252
9,47462151259627	15,5824360429354
14,0264251976579	1,50184088336383
7,38413922782945	6,55513699075236
6,28501075422025	3,51412516872031
6,71853944273018	7,53456786882741
4,87309852000448	2,42805764342023
6,56087826989381	7,09760854732592
8,70756095812565	11,7759849053087
10,1441262063261	15,8503261882534
9,44432341697939	11,3316410567788
4,93086240903186	2,25591789092339
13,8907181832537	1,57164681135329
6,98273241968777	6,53723453473011
5,69906463762812	3,35102707436924
15,2084600598088	1,50414237383634
9,9137600685802	15,4862048087362
9,53305649720244	11,3232022452992
14,9273336080598	0,508306050801195
9,12772879172154	15,0773619670036
9,42911709973725	11,2902596312607
5,12778297233648	2,7520076329656
6,1129394565126	6,89875569043568
14,7318182049033	0,219985796131914
5,16016120577288	2,5600422165617
6,10236011220717	2,3836650946482
8,7741998963252	15,7454488677108
6,04283872173227	3,46612199586825
14,1830550408601	0,778772126484394
5,26419028436876	3,38442143045582
9,99223380691813	15,067635243232
5,32682010211964	2,71224206035673
5,02067771662652	3,42715627798472
13,7750043884942	0,334520092483098
6,18940522492667	7,49944921970881
9,73841839975327	16,0031525434957
13,5421449267066	0,708764975924848
5,54849701566767	2,74863953540713
14,4447970482812	0,270529281391345
5,20620899972961	2,31931846990253
5,09146268202235	3,06977500359994
13,5834950100709	0,639477455450089
13,6466649370227	0,126144062226326
10,1613381726697	16,1065207566913
9,01655663262659	15,6001110515855
7,58438975633726	7,92822437099382
6,33266154957598	3,47774571212709
13,7846031848764	1,4565918548991
14,7751375163548	0,130187253326441
5,09818632135046	3,58200345836728
9,32478732028215	11,5135319464558
14,1767830630168	0,654386471720752
6,7432128071241	6,71261044444124
7,28010888011234	7,21427799844845
5,38165166399974	3,21671660408412
7,47610485659805	6,44872686853367
9,73330466339911	11,4998769053363
6,17090712023205	2,20180227233181
14,6063454475498	0,355486369198427
14,060831607529	0,359024059703272
9,304574940845	10,969390452776
10,2117916458192	15,3773044374486
5,74133113436103	3,37027247600994
6,2909705477737	7,71648308850906
8,73042426619703	11,897550764918
13,9235861625319	1,07697459649019
9,00836715417347	15,060585887285
6,37603781747665	7,21148056780508
10,2458163016639	15,3467106166845
9,78790537134771	15,1969786862155
15,068016364037	0,550683584434609
15,1363425042423	1,4257483311233
14,7107409842118	0,796490596859659
8,98528173861917	11,4860220380372
14,9510830616808	1,01790138667225
7,54286420476363	7,71078800582673
14,5757061975749	0,148428938818559
6,34490864721832	7,86441566732059
9,16426682528141	15,7905807713824
5,75191232218254	2,61082874410231
15,0601886666878	0,994139498391814
5,98593811013239	6,72397228963548
9,59764839603474	10,8972805879669
8,98776802072449	16,0807105644421
9,23037423985846	15,5912031631126
14,493594897048	1,14604518848671
5,10425771873701	3,51183227532862
6,19504149613839	2,57779101706638
6,75369221016934	6,49412952831033
6,73504658168283	7,92420006675689
5,48374339406646	3,42204415778307
6,48403991350635	7,86753402684976
8,52772711989931	11,1274895464418
8,46377166395123	11,7904300520525
6,02594578027324	7,01892795480119
13,5492286889083	0,93936200832971
9,22879467823362	11,1946928488235
6,45764186300967	6,71227624224027
9,08187319792988	15,016745643349
8,61795392779043	11,2221441553425
8,5031127648357	11,288669060787
9,47849286925645	10,7023685249506
9,69160968043997	14,9635502181678
5,62559618705563	2,41838795543635
5,348760985219	3,30589919715588
15,018136703102	1,12045393765953
5,25678800814585	3,48516101365114
14,2144364681429	1,09267665306085
9,50401356921826	15,7485087789669
9,62373941670778	11,4716884240903
6,18712205701844	6,52315149979791
7,62298779444873	6,55566909101335
9,22735964626885	15,5853070570578
5,86107882487745	2,49138009798806
15,1126162702743	0,697151770879491
10,2969558706377	15,8737827214785
7,22498895248361	7,15321231929556
9,19959691229276	14,6980253054456
7,08144049986018	7,90910718709901
14,4737376577894	0,167216780813576
5,1266680824719	3,28546619422937
5,53456553725643	2,64263070917432
7,51104649310031	7,71943626426464
4,6834719860437	2,33492910433222
10,0253744649142	15,3280167250517
6,63181223113353	7,28064746047109
4,94125796699727	2,14626771225889
14,3584536056018	0,81086101346656
5,37662662494402	2,57688622067021
9,7781471318137	15,2746602744812
15,1686445981132	1,37945210743958
8,47789902483562	11,8180946937245
15,2249924000049	1,03422721998806
6,90247210725696	7,62856079707776
8,98239330435338	14,9971414717094
14,4450851581788	0,176302545158758
9,64462501516304	11,9032151343723
15,1081835739268	1,22101799566159
9,03282169717776	14,9419618733724
13,9633786367941	0,574833575544736
5,84734315660998	2,71962819877431
5,80302019769857	2,34399023790435
6,83725463894674	7,47142319093603
6,64663682069137	6,94909894651832
6,17545999805613	3,22504939710561
5,40134080889468	2,36374299383883
6,67551804981926	7,80528634120892
9,92317624616833	14,9387958554468
15,2092401615977	1,3744019613108
14,538506519409	0,362774510054665
14,9385633090898	1,50007900938537
13,5878033735241	0,418964622275842
8,76186736294586	15,9731551466049
13,7973877209297	0,830060833632718
9,25996571227552	11,836844692438
8,57534657072803	10,5361273370273
7,33899829132268	6,69804142281288
9,2600493116353	14,9989683222702
8,19163321411511	11,6727166290076
9,3395663641306	11,9237704997029
13,8143693472409	1,52926185172428
14,5083797027632	1,03648203057117
9,30791928258659	11,0508757019051
5,78579425929421	2,11295680449081
5,94389631342369	7,53059978157731
13,8174130559558	1,09826323630089
15,0938760336053	0,704373421920533
9,31730924284559	15,4047900511857
6,27568778015627	2,63211561179102
5,50044433945637	3,18719645484851
6,09180245638238	7,06501097980623
5,55863539881673	2,29257357447464
8,92126341987378	14,9633858811202
8,39281050412591	11,0217680964943
4,97060792450624	2,50581331969271
7,33259638137538	7,73000129883636
6,38926364283851	7,65913794708532
4,7573506320039	3,07390542748399
9,18562470219944	11,020368959214
9,63422131135608	11,3643124009967
14,1949456332496	1,47107635728668
8,29476249091543	11,2715911422856
6,25291504506061	7,08618243044021
7,00238349785802	7,9202557894927
9,70788361923417	11,6072351165649
8,60701509693294	11,9010754017923
7,52316320734147	6,62175353286502
10,0607774135595	15,3284381702669
13,7963266193978	1,38218295186318
9,79082199601422	15,1584551368512
8,51558846311692	11,1128872204985
6,83025204835788	7,03455323362382
10,230592297682	15,165707672491
9,12339100995543	14,6255022672597
9,2128265217841	10,5933628283958
5,25379341273905	3,21061962073294
9,20726041143583	14,7035082697012
7,30748301757224	7,36448199879686
9,37383191974006	11,2235972139823
6,46210710898786	7,04500699328285
15,1031872075472	0,443200405764024
15,0183002185827	1,48379505819718
5,70253631765677	2,21116849737297
6,36352574070679	7,7513785335233
14,568887359848	1,05396717988352
4,70886833123119	2,781619188693
8,52350397313159	10,928037276095
7,42236568152484	6,80155397243312
5,58120002087748	2,92785871462647
9,1694565256661	11,4984990782252
14,8125042367335	0,697911162683274
15,1978657429157	0,891238812413246
5,15339772728846	3,42037480721966
6,75798643275379	7,76631517916998
14,308842445922	0,239889729438289
6,41071297554249	7,7104268889398
14,1650437365243	0,505440062003367
4,82231239911904	2,34286705356985
9,361263448798	11,5561786160534
14,7789437494674	1,11887457647076
15,1769879112044	0,552361295216891
9,14103292915146	11,5258505437484
8,34282268589206	11,2569312183289
6,19479259315884	2,91003903141172
9,5167370354745	14,9117254678145
9,38398226787458	11,5988345845137
9,12909988870232	15,2719092798919
14,4592436128802	0,131549546253074
7,4731324124786	7,37890653755906
5,68461689118417	3,20097188619436
6,3244192126388	7,32967219407213
14,7747621262711	0,380414718386842
9,22445540512082	15,6362383897787
9,60429551434875	11,8060187919927
14,6406081229995	0,679867356138542
5,85261881442329	3,49663981591587
9,03387024832356	10,6806934855829
7,50974332268712	6,56709485474085
13,5625074526029	0,817703864867377
9,1954583012954	11,8143028652621
14,3755389769164	1,26987369607266
10,1629248859564	14,6654397308036
6,87411828740655	6,52180242603031
13,9483540202887	0,542340263539387
9,64401378286846	15,1698350311494
14,8827971852372	0,21094571136945
9,20231884340583	10,5729758211099
7,55016774617154	7,57635365655821
10,008125325886	14,8616777454634
9,39126617935879	14,7017629832349
8,73391515624696	11,2937559875925
6,06512971060216	6,79081548478131
5,9422530508292	2,31806678836445
8,4890775000109	11,8257931514078
14,6747700342997	1,19558833329741
9,19328578934833	15,7749125099647
6,61952885034999	7,74073588848559
13,9392557027332	0,113488735164407
14,9263660602714	1,35336905460389
7,39340935923705	7,84498856964103
13,6201752992415	1,0066432111229
15,0051520361765	1,42058835772313
7,59929797836747	7,15710837909194
5,83588884944547	2,9555430375759
8,66322183049294	15,7846809175568
7,28441345284814	6,72129390715246
5,16593617108882	2,6489591083742
9,9980124973762	15,2032863660877
8,99431091852163	11,8768327914712
6,41073913355502	7,63061348867631
9,78730233656611	11,0549706168122
8,54623008955931	11,2057376599025
9,87199031209095	15,5692336340091
9,58008133474179	11,3536344419829
7,20390778332953	7,05780758761808
9,780966933217	10,9924843892672
6,57008477540462	7,53732249244432
9,96354436800654	14,684996718967
9,36205371064884	14,6302754169656
5,96823605645884	2,98817790725058
6,20456415143911	3,05282589300464
14,4116750066995	1,05159622543914
6,1136937719613	6,94300592337895
6,02899979905365	2,87364416801551
13,825329440601	0,716981261367285
10,2300687941026	15,4506647705796
10,2657201653887	15,533684697143
6,19403467472622	3,42482394770603
9,72795711787484	15,7191343295723
6,96154953419277	7,79654685425118
14,2772395227375	1,23107377635499
5,6308280706804	2,80168067971877
5,960835110668	2,32284828389283
9,95395070120141	14,8973231381407
5,96883767061488	2,50251033966099
9,23613361588791	11,4745194988906
8,36652461403397	11,9403547539687
6,23820504787762	7,2567704052013
9,77733581330682	11,1327883130346
9,17963130359165	15,7499667575581
8,69295498384699	11,4269509214941
6,60316099170901	7,86766645315497
6,0924128595955	2,21849549256395
9,80376073130392	15,7932716311831
15,070337079357	0,286742844618557
9,31474749160578	15,5170217613279
6,73197757515358	7,66126786780632
5,91071043958256	2,69577720085486
15,1816034557446	1,52850317560614
14,40685879543	0,978536117487952
8,19054994247511	10,6252728978957
8,77693846231816	15,1418411374816
8,28922963017754	10,5277957589517
7,30952733587947	6,77374609316735
9,66868251531265	10,6378006927769
5,53589996901323	3,35776772936142
14,1820154541369	1,27611336622043
15,1129847366847	1,02845569555156
9,81709581607889	15,0685005522645
14,325502987222	1,135853942248
8,80933282041363	14,8264230576248
5,19568497448897	2,44112820395454
8,67183718079628	15,5612340337161
8,44229211223641	10,4844437336625
8,86338485236024	11,7026815250166
5,36374200250697	3,36490760711684
15,1614165190007	0,46096747458657
13,8834972899526	0,500034947603825
5,25312391979573	3,57914699714815
9,37897827014285	11,5318586339878
9,33483421529506	10,5229014155379
9,26708008900651	15,7986229094762
6,80040717259285	6,79274343453542
8,19207862060922	11,0682606436543
8,67401061812027	11,0293219551984
9,2895550350999	10,8708848291291
9,4397198793992	15,0932335438936
4,92796166093068	2,96885001414721
5,81356640220894	2,79798987987486
9,19859192083765	16,0412151486248
9,78556735946926	14,9183032870047
9,25095131480771	10,8535691536706
8,47194164840715	11,2009940552303
5,73847049750365	2,91359914944316
9,84790885272728	11,3343577860151
7,19998254209037	6,662784481501
5,93983189063374	2,74395336680229
6,57109282295532	7,00783078756634
6,21602617805775	2,81718512131139
8,45416675964171	10,7310953151678
5,96925665463849	3,18030377771657
9,50119420579297	14,8546927949417
7,20707919295263	6,9164709006807
9,04588046029579	15,2727369464998
9,39017738797701	14,6881270140102
9,74548698522186	15,6440466927046
9,77604106481742	15,3609705866419
9,79369112206963	11,6827843172511
14,4598465503719	1,38470532946128
5,75591105031278	2,22847290194309
5,25164384484645	2,263382969889
8,33908303293364	11,0657773300238
13,6237589176545	1,08493528430168
8,84641984560697	15,3663662041944
5,48089992868631	3,55235606144026
14,4395974678283	1,00665658679018
7,51898293807661	6,48995018604842
8,75640611609399	14,6387692665607
9,41419569054655	10,8145926892402
8,90260785685026	11,117048104578
5,72459927837553	3,60166194353801
9,46922197613777	14,6158522763617
6,14817676825823	7,86458287714894
8,59256588256744	11,1454124182843
9,54744077881028	14,7169090750019
5,52534574050633	3,33736912026701
9,79026053012174	11,532442417558
4,70712466475368	2,48558565103162
6,1741497493124	3,20069253026849
6,92560721922748	7,46020939764362
8,26465674983022	11,0813360430039
14,0267451608383	0,209718514500417
13,9739171348578	1,4252199408393
9,03616148781032	11,6385563784338
14,473288328604	1,13874307800316
9,55677173905167	15,2498621717057
6,18182411617473	3,37057801702481
9,27270340494867	11,150684594368
4,90479814468844	3,17006091397839
5,06640181364106	2,40182853966405
9,37005849753438	10,6216641606035
13,9242263345861	0,479071276306119
8,26268773390795	11,4243212923211
14,6985292636048	0,461763830078795
9,78885255098837	11,9646172116149
9,18281106231178	10,917667856527
15,097776397744	0,707193611416013
10,1188823697138	15,7406247854833
9,66556092145324	15,1019499003802
13,9593628398278	1,16748446009582
5,62750435867902	3,45681730544134
6,14183429055903	2,81039007316001
5,50087737325968	2,60005954061987
14,3160631233865	0,278554621589147
5,27209144350295	3,27271162925185
6,22829894638361	2,1415039873151
14,7664995455934	1,16671599955088
8,47310537227896	10,9499922836972
8,93997984786806	15,0637754200922
9,62689374785407	10,5221325632476
9,3200117629073	11,4141874596647
10,2591378383334	14,934048551413
9,32666642760158	14,9227228830109
8,88123800512271	15,0425153267056
6,43344490939694	6,6263521787354
14,9247782646835	1,27006834414481
8,76754293442659	10,5827243783083
14,2827860565842	0,298497205275042
8,96717083027904	14,7433848379799
13,5951119081856	1,55816362645864
6,37052661861338	2,95753733704553
10,1274461613396	15,7832224447098
10,1851067239266	15,1637893549576
5,78714725657049	2,78127935226709
14,7659159591511	0,592995555264004
9,9692810676273	15,6466262238364
7,15960023830419	6,64037481203834
6,62336814713632	7,10763218291987
13,6238093985596	0,560897738143177
8,26850733495195	11,1098642570632
5,65302697192099	3,05302946716435
9,3054338881792	15,110402941293
5,43275635806006	3,58511968543131
9,71565979066016	15,4467210193605
14,2906181701443	1,20569896544798
4,85345125371002	3,21096040653865
9,80339474187026	15,5751274087502
8,552578782677	11,239602297077
9,57616880975264	10,510101453178
9,97142875155622	15,442638476907
9,82582548280979	11,2104739621317
6,02856097701469	7,03995825417234
13,638308797086	0,298660575296743
5,35980206690664	3,21734515632919
8,62212407687876	10,6217965458218
6,0990298326927	6,45291928889262
14,5230741131796	0,161131400804576
14,598373383102	0,344038636976393
14,9476493037869	0,124305840346888
6,00689531509608	2,17602950133373
14,2715852913347	0,595601642738464
4,89855047078633	2,74843958724995
8,86106038790889	15,9848250047203
14,4091219432503	0,146784195497437
5,61499276511904	2,84603802728397
14,545914557517	0,355034535582449
14,3844751805489	0,791821078612259
8,56720007009873	11,3087709443203
7,49355315563257	6,99267230100915
14,0205764321091	0,766366369476049
5,7689448073986	2,66171411371184
8,39902449282751	11,8623214673008
9,19105378499352	15,4780608639204
6,30188445818003	7,17248030350332
14,4841199702559	1,45802879684128
5,8140303324147	3,53069642909799
8,86784007329552	10,6239714026328
6,06175603738481	2,86471252966469
5,15822347175782	3,1032696425913
8,3908755169736	10,4867907261062
7,48165951124621	7,18800009346379
13,8720825792446	0,869886544769784
14,8089931102452	0,663671082175031
9,71798818497223	15,4957523064311
9,9925391266315	16,0727346304625
15,0228227680299	1,40465482361171
9,43425957801913	14,7038995271547
9,64745714780939	15,9988889578009
8,33122234202357	11,2803042011594
4,77693663438569	2,9513210538629
6,12679039241695	7,82249241710758
9,73135433266542	15,1078830700715
8,6680287633175	10,7928629536491
14,7650904024486	1,23259867313541
5,75525611383783	2,87143199600843
14,5004993008184	1,3872536562463
6,0721234727219	2,17456797596623
13,6646020435452	0,782013246473367
9,86376494340522	15,0664750077067
13,8371491222912	1,50131794057551
14,4506805731215	0,463229596151271
5,91847481465165	2,83436582087863
8,90572777409169	11,4279196712128
7,49868865801029	7,64163455047624
4,89837986848786	3,37515236143509
4,75362882106399	3,16323064297376
9,02534883188182	15,0857634341874
8,73929211624546	10,8220871841292
15,183301846021	1,16342537408278
6,50838239361933	6,66069187725451
8,32582931839971	10,5857930837385
14,2041349195171	0,624225586551861
13,8967072418007	0,916917263406835
6,71906909359923	6,63181421697715
7,12818004888926	6,45208656717961
14,3996018495204	1,23057060403605
5,46598754221413	3,55646026105272
6,7636159316981	7,13981261938037
5,42020572337424	3,4177123896933
9,30125732240329	16,1091996315729
4,92406537211481	3,08573864997011
5,51657587450099	2,77864016673827
14,3277618179997	1,2594568675304
8,63725647292582	10,97935184512
6,36340346629686	7,46238103044472
5,81049146770362	3,44982259236865
5,73380630891264	3,03078572399383
7,2985770617063	7,13610746988389
7,18946352098028	7,58184467123863
6,10215604384623	2,25606978114022
8,36499363418405	10,8583451360167
14,1602644715161	1,31388860259447
13,8877603058933	1,0994238369597
10,2213848976201	16,0333343693758
5,5578128478288	2,525284679462
8,71672695219296	10,8728722998501
9,05103274849115	11,3561929428487
6,40511344708857	7,72967510248741
4,71140811126921	3,15825188328712
4,97482540743433	2,24872162554789
4,96489168653346	2,16104262231264
4,8684178107475	2,87661443879065
6,03110771967095	7,85694620257397
8,60768817692561	10,9463287368602
14,6292161541812	1,38390320490313
5,01087993391169	2,1692676780222
8,83642477476516	11,3470794507281
5,40437192271517	3,06798332596885
15,0858160958896	0,096590328648782
8,61413855305216	11,8838015438646
14,5287833219031	0,383599431389457
10,1073104053436	15,422700918027
4,92565189873228	2,90717603907114
5,69901170763742	2,72837874208747
9,306962137184	11,3321919351622
8,97601605472793	11,1715286270045
14,201932089393	0,835216446569111
13,7785889024592	1,49601425189235
15,2097058550742	0,72310304761316
9,82434702172847	11,8331778697756
5,77194119325053	3,02126182230695
14,0650817426263	0,470843533749987
15,1207800029423	0,188957079671783
10,245419981877	15,216198638029
8,21871950568767	11,1670133681474
6,61465629605085	6,59703629376455
6,82224455029679	6,76199965374066
6,17094999854013	7,79116746343936
6,33586940769013	2,60468567534106
6,48847929456227	7,55440516024972
7,08264555319781	6,72684262189511
8,86203511001237	10,7348875772312
14,0203528399692	0,594088904768947
4,77366845981226	2,74564817106439
9,76818101951521	14,6640254632954
5,14455091917036	3,48383310558866
5,40184048018682	2,54451220278767
8,64766663714076	11,1852999400121
13,6931254023812	0,975906062254149
10,083582668989	16,0254114177685
5,74233040931144	2,87669685090968
14,7620850069048	0,109714378939273
7,06127618888645	6,96846280356694
7,6187507750282	7,8888860788329
8,57187632107554	10,614239507924
5,48432255148777	3,06018259263164
14,6104643161988	0,812111910722775
14,249634383581	0,288517543514854
5,77857648709421	2,85468870559575
8,32173840860861	11,1349053028845
5,04682344085372	2,91605589142803
14,2610202591908	0,970637730789717
6,0829590686656	3,48345530742263
8,9718115499996	11,6421448060749
9,68766211173041	15,4242945330429
8,83294821382439	10,5141202554031
6,7857071023438	7,91584561277325
6,87743823139528	6,57667025112106
14,7799697056254	1,06015707761854
6,76214375007513	6,74766571992259
8,24825608320764	11,2637803426124
4,99568119876552	2,80020580418036
6,18938736669825	2,59926799054303
8,42022401615555	11,6325030238915
6,9607588697059	7,41935927116083
9,01133744529873	14,8009987819296
8,82485649058616	11,0449004906061
14,8602021797701	0,633578507359899
8,66951101166426	15,2593160059112
9,48808034566719	14,8528158498132
5,92638281165379	2,21794792378332
6,15605322763226	7,93326543251075
7,46223489196021	7,65134915375035
6,06161756661411	3,17879778908103
8,7977900605776	16,0292647923733
9,82557065576473	15,5008393405905
7,04086789770295	7,21801253003029
13,6368221488668	1,41726352439639
6,42654675091254	7,70205554143102
8,82916955682309	15,4598526269253
5,99595014458621	3,09343903894053
6,33765474218658	7,05032531702264
7,03452579126719	7,65052068303545
4,80821003346937	3,42861247416777
14,8484243359975	1,46663265080927
4,94519055946698	3,38111177507852
9,23863919788956	15,3627638406571
10,2873924300963	15,1507534253072
14,280161840276	0,527732281645391
5,54395879967905	3,13620092392272
9,44202823752819	14,8188414074241
5,39295089854273	2,15200660445467
7,61848017654541	6,51061181684453
4,78937801947061	2,83698930135919
8,6469943302849	11,9116767559032
6,20515849517801	3,35895227607494
9,57188587580594	15,3590435460732
5,86499053497194	2,16346927596177
8,86323790895171	11,3154829997909
9,66947302778195	11,805698014451
15,1859829371508	1,24548539739877
8,80096768500554	15,4849411913733
6,32305767142009	7,23507724697445
14,5335526364501	1,39868773663524
7,43579075260642	7,80793178814454
9,19877215951823	11,7842423403895
14,8092925916256	0,866160098255985
9,45655732392801	11,4289729028033
6,14955771477486	3,15628125698585
6,94996500930565	6,95482806839654
6,40757273145224	6,80552629924841
5,6154909629692	2,56381843345153
6,66965417461497	7,82349134715678
9,04150770626591	11,4141662742695
14,2436875374228	0,569955931395874
14,2609697656865	1,05579048101519
5,91494059719559	3,34502285544483
8,83846256551768	11,4238596219858
13,6421157303388	1,42816299991764
14,4580519648376	1,11893301040055
9,05322578342082	10,7462760687146
7,05229572475061	6,70700558186371
10,0293064244564	15,2614063133898
9,83124988586306	15,924409342368
7,12622854197138	6,46614332606619
9,62473858950078	11,8281761490532
6,3467703733172	7,16823905436557
9,77911926978809	15,2134605240384
7,03300345897	6,65725377409215
5,98757437801712	2,17945826156198
5,65234048017982	3,50167840132606
15,1210008733326	0,850504140854948
14,2730069152142	0,603519482845897
14,0018837527333	0,341504662839153
9,716718591488	15,1683500051992
9,88344266987068	16,0601418816627
6,01910998871741	3,17652760046795
7,10489293886093	7,09364163830078
4,84851500563165	3,03836762139469
14,0679225248105	1,203603110895
5,29370205968025	3,38201627629364
6,26461671633187	7,44656872871145
5,10131562662096	3,43869182309128
9,66881973922219	15,6405710984939
14,2939159785287	0,776857129384012
6,61009176903653	6,85050163868208
5,27311705836775	2,31968212969583
13,9019968973502	1,49649097043257
8,72561775508123	11,8398761785109
9,62795167040277	11,1420838276901
10,0925086465185	15,9578331762323
9,10434487249487	10,6281480622344
5,08714400499926	2,67773827708902
9,42791676191743	15,7258369945654
5,03430819358335	2,88107636714847
13,586343619909	1,17678371111585
13,8291178886715	0,444605744995173
6,36503775089204	3,22525017698534
6,16938594059499	7,67007994513532
9,07616749913602	14,8602809493257
8,915390535044	15,5158208248963
9,21933749361918	11,4483824014248
5,9194163492986	2,92042341934338
8,36882491021781	11,8806301702068
7,35242276227423	6,89023607829876
9,82563781328172	11,2384804915444
8,25629690754578	10,5736230093228
14,2235930987307	1,43437422435575
9,80206659709104	14,9075568347608
14,1431628797504	1,39276723716337
10,1590052762591	15,7619126786564
14,0828260080237	1,1764726594682
9,18890379524444	11,3673841683003
14,8922183062853	1,09763980352423
13,6476361446926	0,53040960872446
5,65106729569471	3,1672073884685
14,9622823931286	0,698982358107753
8,92415522542362	14,8377460421113
7,39007346384259	7,81304264974442
9,09659209346139	11,2329607455178
4,81970722936185	2,77850997264342
8,62607908135794	11,4243406621962
8,64482657621908	10,8856857402419
9,59903936737232	15,6804950840127
9,52560930255615	14,8731419020216
5,03777860292358	2,14278100964877
13,7655614851887	0,604882419042174
14,620298625646	0,722849519647034
9,41176816969511	15,3530261794911
9,56081529709329	14,8175859190187
4,9228956974914	3,02495662442557
5,61977251822271	2,98840601069951
7,53664994407327	6,9538146644924
8,36814886527731	11,1232169489925
15,181091587564	0,466813149725923
5,35757457107798	2,28579979755592
9,22643311489175	15,5421291273585
9,77756781386782	14,8285524721905
4,76124705250472	2,85735677910475
5,09496332994814	2,85303775170778
8,7191085514677	16,0753272869734
5,6384725743846	3,04749521228545
8,28236725542826	10,9567311967898
10,1791143103425	14,716005579623
6,28356154865522	7,73900768875903
8,71872030120264	11,4813141695586
9,68576280549955	14,8714853637568
13,6101618460344	0,465321712684027
5,8521656682601	3,10439882831224
5,0410949866186	2,44721186701331
9,47167798190717	15,6836538175126
9,20532026891293	10,9433642771535
6,6449281786671	7,48711495265672
5,91784290196438	3,43014407353297
4,79802977118396	2,57764252157136
8,822915622378	11,8534274888164
9,44601601148649	11,251717729282
8,92943906189476	15,1239062417751
5,4421200829114	3,39554803987815
9,32128831971484	16,0784963019152
10,2433163084096	15,6366662631324
6,55529800909392	6,60101099953029
14,2614264592839	0,933699501745216
6,71117996997421	6,53884886873834
5,5009221765372	2,84669777481766
9,97810712711864	15,8623433006769
14,8872567662738	1,42488503873727
6,84650358871452	6,85422730489091
6,58970855905329	7,55558429362028
9,55769409455135	11,7748231508262
10,272866006611	15,8390623134709
8,29867100373323	11,5842585386687
8,68709816178678	11,0461807625531
14,2805540360798	0,418395360409231
14,7637470055191	1,15601105563074
9,16742603511195	15,1686559244
15,2120525790699	1,0061047923646
14,7672498112931	0,139544057413776
15,0749089820783	1,56581642327007
7,59616565814833	6,77553057035285
5,54257864691341	2,83801401760724
9,07383639744231	10,6817518700215
5,69771244799976	2,75824898721564
8,98109939209784	16,07472924177
6,3141672385697	6,65017501456667
5,47602880799816	2,14237894835264
9,69229249417921	10,627247066899
9,28121332038215	10,6788724029732
9,02170156354685	15,7357984845544
14,2300190119854	0,088874038741778
6,76921051781526	6,46994328272714
13,7123205332249	1,07176280355349
14,0574640205172	0,688256403553366
9,31543756253032	11,6183458514016
9,23316768027159	11,1342324978022
10,2745905388217	15,597753718558
8,92554019595921	11,1288798813578
6,55818044973811	7,51599922252625
8,58825180647834	11,9010764895795
9,38442662590112	11,1958800673753
13,5466556084295	1,08504656338736
7,40759762568365	6,65972143553798
9,46779858646208	10,6766319441861
6,09670879018025	3,21507867317752
9,45338809554195	11,6482140080154
9,30618046629018	11,9278320422611
10,2267944746683	15,5073940975708
9,50119700232815	11,4440142684194
10,2356152263581	15,0827726510596
14,7106593861036	1,09276950460328
9,50019539272093	11,6087923866337
8,4727201236309	10,5869495159508
9,92191435899182	16,098253001012
6,77599321655636	6,47222169254051
15,2012519532507	0,968668135843965
8,9408157754677	15,9193488478708
6,94712096939464	7,01055589857863
8,63360814090612	10,9797645345442
9,47745712733633	15,8435500631034
4,91258413659698	3,33723935369161
8,9466527837526	15,5001759900012
10,0500849864213	14,6772084972095
9,47589997327483	11,3700667180949
14,2284258760867	1,10463476135054
6,32508431834404	7,4530264587006
9,67299404610975	11,0597091234923
9,2484864593932	14,8329925112092
8,59510167361256	11,8856856032188
10,2046459909756	15,3766378525665
13,7727784300815	1,43867514538363
9,11118098802745	11,9386183033819
5,73339686403912	3,21126694839395
7,43205875230941	7,06710699115683
14,0510234940559	0,40868353638639
14,3505868279947	0,862433496003216
9,49361397887299	15,543575928906
4,91868236047926	2,76562717846509
5,26884987502859	2,33461000564049
6,72270751075982	6,44901402180489
8,66675994622902	11,2822279894568
9,51075431609472	10,9198475454873
5,56557617528831	2,90841495465536
6,21716866830504	7,46962676609061
9,51362305917999	15,8087251984481
9,60520081048392	11,8439737655399
8,83091148768874	10,665267000744
14,7887953247321	0,474107514737106
9,83119130286258	16,045038236021
5,06099140585853	2,80254334289954
6,19222983874804	3,25856086890513
7,27753251360826	7,65542680445313
13,6705252483408	1,1367009513813
9,79666741270056	11,4764089814127
7,47325717363185	6,66589473264894
9,82514789845531	11,9539045889106
6,2616884337957	7,60453591763119
7,08152122447771	6,73429639034413
7,42282956624002	6,81931080483585
5,89172187604581	3,24378025303424
