50000
806 938
1138 1236
327 457
1186 1431
289 379
827 911
593 677
44 187
88 191
527 640
870 944
27 178
287 368
1112 1377
531 714
802 914
1089 1230
848 975
568 638
574 671
1146 1217
92 198
866 944
855 954
13 192
1096 1354
16 158
25 210
531 718
1128 1259
568 717
847 1006
539 683
1143 1347
831 975
1 240
845 917
853 915
10 181
857 995
286 467
286 412
22 145
1130 1294
590 726
806 911
305 450
331 418
83 198
810 1002
860 993
1112 1308
803 917
263 371
1142 1410
1112 1347
79 196
331 467
800 972
1148 1299
18 142
327 419
268 417
276 442
592 730
16 212
877 984
538 725
589 633
529 670
80 213
302 377
41 215
1126 1226
1111 1227
59 244
329 455
584 678
81 226
870 974
268 392
577 625
52 164
825 1003
60 138
322 420
283 453
315 438
302 440
870 996
87 233
74 217
830 958
294 404
1100 1262
98 187
99 229
824 963
1126 1377
590 674
521 704
281 421
596 722
1160 1390
278 394
46 179
1099 1296
298 434
1 140
1149 1386
1122 1275
1143 1305
847 988
869 937
303 412
78 208
823 910
333 440
832 1000
872 996
529 659
869 926
272 457
1101 1397
865 941
524 642
598 700
1087 1241
809 994
1145 1220
879 971
300 379
317 378
577 669
51 188
595 628
596 701
329 433
879 927
812 973
38 205
73 200
839 973
270 464
826 968
858 959
326 401
826 971
868 908
556 673
318 368
570 636
553 625
81 180
287 410
55 239
50 171
852 999
561 699
865 945
806 994
594 687
277 370
544 629
817 974
826 1002
1125 1428
528 710
807 907
30 162
1098 1292
863 966
545 724
830 939
872 966
828 1010
322 413
857 906
864 956
1171 1331
42 240
852 966
553 700
1102 1318
69 172
863 982
523 687
1132 1328
320 432
1091 1274
288 418
1184 1285
848 919
268 435
868 998
295 455
318 387
294 455
283 413
88 141
290 383
839 939
859 958
319 396
576 673
557 711
324 413
25 217
1107 1424
830 974
810 909
269 439
832 998
1103 1392
829 937
865 906
580 728
314 406
276 400
297 463
1169 1237
323 460
334 424
874 914
535 643
586 728
38 181
583 698
568 644
1159 1276
271 404
539 661
869 961
334 384
1133 1334
30 224
1134 1320
854 926
1153 1356
862 931
59 242
298 462
59 128
811 984
1165 1248
270 445
862 914
593 625
1136 1243
1082 1245
1166 1324
33 169
1143 1334
1158 1405
1155 1278
80 138
1160 1326
536 703
1168 1299
305 433
533 667
528 688
331 385
1114 1300
1174 1254
581 703
328 391
32 132
1181 1353
570 676
1132 1412
41 180
1109 1340
842 1004
851 964
552 672
36 126
1132 1230
550 634
528 669
319 417
540 660
266 455
850 983
270 384
337 386
588 707
4 206
296 452
74 211
1135 1331
853 940
284 438
3 169
1124 1220
1108 1221
1122 1387
268 414
880 991
807 928
262 454
100 227
564 667
532 652
522 636
338 406
52 161
565 653
336 402
850 946
857 965
46 206
876 923
296 395
591 729
522 708
590 653
591 639
1093 1246
1108 1313
43 188
856 966
851 943
331 462
579 651
1188 1322
47 149
521 634
298 418
1113 1283
1144 1364
817 964
17 217
849 979
4 235
1 210
60 177
37 220
567 670
871 947
800 963
1096 1353
289 367
1140 1269
576 650
1177 1282
837 933
800 995
1170 1289
264 448
301 452
859 997
54 158
1179 1269
9 214
807 939
262 459
324 387
1173 1388
279 410
1089 1415
847 939
50 211
817 930
553 704
58 193
70 171
322 442
68 148
280 403
295 399
1174 1269
522 685
853 996
318 440
320 442
265 387
867 1001
568 648
523 689
566 635
874 1005
1173 1232
1159 1307
868 912
264 413
337 441
92 179
594 637
871 908
557 655
811 971
312 433
297 388
831 970
272 428
334 408
538 661
1115 1284
324 429
279 427
1154 1397
1183 1348
1179 1233
1187 1426
14 241
817 980
268 403
566 707
873 1005
565 703
1137 1368
293 387
591 707
585 692
1110 1271
841 946
1141 1434
87 214
819 993
21 135
1176 1216
1153 1322
1182 1320
810 915
521 652
16 229
821 930
18 175
277 438
93 217
833 986
305 455
553 707
581 668
829 979
824 912
10 250
832 911
270 421
537 710
15 146
530 626
851 936
836 909
1156 1249
99 199
584 651
36 207
821 918
74 156
574 693
49 136
67 195
593 657
868 931
51 127
551 670
1147 1390
1142 1366
51 197
537 674
4 214
324 416
265 455
297 429
12 215
597 679
1107 1316
851 977
836 967
1184 1376
522 662
7 235
875 1008
1151 1283
1104 1373
1187 1392
801 935
272 456
1122 1366
95 223
564 728
280 427
84 130
1168 1337
1146 1410
1135 1436
61 193
1149 1296
587 660
815 992
30 192
281 427
861 918
831 1005
816 914
314 376
100 146
1166 1318
303 443
1131 1263
46 131
1 250
837 920
5 163
1141 1403
1189 1256
50 156
54 215
60 226
67 224
267 375
568 685
334 451
38 219
831 989
826 927
1143 1314
867 939
530 723
850 916
303 416
807 987
84 207
320 406
2 144
594 730
856 911
312 438
1105 1337
1160 1398
60 200
1090 1408
567 692
264 446
840 963
842 991
521 692
30 166
821 997
303 412
1084 1219
1145 1327
19 137
306 412
315 459
1115 1431
51 144
79 177
813 950
40 250
564 718
284 464
529 675
571 663
558 648
1161 1247
58 167
586 711
272 433
555 652
1135 1429
576 690
280 412
44 249
801 980
520 712
1097 1401
579 665
1095 1438
1083 1268
1118 1279
526 714
1092 1423
306 451
555 630
877 1001
13 128
77 155
311 384
1183 1385
539 632
331 424
273 446
587 726
550 701
302 450
10 185
1181 1338
833 989
1158 1414
264 441
72 144
1099 1218
588 672
1097 1290
27 205
542 723
340 438
85 193
522 720
266 396
1100 1218
1091 1299
819 933
537 668
66 213
839 949
1149 1437
4 235
335 468
867 910
13 135
67 186
1100 1435
44 134
522 690
1124 1427
299 451
551 699
1171 1260
335 440
527 722
336 371
68 230
293 423
1111 1392
24 226
584 675
1108 1225
1086 1278
300 393
867 960
1186 1423
548 695
1148 1350
301 380
1131 1259
20 249
596 702
21 135
845 960
847 981
323 389
1098 1269
859 909
306 443
566 725
807 1000
333 444
858 993
1178 1229
820 908
853 971
19 232
874 965
1095 1383
1095 1370
62 226
561 670
282 391
1090 1231
98 239
263 433
861 960
831 994
304 452
822 991
859 972
294 449
526 690
526 708
842 927
67 201
73 137
585 716
1177 1249
1095 1394
86 245
576 689
834 906
841 990
1119 1286
268 416
43 248
1168 1400
837 922
530 695
66 174
1094 1249
526 683
1181 1407
579 643
813 936
75 169
50 191
579 655
340 400
858 917
1148 1238
31 136
286 470
820 915
1117 1225
830 1006
1133 1261
79 188
564 668
546 659
276 469
865 999
581 714
46 127
100 137
825 932
56 205
1 240
42 184
59 205
845 923
333 376
329 460
812 996
52 135
1084 1244
846 1000
275 468
92 222
267 423
1182 1278
285 379
588 701
267 379
548 678
318 398
554 637
279 431
81 133
586 712
571 721
280 416
530 662
1156 1222
801 943
322 375
269 453
4 175
562 718
826 940
815 946
43 179
264 378
566 713
836 916
540 718
575 645
332 365
524 706
1084 1301
93 220
278 443
592 664
600 677
1165 1404
587 728
584 634
1160 1399
536 642
812 975
856 1007
262 409
837 955
577 628
79 210
1151 1220
305 442
831 965
96 201
1189 1377
7 162
44 170
301 417
528 642
1190 1240
827 979
1181 1379
15 160
281 408
856 972
56 194
563 637
1097 1331
55 199
853 916
1146 1228
57 234
52 150
1157 1223
830 925
832 988
1141 1346
872 949
591 700
15 229
1174 1342
265 382
1162 1407
1126 1264
570 666
296 436
535 707
1151 1294
552 643
1142 1343
580 729
72 136
869 920
1131 1234
306 432
63 240
599 701
536 649
868 909
548 673
863 979
831 968
1113 1391
1098 1259
1091 1354
75 205
333 396
87 216
13 193
1089 1342
278 390
1099 1248
807 944
837 1000
599 650
312 381
27 168
277 467
1178 1292
581 629
870 993
57 216
63 211
34 239
564 646
857 930
79 135
329 365
95 180
58 177
1118 1238
578 643
1173 1431
1183 1422
874 957
45 144
599 638
867 937
12 240
71 236
1128 1423
46 213
1119 1437
316 375
77 225
51 226
828 933
269 434
1172 1257
843 919
530 718
1097 1238
59 238
33 200
1105 1331
5 230
1096 1375
804 935
308 408
840 989
855 942
880 941
64 143
835 928
97 156
562 711
304 402
870 954
31 177
872 911
15 158
528 644
840 938
16 225
17 201
815 964
1143 1266
335 430
307 372
20 193
553 689
1104 1339
298 417
277 447
574 650
595 639
1106 1370
21 156
265 429
593 627
269 419
324 446
96 156
839 952
324 407
853 906
57 144
525 727
854 979
553 689
1098 1299
1176 1407
321 419
271 437
810 965
65 139
261 426
845 935
835 999
527 696
319 366
289 373
1136 1252
544 705
286 383
49 162
577 698
1140 1404
862 907
327 447
842 921
1086 1365
276 378
853 905
86 150
558 625
1182 1259
564 688
1151 1405
69 154
97 249
325 423
1184 1383
51 214
314 398
548 667
286 424
318 450
1173 1425
563 714
1135 1264
880 969
1188 1249
556 726
1178 1264
848 954
1153 1300
564 685
527 662
549 656
302 386
278 377
553 661
1129 1272
838 1001
288 403
52 141
313 387
809 972
311 434
1166 1262
813 907
319 379
830 933
1115 1338
1097 1327
337 414
1156 1398
294 440
283 445
808 932
814 954
297 403
311 449
1183 1215
289 462
296 403
64 241
810 995
270 369
583 649
1129 1256
49 192
860 956
321 453
1189 1238
32 159
566 648
835 985
1190 1220
835 917
827 959
533 635
865 936
816 934
299 405
66 196
531 711
338 444
848 905
869 1006
803 990
837 941
841 939
562 706
13 173
35 246
327 437
307 412
819 911
840 923
82 250
46 193
830 914
523 708
17 209
1082 1362
322 470
64 182
1144 1340
843 996
18 225
266 374
548 674
572 666
576 726
311 406
51 125
596 677
817 955
1116 1319
808 970
537 660
821 981
71 144
541 652
1163 1318
280 428
284 413
591 674
578 730
76 135
285 365
854 961
532 674
536 670
835 998
1169 1302
314 422
573 665
86 235
1184 1358
830 991
55 200
580 625
537 637
338 456
260 394
545 686
332 434
306 410
1184 1404
1080 1307
53 201
828 940
0 144
537 699
550 725
332 469
1139 1439
1107 1381
590 704
301 438
552 648
588 704
562 657
99 214
1140 1334
312 416
1151 1356
534 636
283 393
69 222
1173 1410
552 664
323 460
8 153
544 655
1184 1291
813 1006
576 638
313 395
286 453
524 635
833 987
567 626
60 193
276 457
68 173
850 930
1105 1329
1184 1302
83 220
581 655
1165 1235
70 147
556 675
529 729
9 151
833 909
297 426
1084 1386
36 146
1139 1371
1164 1215
38 217
538 704
841 992
294 383
871 964
1160 1434
1190 1438
276 403
1105 1258
566 639
1169 1371
1147 1389
1136 1399
810 914
297 382
1168 1433
1175 1405
1177 1350
866 987
263 381
29 246
1167 1418
1095 1307
565 635
292 397
1107 1435
837 930
569 710
1114 1412
1132 1242
567 694
543 648
52 249
269 386
292 391
91 191
580 699
577 640
600 645
291 434
599 639
566 641
293 417
579 632
816 945
811 975
36 246
1080 1299
590 721
89 230
283 423
295 449
1093 1435
1095 1380
295 453
810 918
289 452
847 985
43 185
598 641
812 981
281 411
274 401
874 925
817 910
321 436
864 981
840 962
1172 1353
74 220
1119 1238
49 152
880 1006
268 375
314 429
96 232
581 692
530 684
538 711
1112 1258
837 925
568 710
303 440
59 132
10 240
1148 1238
279 411
866 910
527 653
535 638
40 133
14 163
1181 1382
814 1006
598 716
1119 1243
50 240
568 640
294 444
553 669
535 694
294 378
21 224
22 226
843 952
537 661
1097 1398
873 996
73 242
6 133
842 1009
571 687
552 672
1105 1261
300 459
1116 1343
810 1002
837 995
802 985
319 392
330 375
835 935
38 171
327 422
545 634
849 963
837 961
331 365
53 216
273 400
271 432
1103 1398
1121 1420
335 428
811 967
39 233
523 715
1148 1375
1177 1388
275 447
876 943
1155 1290
1185 1342
322 398
1107 1222
1132 1384
317 373
817 957
1184 1426
870 972
851 917
586 719
812 926
559 639
1108 1253
875 916
570 690
570 677
1180 1332
573 683
324 450
284 458
593 665
80 232
532 712
1093 1287
1117 1439
849 925
277 463
1183 1275
595 702
27 171
1172 1422
846 928
286 441
302 392
17 135
93 246
837 1003
1182 1298
314 386
579 685
865 945
321 390
872 976
544 640
1089 1263
562 625
875 908
325 445
579 651
98 127
548 716
806 915
552 670
1115 1336
874 989
336 378
831 905
830 925
282 396
825 970
567 719
1108 1292
18 162
566 635
263 427
1 173
879 920
804 976
51 159
800 971
93 180
841 962
524 642
600 678
530 691
588 711
532 685
28 228
274 370
568 646
1080 1419
1190 1417
262 397
69 203
27 214
300 387
20 173
566 714
42 195
265 391
843 992
320 374
869 995
832 974
325 420
73 200
323 368
836 967
1104 1394
1173 1382
1107 1417
546 710
268 378
826 939
809 933
827 915
542 672
1172 1323
284 378
1127 1368
35 154
561 728
525 690
550 686
92 218
281 462
62 165
63 175
576 719
580 644
297 466
561 641
261 465
594 665
1094 1324
65 167
856 971
325 428
834 973
586 688
288 439
1128 1263
1166 1406
581 727
54 187
1147 1401
1104 1331
1140 1241
541 719
266 422
1082 1388
1144 1399
586 699
1129 1250
1139 1291
100 183
520 693
288 421
269 396
1173 1354
1099 1355
55 205
336 467
284 411
813 925
100 126
1081 1336
1178 1232
72 147
542 671
824 973
586 716
815 993
1162 1386
325 365
272 453
815 950
57 222
857 908
268 368
94 151
549 689
53 206
843 943
282 405
1127 1315
806 967
272 389
40 180
314 396
875 969
55 242
1156 1439
59 249
1158 1369
556 730
277 372
585 678
334 385
592 637
29 222
96 139
1082 1390
43 196
317 394
820 949
563 663
286 415
46 246
35 236
1085 1236
597 719
1181 1369
1148 1218
332 426
1121 1357
44 191
310 403
827 961
72 131
572 719
59 171
1174 1374
855 1000
855 952
11 145
579 676
3 194
100 137
1155 1244
1159 1401
1135 1426
317 412
94 195
600 642
523 647
267 404
868 909
877 955
565 677
332 379
872 967
1107 1400
267 366
1100 1322
1144 1370
873 940
44 220
309 413
880 992
95 139
1101 1425
1153 1319
79 250
330 458
312 455
327 460
83 176
321 373
859 947
59 193
1144 1226
271 441
43 216
1139 1375
301 423
66 152
82 190
282 412
288 423
595 728
325 451
45 139
297 376
11 207
332 379
853 978
317 447
1117 1245
2 224
1162 1278
284 382
581 632
536 631
287 394
260 458
857 917
583 690
1139 1312
1126 1252
853 918
574 635
539 705
812 930
28 206
842 938
1187 1408
73 176
95 233
1132 1311
1131 1317
38 188
286 395
1190 1423
1188 1317
856 919
802 932
1172 1270
302 468
556 688
327 457
829 918
832 920
1116 1335
1084 1264
1093 1332
48 153
1084 1261
322 391
313 452
16 239
529 710
589 685
23 229
23 195
592 719
836 922
567 705
558 665
586 711
70 206
45 249
25 163
95 158
300 368
832 924
1138 1409
52 198
580 718
856 961
282 370
9 136
328 426
30 140
1172 1356
1166 1338
261 401
39 248
280 448
543 675
577 698
818 976
580 707
531 650
1154 1232
553 729
568 642
824 939
865 948
87 147
62 210
551 638
547 682
70 177
286 455
594 687
530 716
819 989
85 206
1185 1373
862 962
80 249
8 222
284 453
1105 1387
579 651
877 1004
523 696
295 465
285 382
546 661
860 988
541 634
837 964
59 194
333 397
530 688
300 400
272 437
60 176
1190 1245
1122 1252
30 234
862 957
1178 1216
1139 1264
553 687
573 666
1093 1321
805 942
318 371
589 666
1114 1251
21 233
531 688
528 712
1139 1346
50 216
35 200
544 628
1091 1281
833 952
66 131
267 450
44 176
93 126
95 150
273 434
582 721
855 969
555 643
11 149
1168 1235
96 206
31 211
1159 1322
1108 1229
328 396
598 685
1171 1350
330 448
572 713
1110 1369
1140 1245
31 175
34 173
858 996
31 224
78 138
49 201
1105 1258
584 726
849 981
315 385
323 394
96 210
37 166
844 1010
595 676
21 227
595 649
1129 1255
1107 1363
1189 1328
577 626
833 906
1110 1331
339 416
854 939
45 164
1126 1229
1116 1231
1092 1436
282 391
64 170
1166 1353
817 907
525 657
840 974
5 128
312 464
822 1000
330 464
1174 1297
1187 1369
527 695
575 688
1133 1375
1111 1438
271 382
834 969
1094 1252
598 626
540 630
2 172
565 630
1177 1375
45 170
1111 1225
339 365
308 440
537 691
557 679
94 132
564 705
582 676
530 729
324 411
585 657
552 706
857 920
803 909
1143 1433
870 911
57 223
543 728
586 705
327 378
330 416
861 950
1163 1252
294 446
580 639
43 125
835 932
1086 1431
39 235
555 633
314 373
1094 1265
855 971
847 983
834 1003
813 908
1170 1348
1082 1370
1160 1421
282 443
86 167
568 654
1082 1431
1151 1283
598 720
336 469
306 376
26 162
42 167
322 389
540 726
1130 1396
65 133
852 923
875 958
303 450
329 457
562 637
36 231
551 676
579 675
539 708
529 726
1127 1296
856 1000
291 428
858 947
21 154
585 673
310 433
816 911
832 924
1138 1268
25 172
1165 1382
572 637
848 1009
1141 1215
857 992
808 993
48 188
1087 1303
853 923
57 247
595 628
814 916
828 966
834 971
288 397
81 167
1136 1433
830 1002
1186 1358
16 214
545 703
569 659
74 131
850 950
268 368
567 681
18 163
300 378
15 195
314 375
90 128
543 687
822 936
528 730
876 1003
587 654
529 700
1137 1394
43 188
1186 1368
588 711
318 431
828 993
834 956
566 688
1099 1239
863 933
871 905
1117 1244
859 951
86 147
337 460
561 643
47 180
826 939
5 137
1102 1438
1163 1224
565 725
301 427
831 921
44 188
532 646
530 690
12 247
297 407
592 716
335 385
67 127
1 170
267 418
284 449
1118 1251
32 241
24 150
81 200
1100 1345
808 1009
1166 1302
542 662
557 702
1162 1282
273 372
339 396
563 640
1123 1244
1185 1330
12 176
836 940
1106 1377
1171 1394
274 468
576 664
841 936
47 186
59 226
61 144
79 247
811 911
567 712
62 138
862 937
1086 1414
578 697
290 443
526 722
584 648
302 438
836 907
842 935
1179 1354
823 975
280 409
260 458
94 236
81 243
78 142
565 644
336 378
1120 1335
581 696
576 698
544 723
309 365
876 965
93 193
826 993
1143 1376
289 387
857 1006
1125 1215
283 440
561 646
1095 1284
309 393
1081 1366
95 164
802 987
67 249
863 975
271 452
22 139
286 388
268 445
564 725
829 924
1162 1319
1150 1309
1162 1368
544 680
4 222
598 674
806 992
17 132
1097 1306
1102 1399
536 668
844 994
1085 1396
1172 1377
1103 1306
583 645
1183 1310
524 693
57 237
282 437
842 908
813 939
577 712
294 456
262 445
828 960
308 445
88 128
304 394
560 678
1174 1375
576 723
1133 1386
870 912
877 982
320 369
2 215
544 693
840 983
58 181
40 152
70 168
25 132
301 435
41 248
531 659
542 700
1151 1256
1166 1389
861 1001
823 917
71 210
856 971
1117 1381
5 155
568 725
860 914
327 411
835 912
590 670
313 394
288 413
274 440
81 214
316 443
526 722
306 463
18 141
806 953
76 135
579 639
825 995
296 396
39 198
530 704
830 1003
561 696
18 209
834 969
527 626
95 193
52 202
1082 1280
821 1002
89 133
527 713
270 446
1115 1258
537 724
279 399
585 706
89 166
1190 1412
829 911
339 389
13 216
817 917
600 684
295 427
322 447
1132 1315
6 140
331 469
265 405
564 691
52 173
1107 1238
825 1003
536 696
563 706
1127 1215
96 179
29 170
879 906
853 981
1116 1325
591 683
77 213
829 909
1132 1399
88 144
867 937
11 201
1080 1364
571 645
536 722
863 914
306 373
9 248
848 978
1170 1272
5 186
1116 1272
827 959
268 403
856 932
1165 1403
309 403
268 366
1 179
1173 1286
827 910
581 692
540 645
292 456
266 367
820 971
807 1008
1168 1216
18 225
56 159
548 661
339 411
1114 1276
551 645
1184 1232
1086 1306
563 659
578 628
317 368
261 446
1104 1312
1182 1260
296 370
595 718
69 156
592 720
824 1002
801 973
534 669
821 1009
1098 1313
1165 1280
319 466
600 643
577 664
876 934
843 1000
0 213
576 655
272 405
68 138
856 962
42 143
336 365
1190 1349
570 639
568 722
50 201
865 948
52 152
280 411
19 201
1108 1396
1181 1231
268 439
1093 1312
869 940
526 686
267 423
19 154
1151 1354
846 974
69 215
815 929
563 698
294 435
32 184
823 925
861 923
1091 1314
51 229
1185 1322
1131 1320
309 410
1111 1422
835 1008
1133 1238
276 440
326 426
298 367
1100 1368
296 454
1153 1372
1141 1301
1080 1270
594 678
1187 1304
830 1002
0 138
316 413
8 240
841 968
86 189
1117 1411
822 965
1121 1231
275 365
829 984
291 469
312 443
7 171
1127 1282
864 938
549 712
811 958
873 946
330 445
559 703
539 638
823 1005
816 935
310 459
587 633
566 671
1080 1431
589 659
583 682
559 686
264 435
326 421
834 923
291 458
1128 1220
65 198
537 721
1162 1295
553 662
575 662
859 937
295 466
1117 1234
854 1007
818 938
1128 1286
310 401
331 417
80 239
1184 1374
1090 1262
595 713
591 636
592 683
859 969
340 469
536 703
13 144
309 413
295 381
37 197
1109 1296
1169 1397
1118 1282
594 629
283 388
1117 1324
859 916
596 730
1135 1311
525 683
530 663
66 238
51 219
834 920
333 457
312 457
260 371
1151 1282
282 463
1154 1390
875 965
13 234
841 977
1110 1426
868 918
560 702
1 163
68 234
62 137
296 380
536 672
64 150
71 150
581 640
835 966
556 684
0 197
1154 1253
843 1001
586 707
300 441
1152 1215
0 126
56 207
576 673
1171 1218
856 933
843 986
854 938
1085 1257
5 237
1173 1294
283 414
1118 1314
71 163
83 244
862 1003
49 163
56 174
72 232
316 379
1174 1328
63 164
296 414
78 201
1080 1293
870 961
0 165
580 729
303 427
853 980
320 461
565 675
553 706
860 972
546 661
13 242
316 464
852 936
272 449
1110 1366
67 147
537 699
1095 1367
875 1005
68 230
1090 1323
872 997
292 376
1084 1254
873 943
853 1005
78 227
309 399
542 718
1108 1369
577 725
860 910
840 922
52 166
304 442
837 914
94 250
567 690
328 426
524 637
566 671
98 234
24 207
818 1010
857 919
24 186
311 387
531 664
293 468
824 986
524 716
20 173
329 425
302 417
812 984
803 943
87 141
1084 1298
33 206
841 972
593 695
300 390
1148 1288
582 663
288 435
848 936
64 142
296 368
598 627
304 432
588 703
592 652
849 960
814 907
816 966
59 152
544 713
1143 1336
570 702
42 161
8 249
1099 1399
1099 1291
520 686
304 409
277 432
851 985
1110 1396
1107 1427
306 451
1126 1280
872 990
1142 1296
560 712
834 963
1145 1332
278 365
35 242
1165 1438
29 158
34 244
1139 1297
1115 1429
332 371
18 207
543 671
824 935
77 173
1120 1389
296 453
840 962
803 962
309 372
1105 1310
1169 1345
553 642
559 637
599 633
868 1007
600 650
858 981
1094 1301
339 466
871 953
263 435
1118 1365
877 977
43 250
1154 1413
287 452
567 692
296 378
1175 1321
557 664
867 1008
3 207
34 204
806 988
596 680
29 248
537 683
850 949
1158 1339
550 668
51 171
315 449
1149 1349
297 426
1089 1307
1176 1235
1149 1410
552 725
266 454
833 948
29 220
9 142
31 161
854 946
813 947
27 213
1164 1424
276 455
39 165
828 970
805 972
304 429
321 372
855 965
1098 1312
844 980
862 939
1132 1318
840 923
266 407
579 720
306 446
528 683
589 629
1103 1440
1143 1218
524 681
841 924
805 917
876 922
833 911
825 919
587 634
332 406
97 212
1147 1232
304 395
587 658
1139 1363
65 134
1129 1440
875 951
1164 1267
335 428
46 188
587 640
1131 1230
591 627
1161 1355
1168 1413
551 693
817 934
305 416
321 414
843 983
593 716
13 186
1110 1392
864 921
100 158
1178 1290
583 652
1147 1427
849 967
81 224
546 704
51 247
1155 1263
1164 1352
49 227
810 989
802 1000
314 455
71 131
26 223
523 684
1103 1412
99 166
268 431
20 211
44 247
1185 1407
1115 1263
298 412
521 714
829 995
34 153
317 437
95 200
339 377
839 936
1161 1277
811 977
85 222
527 640
1123 1232
95 152
880 985
288 413
1111 1380
536 694
321 452
1151 1400
287 415
866 912
340 366
328 377
331 455
312 403
77 221
810 987
332 466
290 413
8 126
294 393
570 677
41 184
22 241
325 438
856 924
85 132
835 907
855 934
32 147
300 470
531 630
859 943
563 703
1167 1256
268 388
841 1005
846 964
261 398
93 167
585 678
831 1000
872 1000
536 654
851 922
312 411
858 996
100 234
871 949
880 911
598 727
18 160
298 462
280 430
282 441
41 130
824 930
526 662
820 954
1144 1346
319 461
95 193
37 234
1116 1253
67 137
1156 1302
875 999
527 703
813 1003
309 448
851 967
853 927
870 936
1083 1296
89 140
816 990
74 195
275 467
264 376
97 149
46 221
569 659
30 163
847 991
274 406
859 947
70 184
29 219
1186 1255
81 141
524 660
72 197
830 1001
46 131
1127 1321
323 469
530 633
58 175
317 418
1178 1289
817 980
278 466
539 627
557 693
260 449
819 994
540 708
46 239
563 634
557 687
1145 1420
8 245
14 168
821 934
279 421
289 458
1096 1332
561 710
298 368
878 1002
35 175
829 996
549 729
80 159
335 467
1166 1309
1108 1335
1173 1236
563 703
584 661
1116 1382
557 713
72 136
294 418
591 629
339 420
1132 1384
32 240
552 646
1117 1355
55 246
557 631
805 945
271 392
99 183
845 992
1118 1340
339 465
286 369
20 193
549 633
314 403
1153 1282
31 140
572 650
1147 1325
93 224
33 247
337 467
40 237
832 1010
551 681
294 429
339 386
522 628
332 457
327 460
1148 1246
876 1008
26 171
289 455
1121 1328
1132 1431
1111 1310
52 216
826 941
277 430
290 452
872 966
1187 1429
286 436
314 444
1137 1382
66 152
557 631
810 997
565 655
544 626
1107 1427
81 173
1183 1430
1155 1255
292 422
1141 1411
540 685
59 151
863 986
280 431
837 1009
313 444
807 982
294 384
1111 1235
528 689
36 174
1190 1431
585 696
875 985
548 671
61 240
805 974
565 709
337 398
28 199
524 673
852 951
823 965
276 462
313 455
540 656
840 965
17 144
539 671
540 656
1188 1436
51 231
67 241
326 395
524 697
307 408
1171 1436
829 988
269 448
320 384
273 407
1148 1239
581 669
92 185
872 948
54 138
290 463
5 180
272 378
812 937
598 673
585 727
57 244
287 451
562 640
1117 1393
1088 1288
90 205
272 401
75 225
869 955
526 675
526 642
31 179
1097 1358
89 177
300 456
1134 1341
590 680
527 695
272 410
82 202
1130 1416
578 686
827 906
819 941
574 625
1190 1245
78 231
580 717
268 423
1158 1420
323 465
301 367
93 154
307 398
570 717
1162 1325
1159 1273
580 689
849 917
1115 1292
269 445
20 213
596 628
542 726
307 416
586 708
315 467
1155 1342
801 952
873 982
304 404
850 967
1093 1291
1154 1238
81 187
1090 1236
16 200
56 176
846 1009
19 208
536 708
565 630
521 692
837 957
591 710
849 945
556 684
814 977
61 128
58 195
1 186
598 710
282 467
520 717
814 929
560 635
63 247
1187 1372
804 937
566 667
525 641
1184 1266
77 141
531 631
524 697
1160 1283
291 444
304 426
840 910
547 634
580 635
564 729
1092 1296
13 205
549 628
17 248
559 686
564 673
279 423
843 940
1111 1294
814 944
827 986
70 183
276 446
290 384
805 950
874 1004
59 152
867 969
579 627
579 668
276 372
335 393
557 721
824 922
588 644
11 246
1181 1358
31 244
1179 1265
80 229
832 965
1172 1289
821 958
541 710
528 654
302 425
838 975
562 671
28 186
14 210
314 411
872 972
1095 1426
1114 1242
1097 1429
1081 1273
1096 1297
597 665
522 675
848 945
36 172
866 946
868 931
1177 1378
525 696
339 369
77 170
320 410
75 245
826 974
81 152
260 379
873 946
72 185
566 640
285 403
262 438
310 454
1125 1368
93 144
812 911
850 915
839 914
563 709
96 226
822 974
325 452
285 441
1165 1317
266 419
856 913
303 416
1136 1334
62 157
562 626
843 992
524 630
1162 1223
1183 1413
45 250
551 674
600 633
599 681
560 729
1175 1278
67 240
871 945
1083 1387
49 203
592 643
46 163
561 721
842 951
1108 1366
1116 1386
1187 1438
1080 1439
562 652
48 141
542 713
1184 1403
1121 1280
7 237
850 937
307 460
580 689
537 626
586 625
32 224
525 692
1107 1312
1086 1242
1180 1435
823 1002
1158 1399
836 934
591 673
582 697
270 388
322 392
805 949
854 962
308 451
4 246
865 1002
86 162
1134 1325
323 464
1148 1382
841 960
318 463
829 988
1121 1423
524 662
1146 1332
330 388
876 909
269 396
583 713
1131 1230
264 424
28 214
1125 1352
873 989
67 218
1108 1433
67 243
288 392
32 162
1139 1356
35 213
1093 1388
838 972
68 172
94 155
544 660
860 983
33 153
832 996
826 933
289 402
325 434
822 973
270 411
275 435
299 367
32 204
281 423
597 730
1080 1242
875 956
294 447
1131 1424
875 946
25 155
1160 1216
278 381
1115 1219
1138 1431
53 134
1143 1309
599 727
1088 1289
287 459
52 134
40 162
527 730
289 392
806 939
588 691
291 383
299 457
1153 1243
562 655
865 1004
72 205
879 955
540 635
281 365
289 461
1137 1250
90 160
872 998
1142 1344
1105 1317
25 147
1189 1383
808 955
61 165
1176 1409
819 1007
53 223
281 379
317 387
806 951
289 382
304 380
1114 1413
5 218
1186 1438
527 698
800 910
1182 1424
265 413
803 947
594 668
808 911
45 126
859 922
308 384
42 150
333 390
1082 1308
1135 1369
26 179
17 147
1188 1232
869 908
539 716
584 696
329 424
82 202
840 946
1083 1291
813 945
80 169
281 366
97 215
876 950
87 140
532 678
825 939
61 126
830 995
1128 1250
311 469
539 651
1106 1341
558 649
874 999
340 369
1151 1418
856 970
828 967
862 971
875 923
600 649
875 1007
71 172
1146 1319
324 366
317 397
575 653
555 694
832 925
552 716
860 918
530 688
298 373
558 670
336 398
1121 1400
1110 1324
560 639
852 993
1151 1384
874 908
829 945
22 207
575 665
85 185
328 427
4 171
586 697
47 234
599 642
596 694
523 699
19 146
276 392
595 639
35 220
0 201
270 432
326 447
66 223
1188 1225
1125 1376
296 455
570 691
1134 1377
1117 1436
1103 1257
32 247
595 650
70 181
1103 1245
861 988
537 691
854 939
540 660
1140 1357
1103 1280
807 950
340 403
572 728
531 676
576 658
301 444
12 142
570 684
1083 1290
1161 1313
540 648
20 237
1166 1232
98 249
825 954
1170 1346
22 227
79 174
582 721
320 426
296 413
809 972
1153 1423
316 451
339 466
837 966
300 421
844 984
523 649
1185 1234
5 207
1112 1314
292 444
806 913
1189 1401
575 631
547 694
335 431
849 993
1159 1299
1133 1289
1156 1315
265 379
575 630
849 908
569 728
557 725
1106 1219
844 986
320 399
879 943
38 176
1142 1404
853 1005
856 907
275 378
1116 1379
304 418
40 137
839 991
804 945
1118 1354
34 144
16 219
1108 1431
263 434
302 418
28 195
37 166
856 930
48 204
872 988
862 949
851 974
60 165
20 212
556 716
808 945
852 948
1087 1240
1164 1322
850 975
60 212
813 997
1139 1270
95 176
1142 1224
543 678
590 727
1144 1356
317 406
585 688
1156 1302
285 418
1165 1419
541 671
91 187
803 959
851 980
16 137
65 226
522 640
1122 1257
1083 1430
10 181
525 714
297 415
537 652
556 720
520 644
327 389
63 200
52 156
835 942
285 434
818 906
61 224
311 470
599 707
801 994
596 659
544 669
332 457
72 133
831 972
593 635
561 685
824 974
4 248
527 684
1125 1232
260 381
23 203
877 970
529 667
524 708
1135 1434
27 192
531 671
589 675
810 924
853 951
862 967
1108 1368
292 419
1183 1380
301 460
580 656
327 415
802 991
1153 1432
1184 1314
280 466
583 709
47 154
282 369
291 430
561 636
1159 1430
296 375
286 418
520 729
1177 1259
262 459
520 673
583 707
44 178
1154 1367
20 197
57 125
1081 1337
1167 1368
306 416
265 420
1183 1428
87 212
271 395
816 968
850 976
1116 1301
324 385
843 935
1088 1360
819 989
848 911
839 998
841 968
556 666
275 376
22 213
267 456
1088 1290
873 1005
584 669
298 445
1126 1279
1082 1266
25 168
572 682
296 381
1185 1329
3 140
1141 1404
1101 1293
72 170
851 909
26 219
311 428
533 625
800 939
299 459
263 466
86 137
1087 1328
561 655
315 457
16 132
805 976
334 385
534 648
275 405
1135 1329
817 1003
338 435
31 246
267 444
843 980
802 909
873 938
845 1001
273 375
592 640
839 982
835 905
857 935
808 931
280 454
837 951
302 460
1083 1429
827 958
48 188
79 203
545 628
315 391
292 445
564 730
565 687
320 416
28 226
805 1009
39 131
839 1004
94 160
521 681
284 455
264 458
1185 1393
281 382
859 963
5 138
809 920
1146 1358
1127 1306
1157 1325
1153 1259
1178 1377
577 659
1178 1437
870 995
577 651
844 1001
266 437
74 128
56 240
273 397
1132 1257
595 664
848 929
1173 1401
297 409
875 913
1151 1400
60 166
833 976
55 175
312 443
858 951
534 683
59 159
574 675
323 448
91 202
334 395
83 228
827 912
532 703
340 434
1082 1418
315 442
814 998
273 372
849 942
1172 1274
869 997
54 131
533 633
564 642
1095 1363
8 245
1160 1385
6 183
318 386
570 653
23 214
1183 1318
98 174
284 365
3 237
878 987
1089 1349
64 218
80 229
880 1007
835 945
19 154
275 386
93 238
861 974
850 979
1181 1370
301 390
322 387
1101 1404
563 684
575 715
301 375
572 665
819 931
296 397
37 177
34 195
561 727
837 929
522 660
873 919
584 694
60 248
39 192
100 186
43 192
846 994
1116 1218
1089 1336
524 690
1110 1369
299 468
67 157
14 249
328 378
29 157
284 408
1082 1423
13 224
846 979
282 385
872 971
55 230
28 235
571 710
549 660
1127 1252
808 965
311 429
543 685
521 669
847 914
328 395
824 983
847 959
1174 1244
834 927
325 458
1186 1313
1104 1282
857 969
1178 1229
1099 1433
525 684
64 178
63 224
566 691
586 677
312 372
837 1009
573 669
856 953
598 715
523 709
36 126
872 905
525 660
1087 1407
835 983
1090 1289
319 410
587 722
36 133
599 678
1157 1331
546 706
852 929
1088 1300
333 442
556 656
817 1003
264 368
543 715
64 142
530 693
820 949
545 680
594 705
830 987
272 395
856 943
555 725
317 415
71 246
1164 1347
1179 1273
1174 1248
68 154
860 927
842 1005
583 691
557 683
800 963
328 434
815 934
46 225
84 224
19 130
820 945
15 170
1140 1309
860 985
851 962
527 673
829 910
340 380
1120 1248
306 391
876 945
1146 1412
66 245
586 658
828 915
52 145
23 197
51 132
92 228
877 925
803 944
30 204
279 411
567 688
338 424
1165 1267
1143 1263
1 226
1110 1278
97 136
852 990
818 1009
1086 1289
24 247
837 914
577 673
43 172
260 366
1112 1215
840 941
569 676
1124 1269
7 220
568 663
17 249
1136 1420
808 970
33 232
298 470
830 967
1140 1304
61 204
311 368
535 632
593 681
1189 1426
76 201
6 140
850 926
560 657
585 678
871 989
1120 1345
41 216
1169 1221
521 657
813 933
93 195
273 376
326 370
591 717
549 657
1174 1224
585 661
549 716
69 225
1103 1427
288 421
309 367
574 704
870 945
29 194
1123 1227
262 433
524 706
49 192
543 628
834 912
29 176
310 383
315 383
73 129
876 915
76 226
550 641
44 232
1153 1332
862 993
65 168
287 392
289 425
815 943
1142 1337
1146 1436
845 1004
321 403
553 719
1126 1372
65 134
52 195
847 932
318 372
0 148
1157 1379
42 230
805 1005
329 406
596 670
17 196
876 936
571 655
62 127
1154 1439
1118 1366
567 692
842 915
93 203
592 670
4 198
1080 1425
289 425
33 191
875 928
587 662
43 240
1179 1277
93 227
860 933
871 938
854 968
270 408
295 409
538 729
853 995
555 727
525 666
874 915
1115 1254
594 650
1165 1224
307 390
305 410
100 249
78 193
596 654
61 188
287 395
874 954
336 462
1096 1382
282 369
821 927
593 648
565 644
1081 1407
22 221
531 627
597 632
1160 1265
831 917
853 938
1131 1410
84 154
1108 1226
89 241
45 215
270 376
6 234
73 239
81 218
594 689
819 971
1111 1383
810 925
1190 1379
579 698
524 680
74 162
564 671
63 216
856 924
318 425
548 701
1103 1365
35 160
1145 1390
320 395
865 1003
335 470
562 716
77 127
814 995
839 951
271 397
1 227
566 628
860 940
276 423
600 647
561 658
1113 1404
872 922
553 675
1141 1264
830 994
822 964
4 205
1160 1400
47 196
285 437
1148 1409
864 991
1109 1428
864 984
832 941
91 127
848 909
556 685
81 153
529 695
1147 1315
838 905
46 167
264 418
1156 1255
524 689
1109 1376
18 220
302 427
825 1004
809 920
542 630
311 400
526 719
260 416
1120 1359
288 435
537 660
557 685
843 926
15 138
584 680
860 923
262 375
589 704
1172 1376
321 467
284 370
585 652
296 454
1159 1334
571 633
566 666
1102 1356
1142 1235
535 712
6 169
553 662
533 671
560 721
1134 1237
31 161
78 246
305 389
17 200
842 1002
542 658
1090 1336
273 425
278 392
33 207
857 980
299 419
805 907
811 911
20 129
1104 1436
858 989
283 450
582 690
288 447
1173 1347
35 210
1141 1312
15 192
546 625
66 134
293 418
29 177
318 431
867 983
801 978
63 213
277 386
1113 1236
323 468
1154 1227
859 957
325 390
1127 1228
1087 1280
1130 1244
61 207
556 723
815 930
1092 1250
82 143
52 197
857 952
590 702
562 680
1092 1404
556 651
862 967
589 704
1099 1404
578 689
818 907
1108 1248
843 1002
1088 1414
1155 1274
875 932
1178 1434
279 420
315 465
575 688
557 687
600 672
1111 1406
1087 1427
1183 1325
1169 1406
311 413
48 192
80 155
316 376
67 215
337 462
98 163
571 727
50 246
1158 1243
292 411
530 665
854 915
28 244
554 717
41 243
1189 1325
598 661
871 930
332 389
280 460
539 691
554 633
263 470
855 925
11 246
1101 1440
550 641
1122 1276
870 949
843 986
29 227
1105 1301
1187 1247
829 935
529 677
1117 1437
308 390
873 922
288 418
48 173
539 658
833 944
70 166
809 1010
1124 1421
19 161
17 130
322 434
1122 1233
309 469
335 410
854 929
822 973
574 682
585 725
852 988
297 388
543 664
300 417
89 200
863 990
1141 1283
313 445
300 433
22 139
1102 1411
865 953
599 631
854 998
1085 1392
329 408
1112 1352
1110 1230
292 470
34 215
838 1003
1140 1219
87 163
544 702
2 174
14 248
278 410
305 441
290 415
1116 1259
520 712
854 946
583 651
1174 1258
327 392
562 690
1142 1288
1166 1430
36 187
826 936
81 207
56 150
857 933
522 730
549 718
851 961
531 705
304 386
540 722
826 962
20 181
20 127
1104 1431
1149 1428
804 925
833 972
868 942
574 659
836 938
1166 1222
313 444
521 716
313 432
534 631
263 414
808 983
842 983
260 444
29 204
590 703
1130 1290
880 958
25 139
25 157
274 460
48 127
35 203
4 180
1133 1295
549 679
5 143
83 216
585 635
842 923
598 654
1121 1282
5 227
1098 1333
4 221
1177 1242
878 935
44 213
314 388
1116 1322
810 989
9 211
59 143
302 410
52 155
857 990
306 454
543 664
1143 1241
305 436
34 214
576 718
1089 1263
44 186
280 432
1156 1423
558 691
594 681
568 727
818 984
300 426
97 187
583 702
570 685
577 632
1093 1284
1188 1241
561 631
819 930
54 224
852 942
73 218
1092 1235
826 1002
325 461
826 923
826 910
96 144
1178 1275
597 650
293 401
52 190
1135 1236
829 957
323 373
18 133
524 657
549 696
264 413
24 155
1104 1288
597 687
20 161
548 727
335 382
1189 1270
21 201
74 179
1132 1422
308 409
825 1005
1135 1296
323 466
820 908
273 374
584 678
871 975
47 125
45 198
880 971
291 446
265 394
319 406
865 966
539 641
521 669
855 917
339 382
873 947
531 645
294 381
297 452
563 627
1186 1385
1141 1310
1129 1435
834 1000
287 405
568 720
533 721
1133 1218
1186 1345
575 646
338 459
596 648
310 400
1152 1408
810 1003
562 711
816 969
563 686
26 146
5 249
1180 1349
64 174
803 944
600 710
1087 1379
1165 1342
564 718
598 710
843 941
575 721
829 1008
281 383
291 388
827 1003
541 724
308 410
313 427
99 248
39 140
1083 1395
549 679
831 973
96 204
1104 1282
532 687
1168 1422
530 722
556 700
822 1006
870 928
22 216
1157 1434
821 925
1143 1396
862 1009
302 372
845 969
540 673
1163 1409
45 196
62 142
269 463
298 400
85 169
304 375
1126 1409
803 969
1082 1435
268 374
841 967
870 1005
75 152
26 199
837 974
576 651
260 382
561 649
6 166
814 945
281 378
299 421
62 209
526 637
536 703
834 965
300 372
1103 1362
548 711
594 670
1137 1282
59 203
584 683
858 959
80 202
1145 1290
5 208
867 929
1180 1235
801 989
521 718
1100 1272
844 971
268 423
570 721
844 952
98 203
811 945
1155 1348
67 145
596 683
1144 1236
311 369
282 397
22 131
317 441
1121 1394
263 415
1094 1371
98 153
570 671
547 700
19 220
267 464
876 972
1135 1337
538 668
90 221
541 726
564 627
816 931
265 409
1187 1411
61 200
287 381
1095 1226
1172 1237
27 127
1092 1422
1106 1412
85 129
92 140
1140 1220
1105 1413
35 179
1127 1373
865 955
567 728
554 651
1148 1354
275 413
9 128
591 707
334 452
309 426
552 698
591 669
78 201
1126 1300
1185 1373
1177 1263
579 726
559 726
29 127
834 997
546 684
813 1006
806 915
838 987
816 922
57 175
316 459
839 928
1190 1379
1181 1247
89 230
818 1003
878 1003
325 467
853 955
570 708
834 976
265 423
593 698
1179 1308
875 943
810 971
1190 1255
263 469
89 140
522 671
287 371
857 942
85 131
1182 1390
95 196
1142 1410
19 185
68 211
545 658
862 949
9 126
870 1002
822 978
547 707
79 168
830 957
62 128
321 382
1165 1354
1095 1368
828 918
272 430
310 380
530 704
575 677
62 191
828 924
26 148
337 439
57 211
16 220
578 726
853 922
321 393
269 412
1086 1292
92 144
36 135
40 199
561 708
98 207
282 373
312 468
1110 1292
274 427
313 461
20 195
820 969
569 650
530 680
324 399
311 442
815 989
833 954
92 228
36 197
267 435
866 908
574 668
874 984
813 1007
535 707
35 239
280 400
800 944
1125 1351
1171 1234
280 461
337 449
1084 1264
802 938
1149 1259
803 909
523 629
31 219
309 379
1178 1401
827 931
1125 1391
72 143
859 991
302 414
805 971
297 459
537 698
596 724
1151 1385
817 1004
26 126
556 637
21 207
544 695
1086 1271
540 690
322 409
16 130
825 981
325 468
82 165
574 631
0 230
816 941
820 981
31 216
1132 1311
866 971
300 431
836 927
295 453
98 229
98 146
314 462
1139 1432
29 176
268 443
63 152
45 195
1181 1269
815 906
1164 1432
81 245
94 133
263 385
1099 1270
1128 1383
1167 1308
1142 1299
822 936
865 953
311 401
309 388
277 400
864 974
1132 1249
1166 1274
1105 1259
545 650
266 456
264 453
532 642
320 400
289 439
273 401
833 939
540 631
875 981
565 707
1085 1267
1112 1384
1173 1231
296 376
67 212
858 910
538 679
1111 1219
1 245
283 375
96 187
599 655
541 723
54 167
300 407
1153 1240
43 186
583 653
1117 1281
544 646
840 911
323 411
871 991
260 449
23 216
62 181
336 454
806 930
294 416
71 242
1103 1315
6 202
863 910
320 374
869 999
323 455
324 417
585 689
323 460
525 700
291 444
549 667
1174 1341
820 977
827 987
821 912
1145 1234
864 908
843 1008
821 938
308 402
325 441
590 646
25 212
841 924
860 917
832 942
590 710
1081 1340
595 677
327 470
316 431
872 984
302 405
50 207
67 236
538 708
814 947
846 911
590 687
582 723
1179 1422
802 916
823 962
572 669
313 440
808 966
802 968
829 942
850 971
272 438
537 641
521 713
583 666
572 655
326 448
1179 1383
540 725
1120 1278
314 446
833 979
301 405
89 162
838 918
20 239
43 221
847 940
5 233
76 138
1136 1239
322 438
300 377
521 684
824 929
36 212
276 470
563 720
28 245
526 679
71 242
852 916
836 947
807 1007
530 693
311 377
1118 1313
309 424
593 673
12 192
15 240
869 964
35 184
526 730
20 241
1180 1357
1081 1315
807 916
260 405
1190 1395
268 412
595 644
1135 1419
808 981
1185 1254
73 177
1126 1340
527 642
575 667
328 380
581 665
283 413
332 430
557 642
48 161
592 710
16 218
1124 1373
38 216
577 665
593 643
339 411
20 171
813 942
5 145
560 713
335 441
263 453
875 905
1103 1398
313 456
818 931
817 980
74 246
338 399
580 627
278 393
829 931
317 462
96 174
295 375
335 427
26 218
576 685
281 470
559 689
326 458
301 464
524 680
329 419
1181 1346
1178 1347
270 380
811 998
312 391
854 959
566 723
1151 1263
75 225
1183 1367
282 378
19 171
573 682
339 423
25 199
520 671
844 1001
848 932
575 671
1121 1336
23 242
539 701
578 677
838 944
816 984
559 719
267 402
876 931
19 232
61 140
1088 1251
291 422
880 979
302 437
800 990
1 189
1189 1407
64 200
1153 1317
319 382
576 656
1087 1254
62 214
549 658
1106 1378
52 133
1178 1431
1146 1430
1081 1436
593 688
539 655
97 214
26 230
278 382
581 704
1141 1316
1085 1229
51 153
871 995
584 705
16 195
1175 1232
1142 1307
834 963
1097 1381
2 147
845 1007
580 706
1160 1252
321 406
314 467
572 658
1084 1285
846 999
1138 1375
1171 1413
287 374
1150 1298
820 998
869 927
1109 1370
333 416
41 142
310 396
599 684
96 163
551 636
319 460
870 940
557 726
594 718
544 679
814 970
317 414
572 677
1120 1401
586 723
295 450
58 239
308 435
1085 1416
527 642
1108 1267
815 947
551 695
863 972
577 700
339 434
42 129
554 696
293 463
9 195
95 227
527 632
817 974
97 181
58 240
313 397
1086 1275
848 966
809 967
1124 1386
801 973
808 919
1081 1242
830 942
527 696
61 144
36 248
861 1007
326 453
570 625
865 912
39 188
318 458
10 201
29 168
31 244
1123 1367
47 152
871 964
53 167
592 641
313 407
871 952
296 448
804 996
16 128
805 911
541 709
46 176
1141 1245
1167 1341
323 366
590 690
531 713
860 952
815 925
84 247
840 982
831 948
573 695
41 145
40 191
304 463
17 213
309 376
268 408
315 469
557 689
266 426
1184 1319
841 945
590 646
1142 1434
540 722
260 376
814 1003
268 405
547 708
867 919
832 989
1107 1316
854 938
1096 1351
594 702
30 191
537 659
291 447
294 414
581 655
557 641
593 679
816 948
317 464
66 142
30 156
16 137
326 386
292 431
869 1000
81 193
852 989
874 940
563 641
78 225
325 449
564 728
96 227
858 972
867 923
1087 1268
283 434
1166 1292
54 135
7 147
562 663
827 925
825 980
0 244
595 633
578 708
277 402
1173 1412
844 966
291 400
12 235
1178 1349
866 996
74 236
276 469
1143 1416
1098 1255
1092 1299
1180 1320
299 367
810 1005
549 641
299 460
1128 1237
583 642
338 391
1 243
310 385
31 218
1188 1299
70 200
860 971
829 931
1146 1353
268 435
298 427
549 654
827 936
812 931
279 452
92 201
340 470
88 210
334 424
587 631
30 138
1127 1400
0 127
57 224
824 977
532 702
574 640
296 401
856 925
311 379
318 434
86 125
1157 1410
60 140
549 657
1126 1351
293 379
11 172
596 692
805 994
291 465
591 694
77 180
813 978
327 372
566 643
1146 1430
75 208
332 454
41 138
297 394
1154 1328
562 646
1170 1312
1116 1289
269 416
566 699
839 999
805 907
852 978
522 721
880 925
294 456
571 729
534 648
806 962
1124 1334
829 967
333 385
275 447
1189 1371
547 644
271 398
1128 1245
295 417
561 720
26 210
305 403
331 470
270 467
806 916
94 165
325 449
1120 1266
804 938
837 911
306 465
1147 1284
299 467
582 637
1167 1355
533 644
289 438
331 400
2 157
554 705
5 134
828 1002
1104 1382
815 946
1158 1269
283 440
526 647
25 179
538 671
273 454
860 927
1129 1303
873 981
859 930
1162 1416
1186 1308
67 169
872 953
582 641
1177 1393
592 665
46 147
596 727
4 199
8 239
879 914
874 985
1102 1380
1089 1372
1124 1326
595 654
299 370
587 673
265 400
870 970
292 461
832 958
533 723
271 379
333 418
815 938
582 718
803 983
600 644
316 406
1096 1294
595 679
876 952
827 975
827 989
583 687
1183 1220
20 227
44 228
530 725
304 393
599 666
55 146
1189 1307
1176 1227
845 996
1162 1396
841 972
540 691
23 242
268 463
800 1001
14 152
337 368
810 995
44 147
57 199
592 673
1129 1422
828 915
559 669
1098 1355
823 977
1159 1223
292 373
830 995
326 429
75 245
339 377
867 927
1115 1383
1127 1400
339 407
1081 1356
844 981
302 423
299 406
14 164
26 163
542 638
6 220
813 971
320 460
17 148
562 650
537 693
270 371
94 166
1146 1407
18 136
849 954
1146 1430
594 656
578 714
861 938
589 717
1162 1416
861 928
1128 1399
533 636
1093 1323
294 372
538 663
265 466
542 641
260 470
595 678
86 174
547 674
1104 1378
34 170
588 683
23 222
809 935
560 683
60 183
828 977
875 938
829 991
34 193
1134 1416
1143 1412
340 422
850 989
1150 1436
845 921
28 133
1083 1327
1083 1408
1114 1230
91 250
66 166
544 627
278 459
62 194
537 680
284 417
536 690
50 216
521 656
828 956
854 911
57 174
320 456
868 991
283 463
321 431
42 159
590 713
28 152
812 998
1147 1415
26 191
1114 1270
829 928
841 981
871 953
1165 1238
583 704
267 385
560 627
1089 1249
552 726
1176 1401
1102 1432
318 374
1115 1286
1128 1420
811 995
595 681
586 722
880 1003
263 411
538 631
867 980
871 988
47 227
94 225
290 368
838 986
318 451
596 700
578 688
267 399
56 181
309 414
94 198
1112 1362
282 470
579 663
567 651
864 978
541 700
552 641
859 998
863 935
557 718
61 241
85 190
1100 1399
1095 1411
91 152
833 909
877 1009
580 651
1114 1236
310 402
548 651
319 464
842 919
1146 1425
533 690
1165 1284
860 906
1123 1300
1189 1245
60 205
47 227
300 397
78 127
827 936
52 217
5 204
319 453
312 386
1158 1423
1111 1363
860 986
25 243
861 932
312 457
30 250
1171 1436
879 937
40 177
590 656
1125 1343
549 718
866 949
1156 1232
1123 1220
820 989
285 415
1124 1262
1087 1277
1137 1355
7 212
1135 1427
76 242
872 930
564 726
260 456
74 126
276 421
1168 1219
1166 1240
599 724
330 389
584 655
82 241
856 1005
584 697
807 983
597 668
23 162
863 1003
587 687
837 967
826 970
35 221
30 208
833 973
337 440
1121 1382
334 386
1101 1437
1169 1403
1181 1216
592 720
566 714
568 654
560 696
55 227
565 634
869 951
265 405
31 140
858 925
800 932
37 172
807 932
527 686
867 954
22 242
330 463
1159 1284
285 379
879 978
11 237
52 178
33 235
545 699
1140 1255
1183 1298
865 936
23 141
92 152
1143 1425
520 641
1163 1365
1099 1424
523 726
279 425
546 651
67 138
327 380
1116 1258
272 468
328 391
1092 1429
876 975
327 386
297 422
811 957
49 154
808 913
874 956
31 199
565 702
43 242
587 636
26 248
589 632
823 939
274 470
543 706
1182 1269
314 422
4 162
813 1002
273 447
319 466
813 916
851 991
1185 1388
339 451
2 215
323 417
1097 1302
324 427
304 459
85 236
1109 1310
812 914
1156 1319
270 456
334 388
851 942
816 985
1086 1278
806 952
1145 1360
263 404
38 241
816 970
1174 1396
855 945
1130 1290
319 455
868 931
534 687
329 382
1165 1350
538 630
84 213
1180 1300
878 1007
551 684
535 679
339 450
545 656
286 422
303 468
1105 1308
529 700
31 145
313 465
63 220
802 974
1111 1405
1123 1276
542 729
262 468
864 973
89 208
1166 1324
862 939
56 141
586 721
553 684
570 695
1130 1304
1159 1284
579 652
290 427
574 716
573 639
87 153
70 153
69 204
20 125
863 947
845 938
581 700
326 370
302 452
598 653
261 373
824 954
56 139
520 692
827 938
866 939
872 988
586 642
583 674
1158 1404
808 910
838 955
876 964
41 161
523 706
561 713
71 174
830 932
57 158
328 408
592 719
876 929
1090 1226
805 987
537 720
1098 1289
93 202
578 652
844 948
1083 1431
1092 1398
808 942
522 660
575 695
305 419
279 466
1097 1396
532 728
590 679
315 403
21 180
538 633
1189 1399
600 713
854 917
28 202
555 645
86 165
536 674
87 165
862 943
25 217
870 951
821 950
849 931
1161 1358
287 468
869 925
1126 1305
1175 1219
545 705
573 678
1096 1240
814 999
874 986
1169 1345
862 919
24 212
574 654
78 145
298 378
1098 1377
826 924
805 943
1126 1411
860 947
542 707
538 730
285 408
845 984
1147 1222
838 982
100 191
1145 1238
268 468
290 423
273 402
1187 1433
20 238
261 452
304 440
549 700
838 996
278 439
21 172
560 676
859 919
848 924
4 240
5 148
532 694
339 413
1104 1298
338 436
9 217
266 394
534 726
1119 1319
819 954
1142 1255
1189 1341
87 126
552 628
868 946
336 403
46 218
328 389
12 173
532 659
262 467
811 915
305 436
597 697
1187 1385
579 639
311 408
573 721
1086 1224
42 195
528 627
336 425
1149 1378
871 996
1185 1403
845 962
11 197
867 948
1083 1299
1128 1316
302 412
818 939
1128 1272
75 150
271 370
329 442
0 231
264 434
582 715
580 705
566 701
592 671
582 728
542 669
17 142
34 205
853 956
566 708
844 996
5 139
575 656
563 657
40 213
44 239
878 978
271 426
537 706
284 405
1169 1324
532 642
9 249
46 232
555 635
1111 1278
44 184
598 730
1145 1269
1112 1237
263 386
300 443
816 920
3 196
74 187
821 1009
96 199
1142 1351
527 712
1167 1328
6 242
837 944
52 161
1088 1367
59 153
312 425
1141 1361
7 243
89 146
816 944
574 691
312 418
573 640
1150 1364
834 992
306 382
808 948
272 400
546 629
310 447
523 728
1177 1346
546 639
533 725
1173 1225
15 194
809 913
98 136
871 954
309 436
1176 1261
18 136
1147 1286
94 170
1101 1348
56 217
598 708
334 422
1154 1395
293 433
810 980
828 1008
288 387
868 996
832 917
88 238
1122 1353
850 979
535 648
586 674
77 239
337 432
340 426
1096 1289
877 980
278 447
836 971
1143 1355
1174 1361
89 185
302 422
1108 1337
288 371
581 724
865 993
837 926
525 728
1095 1259
818 981
90 215
826 975
296 390
815 994
303 408
831 961
1168 1410
1135 1301
1181 1386
1149 1232
33 241
1081 1374
811 1004
324 405
27 130
808 992
1161 1236
76 241
76 213
1184 1438
817 908
859 970
1190 1310
330 404
13 231
860 960
1158 1407
1185 1336
299 374
566 628
588 671
589 688
840 920
802 936
59 135
588 643
274 411
806 979
338 446
873 1002
566 690
531 681
810 924
340 411
87 173
315 464
283 395
87 138
321 405
314 464
42 139
600 714
279 379
808 1004
852 978
43 160
47 185
809 907
1188 1315
273 467
28 244
57 227
565 719
1149 1425
1107 1281
522 712
563 691
1127 1402
75 189
22 134
39 160
845 1010
1115 1222
581 628
846 1000
829 913
271 468
1114 1433
39 223
333 389
868 1009
302 397
1098 1420
1161 1222
1188 1258
872 915
70 228
565 705
14 148
548 686
559 730
79 169
48 206
1148 1282
314 376
547 657
1129 1229
813 1001
293 389
548 673
1152 1255
332 383
838 972
83 225
88 159
319 387
95 204
877 1006
878 996
307 388
874 1006
288 413
593 632
287 377
1142 1409
533 729
1121 1238
1168 1408
309 378
46 213
599 628
1141 1265
1101 1234
57 165
539 717
544 690
1186 1417
860 960
47 250
584 716
564 637
325 394
276 435
300 415
88 250
585 682
569 669
520 700
304 392
1082 1260
1161 1419
583 633
833 926
1124 1257
823 966
1103 1321
282 470
1131 1367
593 643
570 697
1148 1425
566 625
1143 1294
268 416
84 196
521 711
293 365
562 680
1182 1339
850 981
68 154
297 416
28 194
875 942
9 182
6 214
528 703
1131 1236
570 663
524 641
1159 1407
296 444
587 678
590 716
301 391
1116 1293
1168 1246
280 367
70 210
1086 1332
1149 1424
340 449
93 229
16 220
1123 1220
806 1002
530 727
878 936
37 152
1127 1390
311 397
278 423
1123 1216
296 437
844 928
340 378
806 988
84 171
874 998
1104 1285
566 687
31 179
1115 1338
23 150
587 663
87 237
9 188
1085 1342
820 934
1142 1379
331 434
521 725
1157 1266
0 229
326 444
1088 1321
277 372
269 456
78 192
861 992
866 982
48 210
559 714
802 992
864 922
530 656
337 415
853 912
293 420
54 196
326 419
840 947
272 442
846 967
289 399
594 628
1101 1249
1128 1266
278 377
260 396
545 667
100 158
7 237
67 137
75 232
818 987
20 184
63 155
1113 1397
809 911
844 961
1123 1301
100 189
1157 1261
337 445
845 912
1151 1370
558 628
75 192
864 962
1096 1422
1085 1431
95 246
1165 1334
49 156
26 229
870 999
538 630
845 969
26 213
333 422
311 466
35 171
285 452
1127 1378
872 917
1125 1403
1177 1244
40 189
72 193
852 942
1083 1436
267 370
568 693
530 719
855 1002
98 141
14 168
53 194
283 419
99 208
873 940
284 417
1101 1244
1153 1238
848 972
318 372
816 963
831 972
312 393
530 673
837 958
843 1008
1170 1367
1145 1351
870 933
879 997
825 910
1116 1227
565 710
1164 1248
1124 1265
555 676
811 960
831 944
47 243
271 448
1100 1340
47 180
1093 1379
540 710
21 194
284 430
304 451
1160 1390
846 969
270 469
38 132
322 367
837 979
51 173
538 702
877 1002
1160 1326
42 169
861 972
336 417
310 387
836 991
278 372
322 368
579 665
833 950
1103 1218
332 392
305 386
814 940
316 381
573 639
557 716
1116 1349
333 442
298 369
566 645
538 710
532 632
1185 1352
286 400
34 208
878 988
561 659
837 988
1185 1349
50 243
1089 1318
335 388
1170 1364
41 173
520 711
564 716
546 703
13 138
856 961
583 711
538 713
1138 1360
807 920
317 467
808 990
1143 1362
590 713
32 154
1168 1321
543 664
311 386
576 727
1092 1329
587 640
577 720
873 975
1156 1249
1125 1374
826 964
16 249
818 994
1190 1252
856 962
598 662
585 660
60 222
1125 1429
541 720
567 640
74 176
835 971
1173 1345
550 703
868 989
520 654
1081 1383
274 428
1132 1357
860 991
1114 1271
269 377
63 132
1144 1288
540 658
8 149
865 975
568 723
82 213
1119 1229
316 369
1161 1355
315 420
876 932
541 644
61 170
534 625
593 723
556 661
15 172
296 402
545 679
1165 1334
63 171
826 965
846 998
322 463
586 634
47 188
1086 1245
576 682
1087 1241
319 423
35 133
830 978
804 916
270 456
326 436
293 430
1115 1351
813 977
1 231
1184 1365
319 378
1151 1226
858 989
880 957
1112 1292
49 226
340 447
1151 1223
307 422
1120 1379
92 214
307 455
565 689
562 716
822 977
312 468
53 196
521 654
853 1006
1095 1320
558 625
299 419
581 706
73 160
586 659
297 373
1153 1316
334 454
822 909
867 935
533 691
593 639
557 698
1087 1230
1170 1272
537 728
544 702
262 368
569 678
1180 1255
326 445
529 719
879 960
849 994
22 184
306 440
1084 1309
560 633
1172 1305
24 135
295 376
822 966
62 163
1086 1421
830 956
62 190
54 189
875 956
306 435
831 953
1175 1325
589 639
322 466
264 413
532 652
595 648
855 977
849 1007
833 1008
264 462
1148 1322
54 221
298 429
529 684
807 974
43 130
544 711
876 936
533 634
1167 1385
817 1007
856 916
571 639
47 236
543 633
1125 1278
335 424
1184 1315
542 640
1146 1385
547 699
1085 1314
1151 1410
555 691
591 625
316 421
826 996
1147 1346
302 419
1188 1288
878 984
1164 1349
1154 1380
850 928
31 153
1154 1416
1143 1408
844 917
556 663
89 234
288 435
1091 1217
321 408
333 436
848 999
1093 1251
1152 1323
856 918
542 709
569 667
527 721
284 384
815 1005
563 694
273 404
568 661
531 717
270 447
1099 1253
11 210
565 648
73 213
83 128
15 171
1114 1417
1133 1240
37 241
844 933
871 984
1190 1407
600 700
1108 1247
814 934
84 168
41 224
263 433
577 625
853 940
82 190
328 408
41 151
30 154
812 992
824 937
566 668
330 423
340 463
26 153
1106 1399
315 462
1130 1431
57 202
1183 1333
298 396
579 672
306 433
78 135
864 977
309 458
1147 1400
808 978
328 376
843 973
537 656
324 465
85 231
871 986
324 405
275 404
282 468
326 384
1 129
555 644
20 239
1121 1396
278 378
842 915
53 224
1159 1424
541 711
539 728
60 162
1184 1244
558 728
40 154
60 135
1105 1227
1110 1290
521 729
1181 1436
316 380
1190 1372
817 925
579 648
44 235
20 200
812 983
283 454
863 1001
825 932
45 138
59 194
1128 1359
571 718
1135 1254
865 1003
1141 1285
558 721
869 970
807 947
267 440
541 703
569 719
90 152
588 726
73 187
1139 1341
1152 1316
308 427
841 953
1153 1378
528 699
549 726
552 706
40 181
880 939
95 143
69 221
551 701
44 191
1135 1323
314 457
1129 1271
38 178
873 928
269 432
1185 1351
1118 1365
290 396
36 173
289 377
583 655
1109 1322
1120 1253
312 449
532 639
333 454
1180 1347
336 376
280 396
879 934
3 145
568 649
814 926
559 729
584 716
1179 1356
560 679
818 1008
863 958
1141 1255
858 977
863 989
60 158
1138 1330
1175 1437
1094 1364
817 971
842 1004
803 947
37 226
61 225
1138 1265
98 142
1113 1410
79 240
264 461
335 447
21 183
596 657
579 724
263 368
53 127
9 150
876 929
864 939
289 453
1175 1215
1154 1219
69 173
566 658
65 138
1108 1298
565 661
577 675
46 234
587 660
49 234
317 449
50 223
1093 1400
17 178
16 195
1133 1232
17 245
592 640
36 201
77 152
307 402
845 1002
1100 1244
1182 1413
1097 1329
295 365
594 715
272 377
840 951
21 245
802 924
1109 1252
818 927
841 932
317 435
809 924
804 1002
525 666
548 726
81 125
303 391
844 969
546 648
848 947
565 720
288 387
1104 1220
84 167
303 438
9 226
845 969
836 925
809 976
50 226
544 631
1168 1245
271 405
41 178
26 175
1122 1216
17 182
330 406
801 980
854 945
1117 1257
89 209
586 703
1128 1309
585 722
588 675
827 957
823 930
875 952
1106 1239
863 975
23 175
529 715
1090 1335
856 923
546 695
321 460
1155 1304
263 443
803 1000
323 469
306 368
803 939
298 392
325 416
809 907
263 456
1101 1384
98 249
333 458
843 998
840 928
1165 1426
861 931
838 1006
535 662
825 930
56 235
294 374
561 629
1091 1335
318 397
543 684
1122 1310
1122 1374
560 729
1183 1285
273 422
1148 1294
50 130
100 236
573 691
1124 1375
800 936
24 202
58 215
1172 1425
811 997
1125 1245
870 964
522 629
1127 1232
296 468
543 690
879 909
852 949
272 403
333 464
586 687
28 201
99 181
595 631
591 651
1157 1332
803 985
819 935
1094 1321
95 163
820 960
1091 1396
1189 1284
530 660
324 416
337 468
260 390
89 205
595 707
326 397
541 669
801 941
539 681
561 678
30 228
88 160
584 650
544 667
293 376
1 126
293 439
65 230
92 131
597 694
279 415
869 955
599 679
548 705
1142 1416
1176 1234
284 406
340 424
314 428
534 695
561 713
1110 1236
333 464
1107 1400
874 939
1184 1373
293 420
1131 1225
540 662
561 627
59 183
1103 1344
312 375
267 374
83 219
279 468
20 204
854 952
540 700
535 698
561 722
7 185
816 905
1095 1346
55 127
331 468
878 948
875 963
308 463
10 185
289 383
273 455
313 429
559 681
1169 1291
80 248
300 402
1098 1413
1096 1331
273 370
338 459
31 160
304 468
69 210
9 210
595 723
35 126
278 406
1126 1315
525 670
1156 1408
562 644
67 146
1117 1311
275 373
1160 1273
818 1010
1085 1426
0 128
865 918
1152 1417
273 383
332 468
45 241
1092 1242
38 239
559 691
69 209
1136 1320
315 446
861 969
43 177
1089 1309
308 430
1163 1356
1177 1421
524 662
33 233
545 644
588 702
1183 1246
307 456
1093 1370
874 1007
87 159
265 398
268 425
275 432
300 391
528 711
521 683
1160 1359
329 371
589 701
292 440
824 965
1149 1367
850 1010
320 411
324 372
530 646
530 697
1123 1341
18 199
309 390
72 240
1180 1229
843 925
526 637
828 916
55 215
45 195
871 921
88 213
817 930
867 999
1143 1258
1123 1285
804 918
267 465
291 409
298 455
282 448
1165 1331
567 690
841 937
14 237
1129 1404
8 148
804 906
864 908
98 212
333 403
1169 1387
595 705
95 216
317 470
568 715
872 1010
541 656
814 946
1125 1274
90 217
801 962
844 936
535 645
311 418
1102 1399
1182 1287
298 453
1103 1405
539 651
553 729
53 163
877 1008
526 690
261 438
326 443
297 466
855 911
1087 1338
1132 1225
1098 1250
522 631
521 680
263 398
847 994
528 691
827 949
561 715
281 442
328 427
569 642
272 466
577 721
275 468
1092 1376
1 220
1101 1375
538 641
860 927
802 990
47 164
1142 1234
37 161
78 178
599 655
318 433
301 367
1190 1327
549 700
1157 1291
857 971
1163 1345
825 995
295 368
1155 1326
43 189
59 127
74 206
1154 1315
6 181
813 973
302 442
530 686
577 633
313 371
1155 1323
1117 1342
86 177
299 371
61 169
278 368
855 968
337 434
307 369
565 703
527 644
1166 1223
542 687
874 979
816 990
815 920
1128 1375
313 420
531 684
264 445
1082 1314
554 666
1180 1351
289 411
548 630
62 174
806 964
868 988
266 431
76 139
81 155
553 633
26 205
1132 1272
1121 1384
813 936
845 929
53 166
832 987
1158 1372
314 374
1139 1320
34 185
328 435
802 947
291 451
590 678
592 650
29 145
521 722
1174 1307
326 447
331 393
1104 1292
1189 1373
1117 1285
275 417
338 399
867 957
331 433
1143 1437
40 215
72 168
529 695
290 426
86 192
74 156
29 169
865 993
1105 1376
813 926
56 134
854 935
547 668
57 176
531 703
534 710
1107 1272
321 457
340 459
98 246
574 673
270 382
284 406
311 396
842 915
866 979
580 659
288 385
1091 1397
40 157
266 436
872 934
290 458
14 128
1185 1266
563 681
1087 1282
867 947
81 165
1151 1313
1152 1265
809 977
334 429
813 948
879 980
315 402
526 640
550 643
1125 1408
841 1004
16 238
595 685
875 914
58 161
576 661
838 948
337 449
66 223
1086 1387
1135 1226
262 389
566 656
838 906
568 681
540 649
283 396
31 242
66 156
877 973
1124 1338
1120 1275
804 923
5 230
1108 1334
1128 1386
861 979
84 209
1178 1219
1084 1239
42 129
1153 1316
869 936
554 693
7 243
1097 1298
850 969
548 675
586 729
806 996
1130 1235
93 201
1112 1284
1174 1261
98 182
19 237
307 435
558 637
557 677
27 135
303 420
828 954
1094 1222
15 198
1103 1242
2 204
287 412
69 223
1110 1228
292 421
595 682
46 134
590 636
1110 1258
60 193
100 125
853 995
550 642
871 907
296 444
23 185
264 469
533 650
324 397
330 393
318 458
75 191
1143 1440
273 406
13 212
88 126
842 929
300 420
526 715
334 446
554 707
42 196
79 187
575 629
873 955
295 447
328 396
0 212
268 389
85 231
300 412
552 730
544 684
302 371
270 376
264 463
569 647
857 925
525 660
570 672
1109 1299
65 186
1114 1300
572 628
822 946
61 171
299 406
1171 1335
34 126
1152 1264
53 194
302 419
545 626
270 436
270 400
563 702
75 129
82 155
832 981
839 948
534 680
60 163
556 715
1162 1368
1086 1240
35 211
559 646
1094 1436
313 408
1124 1440
41 247
564 646
1090 1219
55 131
559 716
328 449
854 926
299 466
1166 1300
808 969
1137 1236
590 714
1113 1327
90 164
264 415
277 395
586 724
806 951
520 652
876 926
1100 1405
1118 1283
1106 1412
554 665
855 915
1113 1326
10 139
574 730
802 985
524 712
278 396
19 243
574 628
84 235
1161 1400
330 456
586 698
1106 1328
811 933
810 991
53 244
1126 1274
305 436
599 720
327 446
547 702
96 217
1116 1280
819 910
806 987
1150 1386
302 434
5 176
586 648
870 976
1180 1311
849 959
26 230
261 414
587 643
296 385
61 147
801 994
560 687
544 687
851 944
85 143
261 393
829 997
72 135
837 958
280 442
1095 1240
847 934
1091 1345
19 188
589 668
56 236
1112 1222
100 129
0 180
84 156
93 212
10 188
535 628
1150 1224
1122 1386
77 234
521 641
824 915
1186 1405
34 212
293 425
802 981
830 953
819 962
870 992
872 968
584 664
314 457
65 142
590 726
299 444
874 946
56 244
812 939
81 173
589 651
836 995
1173 1375
566 644
831 998
862 980
41 132
844 905
877 959
322 463
1105 1385
522 710
1133 1384
321 379
295 365
39 134
834 915
592 729
56 203
322 402
833 948
836 921
74 125
845 928
73 159
531 663
596 728
301 430
583 722
534 633
846 962
5 232
1182 1433
82 163
820 957
321 468
297 408
874 989
340 366
825 948
81 131
278 401
327 374
585 681
531 666
6 247
1185 1321
537 696
854 1008
49 227
808 990
287 403
819 977
308 410
322 433
1129 1339
566 662
92 192
72 172
72 155
336 381
1123 1261
1152 1245
81 152
1085 1276
317 446
319 419
295 401
289 424
275 449
863 946
589 654
314 466
867 1005
1144 1325
1085 1377
16 163
850 936
820 985
827 1003
581 717
1158 1289
27 234
1189 1236
856 921
1145 1320
822 1001
837 1003
1178 1422
853 951
542 634
559 654
1162 1415
594 664
296 415
813 1001
555 688
11 236
33 147
58 195
537 654
1175 1397
598 706
1159 1236
855 967
577 728
553 669
585 648
847 929
1088 1245
298 452
842 947
852 925
82 135
577 711
1087 1238
65 213
1176 1249
96 134
1116 1302
1185 1300
83 228
597 632
552 654
574 708
825 925
830 989
263 455
35 137
1120 1432
260 381
2 233
527 718
867 921
578 716
555 626
84 135
531 692
75 227
1158 1266
268 461
556 685
588 634
339 392
288 468
838 971
1186 1304
67 226
6 236
560 665
1158 1382
1096 1415
569 684
329 365
288 375
4 174
284 442
876 925
560 667
76 167
1117 1251
14 162
859 963
873 951
78 132
1097 1391
55 150
537 627
326 376
1088 1234
1097 1329
338 373
816 906
1179 1252
868 971
819 982
282 457
68 240
842 946
270 411
827 958
876 922
45 143
326 432
579 640
285 456
6 165
336 464
835 929
554 660
317 410
832 920
280 449
531 696
531 698
337 438
817 969
804 1008
313 380
818 918
540 719
843 922
1128 1228
311 432
1117 1371
70 217
307 428
309 445
1142 1386
333 399
1085 1233
91 127
533 657
824 957
599 668
549 718
847 966
521 628
304 380
873 951
31 183
268 395
269 422
1135 1425
549 703
551 663
581 729
532 627
1098 1281
25 249
85 243
92 226
1119 1360
282 434
832 946
855 931
316 420
863 958
301 446
527 651
292 441
7 245
1174 1362
2 179
1090 1291
87 128
546 724
820 985
543 692
1139 1419
593 650
598 705
17 140
310 456
26 238
817 907
563 653
337 385
543 676
302 444
269 397
829 966
71 126
298 436
576 666
817 935
551 659
41 250
308 469
275 439
545 722
67 176
332 413
816 954
44 200
312 404
827 976
579 671
29 145
589 700
296 458
849 1001
66 227
1099 1240
100 243
584 718
575 719
598 724
13 233
833 908
1182 1316
20 224
329 365
561 706
88 248
842 942
265 385
569 683
265 434
569 718
544 644
846 909
806 920
273 422
27 179
831 984
821 916
532 729
45 240
1140 1334
576 659
33 158
857 982
528 657
849 979
319 413
39 165
1098 1314
62 147
66 235
299 448
574 628
9 222
555 713
30 150
1083 1303
15 232
849 921
1109 1320
264 397
282 437
839 934
292 426
823 960
547 690
559 679
1154 1221
266 421
1119 1357
0 249
1164 1307
591 644
555 633
337 407
7 247
60 232
1157 1417
94 131
310 375
854 960
324 408
1092 1426
802 972
553 687
579 709
535 637
42 223
99 136
290 373
82 193
829 934
567 625
280 468
1111 1379
593 684
865 917
334 447
526 687
595 683
1135 1434
522 711
328 413
315 439
326 456
331 402
1165 1401
14 185
546 676
69 178
863 1006
17 161
542 725
843 955
270 425
19 149
1143 1321
1136 1354
19 184
542 652
577 657
802 946
1139 1219
871 985
47 132
539 706
554 659
571 643
1137 1233
544 691
318 383
855 952
272 423
1126 1248
581 666
834 1004
5 193
1156 1367
1159 1282
1142 1258
807 976
550 707
60 174
307 373
814 948
327 387
1169 1352
67 184
277 369
291 388
1182 1432
11 209
1089 1233
302 420
847 913
877 966
538 632
60 126
76 145
335 380
589 722
859 931
541 671
34 239
49 245
837 944
526 662
569 708
6 209
97 240
4 131
1098 1352
70 235
535 646
37 159
1081 1307
1127 1396
593 692
331 367
272 398
71 141
282 374
564 662
1154 1325
546 648
13 234
864 987
278 440
73 246
550 637
532 637
851 971
552 671
593 654
533 682
1170 1250
313 389
849 963
588 716
841 979
1104 1305
593 727
279 431
575 712
547 661
271 387
68 222
280 466
1130 1410
1116 1222
527 686
1183 1355
2 155
863 967
93 248
277 447
529 694
26 191
311 367
824 990
865 978
826 958
300 411
295 448
81 173
280 434
1098 1238
847 923
264 400
579 698
308 412
68 143
290 400
832 921
824 942
1186 1320
1156 1404
588 695
856 1003
584 653
594 675
1172 1351
97 174
599 625
1092 1222
1164 1272
595 664
860 968
292 422
266 442
849 980
568 637
561 652
272 467
521 634
1164 1229
818 929
69 128
54 159
1156 1365
1123 1403
42 134
857 911
1166 1226
867 929
1149 1313
813 906
33 169
39 184
36 167
537 673
534 657
84 175
70 210
1114 1279
1161 1426
819 960
21 152
587 628
1189 1249
0 211
8 220
321 460
84 221
823 926
872 995
1126 1254
872 914
1163 1400
10 233
1168 1272
285 435
89 220
1105 1316
574 629
855 930
1127 1289
1164 1321
879 932
824 967
284 405
1175 1334
599 639
553 720
59 244
16 135
100 125
1104 1383
337 468
1149 1316
1171 1438
1084 1238
583 709
1188 1215
536 627
320 381
594 640
848 1003
66 159
859 985
1106 1351
814 963
268 470
46 166
872 980
263 430
286 453
880 925
1189 1427
92 162
860 961
852 909
61 230
270 376
576 690
851 932
814 952
826 986
572 643
5 203
313 403
837 936
289 468
54 147
585 663
874 1007
46 229
32 154
77 171
260 464
864 995
874 914
838 972
319 421
536 710
1104 1339
1105 1437
832 959
817 974
809 990
817 922
297 451
564 640
571 668
334 458
268 427
561 690
1101 1292
1083 1303
336 460
585 713
1097 1230
850 939
803 959
811 957
1094 1266
1099 1341
46 209
523 721
587 710
297 388
555 679
594 676
871 1004
874 920
857 970
1152 1242
1093 1381
52 149
1081 1356
573 709
823 925
61 182
522 650
875 1008
89 162
276 399
810 966
298 390
1159 1404
339 442
32 140
25 187
1135 1331
597 717
545 679
810 906
600 690
599 631
827 928
291 397
1096 1406
584 674
287 365
327 407
582 711
50 241
276 389
561 651
1188 1231
858 1009
1147 1435
524 709
560 671
288 461
78 225
587 727
874 985
20 193
837 993
592 670
583 714
283 464
1152 1259
813 927
42 141
594 658
566 703
76 214
48 191
864 993
309 447
536 698
864 965
553 670
65 186
1135 1375
1111 1296
855 1010
1086 1358
84 154
593 656
838 944
1163 1279
866 962
1101 1384
526 725
326 373
812 962
1155 1336
1182 1318
1159 1238
871 966
806 915
331 433
13 164
1175 1287
316 420
66 204
268 407
76 235
844 925
64 220
545 658
73 154
873 954
298 404
301 382
587 706
566 728
296 401
100 214
5 220
1177 1291
845 933
573 680
1098 1433
1174 1363
1125 1333
267 448
581 705
838 965
1109 1378
539 692
24 176
1177 1368
572 663
526 677
298 367
1117 1282
59 154
290 378
333 422
553 667
555 685
274 397
1187 1325
279 375
340 467
802 997
1 201
265 452
79 222
278 378
25 128
1098 1305
563 696
65 195
99 176
85 199
274 465
276 387
597 665
824 932
817 916
1179 1309
529 714
575 665
329 401
290 442
304 386
1166 1417
577 693
92 160
1127 1438
75 193
572 661
832 948
53 166
529 727
860 957
299 431
597 711
8 162
337 378
260 467
1142 1286
576 693
551 669
579 637
546 673
851 998
340 371
1145 1295
1145 1238
872 971
1163 1267
316 462
13 154
270 387
583 649
565 683
1178 1222
880 911
532 645
558 693
63 207
586 655
558 666
62 125
825 919
821 925
1086 1223
298 466
311 464
312 462
1150 1383
569 687
539 686
1129 1337
12 248
338 388
591 713
809 928
329 395
1184 1390
830 919
836 954
304 441
271 408
1113 1234
327 425
1147 1234
859 934
844 925
1106 1373
544 713
302 434
863 921
1186 1424
534 658
335 437
281 372
15 244
268 426
1111 1268
549 673
42 185
56 146
826 991
835 964
1180 1225
1144 1263
262 442
60 155
529 693
851 992
819 949
591 698
592 659
819 978
801 974
324 432
65 239
1118 1417
837 910
301 384
1133 1341
532 729
265 448
19 165
92 130
1166 1238
589 706
70 207
569 689
536 636
291 404
546 643
298 428
851 949
27 161
89 144
847 947
811 983
818 967
323 377
20 182
542 661
288 400
87 242
321 393
83 217
870 934
54 242
544 716
330 411
801 1003
292 405
340 390
11 209
291 407
273 387
545 694
1134 1374
1121 1248
340 452
823 959
871 1006
315 397
264 434
520 728
1120 1262
324 429
858 945
315 406
836 968
879 928
90 148
803 1007
50 152
573 702
1174 1366
566 647
17 225
589 681
826 1001
878 957
98 226
17 229
842 994
23 140
1092 1291
1119 1287
1106 1285
54 149
860 984
286 399
565 687
1088 1363
863 996
524 720
878 950
838 984
9 156
1169 1221
553 625
563 644
330 455
304 405
264 388
592 643
55 195
301 392
62 140
85 216
17 165
31 228
592 633
1118 1284
2 228
567 725
570 655
576 642
275 377
567 636
842 906
1121 1249
544 677
319 435
1183 1316
831 965
297 458
872 968
307 453
844 975
1100 1220
565 686
570 695
304 456
317 447
862 988
293 393
536 652
547 632
1190 1227
1134 1408
867 965
535 726
304 422
1157 1344
276 398
868 982
74 207
521 653
1121 1345
15 135
1094 1292
80 230
555 664
533 645
308 458
802 906
1154 1341
584 645
550 653
1115 1343
80 160
843 958
32 240
1141 1264
98 186
268 460
1150 1417
841 951
805 915
1131 1402
83 202
267 426
324 401
855 960
832 990
281 417
302 435
533 709
64 135
31 126
317 381
570 663
270 399
831 979
1155 1360
857 992
313 418
54 206
90 235
1092 1404
18 244
40 187
300 416
802 941
807 957
281 444
60 188
278 419
1159 1382
580 692
296 454
555 675
276 408
1115 1216
52 202
1151 1420
1163 1329
556 703
278 455
315 385
337 397
816 912
534 680
545 675
557 676
1137 1220
285 408
323 459
802 955
572 643
599 660
274 455
810 1005
816 915
828 957
880 1004
1164 1327
532 711
63 208
853 933
299 426
43 204
1149 1221
24 201
273 418
1127 1327
1173 1378
1095 1429
285 428
860 957
68 171
1085 1250
25 236
598 646
854 976
296 411
292 371
1185 1293
1151 1260
1086 1418
1129 1424
858 910
568 680
1118 1243
552 636
850 967
1084 1253
1102 1272
1178 1295
13 246
876 912
303 388
551 646
839 975
528 681
804 1006
521 630
286 405
810 912
1112 1332
828 964
836 981
878 933
71 193
546 664
293 462
569 702
23 192
271 463
312 375
266 408
567 654
534 641
1095 1333
306 454
1140 1305
1184 1330
536 650
830 916
550 658
298 410
1185 1427
1154 1290
1129 1233
284 433
876 949
1176 1294
1178 1240
580 648
46 142
336 398
1174 1397
548 651
1121 1329
58 214
1106 1308
861 927
1090 1274
308 415
840 971
1094 1351
877 937
283 377
285 380
560 629
1141 1439
1110 1233
1177 1374
2 128
278 368
263 437
1142 1218
1140 1301
1139 1338
854 950
90 199
865 937
813 1008
332 384
313 437
84 235
1162 1232
852 966
831 991
592 666
306 393
1164 1410
274 391
1189 1312
843 959
1110 1331
0 181
261 435
37 133
6 143
1181 1296
300 382
15 210
45 165
283 470
554 698
65 184
8 196
268 410
826 905
19 238
813 993
854 964
327 379
23 178
5 158
33 202
1163 1283
1189 1339
338 470
817 977
52 237
26 223
274 457
524 645
1166 1352
813 906
1153 1256
330 377
58 181
828 918
1132 1368
827 949
78 243
857 927
60 212
2 168
50 228
1122 1355
571 727
828 938
1088 1332
99 170
555 691
1180 1223
96 136
73 217
266 434
279 417
1137 1257
274 460
585 629
69 148
529 689
326 437
539 701
550 667
880 1002
553 634
304 405
831 990
335 416
35 148
808 987
592 638
853 984
1145 1415
829 992
561 641
582 681
76 189
25 217
1113 1328
298 439
825 986
571 719
554 703
339 393
6 165
1096 1263
298 432
55 158
875 984
290 430
600 653
53 150
846 952
535 644
563 713
577 631
340 417
332 442
288 465
80 206
320 411
274 410
320 415
317 438
1 232
1083 1419
597 658
40 128
817 958
821 918
561 716
337 389
69 210
1182 1377
1137 1415
820 945
91 151
313 384
819 915
581 627
587 706
318 408
567 633
841 952
854 985
68 217
1163 1383
862 933
78 159
874 1005
1169 1318
554 694
586 667
77 149
321 466
41 211
869 1000
47 165
83 135
30 248
535 681
332 460
1081 1361
1174 1308
339 419
321 399
564 686
533 730
66 139
19 230
814 905
294 448
580 648
815 915
67 138
74 180
1189 1221
52 168
5 140
281 369
836 1005
871 982
1110 1371
566 678
1152 1257
543 719
852 990
577 687
83 214
13 228
1144 1349
833 907
838 993
817 1002
1087 1232
333 402
292 428
593 683
292 417
522 677
1132 1232
553 715
1148 1374
269 395
89 154
859 955
327 440
321 459
320 449
294 368
1127 1439
582 704
532 636
525 633
17 234
544 642
26 191
315 439
1153 1352
287 389
79 183
1117 1330
336 398
825 1010
86 139
529 632
870 972
1138 1385
267 395
311 431
311 369
47 147
293 429
832 948
853 932
23 133
1107 1261
827 995
1154 1423
876 994
47 186
54 159
321 401
1116 1393
547 715
309 407
36 235
38 174
18 151
309 377
832 931
808 965
1172 1410
290 427
1081 1411
55 173
276 365
25 236
816 935
1158 1294
86 145
555 654
7 224
524 675
86 202
321 416
844 990
1163 1377
266 422
75 150
595 637
876 914
861 949
292 381
817 1003
557 726
263 432
310 418
823 942
325 396
8 166
310 427
289 387
591 662
336 464
97 203
296 405
260 436
847 993
595 659
44 154
88 185
1081 1335
288 454
1132 1266
822 938
1085 1422
1142 1426
1112 1255
861 912
267 383
92 171
522 723
1106 1439
50 153
263 430
23 168
303 465
325 390
41 168
874 984
587 707
562 653
533 671
526 686
569 661
279 368
845 977
1111 1254
1174 1393
872 924
850 1009
826 986
566 701
546 688
821 939
880 1007
1156 1300
1119 1288
27 224
6 133
94 192
538 682
30 158
1099 1229
3 217
806 921
263 408
575 674
306 405
547 653
303 382
530 668
286 418
857 938
36 184
339 431
557 629
1156 1372
1090 1244
1184 1328
315 395
327 446
850 966
284 450
282 466
301 367
1178 1370
1125 1331
297 370
821 948
300 453
1165 1360
100 126
1153 1335
279 369
810 987
78 195
1106 1325
590 626
35 144
812 977
1116 1290
856 930
852 928
1091 1385
336 431
810 993
815 984
838 996
23 180
526 646
875 940
550 725
1118 1238
572 706
869 945
27 149
1081 1345
1122 1258
1164 1440
579 673
1128 1329
826 988
1097 1297
2 234
316 458
855 935
260 419
815 1002
574 709
808 956
869 958
1142 1215
850 1002
1152 1406
289 365
1172 1257
1134 1215
264 457
879 978
549 682
852 977
40 174
325 445
1109 1243
287 438
1098 1333
584 715
837 920
870 989
523 694
527 709
859 933
1189 1257
302 391
272 457
575 724
863 975
554 656
284 413
260 470
1190 1272
24 219
39 199
1128 1325
582 715
289 434
563 703
1117 1400
1156 1287
1135 1436
1145 1249
879 920
528 730
1139 1229
827 910
292 373
336 426
530 626
57 205
2 228
91 249
1135 1427
838 911
873 1003
310 373
860 997
532 654
31 161
539 638
849 944
866 926
546 709
293 447
291 415
337 410
572 635
540 713
1131 1336
878 943
1107 1314
873 952
331 375
839 930
1179 1425
823 997
845 988
879 988
262 373
539 676
74 141
565 719
576 674
49 203
590 696
1164 1224
272 445
850 966
839 917
1119 1328
1154 1222
1153 1319
1149 1357
1089 1406
42 137
329 465
830 924
564 648
1184 1405
1132 1397
1134 1253
262 461
825 1009
823 998
9 191
555 659
77 128
1133 1290
282 427
319 397
19 218
85 172
1096 1405
879 966
94 154
338 455
1133 1339
268 373
324 419
14 130
557 667
1122 1379
1094 1396
16 181
1174 1281
828 1005
1159 1399
1140 1342
31 169
301 368
10 146
63 248
263 459
7 231
561 681
830 999
807 920
8 172
96 181
1135 1278
34 193
81 138
847 940
297 371
801 1003
1138 1249
1171 1369
595 721
804 971
66 176
304 398
281 403
818 949
329 425
2 197
1151 1414
585 698
51 173
1124 1431
308 404
577 706
80 206
868 955
308 379
79 147
330 457
580 699
36 207
598 699
577 660
829 970
1121 1405
328 390
303 427
572 727
82 197
866 983
2 237
800 972
595 684
549 668
566 700
522 629
57 189
548 678
320 389
591 671
335 406
1116 1258
318 440
553 682
592 688
311 464
35 193
284 400
598 651
823 910
524 717
15 185
17 219
1129 1327
88 154
524 652
841 955
879 942
327 379
333 369
290 414
560 658
40 196
563 703
566 653
272 466
1134 1247
1157 1424
276 437
92 150
562 706
800 935
1090 1252
100 212
25 248
835 976
819 953
40 246
58 201
338 437
25 191
1094 1238
841 932
15 172
836 917
78 211
87 211
854 906
587 651
830 991
34 144
536 665
324 424
861 1005
1149 1368
528 643
56 239
828 1003
855 914
27 202
13 181
90 219
530 647
1129 1288
37 173
29 157
1109 1329
1180 1373
313 386
328 464
339 401
880 905
1157 1401
266 449
315 421
275 443
273 371
1138 1258
317 384
1089 1405
1154 1439
523 722
827 958
87 187
824 916
96 242
97 228
52 169
850 935
11 240
559 723
878 1006
589 640
1101 1344
1086 1353
568 705
290 470
850 939
600 682
326 389
1141 1420
87 142
824 919
590 727
875 968
597 685
545 660
279 409
520 645
1185 1256
1155 1306
275 395
847 980
533 666
849 955
79 146
265 441
584 711
339 425
562 721
859 949
73 201
285 381
810 955
1094 1215
338 400
586 702
811 960
822 996
563 648
2 153
525 644
822 985
874 917
326 388
575 630
1115 1222
29 194
35 165
8 237
868 972
299 366
543 648
21 127
804 995
14 218
1150 1371
22 165
871 996
6 228
576 727
23 149
1095 1241
72 247
869 921
39 234
1124 1308
524 647
268 432
597 628
860 1001
306 450
322 392
532 642
545 718
875 995
99 232
94 170
1128 1419
801 988
800 994
840 905
529 645
30 145
299 376
570 679
297 369
1090 1304
530 661
17 239
66 175
821 980
322 447
35 154
322 461
260 402
873 959
546 642
21 241
271 370
312 442
546 674
585 694
1123 1423
93 180
811 964
600 725
1125 1366
1088 1392
1083 1226
807 928
575 651
51 158
544 629
560 697
861 966
10 187
551 676
323 389
1097 1261
1182 1402
818 930
60 207
550 636
3 210
2 211
1108 1260
860 962
866 938
340 374
36 207
318 436
835 935
94 231
845 930
546 718
39 174
553 722
31 192
91 209
878 964
1187 1317
526 625
578 730
277 447
284 376
1160 1293
1110 1368
558 659
1127 1224
1169 1384
51 194
1151 1224
1188 1279
1089 1273
873 927
1159 1271
327 448
1174 1385
579 673
1127 1411
17 228
296 454
554 676
1177 1273
800 1007
1144 1337
537 721
1150 1344
311 388
587 708
13 131
17 133
27 144
814 1010
306 435
802 928
300 431
31 157
1188 1380
338 397
531 649
834 915
1086 1324
1092 1226
1108 1279
1148 1275
872 958
9 136
40 176
29 169
331 371
830 972
572 719
1138 1289
540 675
531 649
267 433
86 214
822 989
835 947
1097 1247
1082 1223
279 435
1149 1252
567 681
876 990
556 658
1127 1437
600 679
831 987
333 466
34 129
337 443
1110 1255
819 920
1130 1229
22 138
566 637
582 628
3 217
575 635
1183 1338
51 184
539 663
296 459
1124 1288
1142 1371
321 410
22 174
2 247
1114 1278
64 194
20 203
537 725
1104 1358
843 919
323 462
1109 1295
292 450
1130 1421
812 946
535 695
1159 1238
11 245
1156 1320
809 963
865 936
81 188
1145 1331
33 222
1084 1268
816 946
877 949
1147 1259
849 983
1152 1251
600 682
14 192
859 980
1083 1339
804 965
532 675
262 421
1176 1232
1176 1269
1154 1363
845 950
537 727
1096 1343
592 695
95 211
1186 1356
322 408
879 957
871 994
269 386
550 652
54 189
851 997
829 968
595 642
1113 1308
51 229
812 929
600 668
1190 1354
597 628
540 638
13 241
86 143
876 923
95 210
1099 1399
100 238
1143 1264
308 389
335 383
823 990
1144 1274
1140 1216
16 140
317 444
77 154
98 141
54 152
39 215
1098 1412
802 956
858 931
848 956
1171 1353
598 683
562 652
820 931
83 167
1137 1315
46 233
306 417
5 244
814 966
264 394
311 451
275 414
540 669
850 915
333 412
599 631
19 125
874 986
293 433
322 434
536 687
530 634
41 186
323 376
583 646
284 392
85 163
39 237
853 932
299 382
327 427
275 417
51 248
550 702
286 467
845 958
1115 1290
1147 1257
1186 1244
1122 1337
1121 1325
56 214
586 710
66 180
295 424
880 963
569 629
535 718
67 148
10 174
805 948
1121 1251
1177 1234
874 969
39 149
1105 1308
862 915
1184 1408
333 393
328 399
61 240
39 216
575 703
285 404
863 998
573 690
68 143
316 459
567 724
1147 1383
860 909
1163 1226
871 961
1165 1237
12 195
578 627
817 963
19 166
824 926
262 425
45 215
880 910
319 425
1137 1291
530 651
307 408
76 139
1096 1291
804 906
1108 1332
546 681
321 402
9 153
12 217
564 676
262 470
1 185
552 640
563 643
73 214
333 387
41 171
1111 1250
566 692
821 1002
813 974
1098 1359
1148 1363
820 1010
579 712
309 374
523 656
58 157
570 705
315 460
313 430
858 962
1138 1391
880 909
830 1006
875 908
868 922
539 717
83 131
285 436
857 922
18 244
1138 1363
813 907
576 681
291 455
58 154
1158 1333
800 1007
66 170
306 391
1187 1295
11 146
47 129
333 387
332 378
326 428
32 170
17 173
829 918
50 176
0 246
35 193
0 242
296 397
593 629
322 451
1082 1223
275 410
545 700
875 922
806 978
565 669
269 416
307 409
56 185
879 950
551 702
298 449
822 968
336 403
13 243
866 931
273 429
553 646
533 633
856 1000
848 918
543 627
79 171
812 910
288 414
1186 1315
36 178
271 365
300 449
575 661
524 687
21 208
547 630
843 961
339 397
851 994
1109 1345
294 396
1 229
838 949
800 980
535 723
1118 1418
1127 1290
1168 1297
1128 1303
565 663
808 969
80 172
524 693
47 157
30 228
262 426
847 910
807 918
524 658
1118 1312
1083 1219
841 920
283 384
265 441
528 690
60 223
559 694
78 160
1132 1324
539 714
1176 1375
1089 1301
537 679
577 673
1168 1395
872 992
304 451
28 207
569 672
78 129
579 703
271 457
873 940
52 126
570 699
867 933
575 698
827 917
561 717
568 681
47 145
41 142
322 379
286 399
801 951
870 916
1151 1232
550 663
532 720
328 451
579 634
293 425
829 1010
859 995
49 232
1125 1277
307 373
264 368
319 418
542 657
326 451
285 366
521 694
71 182
878 963
334 463
880 934
287 433
263 435
863 939
7 204
836 1004
16 187
277 384
835 924
1100 1236
89 134
46 139
293 395
25 244
317 440
564 636
25 127
538 697
50 135
533 675
317 369
281 467
290 389
1160 1391
591 726
1148 1387
330 447
1084 1347
526 722
835 1007
74 195
876 941
306 433
1114 1373
831 1010
855 974
295 425
71 201
86 168
1173 1344
335 368
561 722
262 423
304 371
830 969
1156 1225
544 701
261 399
812 973
41 202
1109 1323
539 650
845 984
14 135
306 408
1083 1268
278 464
822 921
285 470
847 946
7 240
590 647
554 691
834 990
1143 1275
827 939
289 436
1089 1304
584 633
310 370
868 974
830 951
84 179
1174 1343
542 699
857 917
62 190
278 469
559 712
47 132
862 950
34 233
848 932
280 422
337 430
336 435
84 160
1121 1315
28 226
43 215
539 729
565 715
281 374
1118 1229
851 945
98 221
305 470
538 673
817 946
804 920
87 230
1148 1285
1125 1259
274 371
567 721
592 628
816 998
572 659
521 725
1176 1336
574 686
1187 1408
1152 1277
1103 1282
1152 1258
93 176
330 416
1183 1261
320 396
1164 1363
302 435
1085 1354
827 982
1156 1225
877 965
566 654
554 721
1096 1235
290 457
295 453
596 664
271 384
4 175
83 195
77 228
302 418
327 424
303 379
45 216
65 159
52 143
19 215
306 393
93 142
594 675
1184 1258
267 429
876 945
1105 1323
284 428
1160 1240
317 388
1100 1373
1156 1337
551 708
592 661
1080 1299
1084 1374
320 376
1102 1384
33 150
1164 1298
814 951
49 245
275 420
522 717
260 398
805 964
1089 1275
577 721
821 955
1096 1336
1153 1258
325 390
20 231
272 433
70 239
1170 1368
803 912
51 183
38 154
310 423
268 365
561 724
309 411
860 1008
321 419
577 698
1120 1304
861 985
1162 1347
839 907
74 247
15 150
78 172
1167 1259
868 920
305 407
1129 1287
586 692
1190 1392
334 390
539 649
1139 1234
1175 1381
836 910
1114 1323
858 911
1169 1346
288 456
851 1001
302 402
1107 1422
1104 1284
1097 1321
870 939
1181 1344
304 404
311 441
1122 1264
336 437
800 1001
1180 1270
87 135
336 455
533 690
1098 1329
87 128
1082 1336
306 470
1155 1279
60 247
837 971
580 718
587 658
539 680
328 419
852 969
549 665
1100 1337
597 629
61 192
71 190
264 398
867 924
826 976
1162 1224
827 961
288 423
268 437
340 427
550 677
4 218
311 385
43 199
861 939
553 678
827 982
41 209
4 179
597 695
286 396
94 242
593 728
552 684
860 905
818 949
68 156
331 370
841 1003
869 967
314 373
294 445
563 677
801 932
77 138
862 1001
1184 1346
314 377
568 640
1126 1325
53 129
812 930
1116 1373
23 200
846 929
1165 1330
1106 1432
1084 1385
570 718
539 671
537 659
552 727
856 934
568 702
94 132
66 231
63 218
1085 1310
844 978
538 675
264 441
535 645
30 136
65 237
37 230
563 646
74 225
546 636
874 921
284 378
52 227
1085 1303
861 972
821 981
1169 1266
1116 1255
18 131
1101 1259
74 179
536 725
1082 1334
6 208
827 985
27 146
293 414
270 413
557 702
568 720
281 366
1113 1326
1172 1396
868 974
863 961
7 218
870 1007
536 718
567 689
1090 1301
100 138
549 657
874 1004
521 664
45 225
321 391
30 136
1128 1242
593 697
324 448
807 930
74 223
1092 1427
852 921
325 438
57 197
324 459
853 979
266 400
287 468
559 717
328 377
551 633
572 645
591 693
841 917
1124 1396
307 426
70 192
1156 1401
1092 1243
833 911
812 978
598 628
865 949
265 442
1120 1325
810 955
828 959
571 636
64 180
827 952
299 404
1099 1377
327 450
1159 1383
303 423
859 1003
13 224
64 139
51 226
852 998
1107 1339
4 226
1176 1347
268 379
264 444
1164 1284
312 397
590 681
14 144
264 389
526 626
846 1009
600 670
93 146
1096 1358
831 953
551 652
41 144
279 378
283 368
1132 1309
839 972
1089 1239
294 464
74 150
75 135
1134 1399
293 439
1146 1428
1126 1230
1166 1305
807 960
303 407
534 662
813 923
83 208
58 145
847 994
579 627
591 701
560 654
61 219
328 437
551 643
1108 1347
556 695
529 684
64 139
310 408
42 193
272 397
1160 1424
871 961
827 925
871 998
842 952
1090 1392
537 643
849 926
31 148
838 919
573 684
872 924
866 923
37 134
1100 1300
1172 1317
870 967
1124 1224
69 178
63 157
1104 1377
845 1010
578 691
550 680
1088 1282
553 625
877 966
1163 1280
856 917
853 1001
1183 1423
1157 1351
301 417
592 685
284 439
1166 1241
27 214
1093 1410
846 911
1115 1310
573 694
296 373
1117 1435
877 970
859 942
1091 1388
570 730
298 439
540 688
278 380
1085 1333
1188 1436
835 995
306 368
50 214
1100 1304
19 223
312 416
539 657
828 946
284 436
816 924
802 941
42 160
319 408
861 998
32 188
324 446
1093 1375
20 217
92 231
1124 1338
528 691
315 454
1131 1436
553 730
317 405
1083 1381
266 409
552 710
283 372
855 925
298 448
803 910
12 182
79 226
1159 1408
78 195
592 635
820 953
35 211
520 714
877 966
847 1009
1120 1330
805 928
568 633
549 688
563 660
598 682
531 668
305 426
1179 1413
1118 1304
850 1008
1114 1437
268 376
557 632
875 957
5 142
539 631
1127 1298
846 975
535 663
822 993
579 631
1170 1415
1150 1323
17 163
62 248
560 682
556 694
1115 1353
846 923
1148 1440
330 402
337 411
1116 1386
800 986
1155 1268
859 919
30 222
1113 1314
855 965
98 193
65 244
60 234
868 992
819 943
24 219
808 909
47 175
1098 1316
1187 1425
880 965
339 375
24 193
1096 1300
527 632
48 198
1091 1314
79 153
337 408
832 922
339 418
322 428
1130 1278
827 905
594 726
5 188
96 174
861 967
60 242
12 185
90 139
808 978
337 418
271 431
543 640
818 999
820 972
1186 1315
316 434
284 416
315 441
5 154
25 247
1087 1412
1124 1270
1113 1311
600 652
880 911
1119 1420
803 944
268 446
291 373
313 366
553 707
1143 1269
20 165
334 374
873 929
1139 1429
290 441
83 147
90 163
262 369
536 645
560 644
1162 1216
10 248
263 431
298 417
1179 1348
1141 1410
276 415
312 462
851 970
1170 1231
292 382
863 933
865 948
548 700
14 146
273 375
1131 1361
818 982
808 962
25 171
326 374
1097 1236
278 395
843 909
322 448
45 139
1134 1367
303 457
332 425
587 668
331 456
2 226
327 405
862 912
82 240
33 207
845 920
839 1008
302 461
51 241
335 383
553 699
597 643
1180 1339
1142 1290
327 413
876 999
91 201
1085 1367
288 396
310 369
558 647
841 1002
1183 1366
549 639
1130 1354
8 202
261 428
272 469
290 408
1175 1395
84 235
850 951
852 933
1166 1309
262 366
809 990
837 951
870 996
557 641
844 1002
565 658
332 380
1174 1389
587 642
574 645
1158 1366
546 689
572 681
818 989
52 146
18 153
583 694
47 131
523 710
846 959
587 625
567 654
582 705
324 411
527 684
878 918
302 384
304 385
553 703
845 960
295 411
524 676
95 175
302 376
1101 1325
278 469
561 697
564 647
1080 1224
87 230
842 939
1089 1417
4 149
316 391
547 660
816 963
839 962
1142 1351
1125 1225
289 431
862 954
1109 1326
53 214
312 458
39 244
88 211
1085 1434
94 177
1166 1327
545 722
1169 1339
545 680
1096 1320
875 994
1122 1296
862 981
865 942
847 906
800 964
1174 1281
1178 1308
848 996
324 451
1101 1337
1083 1313
1166 1215
874 914
870 971
816 938
20 224
278 370
22 148
1150 1430
87 126
52 200
295 419
852 999
597 670
596 634
800 989
279 421
290 465
535 721
336 391
1140 1215
260 366
42 226
82 230
585 681
552 686
338 387
339 388
565 666
574 636
283 391
565 675
596 729
874 938
1101 1307
593 669
847 951
803 942
3 188
73 174
319 390
1099 1340
26 140
273 387
52 201
534 674
1129 1254
49 196
856 925
1131 1375
547 720
592 692
590 724
556 628
550 661
801 1008
1141 1410
530 635
1124 1409
316 441
77 206
567 632
1156 1340
808 964
1121 1251
564 654
287 441
577 663
564 687
526 691
306 415
91 221
1167 1398
540 658
1165 1317
587 637
569 707
583 702
1095 1435
815 925
588 663
858 909
288 389
823 997
557 718
74 180
876 922
35 201
578 657
328 432
1167 1286
523 678
855 930
1142 1376
530 658
1155 1219
531 660
1159 1304
45 165
1136 1435
533 688
297 467
540 697
84 196
819 1006
1159 1315
292 398
844 988
89 185
262 405
573 656
569 649
51 157
1124 1235
68 220
557 723
11 183
1146 1340
276 402
805 974
1110 1239
79 206
28 213
1100 1398
300 432
831 946
587 710
835 939
92 209
295 434
274 394
844 991
82 137
1098 1321
75 187
532 634
1109 1227
19 190
293 442
1116 1271
567 669
298 368
297 436
20 196
599 706
1175 1243
1137 1430
530 626
67 144
32 244
829 940
1163 1218
1136 1417
1134 1344
600 728
549 642
86 203
807 964
844 949
583 664
1109 1372
299 469
589 679
530 658
581 666
528 711
837 961
311 465
1157 1406
869 997
536 681
586 650
1102 1360
309 410
90 250
95 161
539 712
589 716
1165 1249
806 916
1093 1424
545 670
311 415
96 163
855 915
526 638
1125 1241
529 639
319 388
591 648
28 229
809 923
801 930
816 980
1182 1273
324 413
305 395
288 392
1137 1277
1131 1430
1097 1238
870 986
591 680
810 924
302 411
267 442
522 639
35 127
599 662
543 706
1085 1357
818 907
266 380
305 461
1147 1255
810 983
564 718
1180 1249
854 955
1142 1401
266 441
1177 1365
1080 1296
283 464
1133 1223
823 983
88 136
543 689
854 1001
817 945
566 631
335 393
23 216
268 429
1152 1404
526 668
523 632
540 667
527 717
1138 1406
843 938
804 993
44 226
61 226
1185 1304
320 388
878 915
1094 1238
37 151
1160 1411
1122 1405
532 715
53 221
78 171
531 711
96 205
1080 1287
845 916
588 673
1151 1440
800 959
38 146
818 989
37 164
1159 1335
297 427
264 407
41 234
265 389
89 128
831 939
548 720
842 907
1110 1341
550 688
545 698
327 404
307 394
314 384
822 925
261 458
4 217
1091 1419
326 379
854 932
1136 1432
1109 1277
290 435
579 710
596 727
860 929
1105 1246
1106 1438
1091 1357
279 374
1 185
264 422
275 443
1105 1387
832 961
68 214
801 925
1131 1409
556 648
1131 1327
1101 1239
293 378
282 428
840 948
548 653
838 979
37 180
875 917
850 968
288 377
819 928
3 207
315 392
1173 1220
1174 1336
20 233
45 216
1083 1377
807 917
334 463
263 398
281 470
77 168
801 946
542 653
1095 1347
44 215
7 189
810 969
282 464
1100 1293
537 686
74 196
847 917
880 955
585 638
22 195
827 921
525 721
50 155
1123 1272
523 625
44 181
52 197
331 428
569 643
1165 1335
1168 1428
1087 1307
545 702
876 925
1123 1392
808 942
1135 1298
265 464
1188 1419
879 933
564 708
559 690
1190 1282
567 669
1129 1257
8 144
1102 1386
557 719
816 962
314 393
801 959
1099 1340
852 919
1172 1301
22 201
1133 1293
851 928
828 980
520 670
876 960
1107 1253
282 452
839 993
301 433
76 152
861 934
546 641
1176 1365
1132 1226
276 410
293 385
565 678
533 675
1106 1239
296 373
543 711
870 911
1113 1303
1174 1288
528 717
319 441
88 135
564 722
314 426
593 675
531 645
854 976
810 910
1159 1362
49 219
1185 1271
526 714
544 698
322 419
575 679
1097 1286
329 416
337 456
75 143
55 249
289 393
1121 1326
11 179
856 946
287 467
284 428
69 239
1156 1334
1162 1289
297 402
856 914
843 1008
1162 1360
840 992
542 633
294 441
339 425
1190 1281
567 652
1135 1297
20 168
301 393
872 984
84 236
589 699
524 689
305 420
1122 1411
576 653
522 639
571 704
61 171
1080 1301
805 944
324 463
64 150
824 949
852 985
823 917
834 983
551 722
271 402
305 446
828 934
831 944
1093 1373
810 943
840 907
43 149
268 412
860 995
63 132
534 683
290 466
540 630
284 443
590 730
76 163
1150 1395
594 653
271 460
327 433
334 372
36 169
12 163
546 705
1107 1437
281 368
60 226
4 128
314 455
318 467
587 701
1146 1343
552 649
74 152
1167 1429
840 916
90 165
560 635
848 941
521 677
851 949
1167 1234
528 662
312 393
807 976
289 381
67 188
66 133
90 189
542 693
6 249
289 458
12 223
845 936
1168 1384
1084 1378
539 681
800 986
528 699
530 653
534 695
329 389
1103 1356
283 393
530 655
264 408
268 448
582 652
1123 1320
327 399
860 919
850 934
549 642
520 702
23 206
552 650
589 718
1106 1293
1081 1393
295 427
84 185
1108 1319
593 694
561 706
325 445
310 430
309 422
1120 1233
279 365
560 661
79 153
59 152
1155 1315
585 716
269 437
313 395
535 720
71 237
32 189
802 950
803 946
1115 1377
1162 1238
583 705
558 683
823 944
801 975
1128 1261
100 193
558 688
820 949
72 196
276 403
322 436
879 940
1154 1339
29 193
805 981
827 991
802 1006
1142 1266
1092 1402
60 186
552 708
34 197
280 454
833 948
93 234
580 685
100 192
579 727
15 160
1085 1409
824 949
806 905
541 726
824 988
531 726
53 170
544 653
1153 1318
39 221
840 1002
524 685
1084 1248
844 953
1167 1426
577 681
521 686
41 248
523 718
69 213
286 414
44 187
824 935
817 1010
319 449
40 154
1101 1349
869 1007
1085 1366
1146 1310
835 989
56 183
270 391
553 723
548 726
879 915
845 1008
283 441
584 728
292 437
331 433
1111 1290
5 199
557 637
1184 1286
55 155
294 469
1145 1341
69 139
818 997
23 183
334 403
1087 1259
51 132
536 653
72 162
288 406
1162 1356
26 202
585 685
879 924
78 242
93 204
275 398
52 214
580 625
3 161
844 992
857 998
304 422
549 721
69 192
803 1004
1150 1430
821 958
88 179
295 406
0 166
14 142
1152 1243
800 954
72 190
1189 1244
580 650
561 632
600 695
1182 1380
296 449
1172 1381
1167 1271
0 199
811 1002
20 248
11 241
1181 1400
1139 1348
21 126
68 189
328 453
587 645
279 462
45 159
1086 1390
545 633
1108 1250
267 439
593 628
1091 1407
1153 1316
1163 1237
72 202
1165 1228
1181 1360
1093 1366
76 229
5 166
598 647
1082 1229
48 174
324 448
1090 1425
80 174
581 634
24 201
316 414
321 402
1171 1428
574 650
549 646
576 682
51 126
1164 1257
1165 1286
1111 1236
1094 1261
333 441
814 910
802 993
877 973
89 132
83 214
836 941
1184 1261
552 723
574 640
856 1010
880 971
550 655
58 207
550 645
558 707
837 962
1083 1279
854 954
875 942
575 718
1156 1261
289 425
587 716
19 175
811 909
1126 1230
1116 1429
809 1004
260 416
1139 1307
819 951
37 238
836 950
290 390
339 405
547 698
542 659
1154 1315
545 634
595 658
1186 1338
1127 1380
310 395
45 232
856 917
567 655
1124 1392
1120 1390
581 695
41 129
563 665
540 708
576 665
520 655
300 365
18 151
598 705
46 240
597 636
1155 1311
588 724
1086 1262
286 428
260 463
1126 1404
525 710
284 462
282 383
804 979
840 912
569 673
1093 1343
12 249
593 650
564 628
1155 1344
27 243
293 457
840 913
1083 1412
810 981
862 961
544 630
87 168
540 625
875 1004
838 996
566 674
1167 1396
1178 1262
847 937
1083 1276
311 423
571 625
298 368
587 727
521 656
309 450
84 129
848 986
287 446
10 168
314 434
1108 1328
827 976
1155 1348
306 434
1108 1335
811 976
1183 1401
274 383
334 386
1182 1316
291 398
549 647
1145 1228
807 922
800 997
1093 1261
263 368
856 922
1142 1260
278 444
10 166
853 988
555 675
835 990
1086 1240
826 917
862 905
13 180
879 977
824 954
9 247
67 212
592 632
53 185
830 947
862 1001
850 949
338 412
833 976
823 951
577 654
560 686
301 464
586 691
274 460
71 126
277 422
1159 1358
323 440
312 433
1084 1246
97 159
855 907
85 140
1167 1216
11 213
288 462
1161 1280
576 706
50 233
528 664
1157 1385
1151 1351
591 667
598 634
1173 1357
822 992
277 394
1149 1411
51 209
96 160
1128 1424
285 403
562 664
817 996
23 248
1184 1366
307 380
5 139
298 399
1124 1430
44 230
809 950
812 936
279 383
54 207
1144 1271
1094 1334
840 1007
846 970
312 408
279 451
1184 1222
588 628
269 436
1151 1244
583 683
267 405
836 960
540 679
284 410
69 137
313 452
1 133
1122 1365
550 672
332 425
302 378
1145 1375
29 229
878 971
280 428
531 692
1126 1406
542 633
1126 1364
588 634
555 709
853 974
535 721
1161 1351
870 973
1145 1393
1132 1410
20 228
333 439
90 196
1155 1389
295 394
278 442
541 702
524 686
831 980
328 439
572 652
80 236
1104 1408
1114 1260
534 671
62 231
1085 1392
1156 1234
534 673
80 146
12 203
26 159
1106 1408
552 690
853 1000
530 664
1116 1233
825 912
589 725
549 717
590 672
545 632
54 186
857 917
555 644
560 641
811 997
589 726
850 942
1145 1409
318 437
294 451
1 178
854 1002
520 714
1160 1318
1128 1297
294 416
532 682
835 938
556 700
26 142
1097 1234
325 462
877 983
14 233
335 425
582 702
867 932
521 638
553 705
324 408
875 967
543 706
1167 1344
294 383
321 463
87 216
34 239
586 729
530 692
570 626
310 467
322 417
1159 1216
38 151
527 716
77 190
800 1010
323 460
1171 1296
575 667
54 132
87 172
301 417
2 224
571 655
25 179
93 149
2 204
1176 1326
562 683
809 928
322 445
292 390
520 654
860 906
72 233
307 394
589 700
98 207
540 729
64 151
1190 1299
816 941
268 434
1150 1373
268 404
523 630
271 398
77 188
318 433
819 947
1142 1360
1102 1359
550 667
815 967
1127 1283
284 376
596 693
559 667
29 233
553 730
1081 1397
530 675
45 159
1099 1391
557 656
317 390
333 456
1105 1238
806 961
320 381
288 462
535 714
312 428
577 682
1176 1430
536 723
551 665
1167 1332
1106 1270
1130 1404
578 714
322 433
1110 1262
280 433
569 691
1123 1216
269 451
848 968
328 385
866 955
1098 1276
1126 1253
557 677
311 454
1088 1358
810 912
330 433
313 418
572 679
526 721
293 378
834 994
838 987
829 933
3 131
879 921
298 414
53 167
324 367
1099 1435
1135 1405
269 470
550 634
2 185
57 188
1142 1417
4 241
810 962
270 389
331 392
816 924
0 145
561 652
14 224
100 223
310 460
600 727
1183 1421
285 452
559 727
81 202
838 953
57 142
1137 1439
584 727
262 384
269 456
549 640
1100 1311
524 685
58 125
1102 1328
837 992
21 153
1119 1435
535 670
587 702
844 998
310 440
35 153
580 710
272 444
1153 1281
1095 1385
1182 1254
568 681
866 946
828 942
19 202
561 674
1171 1324
550 669
6 156
282 405
871 913
302 398
578 661
57 216
44 219
1112 1287
544 659
874 997
555 701
12 157
262 463
824 958
323 378
536 629
874 917
264 416
586 678
861 1005
45 213
521 647
1182 1322
1146 1233
74 221
282 373
1093 1401
264 445
859 979
862 941
1098 1299
1183 1327
563 667
97 139
584 673
88 185
314 443
24 208
310 467
77 157
553 685
571 726
318 456
878 990
21 160
66 127
0 138
302 443
1096 1294
306 396
873 923
804 936
1104 1421
585 640
858 992
571 704
278 417
810 916
816 947
532 644
594 722
275 386
45 201
806 966
312 454
864 962
1095 1375
76 133
297 417
1178 1267
95 213
1144 1407
270 449
1142 1227
326 400
847 973
1119 1364
567 651
1101 1321
1139 1351
559 698
860 947
332 369
848 925
859 958
86 197
1141 1336
58 126
335 409
537 672
593 723
33 216
1118 1364
24 133
528 721
584 673
1161 1242
530 715
2 202
560 631
19 217
305 377
589 667
874 999
1087 1281
547 635
289 413
843 924
810 945
1111 1322
296 414
1168 1313
1118 1421
37 184
864 917
807 956
537 682
1183 1313
333 435
1138 1429
559 642
288 407
296 433
83 193
1130 1275
837 936
82 144
577 699
34 159
291 453
546 666
301 405
336 452
275 464
598 681
309 430
545 693
848 912
868 937
806 934
1168 1421
1125 1304
47 143
838 927
844 933
817 952
296 411
813 1002
817 986
337 443
834 1008
544 630
1170 1319
264 456
543 630
834 999
28 233
879 907
90 195
287 469
339 414
868 999
1148 1385
24 217
1169 1427
1127 1294
60 179
867 995
97 153
1157 1242
296 376
573 637
17 148
261 413
878 954
879 968
873 954
60 129
69 231
848 978
856 959
1138 1349
854 926
594 646
41 220
85 214
1147 1310
544 635
1155 1389
1138 1285
573 688
1159 1363
1167 1244
332 412
521 700
78 246
1102 1352
15 181
64 214
1166 1370
312 457
876 958
277 448
841 969
599 671
1096 1299
297 404
586 698
10 208
1089 1281
1 136
590 707
83 144
85 236
42 134
46 218
573 712
847 977
72 180
272 467
557 634
857 965
261 376
1151 1381
543 655
64 214
279 464
301 387
581 727
1149 1405
1140 1428
572 635
1179 1283
1178 1228
89 138
864 954
598 639
267 386
1185 1369
526 697
290 380
1101 1378
89 224
804 985
302 460
262 451
598 628
75 250
52 189
572 662
87 249
52 128
96 243
69 165
1120 1281
521 683
314 416
877 953
577 727
541 638
293 369
850 908
521 676
308 395
334 431
317 416
74 155
1173 1402
1175 1255
803 966
27 238
870 929
82 195
307 449
816 929
288 434
3 181
293 437
306 379
598 694
814 1008
522 717
587 674
545 657
1114 1423
292 429
1188 1359
811 999
323 438
1153 1243
98 243
859 940
1113 1229
536 725
287 461
310 378
588 643
544 725
1172 1282
549 660
810 1010
1144 1372
1141 1275
11 229
528 703
862 941
67 219
340 421
838 948
850 1010
578 683
841 951
1114 1438
277 415
41 199
1183 1311
278 406
1123 1245
540 708
577 703
40 145
1167 1354
1152 1218
333 368
524 711
1098 1215
1112 1383
530 665
863 905
848 996
56 146
1148 1352
86 209
586 659
1110 1397
816 1005
830 935
300 393
530 703
590 717
1082 1336
569 692
331 450
90 186
571 631
27 245
836 963
829 990
864 906
100 240
825 934
520 674
811 1002
44 249
862 978
268 371
19 243
1178 1297
861 945
1158 1389
16 157
1099 1337
272 428
268 406
546 682
597 638
319 391
594 715
20 201
861 929
78 235
826 957
95 236
67 182
801 913
87 212
328 437
543 696
273 375
297 442
1141 1435
1117 1324
71 189
810 915
818 911
61 217
306 402
584 657
814 944
80 175
307 423
1109 1426
844 915
41 194
830 1003
1138 1356
290 382
543 669
62 250
280 460
35 156
293 449
594 661
866 989
1080 1417
20 182
1081 1394
1141 1408
1174 1412
839 905
332 430
330 417
286 453
332 382
1114 1347
330 444
319 421
579 662
809 924
543 713
579 721
538 667
1148 1345
1080 1364
1162 1410
1135 1348
289 425
555 691
297 392
1118 1342
544 693
301 397
828 987
271 372
584 720
27 224
1174 1382
1113 1425
600 700
865 995
1105 1261
63 229
82 157
553 675
50 133
595 644
576 703
864 939
35 231
576 664
589 659
1095 1221
12 202
871 931
1080 1311
816 923
337 394
832 969
567 669
808 933
284 465
570 666
1169 1423
1118 1268
546 697
1090 1351
845 1006
593 643
565 704
557 646
866 915
35 132
83 249
571 709
598 715
522 675
45 144
529 658
553 665
331 456
314 370
579 656
552 644
1122 1311
857 991
551 683
305 390
573 637
312 411
534 631
1156 1275
1151 1338
562 675
0 162
561 679
1171 1301
72 227
304 413
1088 1324
1167 1337
335 407
576 658
833 981
1108 1440
800 924
868 931
547 705
575 713
81 129
863 930
575 688
1144 1426
835 946
1105 1356
552 644
589 642
841 1001
575 704
549 651
1125 1296
36 228
827 928
599 729
823 919
32 134
831 962
1119 1292
1148 1296
334 443
267 435
595 729
824 905
1182 1231
849 922
1120 1369
98 231
307 463
317 376
536 678
40 214
1126 1400
1097 1285
1133 1279
57 237
1176 1260
574 697
577 688
588 650
545 670
1141 1242
303 424
329 391
1142 1268
30 178
868 933
310 442
1080 1322
568 682
580 632
1092 1249
535 630
1146 1434
14 191
316 454
52 212
805 929
599 680
1163 1418
551 678
531 631
87 168
67 193
84 138
52 239
280 382
1183 1362
1088 1294
21 242
267 460
829 965
72 188
41 221
288 406
0 150
835 937
42 235
593 722
838 979
336 368
580 644
267 410
549 706
59 237
302 409
534 632
330 419
878 970
50 158
334 431
565 658
1154 1402
1186 1391
40 188
830 911
1096 1385
564 628
600 691
556 680
832 991
575 678
1156 1398
299 404
267 366
534 707
73 163
323 367
38 232
59 182
1172 1276
1159 1380
318 455
813 911
268 453
800 1002
1089 1399
872 1002
880 972
39 163
869 928
829 911
303 411
844 968
526 688
538 632
58 153
1083 1359
807 911
300 435
839 997
1140 1274
595 712
839 992
322 380
302 389
265 455
32 185
596 684
2 196
309 392
832 924
60 146
529 706
95 179
1112 1262
819 943
316 412
339 450
842 988
57 178
587 631
819 983
68 185
294 469
873 957
585 663
283 436
90 189
33 167
1124 1230
844 976
599 628
856 973
336 441
80 163
1127 1307
876 936
586 688
100 210
331 432
561 704
1094 1364
287 379
868 945
564 690
1152 1217
847 967
560 714
15 139
292 417
1151 1437
331 456
271 431
94 200
812 978
826 930
59 158
880 955
546 696
25 186
280 461
91 157
565 688
1153 1315
323 447
1144 1267
30 188
835 995
1128 1404
1162 1271
275 399
1137 1274
298 443
38 186
295 411
875 954
318 419
315 366
1170 1325
555 688
328 374
867 1010
813 967
270 470
593 669
1136 1230
1142 1340
304 449
548 661
1101 1255
327 388
595 711
280 439
34 241
260 458
1155 1342
1127 1222
42 144
856 1000
10 209
76 132
1164 1253
321 405
567 703
536 666
584 730
286 368
522 707
1140 1226
27 165
302 445
879 984
528 730
89 126
586 635
1188 1298
53 162
522 658
570 722
317 418
1115 1339
523 647
48 209
870 908
527 635
832 994
11 176
319 379
833 948
587 702
10 133
1177 1341
859 964
548 676
74 152
870 963
62 184
291 417
317 422
572 713
279 371
287 376
571 722
274 438
839 1008
273 377
1113 1307
874 913
800 991
331 408
55 133
20 199
271 403
314 378
532 688
12 232
587 692
1082 1371
545 646
83 234
277 453
69 244
57 246
599 700
317 370
839 985
1089 1323
563 685
91 193
842 938
42 188
92 181
575 725
1130 1301
299 426
267 413
1179 1390
526 670
555 651
276 372
851 979
56 163
824 953
340 447
281 468
565 666
541 690
291 419
599 633
531 669
1142 1236
595 643
597 684
835 939
261 398
819 992
323 461
546 726
854 947
531 676
329 370
861 979
585 627
842 969
75 131
1131 1315
17 164
67 218
304 452
38 188
853 933
1159 1376
279 373
1184 1307
16 155
319 445
65 138
584 704
1151 1379
526 698
816 931
840 1000
1139 1354
1177 1263
1084 1372
266 398
264 449
858 993
1119 1349
281 468
314 369
564 685
879 905
45 186
856 979
845 948
95 186
296 427
1134 1272
827 961
1144 1341
801 936
815 906
1153 1386
816 956
295 453
870 926
800 937
1180 1286
876 929
848 953
299 465
880 927
1096 1267
63 218
1185 1284
56 189
90 134
309 372
1140 1294
817 999
566 695
547 716
546 718
837 990
297 386
809 974
306 381
865 960
535 633
596 681
800 973
810 951
540 674
300 459
65 210
1174 1335
1169 1228
1105 1309
68 237
1152 1404
871 997
29 155
297 396
46 174
801 912
45 192
869 959
82 227
592 713
51 193
590 642
49 157
45 167
305 386
40 238
313 365
838 1000
276 421
305 382
294 371
70 131
837 936
1143 1293
539 682
70 234
811 967
291 385
325 467
289 454
593 654
833 999
266 440
854 1002
844 983
1183 1301
319 365
299 375
558 698
81 178
831 921
274 426
308 460
1184 1279
1134 1408
853 989
831 949
851 932
43 190
858 938
262 455
324 457
41 160
291 375
318 386
85 183
578 681
2 192
291 449
331 451
267 366
275 428
84 183
1087 1277
854 917
868 953
75 134
873 938
88 182
0 203
556 655
834 973
563 690
577 729
335 454
289 414
1125 1268
284 372
831 990
0 233
841 996
305 452
1161 1249
1171 1416
533 653
823 978
532 688
62 127
1112 1390
583 649
299 419
866 912
872 946
320 370
524 654
525 670
14 128
841 921
78 202
64 169
591 660
310 447
85 220
92 198
308 429
854 991
845 990
338 423
866 926
878 954
67 156
548 648
302 424
10 177
1185 1420
1152 1424
332 458
19 174
1174 1308
858 959
1118 1384
1080 1292
29 197
100 195
267 451
1178 1240
842 950
326 457
307 387
86 146
534 629
523 718
336 468
818 1002
597 728
1181 1341
279 447
871 943
569 711
824 965
43 248
1124 1402
824 928
802 1005
801 920
2 212
86 141
294 393
585 714
299 456
1082 1383
853 916
263 460
296 455
822 936
284 437
880 938
1123 1293
1117 1259
1166 1330
94 150
303 379
98 207
597 647
38 243
81 247
264 409
92 134
1181 1411
524 717
85 159
876 995
265 462
598 630
1137 1342
815 936
97 171
268 411
81 241
315 385
860 1000
868 922
31 136
575 704
844 1008
865 907
1177 1326
867 1001
303 365
313 440
540 683
307 393
839 926
52 201
580 630
91 146
3 238
322 443
1114 1431
802 986
317 375
337 455
847 955
1168 1373
78 164
58 178
810 924
816 1010
10 244
41 131
319 469
829 995
571 691
805 982
285 431
527 643
309 429
53 132
1143 1308
1097 1298
1115 1259
304 418
533 670
36 224
877 954
596 648
841 989
575 641
53 209
807 934
23 225
858 974
600 706
78 179
803 1002
586 638
1121 1298
566 691
1128 1398
816 987
314 420
544 647
75 180
29 238
581 688
30 183
1102 1225
1162 1227
328 379
71 143
285 455
330 386
852 936
836 928
302 447
1133 1356
1174 1265
835 915
292 460
338 411
29 249
1131 1328
1147 1413
827 989
549 721
84 201
581 702
810 958
862 1003
279 401
1114 1372
868 1010
323 375
307 405
284 374
860 929
1126 1301
550 719
852 1002
1185 1399
340 388
1153 1433
813 974
583 627
327 464
866 940
877 936
53 231
564 680
23 152
45 138
562 691
1121 1292
833 967
819 951
599 695
45 228
810 914
313 420
6 197
1186 1230
1136 1241
567 647
332 432
528 718
522 680
65 210
333 372
1186 1380
16 153
1125 1215
298 407
841 1009
1164 1421
327 465
852 930
1116 1419
570 640
876 1003
532 728
1086 1248
1147 1351
99 227
77 244
531 661
329 463
1105 1333
30 129
853 951
277 383
313 408
577 671
553 644
330 413
839 979
50 203
802 947
846 915
551 714
315 387
83 220
1156 1383
14 125
558 729
2 242
328 407
274 446
86 226
828 935
287 457
10 125
310 377
550 636
67 157
86 226
819 942
44 144
554 706
321 408
313 381
87 128
550 642
43 193
806 960
7 237
340 404
86 196
315 365
277 427
76 149
1089 1342
530 629
1147 1266
861 935
1146 1341
806 907
526 690
266 437
63 221
818 938
336 440
305 459
6 173
42 174
568 664
539 652
335 454
340 452
816 970
298 368
265 433
574 630
586 663
871 991
552 694
587 682
38 224
835 967
849 1001
876 929
804 979
85 192
842 910
1157 1347
525 668
1126 1390
89 161
14 160
585 704
304 401
875 972
1140 1358
330 383
30 183
875 989
527 712
541 625
334 384
802 964
582 679
264 403
1108 1246
49 150
61 149
61 170
326 434
817 969
38 180
1168 1274
846 1010
1112 1277
31 220
804 947
561 644
291 403
271 395
878 912
330 369
593 692
1081 1282
100 191
818 986
576 725
827 981
96 233
567 699
529 651
7 218
544 682
1109 1370
843 926
8 127
833 1010
64 178
267 396
1089 1358
551 725
1155 1336
1080 1361
296 380
41 132
277 430
326 395
64 153
821 916
1116 1289
275 366
1136 1344
321 468
872 985
13 144
72 199
572 679
522 649
36 132
867 916
46 212
536 627
290 430
564 688
1143 1427
1161 1265
78 168
1180 1308
41 128
555 626
68 202
47 218
541 663
824 967
549 725
96 175
279 447
271 383
1107 1292
1168 1217
1167 1342
593 650
1169 1298
1152 1383
561 712
534 642
265 416
44 176
282 457
331 407
295 442
532 659
85 171
270 417
1128 1404
807 913
1091 1325
283 426
1176 1246
848 912
555 652
524 708
852 962
1110 1419
1158 1397
825 975
304 408
817 1005
92 190
264 381
314 468
15 209
1187 1333
880 963
570 699
812 988
10 214
302 433
858 966
328 435
296 387
306 418
1149 1388
1155 1278
553 673
283 441
529 662
810 972
521 703
1154 1354
1124 1273
1175 1438
39 246
97 135
869 957
59 205
325 385
859 973
1104 1343
1082 1236
1082 1417
63 187
1112 1385
538 659
1140 1305
869 998
1097 1373
36 204
1138 1249
274 428
296 452
1151 1297
47 131
84 187
848 915
834 948
853 910
593 634
1157 1249
811 986
801 965
864 992
2 223
1172 1273
271 402
88 150
556 661
549 652
542 685
335 444
94 166
4 141
32 200
837 940
841 954
521 642
276 425
95 133
587 716
19 172
1101 1271
1182 1360
274 398
309 418
1136 1419
567 697
27 217
17 147
849 990
567 675
543 625
1092 1371
599 667
569 729
841 950
312 375
83 221
594 695
69 221
260 432
1090 1331
828 998
308 460
55 149
1085 1307
78 182
40 193
879 974
98 241
857 988
551 674
1152 1390
37 137
1165 1277
50 194
591 673
71 208
523 675
1119 1346
591 729
1186 1248
77 135
561 640
16 250
261 386
1137 1378
842 969
100 248
21 193
809 937
853 976
1168 1328
867 945
839 929
298 382
98 198
1188 1324
1131 1236
862 996
599 673
1141 1370
870 977
563 661
807 988
1115 1295
56 136
275 446
9 237
313 393
538 726
548 711
809 912
282 367
1095 1406
38 215
578 660
579 669
23 242
61 204
57 125
305 433
326 438
851 910
303 381
574 723
35 131
523 647
597 686
1171 1284
91 127
549 712
1149 1309
874 940
52 200
845 963
552 680
867 927
1178 1414
287 418
21 180
66 187
546 682
280 470
1123 1421
559 629
833 956
73 164
80 237
877 956
285 429
1188 1440
1149 1407
310 410
814 1010
843 924
1159 1387
540 634
538 630
811 968
876 918
73 149
581 625
860 982
5 146
1182 1230
291 455
1183 1398
855 1002
1180 1321
837 999
78 204
595 658
874 913
522 724
1131 1401
7 239
855 955
806 933
281 417
834 989
544 644
533 704
1150 1359
335 449
92 148
53 147
79 177
557 695
309 460
815 914
1181 1302
1112 1386
1188 1299
1152 1431
1162 1426
60 233
837 962
295 406
300 436
1114 1262
860 975
68 192
862 914
582 668
592 689
577 660
322 444
49 230
1157 1220
832 1004
99 175
593 721
525 669
850 951
1080 1415
288 382
73 214
537 685
71 232
845 933
313 408
1126 1284
582 638
1157 1309
339 393
297 435
99 241
856 1010
533 702
1189 1261
1140 1265
530 710
27 131
1109 1315
598 691
9 197
278 467
878 957
100 182
327 407
12 199
66 168
1106 1348
1158 1221
297 444
294 439
65 246
1119 1401
294 381
299 434
305 400
1080 1235
572 675
1099 1268
69 194
849 1006
333 439
1082 1342
879 985
94 215
833 971
525 669
304 372
1091 1233
545 685
325 391
535 728
592 688
275 394
17 203
99 128
544 693
1123 1347
310 382
817 946
820 944
273 460
31 165
1125 1284
324 382
1123 1337
561 654
309 468
597 722
339 395
20 151
865 1008
819 980
1181 1407
57 147
1167 1268
845 1005
11 161
281 452
1182 1418
299 451
823 970
305 382
45 242
832 953
1148 1376
817 989
55 208
317 409
578 657
305 368
546 642
537 661
1098 1369
15 126
578 674
538 640
79 164
286 436
13 246
69 205
807 948
339 468
315 417
1096 1437
7 171
574 664
268 445
71 205
25 227
847 1005
831 945
600 628
588 642
551 649
1166 1374
544 650
50 141
326 447
548 704
87 126
536 708
303 399
826 988
1169 1353
37 237
524 662
529 628
282 462
282 415
86 190
852 983
340 418
270 426
579 660
595 668
1091 1270
525 690
837 966
281 397
840 956
803 1006
308 408
298 452
293 396
1106 1377
1129 1347
7 246
870 928
1140 1415
532 672
875 974
852 935
328 383
811 986
54 136
333 452
311 376
880 906
301 458
575 700
826 923
265 379
533 701
273 415
835 991
334 468
80 151
15 209
12 216
1088 1339
588 715
878 970
334 463
12 223
278 403
1117 1237
97 155
279 424
317 421
586 644
812 933
272 412
76 226
20 187
1137 1342
41 240
94 244
1164 1260
879 905
1121 1391
321 381
1172 1358
1102 1234
839 951
0 250
57 146
574 718
558 706
82 143
849 979
1121 1288
1132 1275
23 219
1125 1316
337 460
315 394
27 150
262 443
567 649
40 141
589 700
275 455
272 366
852 905
1113 1326
311 434
264 454
1169 1405
809 972
803 1006
816 952
805 985
1131 1254
44 131
593 657
331 452
27 135
1088 1231
571 723
81 202
44 211
807 1003
304 413
44 180
289 453
1145 1360
67 223
552 695
73 150
26 199
29 154
94 207
572 728
285 423
90 248
526 670
274 447
812 992
548 642
1095 1400
814 911
556 710
318 434
284 426
864 944
330 431
567 701
1143 1365
1162 1415
1086 1416
295 439
313 454
1 219
852 913
810 941
280 452
46 173
11 210
90 161
1081 1372
261 374
1108 1427
310 395
280 377
294 438
571 663
532 712
97 215
317 372
88 246
1177 1292
64 154
540 694
586 674
1114 1230
262 447
33 187
1109 1245
1115 1256
97 146
1175 1301
527 696
600 727
10 219
1133 1246
552 629
291 459
526 717
843 979
85 187
323 465
1084 1343
298 432
325 376
2 157
260 399
565 701
10 246
268 438
314 396
835 941
1089 1292
87 180
816 1008
25 221
31 192
814 931
569 626
862 971
55 215
850 963
1187 1249
559 635
839 974
548 658
802 916
64 158
851 958
27 242
1163 1316
872 948
534 661
51 201
587 720
810 992
800 988
1148 1366
29 158
26 219
1085 1381
299 428
98 239
1187 1370
817 988
1134 1376
1150 1413
79 202
872 991
64 241
76 164
65 157
91 245
577 640
270 435
1114 1314
836 953
824 920
1175 1360
265 389
1093 1261
561 651
299 456
1082 1404
1171 1400
38 138
293 460
824 993
841 972
537 707
525 699
809 906
1092 1397
597 644
811 974
35 249
804 946
529 728
521 664
1158 1227
323 417
1162 1417
600 710
547 653
876 1002
277 394
591 640
328 410
292 458
56 202
591 671
79 200
73 139
269 423
810 932
857 946
1190 1363
550 699
280 405
1180 1300
551 704
551 668
1123 1263
42 250
590 633
263 368
566 648
566 693
563 642
829 1005
38 183
585 710
62 129
878 922
547 711
1172 1334
838 975
829 936
286 386
1175 1298
1140 1385
819 1005
874 925
528 631
337 406
870 992
1108 1266
550 720
260 455
285 425
2 186
75 126
327 409
19 214
277 467
521 657
98 152
824 954
543 635
532 699
326 383
861 1004
278 365
325 394
321 407
594 689
878 967
1172 1400
1084 1419
1129 1232
831 914
84 133
589 710
576 666
852 942
595 667
37 191
547 647
828 987
537 633
571 709
546 683
564 636
590 648
87 240
332 443
263 389
1085 1407
75 126
96 158
76 138
530 680
7 249
1187 1342
88 188
1081 1264
1084 1389
319 382
581 685
854 917
318 461
581 725
841 959
804 996
851 1002
841 1004
1167 1338
857 966
5 194
36 141
522 656
1136 1361
50 234
1160 1275
314 460
99 132
1186 1263
265 416
832 1010
1100 1400
333 384
552 670
834 932
552 698
1148 1291
71 175
578 676
1124 1360
1159 1430
589 670
811 944
537 713
864 1000
29 188
279 417
1129 1427
285 446
564 697
294 385
31 160
319 365
577 726
586 660
556 720
523 640
64 244
1082 1268
71 235
541 660
1176 1337
850 960
1143 1417
314 371
1098 1438
1167 1300
541 637
828 942
1092 1415
1153 1248
6 158
298 433
1164 1311
1175 1368
591 724
1168 1321
544 670
594 688
1089 1398
325 468
279 410
542 682
588 730
100 234
878 975
591 652
534 681
1178 1217
806 921
548 669
49 178
279 379
34 150
559 709
264 397
833 989
37 156
831 915
1105 1400
1187 1242
94 168
331 401
592 625
296 454
22 214
549 704
571 700
1124 1343
1167 1350
328 385
326 441
1087 1393
16 147
820 958
1178 1293
67 164
1108 1373
1120 1365
1110 1405
1094 1301
280 398
86 194
287 422
526 634
819 971
571 700
261 382
876 907
1182 1294
1159 1226
36 243
869 933
92 241
10 205
288 408
308 394
859 968
597 664
60 144
1139 1436
3 198
278 443
812 1004
869 952
319 372
49 170
1182 1297
33 153
837 922
274 405
321 464
1137 1259
807 989
593 626
573 666
1151 1371
1089 1329
54 240
1086 1308
306 456
300 455
87 160
594 632
27 203
1174 1259
286 470
1168 1230
60 163
814 945
830 905
65 229
599 699
1169 1277
851 931
1100 1360
269 383
578 707
849 975
574 628
1080 1416
1101 1266
1105 1439
592 675
8 126
336 374
314 426
305 430
1102 1274
1117 1407
1112 1221
578 634
857 923
13 135
1168 1310
561 679
555 726
838 996
1136 1299
806 907
6 210
25 138
1170 1317
817 929
804 996
1093 1289
10 157
293 388
874 994
1142 1343
815 982
877 994
95 161
1131 1392
871 1005
76 147
597 653
597 668
873 905
39 250
295 421
297 427
1118 1320
1096 1341
528 710
1103 1325
804 1004
559 690
1117 1350
1169 1289
863 1004
800 932
279 456
596 669
52 249
1093 1385
815 972
1120 1334
5 169
338 455
553 714
1118 1342
1135 1316
4 132
289 442
1126 1367
599 674
523 650
8 188
537 723
805 907
338 377
313 413
53 204
319 430
79 127
1179 1298
275 417
92 156
8 174
856 955
873 964
63 231
307 382
547 714
25 208
332 400
1164 1296
1146 1308
306 453
63 202
294 378
10 152
562 643
841 917
59 236
307 452
857 1002
327 435
574 666
593 725
269 413
328 461
1145 1401
10 224
1156 1226
814 1008
811 949
44 173
295 417
535 631
21 218
816 960
340 404
830 967
819 945
550 659
554 716
304 384
272 385
538 641
803 968
296 398
45 202
1190 1423
813 956
1144 1292
823 1003
306 462
550 680
333 418
560 728
337 453
843 973
94 208
27 206
876 1005
289 469
1100 1326
290 465
5 160
1126 1249
284 411
835 960
826 997
265 375
546 701
598 659
1111 1249
325 392
1147 1410
1143 1373
557 713
1125 1254
868 986
541 713
598 662
873 913
92 204
585 699
1086 1216
79 184
1094 1297
838 1006
877 915
558 720
864 1010
1136 1438
53 187
66 200
100 129
523 625
1091 1253
521 685
312 378
1181 1308
48 186
37 171
273 440
1095 1366
76 138
1085 1243
831 942
879 911
809 914
338 379
840 981
57 161
868 989
1188 1300
1122 1362
86 189
826 976
1084 1433
878 916
561 653
36 209
538 683
21 159
304 396
597 645
1183 1348
62 135
1102 1228
841 939
843 981
0 246
1157 1381
816 993
260 438
304 417
302 461
822 974
333 412
9 244
828 977
12 158
100 200
92 224
815 930
1178 1340
1100 1427
526 630
89 223
1087 1306
574 688
817 996
600 627
1122 1353
35 172
591 675
1170 1275
874 928
269 371
25 142
1092 1300
1151 1332
1100 1299
576 716
808 960
1184 1387
801 976
263 448
333 397
859 986
544 679
562 675
1118 1252
308 414
307 409
558 718
1146 1308
599 628
21 159
328 373
549 654
297 387
860 983
300 458
63 141
41 149
839 1004
538 647
549 665
17 189
1182 1223
52 151
530 728
18 182
12 201
99 164
840 943
800 919
854 926
562 723
837 913
308 423
1138 1280
36 224
1168 1401
572 718
274 442
307 365
302 441
549 695
45 219
6 192
835 964
825 962
581 688
319 438
876 919
566 638
81 178
1178 1366
860 990
279 386
1088 1286
84 223
309 414
573 680
585 703
1155 1353
285 435
6 240
537 717
61 161
1152 1245
11 135
18 127
582 640
304 383
94 184
1163 1432
1108 1364
544 726
290 392
592 718
873 938
832 947
880 925
311 384
48 216
1110 1367
280 434
31 175
1128 1416
819 978
308 456
1095 1254
55 137
552 625
1124 1308
1082 1307
800 974
1132 1225
1189 1258
54 147
98 214
14 239
811 975
44 196
4 240
285 454
83 185
330 453
1129 1287
44 234
833 1004
523 702
297 423
1145 1225
307 408
1088 1423
100 155
280 420
584 665
868 939
289 376
339 444
806 914
84 229
305 417
857 951
277 460
814 951
524 707
822 967
56 198
308 392
1180 1396
842 921
823 913
1170 1250
1144 1288
264 444
1122 1266
583 681
1187 1340
1142 1314
281 412
43 175
36 182
32 151
90 158
288 412
878 941
21 155
816 954
1111 1428
1166 1310
1111 1259
543 684
1154 1414
571 717
827 983
85 198
33 141
77 189
1123 1241
820 1003
537 664
545 691
530 716
276 452
568 696
307 404
294 440
331 416
1105 1259
1127 1347
330 442
599 650
325 373
28 235
1092 1318
1090 1257
561 686
314 470
1179 1382
1148 1340
1081 1234
283 405
285 461
68 179
591 729
47 193
10 221
543 637
560 630
814 974
1122 1389
802 987
64 151
100 126
804 985
298 440
42 162
1186 1256
568 671
1167 1308
39 222
67 182
831 944
288 397
307 408
836 972
294 410
538 665
807 934
566 700
1088 1393
1130 1342
88 130
1135 1308
93 187
1124 1239
49 145
1138 1408
67 154
26 167
578 685
47 177
871 999
580 690
331 437
1165 1303
17 191
1162 1283
872 940
838 925
308 433
542 701
870 954
44 216
1117 1322
66 160
802 947
526 689
307 454
860 979
520 716
1166 1275
843 968
1125 1306
280 400
879 985
1180 1420
1082 1420
1100 1420
1102 1264
1162 1384
1111 1244
64 223
87 138
1142 1428
538 695
291 376
322 462
1132 1301
267 468
821 1002
538 690
872 938
47 233
586 719
7 243
555 715
1168 1234
3 159
597 723
18 158
89 210
880 974
868 921
557 632
1123 1215
1118 1301
830 987
849 999
1128 1360
1117 1227
832 957
853 928
817 973
537 654
549 688
529 730
30 226
304 380
1167 1302
31 230
299 396
45 140
289 404
573 680
304 368
320 369
823 940
838 945
1087 1280
1124 1363
531 728
800 984
1179 1260
597 708
1182 1367
61 179
588 673
564 685
807 920
16 218
20 216
12 143
310 371
1135 1421
78 142
14 167
340 389
294 411
1158 1244
67 217
303 398
559 673
1178 1336
808 985
1159 1324
831 951
820 978
814 917
1127 1236
533 704
838 914
1104 1270
314 432
79 176
292 370
843 993
537 636
837 928
828 925
548 707
2 199
273 430
14 153
325 427
73 133
292 465
80 191
1124 1355
53 151
13 208
80 142
841 920
584 692
594 637
1178 1316
61 227
594 688
595 627
1118 1416
27 203
308 449
576 626
317 388
263 402
325 391
98 159
547 679
593 667
28 189
582 655
853 1004
1110 1346
858 906
809 910
568 691
1169 1431
1100 1369
1111 1434
541 701
332 368
574 626
848 926
27 220
847 907
1174 1302
1113 1417
338 414
314 418
1096 1370
289 391
871 957
827 991
1 230
832 989
874 998
35 181
1122 1430
813 926
877 939
581 655
332 413
564 643
539 708
551 657
592 706
879 950
1115 1440
1101 1314
558 658
816 907
531 665
810 918
56 192
530 729
287 426
1149 1292
24 151
807 1004
1181 1286
869 958
842 976
1178 1226
55 126
330 430
852 921
40 197
600 705
856 912
38 125
597 646
262 392
869 989
1142 1300
303 365
309 375
521 629
336 448
305 384
333 407
1146 1293
11 156
19 140
854 1000
549 675
276 457
536 721
846 958
1127 1226
854 933
34 233
595 627
578 728
32 171
1151 1242
582 728
274 367
81 204
1170 1241
815 947
1173 1340
287 398
835 1004
1117 1217
843 998
83 177
33 214
843 944
1160 1317
1166 1237
1169 1418
853 911
30 167
338 405
280 406
821 912
1166 1323
99 155
857 1002
23 237
281 468
572 716
322 457
810 940
584 683
297 468
1125 1238
317 442
20 155
871 914
532 689
551 720
24 134
1159 1292
1136 1393
850 988
1117 1435
1182 1285
274 395
1096 1389
45 161
826 1001
63 179
1119 1424
324 381
1095 1419
554 715
1190 1425
19 129
1107 1396
855 983
812 1005
553 718
65 219
328 456
309 369
566 685
8 131
541 704
1081 1382
1099 1259
530 669
869 955
17 211
825 962
533 698
532 703
806 957
858 973
340 427
76 193
1101 1286
30 218
1099 1347
816 943
804 998
1159 1265
590 695
318 403
876 997
554 694
594 664
812 987
295 447
97 155
290 396
313 432
830 1002
318 379
326 458
43 155
872 914
60 220
321 463
95 202
83 221
61 188
22 162
865 970
875 912
823 1010
70 183
23 189
575 721
843 951
310 440
59 237
521 725
275 453
23 169
576 714
809 936
267 443
1080 1370
553 725
336 379
275 397
1147 1407
861 927
840 938
309 420
304 396
872 935
294 443
80 244
564 672
525 710
37 130
22 203
579 717
98 177
862 946
828 922
283 383
1137 1383
284 420
1154 1243
597 717
597 685
837 989
88 198
322 454
529 669
1116 1397
65 228
70 170
880 959
1142 1324
277 385
275 404
566 711
88 148
803 910
523 688
830 966
20 179
806 929
523 675
526 690
812 969
806 931
266 439
577 715
325 431
92 191
1144 1247
576 712
533 636
551 713
267 426
1085 1370
302 396
264 444
557 689
81 138
1086 1278
281 380
1140 1305
532 690
40 142
535 641
37 193
312 375
880 925
305 382
835 957
828 965
7 185
40 214
878 966
580 690
1136 1408
1100 1408
87 226
278 440
1183 1415
262 436
1085 1218
279 418
1131 1419
588 633
1136 1380
1160 1391
538 702
99 180
558 724
1128 1296
1152 1357
525 636
547 676
9 156
564 700
1134 1286
550 713
1166 1276
321 426
323 448
861 962
280 400
1124 1347
72 136
50 193
97 207
856 909
32 178
577 668
1186 1235
529 704
535 695
44 128
1125 1372
1150 1390
18 127
836 933
800 951
1118 1260
873 965
1176 1216
816 993
57 191
1130 1373
292 447
817 929
1153 1243
574 720
339 435
556 730
100 154
839 930
559 659
845 936
579 710
860 1010
563 719
303 446
8 215
593 649
22 238
87 164
76 202
878 938
526 708
54 227
274 460
590 678
88 138
89 193
15 238
854 950
38 141
331 416
546 670
1109 1401
1140 1387
293 427
309 424
822 1004
32 156
1168 1268
563 664
531 630
872 973
530 671
855 938
37 221
587 717
546 657
840 928
538 713
96 219
298 373
560 683
1118 1379
580 725
554 660
838 970
317 435
7 208
25 250
527 645
1111 1411
295 383
299 376
1189 1413
268 434
1100 1420
803 908
98 194
600 682
41 214
528 643
62 182
26 133
91 149
545 650
60 219
568 687
1162 1361
823 988
70 141
17 181
844 1010
826 929
302 371
845 987
325 404
554 664
16 250
43 171
871 911
18 234
40 155
816 978
48 228
1091 1360
1082 1283
340 443
828 1006
1111 1269
1106 1367
544 730
1104 1305
331 380
1088 1308
307 375
31 243
801 920
558 648
89 235
263 378
60 212
266 373
878 924
45 221
1180 1303
314 460
854 992
600 648
1156 1237
335 382
832 999
548 703
277 416
91 213
563 702
272 372
843 948
320 388
23 212
1 151
556 717
94 164
1158 1313
845 986
1132 1251
282 445
1181 1296
1123 1388
11 209
841 929
1118 1307
839 932
1124 1310
293 417
848 961
302 413
287 453
858 944
1154 1328
808 972
856 977
550 698
1113 1390
856 1005
321 463
1129 1257
1147 1421
841 909
306 387
296 404
66 175
33 166
530 717
13 175
561 632
52 181
321 405
570 685
83 245
808 976
1152 1306
317 457
1113 1356
576 708
870 989
42 208
78 155
1082 1402
872 908
574 670
100 202
805 926
521 677
561 700
45 166
86 248
22 217
326 413
589 719
1090 1303
807 966
338 408
34 198
70 235
837 942
23 148
1120 1417
78 142
816 1000
596 695
28 163
534 668
1117 1267
318 391
96 218
30 168
19 176
260 381
549 704
87 230
339 405
96 172
532 704
1133 1336
23 133
327 370
66 155
2 164
338 378
265 429
1087 1253
533 642
2 151
549 688
532 674
832 977
812 1007
1142 1393
293 437
800 966
1150 1435
293 370
584 682
1176 1240
262 429
1160 1244
1166 1386
1129 1250
265 411
284 374
45 182
1190 1397
266 388
1139 1384
860 975
321 470
857 970
58 225
1182 1342
578 657
1140 1432
42 174
805 910
1182 1369
1089 1320
284 434
10 229
59 155
862 994
77 232
273 420
332 437
6 169
589 641
1144 1258
817 983
801 1001
274 367
0 194
1172 1380
1088 1391
800 920
868 959
1101 1258
326 382
1141 1366
334 369
841 1000
584 714
91 226
808 973
545 718
82 213
551 696
19 223
44 227
591 708
1186 1433
579 646
573 704
1132 1439
319 415
811 971
840 934
293 444
1170 1399
1143 1305
594 685
304 371
307 463
815 960
848 953
78 162
873 910
549 678
526 729
863 1003
600 659
266 442
95 247
280 422
261 395
1138 1361
1190 1386
1140 1404
61 237
1148 1282
1132 1363
565 661
1115 1275
573 684
310 367
592 686
600 712
847 958
557 699
264 469
536 672
1156 1274
1187 1280
840 926
1128 1435
862 956
1188 1312
1187 1320
1111 1234
84 157
863 943
808 974
337 370
260 394
1126 1413
280 386
880 964
300 375
1128 1425
19 156
28 249
12 146
566 633
281 401
858 1009
589 662
598 663
275 437
82 214
29 192
1149 1254
1099 1267
834 906
96 125
826 1000
261 385
13 130
598 637
535 706
14 189
864 930
314 370
1188 1267
329 391
53 209
578 664
73 209
802 929
75 226
536 627
96 167
1123 1280
1108 1349
878 914
584 684
271 465
99 234
540 645
805 963
546 671
24 174
533 688
336 458
261 447
39 228
1111 1371
1110 1336
871 987
548 656
32 192
594 661
1174 1345
556 625
551 694
31 191
284 373
807 955
839 975
333 418
324 376
32 243
305 418
870 984
533 663
1085 1309
336 427
332 411
552 700
1156 1353
86 193
334 410
542 705
1162 1348
598 625
564 677
1101 1390
854 985
59 145
1152 1414
811 937
70 159
306 434
25 232
526 664
1098 1373
592 718
1175 1241
546 639
47 235
280 399
325 419
1149 1232
1095 1392
319 447
309 457
81 127
863 1000
299 442
1141 1358
569 680
867 978
334 421
547 625
563 630
16 190
826 927
92 129
5 201
1165 1377
855 985
1126 1321
553 647
838 906
1100 1236
592 701
97 199
268 453
800 914
322 375
328 375
272 381
586 692
286 400
1187 1382
1175 1381
533 690
880 961
321 458
1117 1367
302 462
269 425
96 243
329 433
270 429
86 242
9 151
57 185
334 453
1159 1336
589 625
73 227
828 952
822 991
80 149
1152 1313
592 699
1182 1365
1112 1321
1179 1380
287 403
1178 1264
571 707
852 958
1174 1362
260 418
577 667
20 247
842 945
549 730
526 683
295 426
285 445
592 668
866 1002
536 692
878 918
61 173
828 953
30 151
1169 1321
560 646
853 939
1164 1234
521 702
1157 1223
324 468
75 162
46 248
309 446
265 450
861 953
1145 1250
841 982
856 915
1084 1431
282 461
47 199
292 382
809 1001
1108 1282
22 234
315 455
301 410
316 435
1126 1350
1125 1361
584 650
5 232
338 432
873 965
598 685
1140 1358
1099 1367
1103 1439
297 392
61 129
278 396
22 235
338 393
855 1000
1120 1259
534 639
92 178
839 962
303 457
28 210
22 210
338 406
1189 1348
596 727
863 915
69 133
532 667
1174 1327
301 444
1105 1239
578 659
600 693
1142 1400
34 176
20 171
831 954
52 237
315 444
870 943
47 158
337 387
1119 1328
815 911
525 638
539 632
301 370
828 989
315 457
1172 1224
301 395
266 454
1116 1287
553 684
1114 1231
1139 1227
71 173
580 643
831 967
866 914
1142 1383
563 696
316 390
1128 1403
1115 1304
593 663
52 167
332 431
268 372
1135 1379
1176 1304
816 911
834 930
28 187
1115 1321
830 940
573 648
310 446
836 961
520 654
1120 1438
1123 1311
284 462
261 443
592 634
538 641
1180 1310
853 951
590 725
340 365
11 176
332 410
1109 1344
71 173
283 424
1114 1428
561 660
538 670
36 237
1135 1363
295 402
541 721
293 389
321 469
860 917
551 636
12 153
269 382
853 936
278 392
85 225
823 946
330 402
549 646
1160 1255
277 382
580 714
267 449
860 1003
89 201
1095 1388
100 169
817 964
563 683
340 386
1127 1344
314 458
854 950
537 678
74 214
284 381
1141 1246
1135 1289
1156 1279
29 130
800 1002
315 400
299 462
528 678
817 1010
26 238
825 995
870 911
1132 1370
580 677
317 458
1144 1216
538 673
36 147
807 999
315 436
93 189
314 439
314 433
290 470
528 670
292 436
271 469
315 416
326 397
806 968
1 138
839 967
66 127
814 933
31 189
286 459
266 453
846 977
576 679
805 1005
297 407
322 457
559 649
335 427
804 988
542 630
579 628
810 966
1140 1302
556 686
323 371
1186 1332
65 209
828 909
867 932
531 628
74 195
1 154
566 631
846 933
599 633
587 722
870 977
334 468
550 641
542 690
871 949
1093 1343
812 1010
1157 1356
49 208
530 653
1098 1337
288 434
311 441
595 690
818 991
801 927
858 1004
1095 1400
46 169
29 143
590 661
36 156
1120 1225
560 695
309 449
301 447
267 457
1159 1393
833 961
825 924
74 179
838 951
1148 1439
1112 1381
1134 1283
40 218
328 387
334 436
1148 1246
840 913
820 946
308 370
593 668
41 150
280 458
16 125
803 985
324 435
321 419
551 631
76 215
1156 1281
560 678
58 240
95 172
47 194
851 987
1109 1421
20 237
571 727
328 369
80 223
1177 1264
523 703
260 370
530 664
91 132
1176 1350
26 157
827 996
293 444
19 152
296 424
867 921
1092 1272
1121 1395
811 1003
73 212
550 671
2 178
527 684
574 632
1082 1246
560 688
1137 1243
569 645
549 715
1145 1381
862 954
301 466
806 931
1123 1296
19 206
318 444
537 658
1150 1368
331 458
74 182
1186 1426
856 1008
1099 1374
859 990
301 378
1093 1354
92 144
558 641
292 448
1153 1251
332 433
262 422
581 677
1098 1297
866 988
45 140
3 209
818 934
314 457
77 187
1134 1373
276 444
538 647
595 725
582 713
89 200
582 650
268 453
1 202
1114 1295
47 167
57 229
1134 1404
1133 1228
280 433
1158 1277
840 1010
808 1009
548 695
29 152
800 948
548 705
1183 1224
280 395
528 640
267 392
871 914
23 240
812 969
276 411
568 642
1188 1362
284 455
1160 1235
1100 1349
856 919
559 700
880 987
293 440
329 463
23 209
278 413
586 646
49 145
283 441
1180 1308
1124 1327
533 658
587 671
874 923
35 249
551 705
1097 1403
1107 1288
871 916
1171 1238
266 420
271 458
313 420
1160 1375
283 407
839 913
880 905
867 934
72 206
326 436
61 183
1 152
1152 1422
261 375
593 729
541 679
875 950
801 941
1185 1409
595 643
29 148
52 143
521 709
316 425
264 415
528 679
271 453
864 931
288 468
39 137
590 652
811 943
1183 1377
33 126
317 438
1179 1294
265 371
46 148
327 418
1170 1370
82 190
9 145
30 249
522 648
295 376
31 185
90 178
316 380
56 145
836 997
1187 1287
0 201
49 177
1081 1227
302 399
1175 1228
1144 1285
556 674
552 630
58 226
19 163
857 920
50 151
1181 1419
1119 1265
310 393
564 663
45 239
557 627
1123 1225
599 659
58 141
64 229
1182 1412
6 146
572 675
531 727
52 134
39 134
1136 1367
524 652
1179 1330
1184 1322
580 634
1089 1409
549 679
871 929
1178 1253
844 964
823 1006
318 408
589 657
598 644
79 217
1183 1362
802 1002
83 188
1090 1266
335 464
867 939
1116 1255
281 416
20 241
59 248
826 923
1117 1354
833 988
1180 1369
591 640
290 436
872 947
291 379
1088 1434
843 939
260 422
1110 1225
566 674
324 436
600 628
317 419
593 683
542 637
1089 1240
1175 1248
39 242
800 934
561 645
322 461
11 196
876 1008
1180 1269
1129 1295
593 722
59 176
294 433
63 169
539 628
1172 1262
45 178
295 374
572 700
1138 1352
54 195
574 629
1114 1307
329 387
1156 1375
586 670
2 207
332 397
1184 1254
289 401
27 198
90 223
1113 1422
294 410
866 964
830 982
833 917
586 633
1089 1315
853 969
327 430
522 672
533 661
79 246
547 628
570 668
1118 1404
333 390
838 1009
25 140
845 942
276 430
589 727
558 656
44 237
1108 1218
41 236
806 958
67 164
549 713
560 721
42 189
544 657
600 700
852 1000
1183 1427
526 711
320 437
841 921
1102 1316
857 964
43 238
1190 1296
54 207
552 665
1143 1389
541 701
1177 1322
858 1000
333 429
54 125
1167 1356
270 368
325 453
336 465
308 389
320 365
546 657
811 952
834 974
850 924
44 174
566 683
522 719
592 691
273 469
1113 1222
280 439
1142 1366
84 140
32 217
267 468
317 447
1186 1274
599 681
79 243
97 184
817 944
4 181
838 1001
541 648
315 424
27 164
547 677
869 908
594 650
21 236
1159 1304
325 448
286 395
1138 1238
567 663
805 937
817 979
33 214
319 399
55 224
835 996
307 464
1178 1330
564 638
879 950
271 421
808 959
283 393
1130 1346
836 910
584 661
1101 1301
328 431
275 461
307 421
813 994
571 646
819 945
1142 1295
308 401
77 132
55 170
1107 1264
1120 1228
87 144
544 675
287 388
1098 1364
97 214
14 144
1144 1413
45 238
1189 1270
851 983
804 993
595 695
1172 1279
876 972
857 930
338 416
536 689
810 933
829 937
574 683
531 728
1098 1329
334 451
530 730
49 134
1115 1254
1 139
62 237
84 129
1130 1307
878 920
58 126
535 670
1168 1295
1137 1353
24 203
1094 1283
563 704
813 954
1184 1382
333 444
1111 1438
549 675
1123 1423
838 915
0 148
13 211
43 165
552 723
316 449
286 464
868 969
328 420
48 220
13 160
841 1006
828 1002
520 630
855 1010
82 241
275 445
315 410
870 911
828 917
553 725
584 639
559 687
548 702
542 699
1152 1337
1091 1362
802 952
578 709
849 907
801 976
25 161
264 369
303 449
541 659
580 637
1140 1343
568 632
51 182
819 974
867 1005
278 383
73 239
526 639
96 180
57 165
823 934
332 377
874 980
91 126
1087 1297
86 234
70 175
826 964
845 906
299 394
33 194
565 674
566 713
14 238
845 964
829 966
532 653
270 370
53 162
1097 1416
590 674
296 397
541 698
283 421
326 378
1092 1329
550 659
280 454
570 664
562 711
576 658
1130 1344
1114 1413
547 673
22 215
851 915
1092 1390
286 417
581 653
868 983
334 462
1103 1250
1147 1397
821 1002
27 165
527 637
281 366
569 717
565 684
291 380
1134 1309
335 390
560 710
810 1002
260 439
320 422
1183 1224
1162 1255
298 411
265 449
1184 1292
288 450
837 929
1126 1229
287 427
1148 1403
37 246
272 462
561 672
7 230
1104 1338
1166 1249
539 683
321 418
1186 1307
268 382
62 131
303 401
290 433
70 162
545 718
811 942
340 381
831 919
540 648
260 412
550 674
1176 1313
51 190
1136 1350
1108 1258
274 424
877 946
51 144
94 196
594 730
1153 1334
91 154
325 452
14 184
870 1000
567 653
539 729
81 172
546 635
66 220
520 694
1101 1248
308 430
269 377
1101 1287
587 644
13 136
582 683
1152 1385
63 191
1082 1218
561 629
830 972
67 125
2 240
553 674
311 390
585 633
94 225
532 711
74 152
295 425
858 974
10 227
97 175
336 389
856 984
1110 1380
1107 1375
1109 1421
529 668
861 965
811 1007
276 369
268 399
262 385
531 654
594 713
872 994
283 455
1163 1250
1098 1413
1163 1231
289 463
870 960
1094 1423
327 434
823 996
339 405
551 709
66 224
860 914
1145 1380
546 670
83 235
1145 1269
24 242
302 437
1116 1219
800 1002
565 695
84 241
280 432
37 129
1153 1311
824 961
277 407
307 398
65 132
5 133
819 987
845 993
53 214
590 667
831 973
561 649
1130 1351
1159 1222
591 630
531 728
311 416
599 669
529 658
843 981
284 424
333 422
545 681
1093 1228
32 150
1165 1275
874 971
571 694
264 365
329 366
1160 1260
1083 1267
1144 1426
27 188
1089 1265
318 396
534 658
1082 1334
311 372
334 407
1151 1381
868 996
809 1008
1146 1310
32 218
289 370
554 643
556 719
556 662
822 914
1187 1297
870 1008
867 925
288 414
831 936
828 1008
810 962
327 375
595 659
260 386
860 928
332 429
70 132
1138 1218
574 692
556 728
312 433
589 682
310 470
815 912
39 207
548 683
1116 1427
1188 1390
296 428
73 161
856 950
845 935
1147 1239
37 150
1100 1439
529 636
837 967
1158 1336
809 934
532 685
842 976
317 425
89 164
567 662
863 955
38 140
541 692
850 930
836 965
845 939
84 228
273 423
850 970
52 217
1084 1391
578 719
1128 1308
816 918
1178 1253
1119 1381
874 965
321 409
570 681
830 956
582 649
844 993
75 212
560 709
825 909
1120 1385
1159 1419
1102 1272
547 658
332 458
820 930
807 910
340 450
1099 1351
1098 1277
1141 1414
591 711
837 947
596 680
1188 1338
283 371
65 142
552 728
563 655
589 661
4 152
46 177
281 452
874 996
561 653
803 998
80 226
523 709
29 130
1176 1354
314 442
10 238
533 723
810 966
835 985
58 236
558 649
837 984
1089 1382
307 377
578 689
1157 1304
1104 1269
1148 1421
1135 1434
862 958
269 447
811 1000
837 931
547 691
295 459
97 177
321 421
1142 1230
564 656
79 224
825 946
306 393
1128 1222
817 992
860 943
1089 1269
877 952
76 165
61 224
99 172
44 136
5 180
853 959
29 231
51 128
1167 1350
876 934
562 710
332 441
91 143
1177 1332
595 684
276 440
521 700
317 397
34 201
840 1002
1133 1369
32 135
866 989
1137 1311
1148 1313
557 719
1137 1404
29 187
319 417
79 250
1117 1272
51 235
1143 1242
1154 1240
1135 1267
28 193
1169 1239
55 248
548 665
1154 1339
544 725
1086 1259
0 144
332 390
9 207
321 368
800 938
574 665
802 957
61 226
13 236
548 693
848 997
564 723
302 411
305 367
279 403
804 997
268 391
12 167
1163 1373
318 382
80 157
874 943
525 710
595 667
805 1005
297 404
563 659
831 984
333 402
20 199
565 719
92 180
1145 1360
335 425
529 701
586 693
1123 1228
851 961
1151 1405
321 406
1085 1327
849 933
546 627
593 718
333 373
17 226
863 914
309 418
590 651
576 677
1184 1356
77 198
11 232
546 635
1165 1217
1182 1417
1122 1314
818 1006
846 966
287 365
287 376
1126 1289
333 457
40 240
2 147
1156 1280
543 702
855 948
1126 1367
67 175
1105 1237
83 136
1181 1311
842 1001
315 456
838 982
301 466
839 957
280 422
286 429
13 208
538 718
861 1000
27 241
1130 1421
839 926
829 929
557 703
821 1005
340 397
302 468
871 959
811 922
293 439
272 451
545 636
93 160
540 661
879 925
1163 1253
269 470
1085 1360
870 935
1102 1327
543 699
324 374
41 185
570 676
876 1002
877 985
1180 1221
820 980
820 913
313 407
845 977
807 958
37 164
551 707
852 957
39 236
543 683
282 426
20 244
807 990
13 183
549 662
315 470
1152 1399
857 911
591 690
313 407
278 420
1133 1259
337 468
1117 1401
1167 1370
836 935
835 955
1139 1263
854 1003
809 906
316 433
1132 1379
595 705
583 684
13 187
32 194
833 981
541 706
287 384
525 673
93 208
847 967
574 625
302 426
92 247
574 632
557 730
841 970
529 699
1151 1432
1096 1353
1151 1264
77 187
333 445
311 407
18 173
14 153
95 175
565 705
310 413
569 636
523 660
1122 1393
591 631
1109 1357
530 715
290 377
65 203
278 432
1123 1278
1087 1437
289 432
31 207
262 459
827 916
3 144
81 227
849 914
40 179
841 987
1102 1218
876 1001
1140 1236
1133 1251
1190 1321
853 939
87 182
85 223
1105 1404
340 400
597 657
563 716
324 462
1097 1439
567 680
1096 1305
521 627
559 676
1131 1287
317 455
1133 1395
578 720
1124 1300
1107 1416
1108 1421
562 722
46 223
858 926
804 914
875 991
811 977
561 708
1167 1309
28 154
32 240
822 985
861 960
1165 1355
593 725
313 453
547 644
1109 1361
830 996
308 419
858 918
1185 1266
0 212
571 663
867 1007
285 441
1179 1225
39 237
290 446
1091 1347
860 994
848 1010
307 429
49 201
851 999
57 244
521 653
271 382
520 646
1110 1318
866 959
46 197
1 198
316 399
89 153
573 682
292 397
312 448
92 232
1115 1262
61 136
1188 1348
1098 1351
864 1010
286 413
303 433
312 378
321 424
1082 1416
1139 1259
1175 1406
312 445
858 962
294 412
282 429
4 195
525 704
1133 1350
573 632
572 655
17 224
845 965
275 462
1142 1423
16 191
1125 1261
299 429
262 408
92 160
867 967
85 147
15 169
303 384
53 140
17 191
820 1000
824 991
278 388
837 1010
3 245
33 136
100 232
1186 1358
1142 1229
98 232
41 138
268 381
857 955
836 940
95 180
337 444
574 688
50 244
1185 1300
556 645
303 371
1155 1382
13 184
35 243
1118 1392
587 629
1159 1290
284 441
857 977
50 172
261 453
51 249
1159 1303
307 382
556 638
7 145
266 398
310 413
850 990
299 375
52 245
1165 1230
565 724
864 909
267 398
1171 1262
330 374
10 137
1141 1417
279 430
83 228
807 924
561 655
266 379
585 648
71 155
30 144
831 986
287 454
818 943
24 171
289 383
805 944
845 951
6 195
1182 1413
275 411
523 706
292 380
15 223
286 372
82 154
269 447
594 635
283 404
583 729
277 415
568 694
868 983
1156 1376
574 625
1165 1216
315 395
1170 1377
1117 1432
314 428
836 1002
553 637
36 185
820 919
807 1000
24 142
290 403
316 398
555 652
808 906
1134 1365
880 907
1129 1371
520 627
874 1004
1190 1398
1173 1438
1171 1274
532 634
1113 1402
1105 1351
577 717
543 630
21 205
1137 1315
5 141
314 427
88 188
48 193
865 996
874 914
331 464
83 175
859 962
586 675
575 700
1129 1283
1186 1232
50 186
1113 1319
263 420
275 454
1146 1372
36 207
327 460
857 958
325 393
264 375
50 165
261 430
72 241
74 143
328 383
815 962
296 450
1110 1309
1163 1365
271 455
543 626
79 240
96 138
1137 1401
562 641
1150 1282
848 1000
43 144
311 377
530 675
316 373
819 925
863 1010
1171 1259
1181 1408
281 451
1141 1320
325 451
585 658
69 222
1132 1232
589 627
1140 1271
1178 1423
338 457
531 628
848 919
18 241
584 634
1080 1383
555 709
1158 1319
99 157
318 470
832 1003
580 644
299 443
1113 1366
575 730
317 390
1119 1381
1123 1407
1133 1243
815 940
1114 1260
557 642
879 952
40 178
1182 1399
810 915
52 193
1090 1342
526 683
1189 1372
843 956
84 154
580 670
824 989
834 999
27 153
50 178
541 646
41 139
282 452
868 959
582 703
589 716
600 625
1183 1426
576 650
329 365
1113 1299
78 190
68 138
1127 1301
810 959
299 373
538 675
858 958
531 666
100 241
274 396
1159 1394
811 918
319 424
83 129
569 721
844 958
1146 1430
862 923
326 395
810 1000
520 710
837 1007
304 452
806 960
70 164
334 442
538 702
49 238
53 239
1183 1434
281 370
1146 1307
1190 1354
594 664
45 250
321 461
835 937
817 1006
552 727
302 366
309 403
550 695
556 651
337 405
280 408
340 464
28 157
535 639
47 238
590 626
66 184
19 198
1098 1382
813 954
1082 1401
817 935
273 379
295 391
338 397
59 219
1190 1359
1100 1409
1117 1381
1164 1247
536 690
848 920
57 211
1101 1285
286 393
74 163
536 704
811 994
32 182
827 971
294 460
45 135
549 677
578 674
1088 1337
301 383
561 640
533 689
812 1008
70 142
84 125
566 717
528 721
524 686
266 457
1134 1345
534 701
1114 1232
24 177
335 398
97 199
282 436
1087 1314
864 955
528 700
1162 1242
63 245
552 665
1166 1396
51 250
70 165
582 684
559 638
21 234
326 452
1107 1303
265 388
1111 1340
59 216
299 439
38 239
93 127
562 650
20 182
564 631
262 444
299 372
572 705
534 686
539 705
1135 1417
521 692
828 921
300 445
1167 1415
817 944
557 654
284 431
261 438
270 418
836 914
849 982
76 186
1094 1390
816 911
560 700
813 967
557 650
260 454
24 174
7 244
853 916
272 461
307 460
36 126
1114 1428
273 384
0 160
82 149
534 645
1099 1278
4 140
23 227
54 148
340 407
555 706
61 188
54 165
322 470
80 187
282 427
13 186
878 921
86 194
1120 1248
565 656
571 712
579 711
67 134
599 664
95 234
4 202
298 406
268 374
803 935
1128 1273
1187 1216
279 426
1173 1335
1118 1353
272 425
68 214
860 958
810 1006
1175 1402
99 212
262 428
67 165
278 453
1137 1305
41 214
529 626
569 720
1127 1419
267 368
271 393
301 384
28 214
37 169
98 249
1112 1246
522 629
812 977
339 427
819 957
545 645
1118 1248
1133 1424
800 908
266 457
80 198
544 630
532 627
321 380
72 140
302 400
1086 1225
277 436
9 245
1086 1303
841 928
57 130
802 952
1085 1390
1081 1337
1117 1278
263 420
535 716
599 656
293 405
543 683
813 959
806 928
260 403
1093 1236
1138 1374
1152 1294
303 465
573 679
854 922
299 437
1132 1267
1087 1413
876 987
1096 1394
301 371
308 456
801 1006
581 724
840 943
55 171
844 991
553 638
28 205
1176 1383
58 125
314 463
5 143
19 135
293 366
1134 1404
1090 1307
596 682
590 677
17 235
19 200
812 939
1104 1384
592 630
1121 1333
841 985
856 929
591 641
563 682
525 718
810 923
278 466
94 132
1173 1313
829 960
11 206
3 225
340 461
554 677
825 962
812 910
33 194
1174 1289
1090 1351
817 905
563 694
1121 1316
1088 1401
95 145
299 427
584 656
564 656
851 923
800 960
547 682
854 947
589 677
544 631
1088 1293
6 210
10 183
27 223
45 182
293 453
1161 1241
1112 1431
583 653
71 133
1100 1236
36 228
810 980
837 941
836 948
842 991
29 193
522 689
1086 1375
75 213
1107 1243
818 1002
41 194
828 944
269 395
834 981
853 976
861 933
588 668
273 420
556 629
580 665
1118 1403
317 370
289 373
66 215
338 395
806 1004
573 648
65 210
583 670
546 697
569 695
837 910
561 653
66 192
561 668
554 671
595 730
94 220
279 469
29 163
2 160
56 126
14 140
99 168
287 454
1187 1225
5 153
11 164
853 991
25 125
865 924
1096 1353
267 371
1138 1375
25 249
1111 1358
562 721
1088 1239
1133 1260
573 641
536 695
1127 1383
529 668
1126 1405
305 415
536 647
847 921
584 627
289 389
281 455
1189 1228
272 462
803 956
1184 1303
1170 1315
562 680
809 977
335 403
847 983
297 371
1152 1242
865 909
73 178
28 155
65 196
599 688
580 626
867 922
1186 1355
1174 1376
90 244
1155 1334
299 455
72 171
328 409
1093 1422
596 627
567 639
834 963
590 625
265 389
1103 1231
41 227
326 450
1087 1302
325 457
331 447
869 984
1167 1276
584 721
1133 1401
850 970
839 1001
296 412
869 939
325 388
334 463
64 214
585 719
55 165
278 405
282 392
322 470
569 650
1133 1242
11 188
558 721
1123 1385
532 660
1113 1360
295 404
862 915
575 680
56 247
556 647
819 981
592 689
835 910
317 373
24 129
577 719
852 984
844 917
1135 1225
543 693
562 628
68 228
1110 1420
279 367
22 208
1092 1319
585 706
830 947
811 949
849 996
845 972
1125 1423
275 401
838 939
1112 1339
1119 1268
46 174
810 922
46 248
535 656
90 230
1105 1347
576 693
1090 1391
310 461
50 179
808 934
28 136
35 151
1189 1436
300 413
284 427
97 176
1126 1298
1095 1407
1084 1235
289 373
72 151
1162 1246
859 907
1094 1245
318 385
1096 1372
0 185
806 999
563 645
562 645
48 224
34 169
336 376
812 940
10 245
522 648
875 910
848 919
823 925
865 945
1175 1412
828 966
96 191
545 686
57 150
301 402
301 434
551 682
836 961
825 968
807 961
586 692
267 431
811 941
823 929
27 170
297 396
333 432
596 685
1180 1353
582 706
538 677
840 959
570 642
1183 1293
1177 1260
310 393
575 687
1105 1328
583 674
841 932
538 681
287 376
833 978
857 962
1128 1253
599 650
64 225
316 390
1085 1399
311 419
850 942
520 702
83 238
835 969
1174 1436
1156 1437
569 637
279 368
1147 1353
1177 1304
83 157
598 713
534 704
829 908
826 954
1179 1404
1143 1396
17 146
554 647
309 457
310 369
1130 1374
557 634
269 375
551 634
806 979
1117 1307
522 646
585 627
277 404
553 668
20 163
1159 1357
837 973
821 989
337 416
1105 1301
539 690
820 930
1187 1342
25 137
92 144
823 974
1106 1335
323 435
310 385
1134 1232
20 197
278 438
19 206
537 702
850 977
1178 1380
590 636
810 942
100 193
558 636
320 459
571 724
873 919
1174 1432
807 940
844 993
291 434
36 178
1112 1344
1135 1417
568 689
329 458
60 129
1164 1253
1082 1234
581 627
56 151
600 668
571 718
572 671
588 654
1177 1401
1142 1371
823 963
307 372
530 712
573 676
97 167
5 159
863 1002
832 917
1095 1334
1123 1405
289 441
1086 1405
1112 1357
527 701
18 160
556 705
569 678
1153 1351
821 973
311 431
73 203
541 661
81 171
1149 1366
42 248
547 676
554 645
536 642
55 210
536 674
876 996
46 158
577 713
1166 1388
300 401
300 419
1152 1337
803 909
64 152
1125 1266
807 925
817 935
554 723
548 669
2 165
340 387
1190 1313
313 468
290 371
48 206
339 466
599 700
533 704
533 651
77 148
37 176
1143 1391
267 404
573 699
96 161
590 727
590 674
50 186
860 973
854 985
265 421
1187 1238
332 430
560 725
60 206
309 401
1084 1264
805 939
22 250
1177 1321
49 168
830 916
531 657
565 647
1128 1281
1147 1380
334 401
5 128
1115 1370
298 458
34 197
588 670
828 943
855 1004
545 716
1142 1247
265 444
1160 1216
537 717
312 422
29 226
872 969
307 404
586 682
521 649
339 438
569 681
521 647
268 457
51 207
273 418
49 133
12 229
859 946
72 165
1155 1275
1125 1294
311 373
1098 1252
1165 1373
527 635
324 430
1084 1252
598 651
1182 1322
556 672
534 686
862 943
838 991
312 367
266 423
839 985
313 420
326 453
1082 1257
63 200
338 365
325 463
1142 1256
309 470
1174 1287
584 673
306 424
1155 1409
336 445
849 962
874 950
86 248
1186 1424
851 977
5 133
873 1006
52 167
288 412
526 729
540 662
830 929
269 414
1099 1297
48 243
525 721
810 970
1156 1386
1130 1342
75 138
16 173
863 943
332 414
1185 1267
600 692
1147 1331
1160 1399
310 455
847 964
570 637
824 919
531 724
1087 1282
290 429
846 912
572 727
326 437
546 727
572 697
1098 1328
837 944
10 228
1118 1403
50 136
808 969
50 208
560 695
860 939
557 693
319 370
850 918
287 369
64 212
1109 1388
1183 1294
1106 1228
800 998
9 178
830 983
1158 1394
56 167
339 451
564 718
44 205
871 905
94 140
30 217
877 921
311 380
595 651
852 990
543 630
11 247
862 925
836 968
1183 1416
837 973
9 234
879 979
62 192
546 679
292 368
580 657
551 635
870 924
20 136
1132 1370
36 170
314 423
591 642
872 1000
25 206
523 650
813 965
1133 1330
87 182
84 174
271 415
1083 1398
1151 1248
299 392
1130 1395
802 969
59 245
864 999
598 718
821 939
17 201
291 444
43 186
849 953
521 633
536 685
39 157
595 647
804 953
525 647
595 626
528 684
1142 1387
302 462
293 424
59 149
1186 1379
1083 1307
1129 1280
294 392
813 923
13 227
846 974
592 710
1120 1269
1125 1232
834 956
541 672
554 650
1159 1325
578 656
41 201
818 922
522 696
873 918
64 162
95 187
283 421
1167 1222
61 143
1133 1287
566 625
871 981
815 914
267 444
867 991
558 730
524 710
1187 1391
1160 1418
880 959
853 943
557 680
1177 1329
331 442
313 404
577 722
537 705
267 445
87 218
547 730
86 198
86 212
1081 1311
573 663
566 721
281 368
531 678
16 169
538 653
863 950
839 990
849 951
522 648
566 693
264 379
539 720
856 992
264 453
559 655
555 711
320 394
850 989
289 457
335 409
311 403
529 717
1176 1258
533 685
20 203
840 938
591 662
840 917
557 640
2 144
331 451
856 925
1106 1360
875 910
1137 1291
58 165
1168 1335
304 454
22 228
1136 1222
559 635
1088 1348
562 722
58 228
1149 1389
538 626
68 186
1125 1348
308 447
548 667
1134 1408
272 458
262 383
841 981
823 956
6 243
574 659
24 165
83 181
572 720
278 444
561 667
523 698
25 171
50 241
529 667
1172 1361
61 131
301 435
270 439
1148 1343
872 928
570 650
594 679
818 997
568 672
570 678
0 128
2 125
539 713
1095 1284
4 143
869 938
299 386
45 147
1157 1406
274 429
560 730
575 728
876 954
1120 1328
302 412
834 961
870 948
558 652
67 246
557 729
338 469
25 161
1114 1391
555 730
58 210
75 147
1172 1369
317 377
1137 1220
99 236
81 187
308 373
1178 1230
581 680
318 414
26 179
1135 1407
1188 1305
41 242
1132 1276
1170 1364
872 968
1117 1274
1102 1288
568 636
1141 1387
538 652
846 943
292 401
314 394
307 392
95 204
1181 1307
846 958
802 921
598 700
263 420
544 676
829 932
576 674
1117 1360
835 911
847 916
861 928
810 985
852 979
861 991
69 217
562 641
804 1004
263 438
316 432
79 227
13 160
815 933
334 368
307 445
305 406
802 984
588 728
75 247
821 958
1177 1388
819 932
276 445
281 435
285 435
89 242
336 386
81 180
520 670
308 432
878 955
1168 1418
1099 1396
1185 1422
289 395
276 391
1134 1434
268 431
553 725
1115 1252
309 369
15 174
1184 1384
330 365
596 676
584 660
596 699
322 433
1108 1295
585 646
597 653
316 399
331 427
265 434
94 178
78 243
1117 1262
534 684
849 967
1162 1361
877 1007
877 932
568 671
318 412
21 249
40 182
45 173
327 425
291 399
294 454
1186 1280
76 227
1140 1415
820 957
324 420
1147 1343
300 450
1182 1366
54 153
1093 1216
877 933
82 168
41 210
261 389
545 683
36 142
53 152
1138 1293
283 389
1129 1313
852 977
1190 1303
38 206
538 725
1144 1416
262 377
820 923
834 935
586 634
844 948
525 718
586 690
834 1004
823 994
848 949
1153 1440
35 187
539 638
3 234
562 638
595 720
14 156
97 157
40 184
1158 1238
324 456
865 994
813 942
1173 1436
1094 1295
826 964
18 218
298 373
572 700
1175 1323
834 963
837 966
340 365
298 368
1190 1379
283 376
300 375
297 401
562 637
544 690
318 440
292 463
873 982
291 391
804 982
834 928
565 705
277 465
88 131
810 999
14 171
819 933
1111 1289
72 221
1094 1270
82 126
853 980
7 180
94 183
1173 1263
817 1002
325 418
289 414
35 201
300 461
1146 1282
844 966
598 702
66 162
59 242
872 968
338 370
809 941
1080 1258
806 995
567 631
843 966
1141 1366
574 652
809 1010
1145 1369
1179 1317
12 208
65 204
877 940
323 391
827 917
836 981
520 659
875 940
306 373
866 954
800 908
68 193
284 375
859 949
47 185
553 667
325 428
45 151
1173 1296
1145 1316
81 234
834 972
850 997
555 702
581 654
331 434
800 943
276 462
1081 1255
813 949
878 951
309 417
574 727
1139 1269
23 223
1133 1439
268 454
299 399
1082 1338
30 159
292 392
835 970
817 972
844 972
806 988
93 127
329 425
856 988
1084 1370
577 696
819 987
534 667
592 702
48 218
69 250
543 627
1140 1260
49 163
553 723
1105 1258
859 1002
25 155
850 936
873 996
1097 1381
840 954
556 692
264 379
576 644
802 980
1182 1394
291 420
554 671
32 174
831 950
41 129
877 993
581 653
265 368
530 711
99 141
300 419
812 933
40 140
72 192
813 921
324 388
56 242
35 146
1154 1343
322 399
869 941
1150 1292
592 670
533 641
1124 1241
864 914
320 465
304 424
1190 1252
829 1010
55 191
553 671
822 992
842 961
269 370
1166 1301
314 421
1170 1409
339 426
295 413
66 147
1131 1245
803 1005
822 1008
545 668
864 1007
1148 1216
22 227
862 936
1126 1375
34 211
266 406
28 161
593 686
590 657
16 244
1180 1224
547 728
322 468
852 975
575 702
1083 1338
1149 1339
324 404
76 129
592 631
821 948
574 646
831 968
22 190
86 240
808 999
12 221
1095 1387
91 240
857 953
327 383
0 243
36 243
335 440
551 701
1125 1229
77 125
820 969
327 453
26 238
853 994
79 223
847 944
1173 1283
858 971
1145 1360
521 700
338 468
547 638
271 438
298 396
284 365
871 912
801 996
557 723
334 436
293 441
271 405
310 423
1163 1267
822 951
27 201
339 419
1098 1280
583 669
599 715
297 444
1124 1239
842 1008
865 930
329 397
580 650
1084 1331
824 966
292 434
1112 1426
69 218
563 635
29 127
810 950
539 644
525 694
1089 1322
277 450
588 660
831 932
524 661
27 233
817 985
72 181
834 984
32 142
1081 1401
564 701
1095 1361
558 626
1130 1309
808 987
1112 1285
1090 1317
15 209
37 174
557 682
335 388
1161 1383
268 374
548 694
1155 1364
43 186
33 193
844 951
523 704
1144 1281
49 211
600 722
1089 1227
871 913
321 464
1140 1417
271 365
1104 1233
65 146
1113 1232
820 999
555 720
579 679
599 646
12 133
88 186
843 1001
33 197
568 708
58 191
329 442
544 697
1166 1316
24 226
45 148
842 1005
295 418
28 227
863 965
566 683
298 395
15 198
1132 1233
839 982
1162 1312
276 427
1129 1220
860 931
70 129
554 724
526 661
588 727
281 379
96 202
1135 1282
817 914
580 692
56 246
808 1009
319 440
819 958
583 654
33 159
1085 1263
1134 1364
322 451
880 905
860 970
22 160
304 462
873 913
805 964
1127 1399
873 985
581 705
578 721
17 204
282 430
568 631
35 140
871 921
1179 1433
1114 1390
30 191
571 721
35 241
825 922
819 997
537 662
1133 1234
1166 1325
809 980
855 971
819 1005
320 421
848 996
317 374
1090 1253
319 408
313 433
304 438
1136 1223
60 154
544 692
530 661
576 686
570 694
1092 1323
262 370
847 940
331 443
264 387
599 627
847 975
1089 1282
76 131
873 912
80 247
804 966
1098 1391
572 685
834 921
267 388
821 924
337 429
275 379
529 652
1133 1375
534 662
37 125
851 932
846 911
800 998
277 367
262 469
541 726
29 134
97 125
93 177
1123 1217
574 640
25 130
1126 1231
312 462
282 388
1160 1234
280 462
566 658
315 368
865 932
1109 1362
1110 1235
316 425
540 692
1133 1236
1184 1328
549 700
856 982
26 140
262 445
274 469
597 676
274 416
814 987
540 726
1125 1426
589 704
584 651
578 645
8 182
598 650
339 416
554 693
804 967
16 195
330 372
548 665
1171 1252
1132 1279
27 182
856 993
545 686
15 167
867 920
65 170
71 241
4 187
316 438
1146 1341
1132 1217
287 463
865 937
12 231
278 370
21 202
1095 1350
827 924
1084 1270
296 399
541 714
1181 1272
1160 1287
816 971
850 1001
334 447
841 959
1185 1216
588 670
1166 1273
98 136
77 232
298 411
598 681
286 384
842 985
21 205
42 144
52 221
1147 1229
37 164
296 417
1189 1278
1140 1360
1158 1266
275 442
1122 1424
67 190
870 981
268 391
1085 1410
35 181
72 193
25 242
11 241
331 453
582 691
270 451
1161 1344
1101 1370
1138 1335
90 177
18 139
1106 1241
546 675
1187 1340
26 186
873 1009
541 651
87 139
810 999
527 707
864 962
1094 1418
864 1010
879 970
1090 1218
97 154
1166 1245
822 945
585 713
335 430
322 391
858 1002
573 680
1165 1247
33 228
302 380
1172 1346
37 151
805 1010
831 992
808 975
330 455
574 637
599 674
340 385
806 967
536 668
323 371
46 225
850 992
75 241
282 412
1120 1290
869 923
1182 1319
1158 1338
848 925
302 432
859 938
332 429
812 996
572 647
1188 1234
832 952
866 961
819 905
20 169
59 147
528 680
535 637
562 700
539 687
27 228
832 968
302 407
532 709
582 687
802 984
582 643
540 629
861 982
1179 1419
324 448
291 372
306 397
805 938
858 934
53 194
52 137
40 164
18 137
1172 1302
339 409
584 718
320 455
310 430
88 201
1131 1286
866 917
303 465
1091 1260
284 419
278 435
68 196
600 685
864 1007
87 145
567 675
528 708
268 379
860 928
557 628
539 652
575 715
824 998
867 940
32 166
846 931
264 400
296 437
522 722
1178 1312
1150 1220
269 379
69 199
1131 1256
19 164
1186 1265
6 174
818 976
1188 1342
23 193
304 465
337 375
532 694
272 436
556 693
585 697
560 643
31 142
37 138
555 695
841 913
568 664
70 240
301 395
47 190
879 905
569 667
309 463
556 679
1175 1327
568 632
578 724
567 692
557 702
566 626
817 905
49 157
277 381
862 964
336 441
812 948
47 128
1112 1412
51 141
1156 1402
588 700
1116 1346
1147 1329
338 383
1089 1428
285 401
320 365
1163 1385
828 996
266 464
819 927
588 662
1142 1391
591 637
555 694
263 422
46 244
324 424
599 664
263 426
876 920
21 174
321 436
802 991
15 167
842 983
36 176
1110 1296
1159 1319
590 634
261 418
1126 1299
571 642
10 181
551 682
1082 1405
831 914
286 396
289 395
523 677
872 944
545 678
801 925
823 922
541 639
315 383
91 229
333 372
1123 1302
1092 1408
845 946
29 239
822 947
60 194
312 449
831 950
1100 1313
307 417
528 676
1157 1382
817 920
22 172
821 951
277 429
539 711
527 690
808 993
1137 1392
77 216
1167 1405
812 970
54 191
537 670
810 984
571 649
14 242
1139 1427
820 954
326 376
295 374
13 213
864 998
861 922
559 727
327 428
529 660
89 151
566 631
293 395
327 389
58 176
1176 1337
292 365
848 957
587 724
569 628
93 210
1178 1402
1142 1274
263 459
1100 1305
38 186
1183 1437
288 464
841 955
5 201
1165 1386
585 638
52 244
832 988
1161 1351
1160 1382
1096 1405
299 422
88 136
1183 1439
1099 1226
823 914
596 725
825 927
1137 1223
553 689
828 998
1114 1436
70 180
597 719
561 702
525 672
37 190
851 943
867 909
802 974
265 448
586 708
832 922
1170 1329
12 233
284 448
1171 1221
536 688
867 961
558 645
3 197
1143 1339
340 417
543 639
816 1005
305 391
30 232
586 716
289 439
30 207
538 627
874 922
872 935
287 470
59 211
820 955
1170 1337
814 910
826 916
554 673
31 235
292 465
280 442
575 688
280 467
542 647
1091 1234
284 385
1132 1325
0 231
846 982
1133 1219
18 204
51 131
832 968
1154 1247
289 456
280 373
270 373
805 982
100 246
814 970
1082 1401
557 630
335 460
292 403
580 667
1167 1297
541 655
1179 1421
285 390
871 1004
536 630
555 659
545 645
56 194
532 681
846 966
878 940
550 640
1088 1230
815 906
78 129
1092 1346
1146 1230
332 373
573 630
594 695
1091 1437
31 157
15 191
324 402
291 431
1096 1307
53 151
567 679
596 651
1132 1352
69 174
806 922
1158 1430
578 713
597 728
1154 1300
69 153
1106 1316
328 464
1133 1393
291 365
1167 1241
100 129
860 938
1171 1337
806 920
829 941
1108 1295
269 431
531 728
522 631
1096 1235
23 139
528 664
584 702
92 192
58 236
553 645
1 204
1085 1359
537 635
1165 1252
288 381
850 924
805 928
58 173
59 197
0 173
1161 1346
1087 1336
320 396
855 931
299 396
45 164
1149 1345
845 978
591 654
846 1004
560 641
63 142
589 650
323 396
820 906
292 376
61 234
1097 1284
851 930
1098 1412
849 959
830 962
308 450
324 463
808 1001
63 183
838 961
1102 1352
70 228
67 216
334 372
581 665
21 214
296 421
302 387
525 651
815 929
303 433
871 1009
820 944
1189 1228
92 249
596 720
527 722
520 724
528 645
83 169
46 225
264 450
827 962
275 370
1180 1433
87 187
6 182
877 962
1136 1293
801 946
1147 1244
544 675
527 649
581 657
265 449
328 424
1151 1305
1096 1254
315 423
1157 1383
288 459
1086 1406
1169 1248
1155 1225
527 631
562 703
809 974
5 193
1124 1230
539 654
81 209
322 465
99 228
573 701
1135 1417
804 983
14 138
565 719
596 686
307 395
79 206
279 455
71 222
285 434
561 684
567 710
564 729
824 1002
20 199
864 949
70 166
548 644
1105 1339
87 140
266 469
1084 1344
824 931
1103 1410
311 451
33 196
310 386
318 467
273 394
300 395
524 711
21 242
318 434
21 203
1094 1293
600 707
529 663
40 200
589 678
339 390
19 223
565 653
838 994
1153 1383
277 436
1121 1352
34 197
67 243
1116 1318
8 151
563 672
305 462
830 926
1118 1394
309 406
25 154
1103 1304
843 1002
800 936
67 178
326 423
1154 1260
524 653
299 423
300 461
5 176
1177 1286
837 999
876 940
1152 1254
19 133
313 456
321 384
6 243
840 915
567 661
1119 1339
596 651
854 941
339 449
79 160
853 990
855 905
548 652
813 943
96 175
557 692
72 240
1125 1370
577 677
88 224
521 722
539 683
22 218
271 424
859 1007
331 411
1106 1416
586 647
810 1010
324 365
18 172
575 678
1125 1254
1127 1376
68 143
323 365
296 365
73 147
1151 1368
77 204
1 130
95 221
540 657
581 703
85 189
295 439
40 233
1182 1267
812 949
58 215
277 405
94 242
54 179
293 406
837 1001
854 971
281 393
814 932
275 420
297 368
306 376
337 454
534 699
96 204
1167 1419
814 972
86 196
333 418
850 917
534 670
1102 1325
859 1007
54 231
280 377
811 995
40 203
327 410
335 416
48 242
1147 1343
94 153
531 631
18 140
303 373
871 955
1091 1353
78 134
303 399
569 678
536 628
11 224
1094 1407
1139 1257
1095 1411
20 194
1137 1289
1187 1254
6 137
842 929
7 208
309 368
1146 1305
287 421
297 427
31 189
337 451
57 247
301 379
561 635
7 203
840 988
76 233
19 213
804 989
596 702
307 463
297 410
1165 1439
285 408
543 701
1182 1397
86 191
21 141
287 410
303 367
1095 1225
843 1006
566 643
848 906
872 993
568 725
293 468
832 967
817 977
821 982
826 909
581 713
559 668
330 371
1127 1438
581 702
534 716
833 1002
274 455
811 991
1146 1333
835 979
328 407
1085 1395
590 647
304 412
286 410
37 184
1175 1416
594 689
1091 1420
298 405
804 1004
1085 1332
579 646
599 717
311 440
1140 1236
74 207
1117 1425
525 645
1137 1365
528 636
564 704
11 176
308 453
1128 1308
262 442
21 125
598 727
837 1010
33 231
535 628
88 177
1143 1374
853 975
859 995
529 630
340 445
321 400
36 192
1147 1333
1130 1435
872 1010
51 159
839 922
857 918
78 163
8 186
577 700
90 249
849 1008
808 955
31 205
8 198
852 979
862 926
1158 1277
855 980
261 413
871 989
543 639
836 949
88 160
860 925
1103 1396
1103 1399
287 365
570 667
592 715
2 170
595 687
841 917
845 965
88 200
569 697
29 213
336 373
21 232
853 1007
1123 1366
1118 1428
284 406
530 651
326 434
53 161
25 191
35 134
880 925
292 463
835 950
1149 1260
10 229
296 457
27 127
823 928
1189 1275
832 926
526 706
271 460
87 224
835 1003
1129 1343
1103 1304
54 197
15 243
1142 1364
286 455
837 908
828 987
524 634
563 725
852 939
839 982
340 425
1181 1217
813 991
565 721
30 230
594 681
290 453
817 907
39 211
552 708
1 201
1149 1366
1098 1262
303 470
1173 1333
7 156
820 1006
1135 1330
540 674
597 680
551 633
1181 1299
281 389
833 942
864 941
283 447
1151 1275
814 972
566 667
550 709
279 400
1171 1220
333 374
583 632
22 193
28 192
814 926
869 992
89 138
30 139
1112 1436
327 365
285 369
264 454
838 974
29 157
1106 1437
35 190
23 175
330 436
567 704
880 943
841 931
1155 1331
313 433
803 975
88 205
535 672
43 152
33 226
1171 1304
1142 1308
330 401
584 709
568 686
527 640
815 969
1114 1368
815 967
844 940
559 691
575 719
820 1002
1110 1265
872 990
1118 1323
586 670
574 712
821 945
1082 1216
82 206
815 963
530 687
823 921
597 648
864 931
265 462
828 988
328 416
1189 1309
1109 1222
859 1001
302 365
260 424
1084 1365
51 195
76 125
1151 1337
551 653
573 707
826 1007
295 454
44 211
83 219
5 190
560 645
1080 1319
333 439
328 453
1137 1430
61 135
543 705
565 646
591 664
19 167
1181 1287
317 450
855 929
588 625
1083 1255
290 377
1134 1256
271 394
264 442
878 1009
558 629
315 453
94 201
265 465
319 456
311 376
577 652
18 147
58 149
578 655
1162 1331
1129 1303
836 907
267 375
1 161
1179 1335
9 231
44 186
266 418
1140 1220
43 189
55 166
78 206
1082 1222
88 196
336 402
854 992
10 195
848 1001
312 420
870 913
1089 1231
262 399
812 946
275 390
534 635
584 675
34 145
532 722
1180 1215
15 199
839 1001
287 421
1144 1269
591 632
555 683
870 946
549 692
317 427
324 397
844 961
1153 1227
3 229
74 154
820 988
318 403
319 469
1083 1346
837 905
1135 1297
36 217
1141 1293
861 927
551 719
846 918
43 168
554 697
842 922
304 410
1107 1248
96 232
551 627
12 214
559 625
838 922
17 150
26 219
26 209
1187 1344
566 637
808 955
22 237
807 933
46 153
1164 1276
1089 1374
598 710
1101 1262
548 691
44 195
880 1002
861 992
580 690
1170 1357
86 180
580 643
52 177
1081 1371
856 1007
36 238
538 689
530 701
15 130
1177 1382
267 441
871 940
313 422
522 703
1156 1369
1090 1316
66 209
1181 1342
57 154
270 370
1168 1424
878 906
1090 1279
801 932
847 966
813 971
556 676
54 249
530 674
1161 1240
822 1006
568 692
870 960
857 1001
68 157
835 988
837 990
1175 1326
556 646
815 909
264 381
807 918
79 189
858 922
90 182
288 458
575 703
542 635
93 178
1121 1346
298 368
851 908
267 420
325 434
549 717
828 942
599 705
836 978
544 729
553 633
81 217
1113 1229
1157 1267
536 641
586 648
313 390
832 1009
1156 1420
75 188
596 699
58 227
837 955
816 920
860 962
1094 1313
1149 1372
880 974
333 429
520 636
1169 1219
594 681
68 189
334 470
340 421
1183 1437
1144 1432
823 967
57 164
323 384
844 982
1129 1374
591 689
592 683
805 959
1161 1289
1120 1256
298 392
600 637
334 435
558 710
62 126
821 932
521 699
805 979
878 936
323 423
52 140
522 709
557 673
2 186
1168 1363
1170 1249
859 950
805 968
1120 1274
291 429
544 641
595 707
82 144
340 429
92 185
314 464
63 189
583 693
532 723
1156 1363
337 465
1089 1371
319 440
1092 1269
867 990
826 997
815 905
1124 1256
285 412
592 687
1146 1340
545 643
560 657
36 249
566 652
316 389
559 651
874 908
800 943
819 974
278 450
1174 1374
318 401
326 396
69 169
1093 1361
819 935
1142 1321
18 146
832 1009
822 938
68 239
826 941
8 213
1156 1317
339 461
22 200
80 149
1176 1277
843 988
804 926
570 730
877 910
566 723
1085 1216
841 1000
328 441
576 659
34 144
1169 1344
330 382
92 237
582 656
94 239
1096 1337
540 632
825 943
557 679
1176 1230
310 378
816 973
546 633
1173 1411
834 986
876 905
11 135
12 148
580 628
1080 1298
805 925
46 171
826 938
320 426
816 981
869 983
1099 1245
575 717
299 407
588 692
1137 1244
1171 1427
84 196
569 628
10 191
535 716
1167 1370
266 441
1118 1217
324 451
541 677
1179 1348
805 955
1089 1436
1096 1249
1137 1341
823 992
1151 1245
1177 1376
3 148
556 629
571 718
581 662
278 397
16 189
862 962
813 981
339 446
29 209
839 937
850 998
86 250
1120 1252
1154 1301
264 380
839 925
560 663
567 702
1094 1275
1120 1320
838 969
1188 1218
808 911
580 629
267 411
833 944
11 240
858 943
565 726
67 133
803 966
1140 1235
1125 1271
1188 1354
590 722
93 161
80 138
82 187
340 381
856 906
95 185
859 991
61 193
530 644
1132 1228
100 179
563 699
825 979
545 666
96 133
855 923
535 729
554 692
4 177
315 400
544 673
51 246
825 929
834 952
292 375
286 454
1139 1389
65 185
284 439
313 378
525 684
16 221
38 191
544 721
858 984
1114 1373
855 967
801 1002
37 214
292 441
1142 1254
825 1010
520 699
569 658
1085 1388
1151 1303
555 684
1111 1427
534 638
316 390
829 1005
801 971
1112 1305
547 637
538 655
804 980
1144 1396
1117 1271
858 981
44 220
598 672
1189 1375
532 658
1117 1242
1186 1296
279 374
325 434
541 673
547 635
70 149
35 246
526 728
301 422
877 907
599 724
599 702
581 702
1174 1239
75 147
294 378
871 990
524 684
0 156
831 981
1124 1244
41 217
288 412
1086 1346
70 170
590 711
1140 1329
1134 1306
52 225
69 150
279 421
530 667
4 191
260 425
875 954
1166 1219
861 996
548 721
582 689
284 388
12 134
30 202
13 234
337 465
276 446
537 666
1157 1414
335 432
268 412
284 437
852 953
577 653
301 410
75 125
869 951
322 440
539 712
843 912
575 661
574 704
1151 1317
1129 1231
592 628
306 429
1083 1320
567 695
1087 1348
542 655
867 987
1180 1349
6 163
526 716
816 990
543 626
800 947
1083 1315
521 669
854 924
554 697
61 158
1108 1428
1115 1247
9 193
542 648
279 423
1135 1276
537 695
855 1002
1102 1237
334 433
593 674
49 198
63 214
29 126
330 407
532 657
1144 1374
7 237
586 674
842 998
566 637
818 941
94 249
843 1003
1181 1386
595 646
1155 1372
863 989
1142 1415
335 417
806 954
594 639
323 460
851 928
880 965
565 666
61 245
535 661
867 942
1081 1217
801 941
68 195
84 202
1142 1359
587 665
24 233
265 407
269 444
81 169
72 168
1171 1403
90 236
30 250
335 452
556 647
834 1008
591 688
1098 1288
1163 1407
853 905
577 693
66 161
1123 1269
543 730
72 225
836 1003
524 694
851 937
1102 1439
1088 1341
817 962
285 372
95 142
800 908
837 927
1178 1296
11 176
540 674
266 428
816 932
98 239
53 242
860 1005
874 948
570 682
1115 1412
587 672
1135 1411
1189 1237
591 669
25 237
548 683
328 389
1141 1220
86 212
568 698
1150 1307
546 655
314 370
879 933
1102 1262
283 434
858 966
1110 1375
269 420
812 921
311 396
315 402
814 940
307 462
817 999
589 682
826 920
272 414
92 214
1153 1299
1154 1375
282 423
301 412
534 647
829 943
1156 1362
551 641
1156 1292
27 238
581 677
52 156
95 178
582 718
525 673
46 131
828 986
596 629
870 919
317 388
48 242
525 639
813 1003
32 142
547 671
310 408
70 129
529 648
833 1002
550 679
1103 1288
69 224
100 179
325 448
862 915
594 664
802 949
74 145
1084 1365
854 933
337 449
37 237
40 212
335 366
1085 1215
574 716
1162 1225
545 686
546 674
14 199
81 213
34 193
90 250
60 140
287 423
308 424
332 455
875 982
810 949
537 697
1087 1230
559 659
1157 1408
551 686
34 156
586 704
56 145
304 435
1156 1217
57 245
1143 1400
58 155
298 380
17 139
589 712
326 398
838 948
877 972
870 964
317 388
267 427
872 928
1190 1327
539 633
32 160
857 950
812 961
1098 1377
877 928
828 1010
878 912
70 214
599 720
547 678
337 432
320 461
809 996
291 449
1115 1402
317 395
1152 1328
303 410
1121 1222
337 422
837 982
1177 1312
5 163
599 676
292 423
1161 1267
825 907
526 714
88 240
805 977
91 216
287 460
72 176
553 696
16 210
588 714
84 141
1171 1334
274 391
806 922
868 960
340 414
1087 1417
3 202
540 645
555 661
19 214
812 995
865 973
325 451
10 210
273 454
35 202
330 370
1150 1313
1125 1259
526 625
1130 1238
841 999
834 906
593 681
276 382
15 220
35 136
1175 1364
262 452
59 226
56 209
281 371
74 178
52 248
1083 1353
804 995
1183 1376
274 401
836 951
261 420
878 914
520 720
281 438
1094 1411
295 379
296 394
263 444
92 199
523 666
272 373
322 387
536 716
13 221
852 1006
877 952
1149 1426
327 436
274 440
100 192
599 677
848 940
1163 1311
16 233
326 399
338 425
838 923
16 157
1150 1259
47 245
340 392
1135 1242
870 942
313 384
1186 1369
825 968
337 390
566 695
48 157
842 980
800 923
293 391
34 156
582 724
811 1004
1121 1403
870 939
566 640
809 947
861 917
560 654
287 388
311 403
1130 1402
305 441
75 198
533 672
296 464
93 226
1169 1397
1132 1331
877 974
1124 1391
840 988
871 933
1148 1318
296 400
1188 1400
866 912
34 236
80 229
333 417
333 371
1116 1331
1154 1234
84 182
1163 1296
308 382
34 211
853 914
96 243
546 638
281 366
596 632
812 1004
1120 1310
35 222
33 174
871 990
824 986
1114 1292
64 147
1149 1311
76 133
856 982
291 371
3 182
308 381
586 686
311 419
76 174
592 684
588 715
571 697
319 469
317 385
275 427
295 371
56 238
531 667
1108 1353
852 1003
295 366
864 955
30 218
584 695
1103 1316
1155 1410
1131 1295
24 241
261 429
877 914
43 128
1185 1253
1116 1281
91 131
577 663
865 956
14 141
1092 1439
527 677
82 170
99 189
551 667
568 719
1097 1282
310 376
1127 1392
96 250
559 724
278 370
33 227
1106 1285
1086 1334
1083 1279
589 689
288 390
269 376
58 174
554 660
1172 1243
566 648
1096 1342
879 922
1107 1291
2 146
305 452
808 965
1168 1436
590 730
832 992
593 706
591 643
599 712
60 245
280 434
563 691
839 1010
314 376
1140 1338
85 206
311 378
826 962
6 218
267 449
320 392
41 190
862 920
82 164
95 169
287 441
1121 1289
1156 1311
314 392
1153 1331
23 167
856 942
1134 1344
546 646
1143 1325
858 942
581 644
523 701
835 1001
598 626
848 977
819 905
806 946
856 919
1156 1381
86 127
276 421
871 924
316 458
542 694
1092 1308
15 179
586 720
585 678
570 652
1137 1235
816 959
50 199
296 403
59 244
331 428
800 959
868 993
27 213
306 406
29 187
593 627
1125 1220
557 642
78 149
532 695
1095 1286
554 662
1126 1317
1103 1373
585 669
528 706
95 227
865 1007
95 144
527 689
1162 1379
536 646
1155 1347
1082 1239
307 375
35 169
1130 1275
26 218
1113 1298
286 424
286 455
47 190
535 666
71 219
28 145
285 433
287 467
807 911
836 960
1110 1268
71 234
565 727
65 217
846 955
1149 1413
311 392
314 455
261 390
813 929
852 920
31 200
566 701
324 395
1179 1370
852 933
1092 1356
1187 1426
94 195
97 139
280 435
842 931
867 987
298 389
1091 1260
592 697
303 446
291 412
331 372
1168 1398
302 383
1107 1377
1096 1234
1161 1291
587 654
33 129
95 223
814 948
315 448
1140 1293
1085 1220
557 679
93 245
1137 1438
48 230
579 699
804 1000
1099 1346
335 422
12 223
857 975
818 913
532 708
311 437
1114 1344
41 156
870 963
1107 1382
284 447
26 200
289 430
1142 1250
855 974
35 237
587 684
1145 1345
96 191
834 920
835 917
849 1008
327 433
306 398
62 237
68 178
530 664
298 436
18 242
569 641
276 384
802 1009
1168 1302
1167 1282
260 432
32 162
875 906
807 960
542 686
880 979
544 720
818 984
309 390
4 218
1134 1396
533 696
871 991
871 946
826 1003
334 408
32 249
557 675
548 715
1098 1242
862 905
69 236
90 150
1097 1439
835 972
564 626
297 406
12 177
832 935
1111 1283
528 720
880 986
849 934
589 636
30 187
1169 1440
334 392
67 130
77 131
872 964
283 436
281 447
281 428
875 966
6 209
1182 1234
1145 1311
846 975
1087 1224
67 195
1177 1396
1142 1294
262 388
69 208
540 714
541 702
289 432
594 643
321 433
822 948
533 626
264 372
829 942
835 917
1111 1432
821 993
260 425
1089 1294
8 137
55 247
558 678
36 221
855 972
91 177
6 134
272 415
328 440
322 450
551 661
68 132
272 408
319 460
87 193
1099 1359
79 248
840 935
818 989
1183 1295
1089 1225
295 392
1111 1235
337 453
1178 1344
301 457
1164 1235
289 395
1110 1376
279 388
1163 1385
1095 1369
579 685
316 381
290 397
822 978
573 704
1132 1222
1090 1406
541 719
537 692
1138 1261
1157 1297
1155 1248
1085 1286
273 445
1190 1427
33 159
1148 1223
561 701
32 164
293 404
552 688
820 960
1146 1284
18 237
317 387
69 153
18 175
1146 1416
819 946
1157 1421
279 372
857 996
56 205
554 638
1085 1427
841 966
587 710
95 132
549 726
1175 1248
581 714
853 971
261 442
94 238
849 950
558 698
864 992
827 936
535 664
1127 1408
1172 1368
324 391
1184 1264
839 990
1134 1347
839 955
99 127
843 958
853 908
1155 1329
60 134
1092 1323
29 228
44 209
866 990
264 423
877 953
880 926
824 908
534 646
1133 1341
287 382
1158 1215
804 972
576 679
278 377
600 632
43 212
823 998
280 389
839 1007
13 197
814 994
568 679
559 727
320 466
547 685
829 919
37 218
815 965
852 920
1091 1407
95 222
1175 1332
545 728
586 669
1131 1434
560 706
524 722
1089 1346
1173 1309
71 237
266 390
96 165
551 729
540 677
552 674
1127 1243
813 925
335 432
325 413
804 933
827 935
823 924
66 179
268 403
852 918
560 704
537 678
543 652
65 249
851 992
583 706
39 172
33 248
326 376
534 660
294 383
870 946
1115 1289
822 974
279 451
805 940
523 628
1102 1255
279 423
25 203
802 957
585 709
594 645
284 383
596 641
27 183
579 708
18 190
858 966
304 375
1120 1341
822 961
851 974
18 159
1110 1312
37 207
317 461
1174 1258
1179 1276
19 232
554 698
579 692
580 700
555 721
1173 1438
282 419
325 408
597 698
549 652
56 195
552 690
336 369
570 655
1139 1439
832 964
832 932
597 716
806 925
1139 1353
592 706
854 1004
322 387
1164 1288
66 198
842 973
521 667
598 627
855 936
41 180
527 700
290 390
1128 1351
334 389
823 949
93 229
1151 1357
4 191
566 677
52 211
1164 1294
811 953
528 659
803 922
320 418
42 216
55 185
867 945
1187 1307
860 960
803 932
593 722
70 151
801 979
269 456
302 455
877 935
1095 1262
807 976
572 687
285 380
1178 1415
592 703
328 393
564 640
25 217
1154 1341
529 673
97 152
1134 1372
566 706
327 442
304 419
24 206
318 438
287 458
332 461
331 449
561 725
588 636
76 239
558 674
810 960
818 981
30 127
1180 1218
825 966
575 653
866 958
827 917
568 709
569 668
1082 1349
559 726
57 232
804 967
565 634
556 680
837 982
806 1008
301 417
16 148
332 465
1139 1406
1181 1432
523 664
596 642
60 200
575 707
527 717
1087 1406
49 228
864 911
290 378
522 650
597 728
260 470
268 439
1161 1400
586 625
866 1003
1104 1421
1184 1426
268 423
594 648
1183 1282
272 462
848 976
531 686
331 368
297 405
862 953
834 1009
541 674
820 966
848 910
40 163
842 971
298 456
549 653
81 136
544 716
1138 1341
835 965
316 423
1178 1329
837 938
69 204
263 368
90 183
280 437
1161 1348
85 229
874 976
292 412
95 232
334 430
820 982
593 645
567 677
282 431
1141 1410
546 641
533 730
1137 1430
287 433
1142 1417
287 367
46 197
323 402
40 220
1145 1296
300 420
1185 1215
1175 1285
857 954
277 466
1177 1392
303 433
595 661
521 697
526 665
272 397
322 384
522 634
878 947
867 907
331 422
824 935
50 129
1160 1433
1159 1381
269 454
17 205
814 966
273 469
265 405
586 659
846 941
558 684
300 372
1124 1343
334 464
817 941
302 460
269 469
525 712
315 394
41 137
316 414
1114 1374
54 145
835 994
579 674
1167 1432
1171 1251
857 1006
1169 1267
1143 1420
331 414
821 943
1083 1369
8 147
335 423
328 427
844 934
820 994
532 646
25 151
806 973
65 127
803 907
597 652
100 177
11 177
315 443
297 399
317 412
812 999
1093 1332
1103 1300
837 962
1144 1311
1105 1377
1086 1219
63 249
558 725
873 1007
71 238
63 250
306 398
4 184
551 685
1085 1275
88 184
298 435
850 952
80 207
584 672
548 703
1164 1345
552 715
874 938
286 405
55 164
289 397
83 136
17 134
574 656
839 1010
840 945
576 671
562 659
25 162
829 946
841 910
821 944
317 379
569 636
260 375
55 207
1168 1353
863 922
267 456
1137 1344
315 392
535 698
880 1001
820 967
576 708
595 679
859 970
536 722
9 221
811 927
1086 1327
281 375
1123 1288
1098 1412
56 233
1134 1334
558 663
1090 1354
550 705
88 193
332 390
321 448
1122 1425
532 677
1086 1423
283 433
306 373
1100 1222
44 233
589 712
78 202
1159 1274
1129 1247
552 668
1119 1303
1111 1390
815 993
540 680
825 943
1131 1347
280 449
806 1003
871 996
531 710
52 206
1093 1298
338 412
1171 1237
1141 1318
295 389
17 249
281 434
265 388
532 654
93 239
1127 1244
318 404
1080 1231
542 638
824 974
824 922
1123 1292
831 975
282 401
827 969
279 431
319 402
317 442
852 1001
1098 1435
1127 1431
547 642
325 365
46 170
324 427
1182 1357
879 925
311 383
540 719
525 692
340 453
849 1001
1145 1408
837 921
869 912
1083 1437
44 221
1127 1357
867 927
811 962
538 635
869 936
860 972
848 975
587 728
1131 1402
31 228
32 201
1136 1231
27 236
559 632
1100 1243
333 419
562 707
25 180
80 206
530 643
1150 1400
1189 1370
45 227
1106 1361
540 666
534 702
809 988
834 991
277 445
285 398
289 449
831 980
92 169
583 729
22 218
866 946
1093 1435
521 718
1169 1284
1144 1224
295 438
281 378
540 641
554 724
302 439
803 1002
294 388
803 924
567 688
820 924
77 150
34 145
302 404
33 184
877 998
1146 1255
1178 1244
340 465
87 222
817 994
275 417
60 196
1188 1336
100 173
267 380
297 440
50 209
802 922
1183 1283
73 247
324 416
31 149
834 988
1116 1374
338 408
1144 1320
39 198
809 977
583 666
10 188
522 667
583 700
310 369
856 909
862 989
554 704
840 992
1091 1242
1150 1340
319 455
828 946
293 436
84 167
844 1000
871 1000
265 415
814 1007
875 935
523 636
58 221
51 191
78 149
312 434
578 635
879 988
264 374
100 139
1160 1273
1150 1396
853 923
67 162
1111 1247
95 213
833 993
538 632
300 463
87 249
852 934
879 973
295 394
1084 1428
65 184
79 226
585 626
815 994
1152 1382
310 395
1123 1415
877 963
581 625
584 633
877 952
856 995
569 655
831 925
863 905
310 409
852 922
320 410
267 434
537 628
60 195
293 401
310 397
544 675
847 966
310 385
314 434
844 986
1083 1376
310 395
270 404
65 188
836 911
19 167
93 170
289 404
77 222
810 995
324 448
1132 1386
312 426
804 990
1132 1327
61 220
531 663
1150 1276
569 715
56 225
524 703
1115 1355
811 910
1130 1389
98 129
544 688
598 675
1156 1307
1140 1268
550 682
1094 1392
304 380
100 219
858 948
524 719
85 177
321 437
279 419
336 449
592 714
1103 1293
1165 1361
306 452
313 468
569 660
85 154
865 975
544 635
1085 1433
1181 1365
1096 1285
89 158
270 378
91 167
861 964
589 721
306 366
81 233
281 402
42 246
811 994
1081 1297
1175 1409
1120 1275
806 925
1092 1260
292 368
837 906
340 465
577 643
1098 1253
1172 1262
275 430
318 390
822 951
852 999
9 206
90 210
588 625
1177 1309
581 662
323 375
538 650
1162 1402
283 367
273 452
542 724
599 644
872 1006
9 151
46 179
590 645
1184 1286
824 907
836 984
847 941
823 930
871 914
35 248
305 437
1121 1376
291 470
1182 1260
529 708
574 707
270 456
870 939
839 926
284 393
270 451
318 447
63 195
806 969
850 907
1166 1332
333 444
823 966
20 145
87 184
296 380
44 197
82 179
273 416
292 412
1130 1383
821 997
1120 1427
1089 1421
96 159
841 941
1090 1216
567 726
75 242
599 625
325 375
1121 1243
868 970
831 927
522 683
0 143
1092 1223
1184 1420
526 720
75 164
870 1008
309 386
1113 1404
2 229
336 410
524 648
317 439
59 228
868 974
100 136
292 401
1112 1283
1108 1279
22 168
28 219
309 421
1082 1282
1105 1346
89 156
42 164
533 627
874 944
288 414
808 925
1171 1233
580 648
846 935
1099 1322
331 444
532 657
1086 1319
809 983
282 446
314 401
1138 1400
562 677
529 719
1111 1284
1096 1262
24 169
304 430
307 370
26 232
25 142
25 181
30 223
838 979
1096 1348
291 386
1098 1223
876 926
1171 1246
273 458
838 944
819 991
14 199
587 687
43 162
31 148
6 162
857 985
579 727
1135 1376
66 205
1178 1355
802 1004
864 939
267 441
584 638
1181 1292
68 237
549 658
334 410
811 933
1118 1279
50 233
1155 1332
1112 1233
1081 1333
837 965
38 201
302 428
1125 1439
595 678
337 404
556 652
307 392
260 417
544 626
576 673
851 943
585 668
554 666
595 657
530 663
577 687
877 974
583 725
272 414
41 195
819 949
260 431
562 642
553 653
2 237
1100 1282
80 242
70 205
569 717
599 646
850 1001
278 454
864 974
1128 1390
283 468
1089 1217
589 710
91 222
1121 1220
25 180
1156 1240
551 642
64 177
580 643
827 985
1118 1318
858 977
54 206
281 447
588 696
1172 1275
868 1008
260 452
1129 1439
1137 1352
539 628
336 366
39 189
30 128
339 447
840 934
62 218
78 217
80 183
1150 1397
875 926
832 928
72 244
520 633
1110 1271
543 712
300 422
302 456
64 135
804 937
279 413
328 428
562 690
597 625
849 990
274 400
273 468
543 726
805 1010
338 462
324 369
548 708
550 709
48 228
68 199
289 442
271 386
530 694
1174 1284
1081 1348
563 705
877 905
527 667
571 686
70 231
1089 1315
339 459
11 167
1092 1222
570 636
802 917
1163 1433
875 946
12 222
61 207
870 1007
66 188
28 234
1141 1412
1145 1293
834 981
44 160
29 161
824 954
566 722
69 205
596 625
45 170
288 426
537 714
42 242
801 999
1102 1269
41 149
296 447
38 208
838 946
1115 1429
590 644
831 951
40 195
329 433
282 468
1160 1435
289 410
331 406
879 988
330 411
294 376
1080 1351
72 159
804 905
5 131
1110 1329
584 641
1179 1332
541 705
305 365
82 173
820 998
97 170
876 943
301 405
290 425
38 210
1176 1361
1147 1436
546 676
524 687
1138 1283
1080 1418
1171 1238
1175 1390
597 668
1124 1433
565 721
865 906
1160 1424
560 703
819 1003
95 188
1159 1268
556 728
277 423
546 711
51 146
318 367
826 951
274 457
32 159
52 125
79 138
1152 1281
865 940
42 166
1149 1288
809 923
532 702
277 414
811 943
77 156
1110 1325
570 638
830 956
1186 1268
582 712
271 434
804 990
295 461
852 962
1150 1310
288 412
31 248
841 926
1121 1237
1140 1362
579 651
309 383
539 683
814 965
872 998
19 165
68 203
96 190
552 727
319 379
539 707
827 961
1137 1309
805 978
588 664
1132 1242
573 668
546 719
44 239
534 685
1085 1348
804 1006
1087 1330
548 669
1144 1231
46 211
24 209
281 441
865 923
828 933
31 162
818 977
539 664
1122 1397
270 449
83 161
807 979
594 658
304 398
334 383
61 191
1185 1282
337 443
534 688
1144 1324
581 672
316 366
1114 1235
1156 1377
1162 1327
82 190
833 925
829 954
866 911
541 683
1123 1349
542 710
1131 1241
77 238
77 151
545 687
1147 1330
846 946
278 437
25 217
1092 1302
317 434
50 244
1181 1359
272 460
1155 1384
47 128
551 667
35 167
588 711
1180 1322
577 714
1150 1294
1 177
1181 1384
596 655
1187 1338
598 662
573 692
297 442
286 461
1130 1302
1182 1318
6 217
35 156
539 721
815 992
96 155
1161 1362
586 677
302 418
545 719
535 710
587 681
848 960
843 968
1171 1253
817 1008
2 187
880 942
29 210
80 209
828 927
800 911
325 420
839 982
547 643
551 648
853 959
36 232
1189 1386
854 924
311 436
541 725
531 685
851 1001
532 694
20 173
337 374
594 649
547 625
98 160
1114 1344
50 211
265 409
73 137
1088 1425
307 394
318 423
75 155
38 197
100 228
1160 1353
836 962
836 949
97 187
1100 1237
282 468
847 910
858 920
857 926
857 930
1175 1264
1087 1298
811 969
596 649
1155 1360
1 191
309 418
594 704
818 971
571 639
549 683
275 369
855 1007
91 231
876 924
848 925
95 219
532 657
307 413
868 994
548 685
303 426
1121 1418
870 957
873 928
286 409
596 730
536 702
54 129
861 986
528 709
288 450
67 187
21 238
301 391
24 154
1163 1361
576 660
1149 1272
87 159
821 924
293 468
534 629
331 450
66 229
1184 1370
99 249
538 724
853 974
811 968
591 660
67 133
1134 1414
1182 1423
875 932
568 658
267 397
307 376
45 154
830 941
78 187
75 208
858 947
274 390
100 189
534 661
591 657
1183 1384
870 986
281 459
21 131
34 245
272 376
1129 1339
1088 1342
1126 1429
24 147
287 380
872 963
524 723
1120 1265
1166 1316
837 986
1128 1283
280 413
549 638
100 141
13 209
1190 1235
56 156
2 144
1165 1402
581 678
588 683
303 470
813 974
811 912
81 188
800 1005
63 221
74 170
64 168
1124 1366
37 218
820 916
525 656
33 141
272 470
311 442
89 136
324 403
28 153
94 155
322 420
280 401
802 959
99 231
97 155
307 424
573 657
581 630
10 216
45 164
55 169
1176 1339
13 231
17 190
30 245
858 933
834 908
58 196
90 152
306 431
813 968
546 638
72 136
534 699
277 375
550 664
1091 1357
543 718
555 691
859 937
588 688
842 983
586 641
559 661
560 723
550 715
574 694
303 459
284 462
78 139
320 426
804 945
310 384
833 933
1165 1424
544 659
58 194
80 237
848 1004
860 939
336 438
280 460
29 217
312 410
809 975
844 966
597 671
36 141
1182 1367
1132 1267
50 173
585 708
68 171
1105 1373
522 701
323 468
32 179
1172 1403
42 160
805 1002
321 411
289 397
532 625
58 176
1144 1427
268 422
1142 1289
521 713
845 905
1124 1240
1182 1402
539 705
547 707
89 131
290 418
92 166
58 154
1181 1381
30 187
44 197
38 204
573 699
1173 1428
812 940
830 976
1162 1384
600 652
854 981
850 957
1089 1215
67 177
11 218
1113 1352
867 1003
29 127
1128 1334
326 390
580 712
323 402
836 993
543 697
277 467
838 939
563 702
810 958
1141 1339
20 129
50 233
547 664
1086 1321
872 917
589 724
54 145
289 463
595 713
40 137
1092 1273
304 388
566 719
539 647
814 993
269 425
265 365
340 368
23 166
803 967
597 724
849 913
72 204
1171 1360
580 655
29 250
871 933
83 234
858 923
1175 1370
1161 1317
334 411
96 142
100 246
57 154
808 967
284 434
524 678
557 632
336 409
1165 1238
339 372
1112 1387
803 994
41 224
542 661
1094 1320
1148 1321
855 911
39 199
286 365
292 401
861 927
1081 1378
1170 1321
549 708
810 965
42 174
10 170
85 199
575 674
818 964
38 180
861 934
34 156
312 395
84 236
1130 1398
841 945
76 171
296 377
20 127
338 388
538 643
6 219
565 713
871 926
817 1003
1188 1268
309 371
1112 1374
528 651
1163 1419
579 674
1083 1396
316 457
322 420
523 680
20 182
592 683
830 972
303 393
331 435
1173 1399
9 145
324 401
36 225
97 242
282 419
338 393
297 417
1115 1424
590 728
264 415
594 730
860 1004
599 626
871 917
880 929
873 910
287 397
1166 1305
1134 1308
533 697
1113 1400
597 642
315 365
272 469
298 457
7 172
31 187
1104 1289
315 460
286 438
819 1001
520 659
880 936
25 161
556 671
332 428
1116 1365
1090 1217
327 467
275 463
841 907
1116 1358
554 720
313 369
327 400
806 911
32 220
842 935
871 939
870 913
1142 1299
802 943
1095 1437
577 699
20 236
1189 1239
525 725
285 430
324 442
1145 1269
824 1000
581 627
834 992
572 657
22 231
855 992
54 143
596 650
1182 1355
841 945
1120 1272
559 698
275 459
266 408
8 229
854 970
327 380
1134 1429
288 408
279 415
1155 1382
1102 1331
100 245
844 910
522 719
855 942
1184 1326
1125 1269
331 435
864 937
587 718
302 365
1116 1437
868 907
339 456
855 1001
1186 1427
1129 1325
335 434
1159 1297
311 456
542 657
525 635
810 942
1104 1408
39 235
879 961
97 134
855 991
1089 1236
853 928
579 714
1 197
876 915
1091 1329
1107 1419
598 674
28 187
313 397
1101 1304
71 208
801 992
301 437
98 179
554 648
1127 1386
329 455
1127 1260
1145 1339
530 643
573 704
566 654
1129 1369
100 199
561 634
286 367
329 456
317 370
868 947
1133 1341
542 668
867 935
285 443
1185 1406
266 389
800 918
54 212
69 160
868 969
1189 1292
77 235
853 981
87 134
1168 1258
48 135
50 165
8 213
332 450
870 992
304 466
278 393
78 203
72 240
557 660
292 422
305 385
546 722
595 697
1103 1240
599 720
817 947
332 402
1184 1322
317 375
303 427
1143 1300
67 152
318 409
592 707
839 910
856 968
845 939
53 154
319 468
1104 1247
272 463
1101 1260
336 398
840 915
532 727
1155 1391
66 223
81 227
1125 1220
1173 1350
14 155
537 680
572 702
318 425
75 205
282 440
263 451
856 910
542 701
335 429
841 984
832 949
287 387
875 984
1116 1310
273 410
1096 1218
879 952
808 998
1169 1268
539 679
321 450
81 144
598 659
1186 1319
803 932
571 689
299 399
574 636
597 711
1130 1368
263 455
1095 1288
563 647
324 415
318 408
276 436
543 650
288 369
800 988
57 138
806 982
522 693
864 1005
311 435
590 652
27 232
99 192
529 628
1159 1347
551 710
1178 1362
21 240
864 952
303 467
1094 1325
1142 1338
1110 1273
806 923
567 635
800 925
556 678
836 935
1166 1234
57 159
1128 1379
869 939
50 215
312 417
4 204
300 446
54 184
844 994
289 380
293 468
855 984
269 461
87 152
304 452
314 434
1130 1237
99 188
262 372
280 417
1126 1304
809 979
263 414
92 164
536 667
1080 1319
266 448
1132 1313
577 716
329 396
1125 1247
330 374
49 242
1157 1216
49 155
52 238
330 369
1086 1344
88 140
290 469
15 221
830 923
822 916
1156 1278
869 915
574 728
840 935
572 662
597 642
339 377
269 380
1138 1356
11 184
1128 1304
596 647
1107 1267
63 235
536 639
57 244
863 911
12 217
310 370
861 967
42 209
303 421
49 175
1137 1256
267 420
1156 1390
1146 1223
1091 1343
58 195
277 419
819 989
95 165
1142 1368
850 908
530 701
83 197
535 702
98 128
66 163
1112 1391
1113 1291
813 976
91 210
33 182
585 679
829 908
1173 1274
315 379
299 440
316 409
1184 1380
847 930
86 140
591 657
853 969
533 676
48 204
91 165
31 224
70 176
1164 1389
800 1010
86 224
854 946
5 161
1133 1380
1171 1371
321 445
1162 1440
817 927
540 703
830 991
338 382
577 656
1170 1396
800 995
544 706
592 678
1157 1233
1168 1408
541 697
1141 1410
329 368
86 164
316 451
294 431
92 200
1136 1298
311 400
307 415
38 149
531 632
876 933
56 247
291 403
546 724
300 404
66 141
84 221
1161 1279
599 666
286 457
581 659
1132 1423
73 197
27 208
594 669
48 233
270 465
73 212
1084 1313
4 166
12 192
872 1004
34 217
1086 1239
803 941
322 410
800 961
556 695
1189 1306
847 959
596 638
524 705
2 224
1155 1343
1090 1293
39 156
587 671
532 634
817 930
278 467
1152 1323
304 391
560 687
285 401
59 159
333 406
810 973
535 725
1161 1382
338 419
1086 1407
1111 1362
880 1008
295 422
94 230
52 141
553 638
543 636
326 425
263 369
852 958
831 936
813 933
815 1004
560 713
327 433
842 953
14 211
1140 1323
1143 1369
338 405
270 422
596 678
1116 1433
828 941
594 631
584 671
262 433
329 385
831 977
595 649
13 127
857 983
293 393
553 651
584 647
1122 1425
1099 1271
330 459
323 438
827 947
545 647
849 957
1167 1416
1 160
288 455
318 462
1112 1346
1118 1365
596 715
35 212
90 199
575 697
576 727
827 949
321 468
265 467
560 666
20 213
51 216
314 404
825 933
853 991
844 983
589 723
843 986
530 647
62 134
560 651
1138 1363
320 436
1168 1289
1114 1320
10 221
1163 1283
556 730
807 937
811 961
336 378
74 153
1132 1422
1097 1274
869 923
1190 1311
33 179
860 910
306 398
323 461
800 976
871 973
876 907
555 664
58 131
16 202
820 984
316 449
578 694
1095 1285
843 922
1098 1302
90 234
562 702
3 242
7 188
1185 1228
826 926
40 171
273 466
535 696
1152 1259
875 930
581 684
852 943
1134 1288
804 983
859 954
528 642
581 631
27 143
1170 1322
817 972
1104 1348
598 705
523 719
805 1008
76 220
804 997
817 949
836 912
10 192
535 718
314 371
75 210
58 201
1187 1227
340 460
48 181
20 133
277 434
1124 1230
855 945
73 138
1139 1240
820 973
81 141
1119 1360
284 465
326 414
577 647
332 377
9 228
839 992
1134 1374
291 377
68 198
57 133
1107 1315
814 963
1165 1348
855 914
1133 1330
43 133
310 397
855 907
824 986
88 162
840 978
338 436
521 724
281 451
599 682
806 918
65 141
857 933
320 419
321 375
847 923
1098 1351
336 373
539 641
589 640
548 697
1 166
24 215
295 401
321 451
62 152
550 701
565 709
1091 1319
543 713
1086 1425
42 214
273 446
22 125
822 1001
811 988
582 695
265 387
532 702
275 379
1092 1241
51 130
31 219
824 913
79 132
332 468
1108 1345
861 921
1102 1277
328 466
1144 1429
1164 1261
880 955
547 691
837 961
336 372
593 661
12 211
82 193
523 702
51 131
874 990
527 716
306 451
1109 1226
827 962
598 677
817 996
828 941
52 191
6 218
540 647
859 960
1146 1253
578 628
1088 1403
800 1004
564 652
54 239
559 686
1170 1258
573 724
561 683
586 643
1115 1425
62 150
25 138
849 908
1141 1382
1168 1405
593 651
1178 1281
876 1001
1147 1265
68 177
293 437
339 366
92 157
264 421
812 1000
880 940
312 392
802 922
841 914
275 378
547 658
833 931
1101 1221
267 448
49 177
87 208
48 162
1132 1299
587 654
338 423
1124 1406
845 1000
1118 1323
559 645
1105 1261
807 964
1148 1420
93 189
293 370
26 161
1170 1383
58 187
86 146
837 992
285 374
559 729
1175 1366
94 240
532 670
36 135
303 443
1133 1303
338 395
1117 1422
1089 1430
520 677
26 147
285 416
89 247
1091 1256
876 914
268 404
65 203
280 408
83 241
1143 1338
1151 1338
288 396
540 680
816 927
326 418
316 372
592 697
278 469
1162 1337
1147 1224
41 189
803 916
9 239
523 663
833 985
1105 1228
581 715
1125 1371
572 625
1142 1422
1105 1229
531 727
284 387
270 372
559 696
276 387
1109 1250
301 430
546 670
864 906
49 224
330 383
522 678
1116 1363
1121 1357
79 221
1145 1313
336 387
559 693
288 445
301 379
823 991
524 633
97 232
45 236
1146 1244
1165 1403
827 1008
832 918
590 695
261 379
81 232
552 695
1112 1281
557 705
1125 1334
10 242
75 179
271 443
1093 1341
553 653
1137 1377
595 653
330 446
870 1003
817 973
322 378
875 927
867 998
527 700
854 912
548 675
534 706
85 129
293 385
1177 1353
1107 1241
546 630
1185 1288
1186 1330
823 966
38 163
305 464
72 157
873 986
51 177
1168 1226
828 979
1 139
290 406
65 173
283 405
548 645
331 372
92 220
563 625
288 396
1171 1281
337 396
832 1004
11 175
59 189
1152 1327
1168 1273
7 199
295 446
87 223
1126 1248
79 240
840 977
857 998
802 1008
581 648
331 443
578 677
331 411
294 463
280 376
1124 1260
818 906
48 129
71 242
1172 1228
1118 1366
1080 1339
1099 1335
845 990
826 919
76 243
537 730
1166 1306
1139 1272
859 993
292 381
532 666
1155 1379
830 984
801 956
879 1002
337 369
296 367
802 943
572 691
536 699
579 668
811 1004
591 660
5 245
100 172
45 130
555 629
265 455
864 976
1188 1411
857 974
1149 1296
838 908
852 980
338 439
1188 1325
282 461
523 710
281 427
1131 1301
1126 1419
541 684
36 155
1137 1414
280 456
821 942
542 701
1124 1403
306 422
527 669
284 440
1152 1301
576 660
2 239
1147 1424
308 372
804 939
333 429
95 169
533 628
262 376
1107 1420
877 925
314 424
55 196
303 381
1144 1273
263 388
579 651
563 660
1132 1291
836 981
1105 1317
828 914
580 729
825 912
1154 1330
809 996
263 451
287 373
1139 1269
0 185
327 426
568 682
847 963
307 368
1097 1252
292 436
303 434
31 189
23 138
328 428
528 681
286 389
809 986
309 398
573 728
81 150
536 657
281 438
858 968
845 933
274 463
299 414
577 666
333 452
262 460
308 391
581 627
311 419
1173 1304
49 125
1085 1406
315 467
858 946
814 982
871 942
864 936
45 146
333 455
529 639
1146 1350
322 369
862 984
31 200
560 710
583 643
1189 1223
587 633
289 371
527 642
850 1004
1115 1349
838 994
293 419
306 394
867 915
1130 1268
84 128
527 663
5 231
309 418
557 683
555 716
830 970
873 990
823 950
1128 1377
858 953
276 458
330 421
1141 1281
1100 1221
35 243
579 633
862 936
537 728
1177 1340
272 403
590 647
1148 1424
88 154
1176 1383
6 220
1087 1411
551 682
314 439
326 455
318 372
1150 1280
33 185
1152 1311
803 940
1112 1253
315 397
1183 1243
812 961
836 1000
310 424
26 186
319 412
326 435
292 414
97 226
1132 1304
877 1010
337 377
75 206
550 705
280 370
836 964
853 991
1169 1406
873 909
83 127
1120 1301
837 972
1098 1260
809 935
578 637
324 444
562 663
6 128
313 467
98 199
819 1005
81 168
1090 1355
522 721
1080 1429
532 703
1172 1313
1176 1346
836 965
839 977
819 913
848 939
319 422
1163 1369
338 377
1160 1233
298 389
1152 1326
311 377
572 711
549 710
588 667
570 680
533 625
868 972
340 455
846 967
294 374
1166 1288
265 374
540 674
864 968
1093 1322
855 954
50 135
851 946
576 671
28 132
1106 1425
47 207
529 704
1143 1245
863 936
312 399
858 969
316 436
94 144
33 224
561 632
564 637
526 682
1154 1395
597 718
1180 1317
276 390
86 229
2 225
807 987
1151 1413
1148 1430
340 372
535 720
311 447
1135 1246
537 695
309 408
572 675
267 413
1160 1297
557 720
1148 1359
1182 1334
876 946
54 195
559 662
567 679
851 992
594 696
829 1001
283 459
831 980
44 170
77 194
819 1006
561 699
325 457
843 909
1173 1418
60 200
806 942
532 726
1161 1414
54 129
336 405
823 915
868 954
1177 1399
326 421
552 636
16 154
1135 1313
79 159
308 448
301 429
79 164
305 419
1088 1279
338 438
823 973
1152 1362
337 410
4 228
306 429
23 147
1186 1284
584 689
585 643
814 994
1190 1314
875 923
82 125
287 394
281 439
284 468
801 1009
555 682
260 428
584 652
271 408
844 912
326 410
1169 1294
0 128
32 187
313 409
552 632
27 223
3 194
536 679
1082 1326
321 453
561 706
586 670
17 205
303 452
843 927
559 663
90 147
61 222
67 160
307 435
1 207
547 658
82 213
83 187
829 972
301 386
1107 1280
48 141
1099 1357
303 415
547 668
866 978
1170 1313
1114 1238
313 447
546 657
521 700
1117 1233
551 705
857 969
593 698
1082 1383
271 396
559 649
1122 1354
312 449
856 948
331 438
521 631
264 424
590 689
879 1007
293 418
820 945
812 942
338 406
8 206
864 975
314 414
88 171
56 158
545 719
1162 1390
10 146
36 159
1094 1266
572 697
521 651
336 365
1182 1244
1139 1317
18 175
828 954
600 717
817 1004
804 995
825 992
85 197
859 989
820 961
1188 1372
556 630
294 385
336 413
88 192
24 161
567 655
1176 1269
539 645
810 985
594 686
72 128
835 914
1150 1317
569 721
1190 1228
858 958
1183 1345
50 241
862 912
1187 1401
574 675
37 161
581 638
21 231
326 430
1120 1231
305 372
80 136
820 985
550 728
58 212
857 937
1109 1251
838 1006
1121 1335
1113 1280
79 207
292 365
92 193
866 1004
328 410
64 154
36 229
298 453
1167 1420
567 702
854 989
583 690
542 725
32 245
330 393
568 722
808 928
327 423
867 999
65 179
51 200
835 908
315 444
57 207
1103 1423
859 996
1120 1338
558 663
1114 1296
70 241
94 200
264 370
560 626
100 157
69 195
1141 1418
570 630
313 416
1160 1375
9 209
96 232
559 693
862 966
576 706
570 682
573 724
811 955
829 905
554 698
95 128
1174 1269
565 637
867 905
860 939
809 907
807 1005
54 180
836 975
99 144
1116 1431
1173 1265
532 672
90 247
849 968
59 162
813 976
288 408
858 927
569 645
291 410
1107 1356
845 951
1153 1414
535 625
269 409
281 404
1172 1412
586 670
550 671
880 936
810 912
310 366
538 626
584 640
277 374
5 203
1135 1293
1099 1329
1155 1349
1117 1303
54 153
570 707
39 152
35 155
567 707
59 226
310 452
96 232
547 668
564 706
1176 1236
284 391
284 467
871 949
317 437
595 636
553 689
340 378
1143 1437
815 995
279 420
281 440
848 949
22 165
1164 1433
1143 1386
1188 1404
266 394
84 154
575 714
544 697
570 727
23 244
838 961
849 950
524 730
819 939
87 138
269 414
336 433
530 634
290 464
543 699
880 970
827 910
878 992
93 192
333 430
307 456
310 375
857 977
834 953
856 919
560 689
522 670
813 937
62 211
284 393
820 963
565 675
1113 1267
319 445
53 138
560 717
1136 1365
806 946
271 413
26 218
23 218
553 702
65 234
59 144
262 406
323 416
272 397
847 972
539 694
1140 1230
867 939
339 458
549 653
320 377
287 454
1098 1305
1099 1364
576 663
1084 1221
60 215
873 918
33 164
1188 1400
1081 1393
535 630
556 656
804 913
1158 1272
325 463
62 197
270 445
1095 1411
1182 1267
545 629
806 906
833 916
77 128
537 672
1131 1221
582 714
869 973
69 223
36 205
849 923
538 715
821 986
329 468
526 635
286 411
266 437
39 141
840 992
91 134
1140 1247
1175 1401
586 730
325 452
1122 1426
867 928
330 431
822 925
51 199
558 681
1100 1317
294 384
801 929
96 195
278 394
78 245
573 727
297 441
336 373
49 177
569 635
338 380
862 980
526 668
30 180
879 945
1168 1312
67 139
49 227
1119 1249
823 935
531 663
326 467
1098 1366
527 627
340 426
524 698
85 238
291 413
804 921
18 156
848 906
65 214
32 160
535 681
320 365
835 916
849 923
566 657
14 232
272 391
524 668
813 918
1176 1415
261 427
540 698
1157 1423
827 986
1127 1331
1162 1360
856 917
1080 1311
293 429
558 671
564 719
863 941
36 126
879 984
1112 1218
1172 1325
78 151
1124 1364
286 458
1134 1331
40 166
1115 1325
833 945
35 135
1173 1394
1158 1246
61 185
1123 1347
282 456
1083 1417
584 642
550 728
290 374
809 928
811 998
13 156
559 721
1126 1246
64 191
802 973
851 911
1098 1431
832 953
6 225
1100 1318
29 144
853 921
524 715
305 367
872 956
16 207
62 200
529 659
318 447
808 990
558 659
1184 1324
849 936
801 933
820 913
24 220
817 931
277 392
542 632
1151 1269
585 629
1152 1416
1096 1356
305 451
1131 1398
336 377
320 399
27 200
1086 1310
13 147
34 236
1147 1237
273 386
572 648
329 469
1188 1380
1123 1269
60 150
544 730
842 916
524 689
278 387
823 975
8 243
552 700
288 411
1083 1322
1110 1377
555 653
806 977
307 467
1187 1383
29 175
277 444
1179 1412
28 183
595 638
849 942
600 641
1125 1397
23 229
29 160
1128 1269
803 907
90 183
1180 1260
297 440
47 141
555 651
338 440
339 427
10 150
522 645
536 654
856 918
296 413
582 715
575 648
544 629
839 985
811 967
551 665
65 210
1169 1276
866 966
26 186
325 437
328 436
866 931
302 387
827 927
293 413
600 655
542 628
313 408
584 657
1158 1297
1143 1288
588 705
43 191
1173 1346
864 989
26 172
1150 1268
1131 1272
1105 1323
816 968
817 908
829 931
307 413
861 963
13 129
560 705
543 642
336 428
289 373
1124 1350
62 153
1113 1235
569 658
1179 1420
847 963
33 219
1091 1236
71 178
1148 1380
307 410
51 132
860 988
529 710
563 687
73 144
596 670
331 417
1159 1438
55 163
817 966
573 650
269 463
578 689
842 969
1114 1350
813 977
18 146
313 457
86 136
99 234
1129 1352
556 683
61 192
303 435
594 634
281 444
817 905
528 692
804 963
1097 1426
66 136
834 991
1114 1333
1128 1399
39 143
862 995
62 239
75 177
290 440
1110 1335
1095 1418
1136 1380
589 709
307 430
312 411
867 974
2 170
283 466
579 664
39 133
556 637
866 987
263 375
862 933
588 677
331 396
538 719
853 986
558 715
817 917
282 460
550 633
539 696
300 368
820 963
823 1009
1084 1363
1175 1309
1116 1225
294 396
869 919
1165 1295
592 643
580 664
848 928
546 729
330 393
326 450
839 958
1140 1280
1152 1383
81 143
50 193
320 412
831 924
326 450
81 189
23 126
841 985
37 191
272 384
1180 1424
824 955
288 425
1128 1319
94 204
854 1004
340 377
853 966
1184 1239
800 946
306 462
93 194
819 966
330 435
1129 1238
845 971
291 419
536 692
284 460
94 145
533 645
820 1006
840 939
1086 1261
857 990
274 462
79 247
68 175
18 192
264 445
85 150
1106 1247
572 637
1164 1316
862 921
1147 1331
842 999
526 665
537 686
272 469
596 696
1183 1218
78 145
282 440
0 218
530 686
272 383
823 980
88 202
1 191
826 907
327 399
1171 1432
1090 1396
5 131
338 376
812 953
1156 1224
294 408
83 223
1151 1333
849 990
1163 1430
1105 1336
0 155
264 456
871 990
77 161
1115 1215
87 128
28 151
562 716
800 957
1115 1400
586 664
48 209
825 944
827 971
308 456
282 390
85 179
11 175
1121 1380
63 174
1132 1309
1166 1386
1082 1339
73 150
1099 1319
1098 1372
320 402
280 443
25 233
578 705
589 642
47 181
49 135
13 215
304 386
1100 1219
1156 1281
845 911
878 905
812 907
551 709
89 125
845 924
838 1002
291 447
543 708
831 911
856 981
4 126
48 143
28 175
261 394
52 248
824 954
527 685
64 193
300 371
27 166
29 219
1116 1371
558 718
10 191
557 628
94 137
1129 1352
1173 1382
333 446
563 719
843 942
868 920
815 939
830 961
859 997
263 457
43 220
21 245
23 246
1103 1289
33 204
302 431
80 235
100 142
581 728
61 183
273 383
38 234
565 684
15 175
279 470
292 384
811 1005
568 687
21 202
1134 1307
288 408
42 153
324 440
275 415
521 699
273 425
328 431
275 388
865 974
4 220
268 430
316 420
320 446
51 151
321 450
589 662
540 653
539 636
568 726
1134 1437
1157 1356
57 182
269 419
1096 1361
1093 1282
868 913
269 455
831 936
88 182
1145 1325
287 366
306 404
327 440
578 625
42 185
82 158
574 714
546 711
524 667
305 396
859 979
572 631
821 954
339 451
592 693
1162 1257
870 928
272 436
56 199
330 421
526 689
1082 1323
1178 1300
858 961
270 381
587 671
1129 1270
873 1003
70 146
16 211
525 728
813 916
284 459
830 1000
587 720
862 928
312 379
600 703
88 242
71 247
8 200
54 196
23 208
821 1000
1100 1430
567 645
563 723
334 469
288 383
77 172
291 387
531 697
817 987
269 404
1124 1334
23 231
34 248
572 690
323 412
36 180
93 179
49 213
834 916
1182 1418
1150 1347
271 452
21 230
35 134
1125 1292
59 190
269 453
541 721
305 402
284 457
872 922
1159 1222
864 966
32 215
54 250
80 159
1094 1392
299 399
22 154
1174 1376
848 915
1140 1377
565 704
865 999
73 249
314 375
333 428
530 657
548 721
819 997
850 936
531 658
337 429
842 939
45 239
288 451
1189 1381
317 385
539 702
586 634
565 653
582 630
547 680
263 386
85 213
1130 1257
1178 1225
1107 1437
275 398
55 226
563 685
562 674
278 429
598 675
12 227
1154 1314
1085 1424
821 958
861 977
59 134
320 461
808 943
51 208
1135 1420
42 176
579 660
289 460
278 449
1179 1229
1091 1328
838 991
33 213
533 695
1095 1356
93 209
587 721
300 380
269 450
303 377
1152 1325
273 462
561 667
27 148
339 470
1155 1258
856 935
62 243
80 143
815 946
321 418
586 655
581 649
1177 1422
550 625
13 184
845 949
847 957
1161 1331
557 660
868 953
1172 1361
858 979
861 962
16 188
813 990
1091 1386
853 979
807 921
49 203
586 660
307 436
552 718
294 443
856 907
557 708
1172 1293
577 671
819 914
1183 1237
567 648
98 230
42 218
850 977
865 943
841 946
1114 1311
300 395
1137 1267
22 187
523 694
586 727
520 649
66 151
567 673
537 653
552 725
266 437
588 694
316 373
269 383
530 707
1126 1373
1129 1368
260 372
1152 1425
1090 1317
803 930
18 193
279 380
333 382
1106 1301
36 189
1148 1350
823 950
313 427
533 701
850 920
880 946
84 139
826 982
563 665
1139 1265
28 186
312 460
880 1003
832 975
1111 1264
284 425
285 462
537 662
100 142
847 960
580 665
12 141
1096 1291
1087 1253
284 370
523 716
286 419
9 181
1093 1403
546 653
1107 1249
52 221
592 685
265 390
54 170
290 412
546 631
832 947
875 922
549 673
1176 1248
304 409
74 195
1111 1303
536 648
1186 1300
16 136
18 206
560 694
577 708
813 972
93 195
879 941
577 675
332 393
1154 1219
597 696
835 924
317 423
834 918
76 145
267 433
57 188
28 167
270 460
308 387
284 399
326 467
19 207
78 218
325 369
330 454
1142 1280
1089 1250
336 449
1158 1338
264 455
87 225
543 684
304 453
32 138
857 993
854 932
1181 1308
275 397
1147 1411
867 1005
566 719
322 386
551 705
559 728
32 198
69 249
1145 1357
880 971
317 450
330 464
805 924
833 914
1094 1304
546 713
328 396
89 177
307 391
567 695
1096 1405
820 982
326 367
876 907
567 701
1177 1378
1106 1219
271 456
530 633
1169 1397
578 685
266 376
859 942
599 671
811 962
56 243
33 230
52 243
58 193
337 366
582 681
567 686
69 184
874 1004
553 679
314 464
853 938
851 909
806 1007
563 632
1162 1378
1121 1393
286 391
328 381
1186 1421
1153 1326
266 395
1122 1295
99 188
1181 1377
316 365
847 983
297 440
1182 1372
533 651
1166 1365
580 702
1097 1344
100 166
1175 1355
85 163
98 205
19 236
561 650
1179 1365
858 935
331 469
339 394
1093 1301
819 997
65 239
595 676
296 431
534 660
84 136
841 943
18 179
97 232
89 142
79 202
80 208
4 235
1152 1237
14 174
569 625
45 135
31 125
34 172
547 690
5 156
1082 1225
295 423
563 640
1105 1290
538 658
536 720
581 648
533 722
862 938
1142 1296
1142 1226
809 977
288 381
271 368
300 454
560 646
59 183
582 665
35 242
1118 1410
563 674
272 422
83 228
283 368
869 995
287 463
536 635
1158 1353
588 725
871 995
857 961
1135 1267
1173 1406
1118 1239
1123 1231
58 216
800 985
1084 1341
564 643
805 909
570 722
1167 1269
857 968
307 373
307 396
1169 1224
84 173
328 415
1152 1315
1158 1418
846 980
562 722
323 439
95 157
856 909
69 159
521 650
1097 1327
1178 1267
328 401
1188 1421
269 437
89 182
1154 1285
548 716
1132 1229
800 1003
562 702
268 448
26 165
829 911
320 437
573 685
837 962
284 418
329 378
825 1000
1119 1273
336 413
572 681
553 709
1147 1224
69 204
68 177
312 432
73 181
18 232
831 930
596 682
6 185
278 378
829 917
874 952
301 421
878 948
579 716
847 943
1101 1404
19 156
58 246
809 965
579 707
308 452
598 701
1129 1314
585 699
330 394
65 243
1131 1226
530 730
303 429
61 228
874 979
840 983
814 983
865 961
533 694
802 995
879 944
266 436
93 133
45 159
591 700
833 967
320 402
1143 1295
321 377
100 245
1143 1330
8 221
1157 1254
1149 1385
521 659
810 952
1115 1381
838 921
845 927
269 451
274 403
573 681
283 452
288 402
858 918
340 373
828 936
76 228
562 658
1131 1258
329 447
89 228
265 459
565 672
847 957
323 425
859 913
539 701
335 453
866 1006
1088 1422
267 370
528 660
557 630
865 920
573 687
54 187
857 965
320 432
584 662
821 994
300 390
546 668
1147 1260
264 369
550 713
813 964
73 154
339 461
1121 1229
1158 1419
851 983
6 198
803 955
846 926
268 420
845 1004
827 940
1120 1278
587 664
525 634
100 217
1150 1250
801 989
594 687
552 678
1145 1354
838 941
546 698
298 376
804 946
0 143
86 176
49 232
262 437
538 727
1120 1344
280 449
847 981
1130 1331
83 199
23 178
36 230
1156 1324
599 675
533 630
1132 1262
539 677
60 244
870 927
273 388
1096 1368
1086 1339
69 192
270 444
276 371
47 181
298 456
340 430
29 143
321 443
565 711
28 194
1115 1423
805 996
851 913
580 720
580 669
534 659
324 421
273 452
322 443
550 656
813 910
13 244
84 148
843 1007
548 711
1159 1330
21 218
576 638
832 915
68 140
1111 1353
83 207
304 448
595 701
302 369
859 997
1177 1372
302 398
839 978
816 919
572 651
47 196
329 379
306 464
287 459
336 458
1123 1291
315 366
874 917
50 198
323 452
48 187
65 192
295 448
1130 1371
878 964
554 643
834 952
1110 1268
573 715
1144 1267
1173 1294
300 379
1124 1284
845 991
278 379
847 978
857 955
596 659
1080 1249
553 685
844 1006
550 644
1131 1257
1154 1329
830 1006
559 699
848 975
587 630
1167 1284
292 399
836 990
40 152
72 136
530 696
100 184
807 923
577 725
270 420
60 208
75 195
824 963
57 235
840 910
1184 1317
2 138
1186 1356
871 933
82 217
866 975
846 991
275 436
1104 1392
321 464
856 960
1160 1240
95 191
529 729
810 982
844 960
57 233
811 977
1159 1417
1106 1402
300 406
290 462
1120 1332
37 147
549 710
596 630
814 988
1089 1262
840 916
329 368
801 946
8 207
863 994
555 709
877 988
56 184
292 451
1163 1264
1131 1297
337 404
16 218
807 969
329 455
281 381
526 650
589 727
46 160
1189 1308
89 234
41 142
880 977
531 716
301 429
72 229
1189 1257
325 446
826 995
572 700
72 135
294 458
1 211
536 729
320 419
821 929
819 928
1185 1224
820 983
834 985
1106 1356
309 439
50 149
560 641
801 912
532 684
874 930
3 146
264 412
54 140
309 400
1166 1435
5 152
860 991
1090 1219
576 641
839 989
849 975
304 375
1128 1261
1164 1297
877 991
1173 1402
306 430
843 971
856 932
51 143
547 713
863 987
867 946
305 407
523 647
10 176
522 657
843 992
1093 1417
534 649
809 950
340 420
62 250
566 635
1145 1405
306 428
272 465
543 707
1103 1326
870 996
836 905
1134 1254
1158 1224
1174 1355
1121 1438
552 691
834 971
809 927
284 402
294 389
1085 1363
548 703
860 957
543 627
875 973
1139 1320
823 913
825 1008
22 197
98 178
25 207
20 127
1176 1299
1188 1370
852 923
803 969
271 444
268 397
801 980
838 945
531 664
876 931
566 726
841 988
28 151
1101 1277
271 374
1179 1417
1090 1234
319 371
90 221
82 216
76 239
325 402
327 458
1164 1387
265 372
1178 1286
55 207
1150 1413
43 224
841 913
575 681
594 681
872 976
320 382
826 934
92 129
526 668
570 701
874 932
816 932
1103 1407
38 134
307 431
333 442
1178 1316
73 197
839 938
851 918
1189 1411
566 710
578 654
563 720
44 240
1133 1427
29 126
843 941
86 199
43 153
846 912
278 459
837 978
806 905
567 673
832 984
547 660
338 370
570 691
1185 1240
872 905
278 411
1092 1277
862 993
96 174
44 142
296 376
267 389
260 447
337 450
522 716
301 406
803 911
306 446
287 444
308 415
265 383
854 972
553 630
844 935
1104 1332
1156 1314
23 186
554 699
37 175
853 924
870 978
64 134
878 971
805 973
288 380
804 962
75 241
319 399
861 1003
311 376
1098 1313
807 989
4 210
54 226
332 369
566 634
319 430
1096 1223
567 698
870 990
1170 1254
593 667
1182 1242
8 162
854 954
812 930
820 906
854 909
570 680
543 690
840 963
526 679
49 143
281 438
310 385
1083 1265
846 991
294 366
837 936
866 913
28 185
312 470
97 152
578 680
49 192
95 125
76 244
311 397
1099 1259
1147 1249
861 959
26 177
1091 1366
820 1001
1083 1343
298 462
297 417
281 372
25 161
336 399
1174 1242
334 390
827 940
868 911
802 912
860 987
304 425
66 171
589 645
270 418
1118 1402
305 373
1099 1342
850 911
300 448
592 710
86 220
867 979
569 679
836 976
590 729
876 912
576 716
312 367
31 146
333 422
1091 1364
1100 1436
867 907
1102 1339
298 405
1188 1439
1183 1275
1106 1270
306 423
524 717
853 929
1117 1418
807 941
67 227
99 149
586 630
1102 1371
859 912
9 151
304 414
271 370
1089 1225
1166 1405
860 943
1 193
55 217
1152 1253
49 245
808 985
807 979
320 467
1179 1363
805 974
565 665
877 942
10 224
1145 1319
862 979
91 236
298 441
288 407
16 210
824 953
1083 1270
840 949
1189 1376
540 704
808 985
524 660
97 154
1140 1374
301 367
854 985
590 647
276 445
1100 1357
313 467
283 386
291 370
1126 1360
99 235
1165 1276
1170 1423
44 157
587 693
1117 1267
19 203
1148 1218
1162 1324
874 949
333 371
1092 1302
1145 1392
866 969
535 700
578 697
1109 1279
285 369
296 403
36 132
294 419
325 468
54 134
293 444
273 443
532 642
570 727
1155 1254
521 686
74 133
1132 1219
584 712
842 1001
55 170
94 148
1106 1439
817 984
90 191
824 907
3 249
1166 1328
336 404
553 628
862 992
582 728
805 912
531 644
598 629
550 708
298 375
1145 1436
574 653
813 1006
877 936
44 215
51 200
271 371
95 196
12 193
58 203
595 647
527 649
37 239
35 140
862 924
291 373
1132 1397
821 939
333 366
816 962
65 207
92 230
275 392
823 907
320 410
1163 1303
339 407
860 978
529 691
879 931
54 129
583 632
4 144
269 462
303 399
544 626
74 201
289 459
100 129
1114 1359
1109 1264
806 976
69 225
820 943
278 467
69 131
806 919
274 441
1086 1392
584 712
559 706
79 174
18 144
815 945
803 961
821 940
1154 1285
545 684
586 628
580 712
1120 1293
72 189
867 972
40 145
875 981
1171 1402
1090 1369
49 223
299 459
268 410
1097 1345
527 626
1103 1362
1115 1411
35 189
13 225
86 177
332 404
527 677
574 730
524 707
548 646
538 684
0 163
821 961
1132 1338
60 221
300 452
1145 1227
854 971
1118 1386
302 432
1146 1374
75 167
310 445
309 396
75 184
533 664
1164 1426
334 447
568 696
84 214
86 168
837 979
85 153
575 650
5 184
1183 1371
57 127
599 651
843 974
836 1005
535 690
1102 1215
826 924
855 999
851 1004
278 432
854 919
574 639
332 393
75 226
570 669
576 666
1104 1277
294 458
48 175
91 139
850 926
1122 1388
866 971
838 925
820 977
576 707
277 384
1174 1433
52 145
5 173
576 632
318 414
566 633
815 1010
1155 1439
564 714
37 241
1137 1244
825 941
589 713
58 243
45 201
853 951
68 149
1088 1331
292 403
558 644
535 711
850 1001
864 995
526 649
67 140
1147 1325
829 957
801 908
1131 1397
532 670
325 403
581 645
1122 1272
270 442
83 205
86 186
308 407
853 937
302 367
79 242
854 959
1188 1240
809 910
46 245
851 973
1167 1341
524 662
800 916
831 992
864 920
289 417
298 451
42 157
89 178
8 227
846 931
310 382
91 199
95 236
839 957
78 210
1136 1335
83 221
1171 1360
528 665
288 366
294 430
545 633
1160 1394
804 939
31 201
576 640
521 728
585 675
1082 1426
522 693
566 629
25 223
6 241
599 631
1101 1425
540 646
1152 1428
270 377
1134 1417
332 377
582 657
61 227
1164 1408
1100 1222
42 235
845 979
856 990
62 217
335 388
860 934
19 193
1104 1306
540 710
807 1003
1178 1297
286 405
2 174
1108 1239
591 650
597 664
856 949
833 968
25 174
821 918
91 222
1092 1327
1131 1389
90 244
594 653
311 449
1171 1247
285 393
1096 1392
870 952
37 233
49 125
812 925
325 447
565 716
545 705
308 366
51 143
1166 1336
530 676
815 933
335 466
88 233
312 390
17 140
303 424
3 127
1125 1414
880 949
800 921
563 691
580 717
75 180
586 699
270 410
1180 1383
63 137
21 201
283 411
856 1003
1172 1295
86 215
1081 1433
281 392
43 241
30 236
827 950
555 633
57 165
295 455
327 392
1099 1357
820 998
55 211
86 208
6 140
822 939
1107 1274
329 423
879 950
1136 1341
311 466
542 716
874 954
1142 1407
827 940
851 915
16 248
565 685
585 660
801 990
843 933
79 243
1125 1225
1083 1315
1125 1407
48 171
1181 1354
1115 1352
327 386
277 385
31 249
1185 1262
43 248
301 392
1188 1307
520 693
314 459
856 979
853 1008
558 676
261 376
1162 1273
1092 1353
819 985
537 724
577 721
1096 1318
1163 1222
99 149
281 394
862 958
95 143
312 455
277 463
5 229
819 969
520 678
820 954
876 937
299 420
809 932
65 215
81 205
52 208
1099 1245
70 236
868 943
561 635
1122 1284
60 225
551 714
28 212
1126 1346
17 226
560 631
1163 1216
524 719
1143 1234
88 147
1179 1405
834 979
548 726
293 366
548 629
23 160
265 458
4 135
1097 1389
854 968
804 1008
310 415
807 907
1155 1260
859 971
816 951
1183 1434
805 974
533 643
841 952
846 937
815 972
1188 1220
11 186
1147 1249
1176 1318
857 992
577 706
25 189
34 194
526 716
321 382
1182 1351
581 682
533 720
589 725
1185 1221
70 159
599 721
555 675
878 906
78 157
1136 1222
568 708
88 152
526 694
260 422
22 159
19 190
19 222
17 142
1167 1238
831 919
1104 1431
573 636
554 663
1 246
590 656
860 913
60 146
859 998
36 199
866 974
281 389
1143 1282
1117 1376
560 726
16 189
73 198
1130 1305
20 214
1163 1326
824 1001
263 381
550 694
33 191
312 434
1136 1271
813 975
0 175
561 692
1096 1258
333 404
563 710
596 707
330 403
843 914
556 693
553 634
843 908
89 232
561 663
1171 1235
588 662
1090 1428
314 414
841 998
293 411
584 632
853 970
333 401
544 712
93 143
271 384
1141 1324
337 378
22 134
340 443
1120 1294
876 992
87 188
334 462
281 434
530 712
66 226
861 910
557 680
807 956
66 234
1081 1326
309 392
316 464
283 420
99 171
582 636
35 174
56 151
1107 1390
21 222
56 192
542 705
584 647
318 437
6 185
537 679
542 730
807 915
337 405
557 715
75 175
311 451
274 368
841 935
823 1003
593 635
834 1001
309 442
521 707
337 411
858 981
1174 1400
1133 1271
579 663
1167 1301
279 365
1082 1324
332 445
1140 1264
40 135
98 173
818 953
264 400
273 449
316 405
1141 1337
39 222
871 1004
556 719
36 153
16 131
31 142
541 725
66 220
1085 1310
1152 1375
596 629
807 1003
541 695
808 927
1130 1218
309 396
863 939
541 726
847 965
571 633
329 456
802 921
1093 1373
14 205
38 206
537 687
262 461
1114 1331
834 929
595 656
831 987
534 636
1087 1236
862 974
4 138
1162 1317
339 373
297 371
1132 1261
96 193
25 129
803 942
842 926
524 700
8 198
544 701
562 631
801 951
1166 1321
72 173
67 161
567 632
45 146
333 444
814 978
1117 1330
573 629
819 1005
562 682
521 650
1095 1233
526 717
62 233
802 930
277 464
1087 1440
264 427
1167 1276
1161 1302
315 444
568 719
528 705
39 144
267 367
803 919
1107 1261
1149 1322
867 956
801 941
550 713
52 140
1113 1241
574 625
17 180
1 135
1177 1245
1186 1241
275 383
45 169
1151 1398
529 628
276 470
833 939
1102 1221
93 169
290 468
851 939
1087 1424
829 940
317 457
309 432
1166 1271
849 943
1152 1283
564 677
1095 1404
569 725
822 969
826 928
1175 1316
828 928
1132 1368
72 129
829 943
572 692
320 457
311 417
263 377
326 402
858 960
272 431
326 465
336 444
1091 1220
594 702
555 626
1083 1291
1146 1215
586 718
809 1006
78 136
1190 1300
42 137
289 383
64 210
521 655
300 413
1110 1426
858 986
297 457
334 398
339 396
1164 1226
1115 1383
1145 1387
1178 1325
567 673
565 708
1101 1233
868 938
820 976
592 666
50 216
865 961
44 237
1130 1402
19 230
1171 1328
557 649
535 696
47 212
331 445
1155 1239
559 645
1118 1320
1189 1228
1087 1269
288 444
803 957
1175 1229
53 142
587 711
290 400
263 393
590 709
47 203
1151 1369
574 724
1081 1381
802 989
847 972
6 173
585 728
277 434
1115 1277
860 980
302 443
75 167
549 693
55 243
569 697
1095 1417
550 639
537 716
824 945
526 639
1105 1253
272 373
325 426
564 645
1115 1417
57 205
809 988
269 447
805 933
834 905
839 1007
29 249
597 629
857 911
554 722
1139 1340
90 154
300 388
98 158
808 911
830 962
44 163
1133 1259
310 430
65 181
333 417
868 973
534 706
560 674
581 699
1147 1225
1086 1265
77 242
849 983
327 443
270 402
79 131
340 376
1154 1333
527 669
297 388
99 193
1183 1327
37 169
806 974
876 958
1082 1410
1083 1374
60 236
865 918
308 458
566 701
1149 1336
19 235
30 137
1181 1431
822 975
51 233
55 213
866 913
263 368
592 693
1082 1221
810 924
803 985
281 433
800 924
539 681
874 950
817 942
1163 1291
277 413
865 946
24 202
1140 1339
307 376
73 207
1146 1331
557 674
1184 1439
551 640
591 629
1139 1382
1125 1277
1114 1303
81 149
842 930
1127 1381
3 212
329 447
804 954
273 428
861 964
827 940
838 970
53 209
559 719
8 225
808 969
867 938
275 416
277 398
28 222
45 235
860 962
858 942
852 982
1095 1367
1091 1421
562 695
1081 1237
33 140
1186 1350
825 988
270 403
274 449
817 995
815 953
561 709
273 423
829 949
851 979
532 724
850 933
823 973
287 409
553 642
858 906
545 632
1097 1397
88 176
1164 1435
867 934
1120 1218
1126 1340
282 369
579 669
1166 1386
82 236
530 643
79 184
872 966
569 685
580 628
93 137
1168 1217
1119 1367
1107 1280
89 149
291 465
33 125
809 975
827 1004
571 720
1140 1232
840 944
0 200
27 157
801 922
1102 1431
271 403
1093 1434
330 390
268 395
849 942
301 389
594 695
544 671
75 193
260 390
834 911
542 697
877 916
18 219
1149 1411
844 962
0 220
263 370
559 720
531 669
802 923
1148 1334
1121 1306
866 1009
861 987
266 377
1127 1403
1180 1283
588 670
31 214
84 199
1089 1282
330 460
855 1002
554 660
55 135
14 235
91 167
290 382
861 995
571 634
821 988
92 134
589 632
1171 1277
1115 1286
864 1009
532 694
525 727
1100 1377
878 958
566 701
857 914
597 677
61 152
313 444
261 441
839 968
265 365
1157 1354
523 625
576 720
10 196
535 726
808 930
829 923
1124 1333
263 464
70 218
537 684
867 1001
1133 1310
804 921
873 959
339 458
264 467
1153 1254
807 957
1157 1378
294 390
300 469
829 942
845 976
339 442
332 389
52 134
573 727
590 656
529 721
1140 1298
569 661
84 214
1091 1355
46 164
534 720
546 710
1116 1422
569 679
838 991
1167 1218
325 392
1171 1357
84 194
310 371
76 193
829 920
815 943
327 399
298 458
852 943
322 456
551 650
62 147
548 681
814 968
320 442
813 916
805 999
327 385
831 907
572 686
591 688
829 981
853 981
2 137
1095 1282
808 921
1099 1225
1132 1422
58 216
1090 1351
1166 1314
834 910
598 647
314 415
844 983
854 959
1109 1387
868 953
564 727
304 464
261 456
78 223
833 944
829 917
297 437
1096 1426
1174 1290
3 189
818 950
284 467
522 677
600 665
323 424
41 188
44 170
842 974
75 204
1176 1280
806 961
1127 1250
528 625
17 175
824 1008
290 415
574 659
1185 1290
41 194
306 450
567 637
834 982
880 969
90 204
9 205
875 951
17 247
295 467
19 165
820 924
532 707
37 200
1167 1336
817 978
88 241
301 400
40 188
53 127
278 467
800 994
308 368
70 199
1133 1420
844 944
815 969
833 957
274 413
338 387
864 961
1181 1253
823 913
584 699
585 659
96 218
1109 1243
79 206
6 209
568 626
57 215
57 136
91 184
860 934
857 916
261 435
1119 1326
300 396
1178 1418
823 974
1096 1388
330 385
600 681
305 375
324 396
281 426
320 442
310 429
550 650
310 440
310 446
820 989
327 405
853 947
834 975
96 189
330 385
540 672
1158 1379
275 398
877 1002
565 705
310 422
1129 1343
1151 1287
1128 1238
856 931
571 690
598 705
586 627
583 713
24 207
266 424
838 986
836 908
0 232
270 451
594 697
267 381
339 427
338 373
527 710
311 465
306 451
599 727
92 180
3 197
280 443
572 658
70 158
325 427
536 648
559 645
334 449
1097 1222
531 663
543 707
875 928
1157 1377
1152 1385
291 382
558 697
307 450
808 985
319 393
48 186
531 718
49 170
10 134
38 220
1096 1432
304 395
848 978
56 236
864 917
842 1005
812 919
800 1001
314 373
843 927
825 963
865 983
600 698
9 235
11 231
270 470
70 246
852 931
275 425
870 996
1111 1346
1091 1373
565 716
270 414
1160 1411
560 712
63 198
597 649
556 651
800 930
1108 1228
262 389
539 650
831 940
531 672
554 679
271 458
591 644
44 134
44 153
1137 1372
338 389
526 675
551 685
527 700
298 453
295 436
858 992
574 637
5 209
821 917
89 232
569 708
587 670
1103 1265
845 993
1097 1299
10 214
808 939
833 1007
591 700
816 993
315 419
61 156
28 203
846 960
856 916
546 703
340 437
329 467
567 683
1091 1357
89 217
69 173
581 631
8 243
29 171
1181 1360
100 224
1109 1355
872 934
269 468
41 189
824 971
819 986
332 410
1185 1269
308 431
810 984
1111 1261
801 991
1180 1348
305 371
339 465
324 415
324 374
831 979
552 711
819 985
1101 1228
13 187
821 919
1147 1372
57 187
842 936
568 635
1140 1238
874 1004
879 969
51 140
325 449
99 208
1082 1398
74 167
1134 1260
534 629
849 946
335 421
523 730
278 417
578 693
551 655
266 469
802 921
1187 1321
826 966
271 434
73 206
290 455
1083 1430
100 137
50 233
4 155
818 1009
334 395
278 437
817 1007
311 369
1169 1301
1081 1395
803 982
1098 1432
53 166
340 417
543 649
868 948
10 135
1157 1401
1172 1290
1183 1256
1157 1334
820 912
322 373
9 211
853 976
331 380
48 131
307 376
337 381
1181 1307
1107 1301
50 230
45 175
321 382
68 183
61 196
1185 1396
1086 1370
1162 1401
823 971
566 634
1112 1367
1150 1376
549 636
37 177
555 659
840 978
275 446
874 1005
1186 1420
53 168
70 194
1180 1381
47 206
1149 1279
1093 1375
834 964
551 639
1188 1402
878 991
1166 1230
300 467
843 980
526 671
1142 1241
578 673
1149 1377
54 141
52 166
1100 1378
70 190
1163 1367
520 721
311 453
555 705
50 202
0 175
294 455
26 186
1137 1277
36 228
1089 1345
584 728
567 626
51 147
599 690
340 469
1100 1417
825 954
524 650
546 631
31 149
848 943
857 961
0 222
64 141
1139 1425
273 443
1084 1403
584 696
267 394
520 640
590 653
857 935
1108 1291
93 237
287 469
54 237
337 423
808 996
828 938
1095 1316
93 246
1172 1320
1087 1241
269 410
76 200
1138 1288
330 399
295 368
60 202
1171 1239
835 922
880 981
819 979
276 400
853 917
75 233
557 690
575 714
306 418
311 444
339 435
848 916
94 131
1140 1407
275 435
1131 1295
547 670
297 447
864 948
872 952
1181 1290
860 945
869 997
836 939
880 987
66 236
534 716
572 641
598 683
50 217
835 984
29 198
554 713
1152 1413
326 392
26 235
592 681
276 460
1188 1240
878 1007
1082 1432
530 649
868 999
860 933
852 998
588 639
317 464
1189 1251
301 454
1156 1413
823 914
270 365
879 946
839 919
531 627
0 159
1141 1238
808 958
850 977
831 941
97 224
575 632
308 409
600 675
333 414
542 718
273 381
265 410
582 628
270 369
15 218
560 686
261 455
1180 1382
61 236
829 907
1107 1220
7 162
819 1000
18 241
3 183
1098 1374
540 709
100 134
314 410
78 248
261 455
306 433
1096 1407
316 413
851 997
545 712
546 669
1185 1396
817 951
852 911
19 149
331 443
854 977
1189 1384
816 970
75 236
806 953
63 172
531 718
295 445
584 685
570 676
35 152
838 971
52 229
1188 1412
268 386
327 413
565 663
844 989
840 905
312 470
8 169
551 657
561 690
818 958
1152 1252
60 246
316 430
23 234
30 147
100 210
316 400
271 381
50 143
1148 1363
582 708
2 196
876 1002
65 173
572 669
278 454
875 943
573 631
57 242
19 220
878 915
822 909
526 718
37 185
85 239
99 132
3 205
320 422
1172 1215
865 915
595 627
13 150
322 382
269 445
850 971
874 943
1115 1249
583 627
547 648
834 966
298 406
526 641
595 711
16 210
45 176
574 665
21 221
858 923
842 941
1148 1303
1088 1385
1142 1251
829 977
800 935
810 944
83 148
260 395
99 149
1 226
1189 1403
1154 1386
53 139
1140 1261
855 973
340 394
325 416
815 997
597 678
815 927
281 387
70 172
67 141
544 694
267 422
67 131
1099 1284
1165 1428
69 197
3 137
274 448
842 941
826 960
829 936
545 717
280 427
2 168
1130 1411
565 698
83 197
528 693
306 436
313 460
26 240
853 915
336 375
535 688
1130 1298
833 946
33 244
525 647
292 380
1145 1385
15 233
30 147
832 961
1107 1414
595 686
556 705
320 458
860 958
1158 1409
818 924
294 420
836 964
267 455
23 192
7 154
575 670
23 198
1154 1411
12 189
68 195
849 1010
864 949
827 947
267 406
62 148
596 677
1169 1402
528 662
328 444
293 445
72 204
1107 1251
825 973
65 225
1086 1293
61 170
856 937
1185 1404
96 154
1103 1257
1096 1407
312 426
1171 1268
284 371
271 427
1091 1306
839 926
1082 1268
1127 1288
27 234
278 445
561 687
1134 1229
542 692
275 425
58 196
854 930
862 981
527 721
297 401
273 470
55 157
809 919
860 954
831 1009
296 367
871 961
536 692
324 450
338 457
548 634
5 216
582 679
317 437
845 986
1166 1402
801 1009
264 376
37 210
79 248
593 713
290 422
37 228
1166 1396
579 702
558 667
28 219
58 222
302 448
46 230
848 955
563 687
569 693
0 139
96 242
99 157
593 680
556 657
65 178
1081 1402
1136 1348
851 985
570 650
811 985
323 367
308 464
555 667
266 443
71 205
832 963
329 387
527 688
1121 1359
554 627
835 912
595 625
1148 1304
57 157
848 995
856 994
286 414
843 986
1133 1414
802 985
814 918
875 1010
78 203
1150 1311
841 952
849 910
830 948
267 394
583 714
550 704
1112 1412
6 138
20 250
44 157
307 403
536 641
21 214
1110 1235
6 192
293 369
87 160
308 407
1107 1370
840 989
854 968
336 426
820 950
64 249
335 387
850 930
309 459
828 965
812 934
536 648
338 382
600 666
267 416
875 1000
1127 1273
1183 1264
91 208
537 715
293 370
1144 1220
319 367
875 924
590 719
298 447
1116 1220
845 972
584 647
69 171
1170 1403
811 975
1147 1270
819 922
1155 1327
552 716
284 375
321 465
810 996
1190 1428
62 160
46 181
90 133
576 715
822 905
289 434
1179 1310
851 971
837 910
87 184
261 385
262 391
1166 1347
561 687
1091 1277
65 207
1101 1406
538 691
846 973
548 665
12 157
543 681
292 435
335 429
594 639
289 407
46 177
55 250
1152 1352
1099 1305
547 656
29 189
870 971
843 975
1119 1246
1142 1418
1153 1229
525 645
32 146
868 968
1094 1308
339 417
84 154
576 711
99 159
1120 1327
339 447
282 424
35 127
846 966
572 669
319 367
569 626
296 458
1132 1352
1113 1219
573 716
1117 1346
559 700
56 205
15 224
814 960
1146 1289
268 441
306 382
67 218
562 666
594 729
814 948
813 928
295 440
836 1009
327 391
311 470
592 682
863 980
819 916
872 978
70 197
596 692
803 970
40 233
24 193
531 683
872 945
858 926
1118 1355
571 651
821 911
98 193
543 633
333 459
84 236
534 634
289 378
524 700
855 937
874 983
1118 1407
587 630
862 1001
1179 1416
813 912
880 945
70 177
868 967
331 445
335 410
843 979
97 245
523 701
1184 1394
320 368
265 405
1181 1313
0 214
0 198
563 721
1128 1397
323 447
866 930
26 247
266 435
576 666
846 971
546 672
834 1003
8 175
4 244
815 985
1110 1349
583 661
879 954
593 678
13 224
1146 1216
92 126
267 444
22 144
276 459
49 211
292 366
268 386
328 415
1122 1427
816 1007
295 367
806 980
591 702
333 462
11 157
530 665
94 224
836 989
289 379
321 428
810 908
18 240
1110 1424
869 939
1108 1353
20 164
1171 1324
316 395
1149 1259
293 419
1149 1229
844 950
80 155
306 401
578 691
1089 1405
875 972
30 164
1120 1355
302 399
877 994
546 650
551 686
841 967
576 657
594 650
53 250
303 466
1153 1237
93 209
806 926
322 439
1175 1355
549 648
77 235
564 687
309 436
268 386
540 702
1164 1235
868 997
97 215
1171 1264
868 1007
284 401
334 401
74 137
1183 1225
857 998
829 919
578 728
853 929
1100 1399
1090 1338
566 668
549 695
1163 1423
829 907
1129 1418
538 652
1112 1403
837 951
79 220
337 403
1167 1318
860 1004
99 245
86 230
306 366
267 365
585 641
858 929
864 924
322 468
48 206
1097 1341
813 956
1081 1395
2 240
556 714
313 366
846 993
838 983
339 439
1119 1292
76 145
333 423
88 197
300 460
3 198
315 402
285 416
309 455
306 440
1150 1268
1106 1224
539 640
317 406
319 383
869 955
866 915
90 208
1133 1383
266 396
90 245
284 429
1128 1434
74 142
545 628
35 148
593 700
81 136
303 383
1088 1354
331 413
1180 1346
285 457
288 398
1180 1313
294 387
868 997
1122 1434
1139 1364
334 433
1148 1234
550 730
1190 1369
843 949
311 461
1148 1391
291 393
292 378
302 459
805 976
874 960
324 404
866 925
293 421
851 986
878 915
284 464
537 660
293 466
533 727
6 134
537 711
273 430
543 628
550 630
542 688
1155 1428
563 718
34 199
579 646
840 984
1159 1227
10 248
816 955
91 217
1117 1293
275 458
335 386
1096 1318
597 647
1080 1246
567 685
3 168
8 228
815 990
85 240
1130 1333
23 213
863 974
295 441
277 400
1163 1350
587 684
69 212
850 990
11 144
1155 1323
269 383
824 940
1171 1315
18 126
860 959
803 979
869 937
847 984
87 125
299 381
1189 1273
527 637
859 982
1096 1405
37 206
268 451
569 653
265 436
1115 1247
819 1010
1159 1305
292 408
829 937
597 656
1188 1407
33 127
876 957
76 209
333 416
1137 1377
1107 1350
1107 1284
809 941
307 466
537 729
811 942
61 238
814 958
837 994
1143 1298
585 693
564 730
261 444
75 186
283 399
568 712
306 422
61 183
812 906
1112 1262
1115 1329
527 714
867 959
577 714
533 706
1142 1330
552 728
96 183
27 147
864 928
876 976
314 405
821 992
276 456
852 1009
1107 1278
1173 1282
858 944
812 980
1089 1256
49 210
1128 1239
552 719
596 714
80 130
79 129
1158 1415
336 418
534 645
288 424
532 654
1146 1250
848 976
1102 1386
589 713
593 730
592 657
534 691
30 213
525 640
80 205
95 152
293 411
1101 1221
12 221
802 964
1182 1254
849 985
580 675
274 373
1124 1245
97 199
1127 1257
1170 1418
1103 1219
55 129
556 660
546 720
339 459
319 433
537 694
79 150
849 954
843 930
87 157
67 139
550 695
1115 1346
822 968
53 206
547 657
339 376
868 926
811 946
1184 1387
546 675
98 206
316 365
869 954
845 930
1150 1409
871 988
1181 1328
2 208
71 165
1083 1358
320 426
39 157
571 635
535 715
547 692
1122 1239
837 966
312 386
11 224
860 922
52 245
810 908
72 214
1122 1317
327 451
1168 1386
804 913
802 971
864 951
555 681
60 168
15 186
801 909
265 447
280 460
558 700
296 461
13 220
555 645
828 999
1155 1413
43 176
285 419
538 697
1153 1358
1131 1357
814 925
545 626
1103 1335
79 248
854 997
873 905
539 701
840 928
1152 1427
308 373
585 698
802 989
1111 1298
261 470
1121 1220
807 931
581 632
1087 1232
260 411
5 227
1177 1433
803 961
1157 1437
91 133
99 216
869 944
53 203
264 369
307 453
336 450
1143 1323
55 126
564 693
0 145
812 930
316 457
320 367
1084 1416
815 926
59 199
1162 1389
550 717
594 634
868 922
542 667
812 919
1087 1434
1157 1238
298 382
309 455
88 217
837 953
808 923
337 393
284 406
542 718
4 126
863 990
853 930
1164 1394
539 713
878 979
300 444
1110 1217
595 695
296 423
545 658
805 996
324 404
838 988
46 138
313 379
521 627
70 140
261 441
60 184
600 716
14 142
271 406
558 667
264 391
537 632
870 963
49 249
1094 1309
835 905
1110 1254
82 144
567 667
42 207
1190 1317
537 688
802 945
1163 1287
1133 1336
584 647
539 710
83 163
528 639
831 1005
522 699
76 172
1111 1321
24 138
27 127
812 946
559 706
562 628
96 217
52 236
1138 1241
19 192
841 908
332 451
72 178
301 445
272 391
17 220
1148 1226
818 936
556 706
57 200
1088 1290
5 193
319 422
598 660
1159 1293
835 944
98 236
863 954
525 705
325 427
260 423
290 418
525 670
1160 1405
33 234
587 710
19 160
48 140
1126 1392
340 420
832 948
58 196
1147 1256
575 680
286 465
1088 1424
1136 1229
1179 1376
288 394
866 987
842 979
802 954
1111 1424
834 942
873 999
34 154
1157 1328
284 414
330 457
1171 1351
555 694
843 966
839 911
825 959
826 907
1165 1413
45 126
579 699
1131 1301
279 441
1120 1273
858 980
859 1007
99 200
1170 1294
48 187
1142 1336
329 372
265 442
872 944
322 424
1140 1349
264 389
1090 1342
308 426
1182 1391
1099 1337
577 687
24 128
544 693
1119 1248
877 1001
100 193
85 136
75 237
1129 1336
576 629
576 655
808 986
51 166
26 179
846 929
596 705
836 928
1156 1352
1116 1246
545 691
1121 1231
322 403
802 959
1175 1279
17 126
559 687
46 138
547 663
599 681
566 727
3 197
283 449
279 393
879 932
847 1003
834 1000
868 933
1083 1229
555 712
595 672
868 951
825 1000
1186 1422
332 382
318 430
598 659
35 136
841 941
32 201
26 150
520 693
333 416
37 128
873 948
263 405
14 181
573 699
1087 1383
332 443
281 395
879 921
575 674
295 394
35 208
17 189
47 151
1170 1432
821 980
1130 1439
50 143
86 147
1090 1361
92 230
100 183
14 199
867 988
592 637
810 935
574 709
1188 1430
868 931
835 913
832 910
815 958
803 915
44 181
1161 1246
854 913
1090 1233
871 975
805 921
25 137
1102 1261
586 651
1165 1276
596 645
1186 1283
572 664
1162 1232
326 438
271 382
549 701
332 431
554 691
586 730
330 465
597 666
1108 1431
35 191
1170 1373
569 687
805 1005
566 668
568 647
594 645
545 662
559 695
529 718
833 936
1157 1369
52 158
586 675
99 247
803 908
41 184
88 132
1173 1232
1105 1440
1088 1223
819 966
298 410
840 939
1184 1221
823 960
313 443
825 965
1174 1219
841 923
1170 1357
21 167
78 193
587 655
833 939
0 225
824 1001
880 962
837 909
817 994
819 993
850 971
285 425
305 373
340 447
521 689
816 906
814 989
868 980
842 966
554 678
98 244
69 166
87 153
859 916
562 664
564 632
67 161
825 971
266 463
1094 1253
1134 1219
324 393
1102 1318
1152 1414
339 411
322 462
559 666
50 238
872 984
38 243
586 626
532 712
857 999
83 173
543 683
1147 1357
1112 1251
58 215
835 926
1087 1437
1100 1341
81 227
586 629
1124 1316
293 464
1143 1393
879 975
532 712
288 394
802 982
555 696
336 426
574 714
538 653
271 462
23 238
1187 1283
303 457
3 202
585 665
282 433
839 910
1144 1350
1162 1337
79 179
282 425
1146 1318
870 985
312 416
1127 1256
570 703
1096 1382
62 214
835 950
1162 1342
272 376
336 458
94 162
47 206
599 679
6 125
298 384
27 162
825 972
813 936
265 420
1088 1274
860 915
565 711
322 467
821 949
86 240
281 445
1 129
802 978
867 992
547 673
868 913
1140 1428
866 905
524 628
1152 1368
580 678
555 707
1111 1323
575 696
1141 1380
875 947
36 235
314 400
316 378
840 916
1160 1283
800 1005
827 1008
28 209
283 441
1162 1297
338 468
1148 1333
586 702
579 633
1118 1248
566 688
534 725
54 249
282 446
545 678
318 407
8 246
1130 1280
89 219
89 205
282 366
870 944
1186 1291
600 717
1112 1296
562 641
1120 1363
554 692
585 659
60 233
853 1003
339 454
1116 1363
521 720
18 141
298 434
813 957
1117 1285
292 440
1132 1413
95 224
311 448
1178 1302
267 447
1093 1316
280 381
42 234
97 142
1186 1392
13 165
1129 1332
571 706
44 225
552 677
1093 1423
840 933
1172 1429
88 197
849 914
292 435
337 444
1178 1411
1177 1243
561 716
1146 1270
330 392
56 214
338 365
1125 1402
20 237
554 683
309 366
543 668
37 208
875 921
850 944
316 395
599 671
267 428
324 416
65 214
589 653
303 422
261 456
552 717
575 693
864 917
84 185
588 658
1118 1371
812 906
60 229
831 1002
334 460
296 438
294 397
573 644
582 673
329 460
18 193
74 182
1122 1404
1106 1311
73 151
300 459
49 170
288 428
311 404
1143 1419
839 913
807 992
1093 1392
866 911
323 377
279 402
290 434
23 170
800 958
812 921
6 199
1172 1348
291 445
847 959
866 952
1107 1303
821 935
306 454
875 992
298 453
57 166
335 428
1145 1414
827 971
811 992
541 633
537 698
25 202
1159 1220
1095 1355
838 957
555 656
870 959
803 918
843 958
869 929
872 990
565 699
837 952
550 644
538 708
333 416
538 639
531 715
1130 1274
588 723
843 935
1112 1414
851 973
90 232
822 906
12 156
46 147
532 669
878 979
303 404
1083 1251
541 653
530 669
73 138
816 997
873 995
844 936
328 377
1134 1431
301 382
865 953
864 925
863 910
830 940
873 1006
545 724
587 645
1185 1383
45 215
873 971
75 154
576 631
582 712
1138 1297
302 388
594 677
577 713
823 975
587 726
270 432
1178 1361
298 419
304 371
826 914
1151 1410
1102 1392
848 1009
68 248
814 995
70 131
1148 1282
317 420
305 454
312 390
803 948
831 938
847 987
21 200
288 426
338 398
339 441
2 213
62 218
301 469
524 719
12 162
316 381
535 713
534 630
810 918
829 1000
866 975
4 235
800 999
1091 1427
862 992
35 163
1081 1297
265 369
805 1000
40 250
1152 1289
1126 1246
269 371
285 417
76 182
529 637
596 662
1157 1429
328 387
1091 1295
50 183
1144 1229
873 998
310 384
568 650
588 708
879 958
11 151
271 448
532 730
12 197
1091 1404
332 420
1145 1245
83 205
11 231
47 126
824 961
1092 1299
322 468
868 1007
550 676
1174 1414
1156 1417
1187 1417
803 957
337 446
97 148
822 1006
317 458
282 388
876 925
78 206
527 650
300 407
70 238
340 381
309 466
825 990
290 365
877 979
48 133
531 696
318 455
583 677
298 457
858 916
1164 1374
1080 1254
313 377
1134 1354
305 381
567 629
329 426
574 678
1 210
93 236
14 199
1103 1330
298 396
336 430
557 725
25 140
834 1005
48 177
853 985
283 391
1142 1308
549 626
570 675
574 654
1132 1275
286 389
42 250
328 372
1183 1225
80 211
340 421
541 694
520 643
9 152
1166 1427
309 430
66 164
90 177
316 408
860 1000
3 145
1109 1344
17 167
536 679
1080 1246
60 217
880 991
567 637
46 187
577 685
1182 1428
566 675
312 414
877 934
594 664
594 682
580 727
552 692
78 142
340 379
268 400
1139 1317
49 144
333 384
274 410
2 196
1112 1390
3 143
550 637
301 447
525 651
329 457
600 661
1188 1237
521 698
812 905
1113 1345
312 403
277 366
802 973
1094 1387
1158 1379
837 925
276 372
589 668
1092 1432
260 377
333 395
1130 1373
851 1001
879 915
286 439
586 674
1123 1235
2 247
38 213
283 426
875 946
9 236
261 420
836 1002
1182 1313
1147 1433
314 392
2 200
1179 1242
804 995
569 696
269 430
11 218
299 390
839 910
1083 1433
813 995
272 464
51 184
564 717
837 975
293 415
71 149
340 378
837 915
880 1008
840 910
880 976
307 427
829 980
273 398
534 674
1103 1348
839 928
1133 1402
851 943
21 241
287 420
842 992
549 679
842 981
589 670
75 216
318 448
864 913
1176 1218
316 446
810 922
1140 1231
1148 1233
844 951
282 373
840 915
857 933
544 627
325 415
333 390
538 655
522 700
1170 1430
308 398
546 676
328 418
1176 1386
1114 1407
1123 1423
814 918
263 452
332 388
1124 1260
79 125
287 389
302 392
876 923
292 379
590 708
1114 1226
545 667
593 707
526 634
1141 1322
72 148
32 212
1181 1351
269 443
818 912
296 385
1152 1419
844 907
57 208
1172 1377
589 673
1188 1318
1165 1250
16 191
841 973
278 440
286 384
283 370
1125 1440
274 421
1142 1377
44 211
540 692
859 910
40 237
1083 1405
1129 1216
817 1001
535 726
540 672
261 440
866 932
830 926
318 375
846 962
1126 1435
577 666
1139 1304
75 172
594 626
805 922
21 235
581 701
295 379
301 458
827 991
24 212
33 207
33 215
273 455
830 944
592 721
554 663
319 445
825 957
828 916
548 649
592 630
22 234
1107 1405
288 369
68 132
29 137
1109 1321
1080 1243
53 242
288 464
826 990
1159 1436
71 219
876 1006
14 235
537 652
322 371
62 158
855 933
587 655
80 133
1129 1283
11 235
854 925
553 712
75 128
44 166
58 127
855 921
16 195
573 700
329 384
58 179
1097 1317
1112 1315
1094 1218
871 925
33 219
1189 1339
309 435
866 970
805 970
865 915
803 1002
321 401
818 920
823 1006
1126 1296
842 978
1151 1380
279 391
815 923
801 953
1179 1315
1175 1373
1186 1229
100 180
262 413
1130 1252
804 939
1133 1377
31 208
1136 1336
1114 1406
856 944
68 203
855 974
587 630
833 1008
538 695
545 712
318 404
576 730
45 144
271 384
58 136
527 676
1190 1229
858 938
16 182
282 374
38 162
824 974
1100 1439
270 392
1119 1356
595 701
1101 1412
845 997
860 958
78 204
321 420
1183 1249
835 991
1180 1267
1166 1293
806 988
76 224
1100 1267
327 418
297 385
1180 1345
579 688
555 690
816 990
21 131
580 716
859 1007
870 978
858 1001
70 131
547 668
87 170
1086 1394
1189 1400
306 416
78 239
823 1009
876 949
1090 1243
1132 1229
297 366
89 241
274 444
277 394
574 644
1160 1381
1119 1363
1083 1306
87 127
300 439
334 466
1177 1403
267 460
551 625
597 704
265 410
48 166
869 989
1081 1233
1163 1359
585 631
1083 1331
548 649
43 138
9 136
850 1008
314 452
527 723
560 725
526 633
340 392
560 685
541 643
302 386
68 170
307 432
1124 1379
873 962
1143 1289
837 962
285 422
285 412
1170 1280
565 682
265 403
298 402
99 145
862 940
334 444
5 243
12 182
262 414
61 188
1112 1410
856 973
291 469
318 370
1095 1279
51 171
535 626
830 930
1162 1425
857 913
874 939
1092 1369
874 988
89 189
599 644
520 687
89 192
334 447
1181 1309
332 456
806 925
317 450
284 399
855 995
321 395
303 402
11 238
299 433
844 992
588 649
1184 1336
1185 1270
1183 1241
859 933
1123 1394
819 920
818 1006
260 437
574 684
90 157
39 236
820 922
275 467
814 952
89 187
266 458
528 672
1135 1316
338 440
41 128
1157 1279
69 128
554 629
57 207
312 437
532 730
1151 1372
320 386
1104 1339
271 368
545 646
1099 1286
1189 1356
806 930
869 1000
1168 1292
308 434
545 679
272 439
24 212
878 1006
527 717
867 982
545 708
841 950
284 415
592 627
819 973
99 178
275 381
572 726
812 968
822 1009
568 695
1084 1327
1100 1402
1123 1347
538 706
279 367
1128 1334
294 449
554 726
862 999
321 436
537 724
1108 1255
806 1007
534 683
831 918
552 674
1120 1439
1128 1365
847 961
294 380
63 199
1123 1397
841 945
1108 1378
550 667
828 925
267 372
862 959
561 631
855 942
271 435
69 134
524 690
1159 1286
298 368
541 634
42 211
1151 1264
319 449
290 410
801 1000
1112 1368
29 233
1090 1250
872 1010
879 921
296 427
316 416
5 158
1115 1269
1094 1438
1163 1393
262 430
310 380
262 367
312 385
23 148
550 670
317 395
1145 1340
59 163
1082 1250
524 645
532 639
82 174
876 949
870 952
524 711
854 921
1130 1415
36 188
1111 1404
322 434
589 625
856 925
333 411
529 651
1141 1221
868 917
858 983
818 920
288 418
295 410
1128 1300
70 194
855 976
4 243
1 156
869 945
1144 1375
3 198
1153 1396
1097 1282
534 727
807 978
270 393
864 932
36 211
74 228
75 132
844 946
866 987
79 204
35 136
600 684
316 396
10 130
596 670
851 926
335 402
44 127
877 978
600 692
807 966
19 207
862 1001
541 662
275 462
64 143
264 453
1085 1228
282 455
552 682
528 649
1123 1291
829 965
1187 1351
869 931
820 982
279 436
842 1004
1170 1346
829 999
36 136
316 392
539 725
523 678
806 998
272 399
1164 1323
268 441
305 407
2 247
804 960
1100 1283
847 997
523 697
1132 1419
17 201
49 226
868 906
308 467
294 420
569 723
59 189
569 654
77 150
5 170
872 985
545 694
851 915
1183 1283
19 209
53 159
822 996
307 463
590 657
555 700
820 989
31 247
1189 1266
1089 1403
877 1005
1173 1408
594 730
593 705
61 185
316 424
810 926
1154 1314
75 138
822 925
55 170
818 932
1114 1428
58 134
1102 1407
2 180
865 924
94 133
879 910
827 915
832 979
99 221
1171 1430
1081 1373
867 965
526 667
574 701
1165 1390
71 231
307 422
872 918
1114 1433
1145 1277
53 131
35 146
1183 1424
340 409
58 242
875 975
57 151
1166 1345
562 665
1125 1222
834 980
572 695
16 163
296 384
599 643
815 937
878 943
58 212
805 906
26 139
1142 1231
326 367
548 669
871 997
318 375
1138 1222
1131 1234
308 428
806 999
838 1002
868 912
1178 1393
12 183
41 221
322 439
850 912
23 145
57 187
1096 1363
592 685
1146 1247
819 944
550 722
846 958
1116 1266
1146 1316
869 1009
1167 1431
335 440
302 433
1138 1244
1162 1259
313 369
44 161
532 665
1108 1404
808 926
530 694
1178 1273
70 249
1080 1351
1112 1337
581 724
15 141
47 220
1152 1245
331 434
1130 1388
43 198
1101 1394
874 910
567 668
1107 1387
1089 1440
92 153
90 154
1190 1295
598 680
569 633
592 633
78 134
30 179
1091 1247
853 984
313 470
1178 1336
1140 1348
318 418
54 160
303 400
1124 1340
816 976
572 697
49 182
592 628
305 419
854 1004
1186 1306
1121 1358
326 464
879 1000
876 990
328 423
597 705
275 469
100 128
326 422
1150 1245
1103 1251
288 447
266 426
21 136
879 939
19 202
87 246
260 440
296 385
524 652
91 129
584 626
579 678
299 442
575 666
1171 1240
592 694
1155 1220
1095 1293
808 1006
20 163
824 935
39 236
304 402
554 705
29 164
1174 1416
806 963
1159 1341
1104 1220
1090 1300
1107 1368
282 425
558 626
1172 1250
1125 1233
821 924
537 705
23 165
555 682
288 398
1165 1227
582 728
326 464
66 202
595 635
31 224
532 636
268 407
295 426
1153 1351
874 938
49 131
287 468
880 931
536 705
804 929
1090 1344
290 390
816 983
852 919
49 236
1190 1385
522 668
10 147
1096 1439
569 680
287 405
262 449
72 155
813 995
333 411
1140 1356
537 686
1169 1412
306 461
317 403
53 239
96 243
596 709
326 427
841 997
1169 1344
83 178
261 436
876 938
271 447
578 724
1163 1433
1122 1312
325 455
90 171
1092 1271
1184 1245
859 947
1106 1273
833 984
592 666
580 652
1189 1276
831 926
59 165
263 383
1106 1415
1156 1237
74 194
569 705
544 662
809 941
294 402
303 375
1114 1311
265 411
66 242
870 911
70 165
1182 1416
263 372
1088 1239
807 913
61 136
80 190
270 366
32 146
280 460
809 934
865 912
838 910
321 424
303 437
1088 1313
808 944
837 955
562 625
1089 1360
9 214
599 703
1 148
283 384
325 441
336 447
324 383
575 625
67 157
1181 1243
845 993
1082 1332
86 169
562 670
335 431
61 213
327 413
819 933
835 1007
533 727
281 385
77 158
299 402
71 183
1101 1277
47 135
305 406
803 976
1178 1317
32 202
581 658
543 712
872 973
1117 1314
1104 1342
291 393
276 450
869 918
1115 1276
869 1007
1184 1366
583 698
88 140
80 147
17 169
815 979
268 451
6 168
866 994
337 384
578 702
580 665
46 193
29 131
858 982
839 975
877 914
1123 1330
95 242
1187 1284
19 224
89 157
534 725
879 938
872 907
1149 1251
1142 1365
874 962
1080 1249
809 946
80 243
79 243
1140 1309
269 425
334 453
550 678
807 1002
849 939
538 688
1120 1345
82 245
1080 1380
819 984
339 394
57 211
1188 1388
19 129
1153 1351
1104 1293
521 643
332 445
7 167
26 189
554 628
828 931
587 667
20 235
300 417
310 435
821 995
804 949
40 175
1136 1403
539 674
573 626
98 125
340 451
42 185
338 387
866 910
90 126
319 428
292 402
593 667
570 634
0 203
598 680
265 433
333 439
1118 1242
582 703
532 694
802 931
83 181
8 156
2 185
21 237
548 673
568 687
1180 1285
558 628
325 435
591 708
25 140
261 446
310 410
1130 1312
595 639
331 419
802 908
310 412
79 161
1132 1423
1095 1331
557 668
11 131
838 1008
829 996
572 723
588 691
1096 1289
1084 1228
289 430
591 678
802 927
13 151
1137 1265
872 1003
71 152
563 626
525 679
327 370
528 716
50 188
72 171
551 704
311 446
807 989
563 683
38 148
39 213
296 416
46 179
90 228
837 964
1159 1412
850 1007
1104 1367
1141 1264
47 163
73 210
1176 1335
1124 1332
804 994
79 213
1150 1330
293 460
837 1010
539 679
880 998
266 413
813 998
27 202
555 681
10 144
339 389
845 911
1171 1345
62 197
58 208
265 460
544 727
294 371
563 650
90 170
290 409
325 387
19 161
860 931
810 938
816 1008
305 372
1095 1328
26 161
565 700
1086 1328
1173 1215
1109 1430
1170 1284
73 192
34 179
572 720
814 933
598 712
1091 1234
572 664
804 1009
307 429
275 395
1179 1277
1168 1276
307 461
1119 1285
1141 1414
278 464
574 661
8 183
100 206
1179 1414
807 989
817 912
1081 1324
534 727
300 417
825 918
261 469
1152 1324
876 986
61 213
571 688
39 246
319 440
278 432
541 633
824 909
29 181
547 662
1125 1407
78 232
815 1009
294 413
71 182
545 638
96 148
596 632
285 407
338 428
290 433
520 696
556 690
1124 1362
64 129
588 641
1146 1264
54 245
69 197
1143 1288
535 628
1171 1327
23 159
320 423
39 226
69 191
1139 1270
322 415
565 636
805 942
873 956
63 232
37 167
827 984
1104 1373
581 704
31 155
57 158
834 932
1179 1235
279 470
547 675
1182 1225
334 382
581 705
1139 1432
523 729
305 457
2 179
531 689
829 996
534 705
1093 1357
312 434
279 370
1080 1256
594 659
592 682
301 385
854 975
853 995
813 907
857 907
332 422
275 370
268 406
12 242
878 994
1140 1324
539 718
322 399
330 463
854 968
833 1000
543 673
1162 1345
96 219
1118 1397
870 908
1123 1245
296 412
864 942
318 427
1097 1341
571 646
333 378
804 971
523 656
5 192
268 399
1184 1314
270 417
1141 1440
314 377
566 652
55 196
1123 1264
574 706
69 192
1163 1318
41 221
56 136
78 248
1128 1250
1172 1439
600 696
71 239
319 461
1112 1288
556 706
530 667
324 389
289 469
300 414
878 990
551 729
1147 1271
558 667
1156 1411
875 907
833 936
60 161
566 645
271 464
823 994
1138 1293
7 161
9 129
337 429
537 638
528 727
559 685
568 649
535 674
832 918
537 702
17 228
596 711
281 392
592 632
571 670
24 246
288 423
287 395
295 391
91 230
1126 1282
28 136
522 713
551 657
77 193
859 984
53 183
816 982
827 930
537 653
1184 1249
867 912
318 403
596 702
858 908
280 394
16 188
3 219
590 630
275 456
273 454
595 708
852 947
540 630
1117 1391
528 642
818 949
39 238
84 218
554 682
74 133
5 166
4 242
829 922
97 222
36 163
805 957
322 445
524 713
320 395
7 138
549 692
1175 1263
560 648
851 975
570 707
872 930
560 712
297 447
854 939
96 134
874 932
303 413
564 627
44 187
316 378
600 670
597 704
287 440
1124 1236
315 395
824 982
1182 1220
339 464
1178 1359
589 642
1099 1416
560 652
338 412
310 467
839 973
1149 1262
90 192
333 384
860 956
85 125
524 699
90 136
556 683
818 958
284 421
571 728
549 707
314 448
286 433
551 671
20 237
1140 1359
325 432
1098 1368
555 662
824 967
1092 1361
849 989
1146 1359
270 455
76 201
330 394
594 722
30 128
270 427
263 386
1169 1321
22 195
574 726
1106 1339
1087 1251
838 983
865 956
554 706
12 176
548 688
591 687
300 419
559 636
879 978
809 925
1167 1289
57 189
556 702
266 368
83 182
52 227
1 211
1107 1402
842 930
1114 1246
1114 1364
1116 1431
94 223
844 958
599 694
1189 1215
1107 1366
574 660
340 462
863 928
532 688
520 670
830 955
49 127
574 698
73 196
277 463
543 694
874 992
1150 1317
42 194
88 134
1099 1275
826 983
84 135
330 404
802 931
866 984
856 1008
600 723
543 677
529 719
827 994
1143 1308
808 990
308 411
1180 1353
305 453
269 429
48 134
282 452
548 684
99 216
1177 1410
865 912
1083 1410
315 426
832 927
578 648
867 941
47 179
576 645
336 408
524 642
29 204
86 163
818 990
570 699
5 188
1179 1376
581 626
261 470
1176 1411
878 966
843 959
562 721
1080 1367
294 376
277 418
593 726
302 452
807 908
1097 1327
811 960
596 718
1099 1370
809 1000
554 647
31 209
1119 1281
275 392
289 390
527 629
587 691
583 685
95 128
541 714
38 173
70 250
329 427
539 718
540 709
68 170
1126 1226
273 433
877 971
265 396
1145 1312
590 642
1105 1265
4 135
571 684
563 717
1094 1433
816 907
555 669
1088 1357
1094 1325
308 463
1168 1313
810 940
24 223
325 393
100 132
1163 1386
868 987
556 725
854 961
828 917
57 125
816 919
294 447
61 187
583 684
66 193
89 202
856 956
272 399
846 996
331 446
12 205
831 955
1119 1340
540 643
323 387
320 365
1160 1259
827 930
533 648
1115 1283
1186 1323
27 238
1101 1221
829 966
84 224
272 415
594 653
32 205
1102 1271
331 372
821 993
1174 1328
1093 1277
1100 1313
99 140
265 417
533 669
64 179
286 445
1087 1412
88 159
278 435
269 382
810 923
1154 1395
589 698
524 680
860 993
282 469
1108 1242
555 688
336 459
562 704
839 952
565 688
522 694
876 1004
95 230
841 938
1130 1418
49 219
80 179
547 659
543 716
46 225
1122 1425
807 986
833 989
1108 1376
81 189
316 453
582 724
850 963
818 992
0 152
1171 1371
99 147
301 392
570 716
46 150
534 628
2 157
99 218
824 922
573 674
560 721
813 987
1138 1261
63 226
340 413
537 722
298 448
847 999
333 383
584 677
87 237
329 452
302 469
1143 1262
32 144
1095 1362
871 931
596 626
834 974
1080 1336
37 188
869 933
541 726
1115 1275
561 707
559 717
814 980
566 681
1112 1254
825 994
804 986
1148 1397
879 991
595 701
1154 1404
68 165
270 372
1130 1404
1098 1384
832 913
1096 1225
814 952
60 157
1158 1332
53 147
578 663
562 690
532 665
1113 1260
1152 1400
1113 1314
317 424
306 462
1122 1268
564 636
555 667
302 391
1158 1331
530 697
280 443
335 371
1110 1248
269 468
1189 1300
1138 1361
9 211
862 955
877 967
863 917
293 376
1164 1295
22 240
815 915
61 143
599 702
283 423
1113 1360
576 641
39 245
841 929
538 707
865 970
811 986
832 990
276 383
544 698
1119 1335
526 705
274 431
24 221
29 152
562 726
560 688
585 708
3 159
16 212
823 973
554 722
851 913
809 1009
557 634
567 643
1093 1248
800 986
288 436
93 192
322 423
92 147
273 412
1168 1332
864 953
53 162
869 980
838 994
1152 1372
802 920
819 961
865 934
1093 1243
26 237
1183 1332
816 964
879 973
319 415
561 680
66 136
1136 1365
600 685
332 401
271 458
550 633
264 443
828 918
539 654
536 720
281 411
548 677
803 906
318 416
63 220
543 631
854 994
17 132
1082 1241
1101 1431
330 461
1170 1301
587 730
577 657
576 627
85 244
588 659
554 700
840 984
804 972
876 922
847 906
1082 1362
810 942
49 240
282 443
579 672
827 1004
817 966
282 370
836 909
325 463
1169 1372
541 698
332 386
317 409
806 933
293 419
1115 1277
814 981
596 710
841 1006
1080 1405
1126 1238
524 700
12 133
1158 1433
1162 1305
1101 1434
291 394
1164 1311
812 919
817 960
289 454
1151 1407
271 436
837 998
276 448
38 205
48 166
843 921
855 1002
290 376
63 201
1188 1318
1100 1246
1155 1315
91 198
825 926
10 217
1082 1247
284 464
523 665
520 648
1144 1293
595 700
821 972
520 695
522 630
801 966
586 678
856 966
319 419
1113 1303
51 201
329 391
543 711
563 625
584 681
581 656
600 728
274 439
841 964
870 923
549 625
1087 1436
826 1001
1184 1354
1116 1221
301 370
580 674
318 425
1179 1220
587 638
595 702
1141 1247
331 442
276 467
1111 1271
1082 1330
835 933
31 148
60 136
847 961
569 730
300 395
812 970
584 666
839 932
598 681
298 412
268 470
527 630
332 435
526 655
43 138
1114 1391
305 458
25 142
306 368
291 417
854 1005
524 652
311 373
539 725
287 395
830 963
546 661
77 234
57 129
848 985
565 650
1090 1248
56 236
812 924
298 461
597 671
1090 1381
335 449
823 929
285 465
94 173
0 203
1140 1350
45 169
1151 1311
1177 1427
867 964
852 925
27 149
324 368
1188 1378
850 974
340 405
552 662
77 179
856 955
301 460
1147 1371
555 681
331 413
8 151
1128 1411
1105 1364
1127 1262
548 631
1093 1262
60 213
1150 1263
63 180
1174 1437
295 403
269 397
811 993
555 713
1112 1433
85 220
86 223
555 654
318 435
58 147
570 633
585 669
842 1000
43 214
95 164
1130 1301
574 671
540 704
581 658
338 435
1174 1383
328 469
261 458
334 428
265 452
298 390
18 230
593 698
303 428
58 153
804 909
56 196
526 718
78 239
529 694
596 641
868 983
841 998
568 635
335 366
285 401
340 370
36 130
575 668
32 150
812 980
590 646
308 425
77 141
1128 1215
557 690
15 203
805 972
1126 1377
1136 1338
565 700
1126 1412
522 696
829 968
93 237
803 941
599 701
544 662
520 679
873 982
846 978
279 396
62 204
272 444
554 671
832 921
523 691
551 679
59 222
584 641
521 692
5 169
271 448
843 968
1137 1403
542 729
95 138
555 652
822 1009
288 387
593 716
8 189
92 197
1122 1277
538 690
276 384
1108 1348
581 640
328 409
828 956
1175 1238
1112 1342
21 156
526 668
578 643
30 152
530 666
84 191
292 428
8 154
865 941
857 928
838 932
51 166
849 964
534 699
311 410
317 395
803 991
1130 1421
293 423
269 414
539 725
67 228
578 691
8 232
1116 1438
327 382
1103 1217
579 722
543 699
583 687
535 642
822 969
539 725
824 967
1159 1344
65 168
313 370
864 968
84 230
878 966
1170 1429
595 695
56 125
334 431
1182 1265
880 990
816 970
10 172
838 927
17 226
1083 1335
262 403
297 414
557 657
806 949
802 946
20 230
814 979
595 698
326 393
81 163
27 139
265 394
584 694
21 220
42 169
322 463
78 152
72 152
302 408
1112 1419
811 908
67 198
524 639
1096 1239
848 999
562 724
819 926
38 177
66 199
89 242
582 662
58 147
29 230
845 915
1134 1284
872 1006
597 687
846 925
314 387
547 696
870 967
335 428
536 675
309 389
39 170
803 955
830 986
538 718
546 647
313 458
586 727
1162 1325
1091 1339
85 136
22 167
859 939
545 651
832 1007
819 952
845 981
564 682
1114 1239
287 459
10 235
36 188
1169 1259
289 398
583 634
860 912
86 250
1181 1390
861 960
296 470
1149 1254
63 246
802 925
851 913
825 926
291 420
1156 1356
313 445
1155 1356
289 378
17 240
1148 1311
583 722
302 390
1180 1239
1120 1291
2 236
306 428
841 1004
594 709
8 126
280 429
1156 1223
841 1004
49 236
1153 1312
84 204
570 661
56 233
846 1006
32 248
261 467
337 369
326 422
34 181
553 645
1149 1290
321 430
831 955
80 211
558 650
1100 1428
525 695
1082 1392
534 715
71 229
826 962
19 224
1121 1253
321 448
850 963
291 437
264 454
304 424
876 1007
600 702
880 976
306 448
20 132
586 701
865 920
599 669
55 208
52 224
277 455
520 673
47 144
540 711
28 200
268 387
261 422
314 392
1104 1215
552 627
547 688
301 414
538 649
1138 1353
558 637
553 679
584 724
552 649
577 639
547 636
1158 1352
812 1004
814 933
303 446
824 940
551 637
572 725
304 425
576 700
532 648
530 728
829 927
15 250
1170 1349
600 664
309 464
539 705
51 178
270 458
828 949
1162 1418
1170 1420
2 180
810 921
855 961
845 997
1164 1387
559 655
53 177
563 712
1111 1244
815 928
298 458
846 960
90 217
279 388
2 199
276 459
39 165
599 641
584 673
268 443
278 425
802 941
22 150
53 192
283 374
277 373
591 653
861 992
583 725
2 154
1172 1342
284 382
558 713
1150 1283
17 143
818 928
1086 1328
1100 1401
314 404
805 990
73 195
262 415
821 985
96 240
546 726
93 151
327 433
95 175
292 399
835 954
567 644
94 195
595 643
843 998
94 249
548 694
531 662
1091 1366
1180 1319
325 376
875 973
852 983
552 695
847 960
541 658
2 239
842 996
538 656
824 931
807 974
43 141
38 125
831 967
1131 1278
823 933
274 459
61 228
1102 1226
1147 1412
16 148
279 404
1119 1306
87 244
46 143
88 185
851 961
598 705
1161 1283
275 396
848 1002
801 913
573 721
332 379
335 371
549 651
533 654
1173 1436
539 680
807 983
305 446
545 703
10 202
536 703
587 625
587 653
807 976
39 247
298 431
876 955
1091 1380
48 196
870 908
1180 1316
296 454
44 145
567 671
1168 1254
1178 1389
280 427
42 152
1162 1409
866 992
303 373
858 972
1124 1399
1150 1407
530 696
820 923
303 396
17 241
32 152
280 458
1164 1288
1180 1315
61 131
526 684
1150 1349
1168 1362
842 936
524 728
282 412
1167 1241
828 913
283 464
56 136
281 461
586 636
318 400
854 961
42 250
1113 1346
339 402
335 452
598 668
1138 1277
31 223
1117 1304
51 188
861 967
1171 1318
831 939
862 948
332 381
1175 1294
576 730
1164 1404
1169 1236
838 934
27 223
1146 1239
270 429
578 669
320 406
1175 1245
314 467
302 396
1135 1349
273 468
1120 1348
299 448
325 438
1171 1268
2 218
1107 1436
92 140
537 720
1175 1362
528 673
1142 1429
850 942
534 700
52 187
562 669
1137 1253
277 368
870 918
282 377
35 201
536 725
307 451
267 400
291 390
24 248
582 725
80 131
547 695
301 370
871 996
1174 1243
1121 1298
867 927
315 414
826 915
573 645
549 703
339 414
268 423
818 952
301 410
1086 1336
804 909
553 702
572 662
546 690
57 184
567 697
333 412
812 915
817 1009
1150 1327
842 939
91 183
1190 1275
553 631
40 179
289 413
296 397
586 642
571 652
1128 1316
867 1010
315 385
280 404
569 673
280 440
856 968
832 921
552 630
1119 1356
529 662
97 182
848 962
1144 1252
853 934
562 632
322 370
61 186
800 980
27 230
52 148
293 446
1174 1401
306 446
1173 1343
1172 1301
520 706
38 201
575 714
1103 1403
554 730
23 220
826 995
73 210
84 217
545 692
857 949
1092 1350
823 923
1 185
864 1010
49 230
852 960
316 424
801 944
274 384
46 182
75 135
264 416
542 643
832 962
11 182
85 200
531 673
846 987
565 666
1154 1390
303 433
1109 1254
37 200
862 980
1085 1307
283 440
1136 1398
38 197
873 983
332 451
561 666
1105 1235
1136 1275
541 655
95 134
283 434
1161 1339
525 660
17 176
870 922
1127 1331
308 407
289 465
586 674
803 924
826 950
1080 1293
1162 1238
328 371
317 409
573 708
827 940
582 697
873 1010
26 200
284 391
1148 1383
1111 1258
522 662
1143 1223
1133 1250
14 195
262 428
27 183
28 214
50 204
874 951
1137 1248
567 651
64 143
596 632
1142 1239
1183 1333
278 388
25 195
597 723
1093 1379
320 431
543 630
49 129
270 434
71 211
297 398
28 206
324 452
832 1004
267 440
324 396
1127 1423
319 379
1089 1265
828 926
61 208
833 950
805 989
836 909
802 935
535 693
559 663
1169 1315
308 382
541 647
64 158
1094 1408
30 169
275 399
810 926
327 409
869 987
572 638
1113 1367
866 999
29 142
849 920
816 930
287 464
838 999
39 248
598 648
580 714
275 391
572 696
832 994
537 708
808 976
533 627
842 989
58 170
94 148
527 704
41 177
1095 1218
1080 1237
869 963
1103 1403
877 958
845 1001
599 638
11 131
273 400
868 948
803 976
599 648
565 702
288 408
867 993
277 453
1090 1309
547 655
273 414
529 668
577 724
312 400
834 914
312 407
861 1010
46 152
1101 1265
577 703
276 392
833 953
581 685
1176 1434
876 934
1116 1227
597 712
536 696
276 387
809 998
18 143
68 155
540 707
273 406
1125 1260
1170 1352
1115 1345
1137 1306
78 185
41 136
855 989
868 929
521 625
1190 1236
847 911
270 469
1084 1283
560 701
269 436
318 445
876 948
331 465
68 161
74 144
1152 1364
859 909
5 139
1084 1334
304 420
43 166
1142 1339
564 721
265 462
571 722
850 978
575 652
318 391
67 125
522 643
1136 1393
39 198
1171 1437
58 232
310 434
843 982
82 209
77 246
1102 1252
1130 1293
307 416
580 680
539 707
830 923
581 716
1086 1323
536 684
85 232
563 690
1179 1348
554 646
1136 1286
29 236
262 459
877 927
582 662
264 454
598 706
97 168
548 727
580 693
1123 1339
559 723
280 395
839 934
32 237
578 707
527 709
31 206
316 380
526 714
271 392
586 688
535 710
563 711
1123 1311
838 952
24 194
265 418
1144 1341
324 415
555 635
831 953
545 722
272 382
1170 1288
1180 1380
1133 1289
27 233
24 155
1121 1256
323 413
564 654
279 465
578 659
337 464
1153 1268
294 415
66 189
65 193
579 715
586 684
1143 1223
586 683
851 967
87 168
1105 1323
269 457
314 424
556 666
830 948
291 382
1156 1390
37 146
336 453
1147 1380
831 943
71 223
1087 1349
587 670
339 403
848 910
332 391
286 404
851 980
11 180
1093 1439
572 672
281 468
31 140
319 446
1082 1417
73 244
853 999
1181 1235
321 406
1163 1416
528 677
1100 1272
305 367
520 662
599 659
553 686
556 655
584 651
51 250
867 961
5 191
27 224
1175 1365
1145 1435
310 438
1134 1238
522 678
525 657
324 371
1124 1258
844 949
1178 1382
827 966
1099 1386
81 145
583 689
280 391
555 720
597 632
532 667
864 955
293 365
545 727
1140 1333
26 147
1109 1334
275 432
843 1002
15 199
1120 1380
78 138
880 999
63 216
523 700
1166 1301
854 942
1080 1417
94 221
569 682
525 674
307 416
1163 1389
295 384
546 683
530 627
1093 1289
4 154
853 945
555 694
862 998
825 938
33 127
542 652
327 470
275 442
13 219
525 666
77 218
595 730
1112 1292
270 443
1158 1331
1180 1346
1186 1315
840 944
853 961
869 919
874 995
847 913
520 671
74 126
849 963
71 160
858 983
38 146
77 132
1118 1314
1179 1306
80 249
75 244
861 998
93 214
591 653
83 145
74 165
580 696
596 636
23 132
1174 1272
565 651
299 449
267 450
309 467
28 154
600 637
544 649
275 377
816 1002
584 634
96 129
551 635
270 401
808 924
1090 1230
296 438
1154 1259
599 652
288 414
1172 1420
79 247
1138 1404
579 631
1149 1230
842 950
1115 1313
545 641
328 470
822 920
18 175
531 721
332 448
25 242
600 679
831 960
859 986
280 392
1153 1437
297 440
543 670
559 644
1155 1302
1133 1336
84 195
87 178
266 410
528 700
1129 1308
523 631
1159 1398
28 197
1 168
806 1002
858 950
1134 1313
1174 1367
598 703
844 930
51 158
839 905
578 706
66 162
1186 1274
268 417
1081 1334
276 441
89 185
1143 1264
871 979
97 143
1141 1399
528 689
7 128
559 704
808 968
1095 1287
30 164
316 462
587 639
1135 1305
1132 1267
816 984
1150 1294
310 379
872 922
1185 1250
559 632
550 634
1095 1322
308 420
1087 1352
550 716
590 690
1091 1229
71 172
1144 1394
1175 1422
554 645
578 695
541 642
1089 1240
1118 1225
562 664
1110 1217
48 215
840 922
64 224
326 391
81 241
325 370
877 950
559 687
860 914
10 242
1185 1417
833 972
1126 1437
533 645
44 243
93 173
1129 1336
314 425
1173 1261
54 134
1158 1255
1080 1229
1146 1301
320 431
575 696
594 702
1184 1250
1171 1383
25 155
98 242
558 714
56 188
595 694
77 200
559 675
1119 1370
329 369
867 1008
1123 1406
27 190
42 152
1175 1234
877 959
326 439
78 209
1118 1278
562 683
265 439
858 963
528 648
297 439
826 970
1082 1240
281 462
1104 1216
800 945
77 197
320 435
24 174
74 178
292 449
284 468
330 382
302 400
820 935
587 669
529 696
267 434
600 713
31 234
295 438
844 944
335 409
1106 1267
1116 1359
1159 1274
568 627
76 215
535 711
548 635
1184 1371
31 170
816 905
581 685
51 169
339 442
315 409
1181 1347
93 173
1157 1227
1085 1291
540 682
311 436
74 184
1087 1419
1088 1434
1167 1260
90 150
541 668
856 966
270 383
97 209
282 415
1177 1309
1105 1215
1127 1313
1111 1418
1164 1361
1122 1371
571 694
875 944
838 928
599 694
820 957
57 202
267 381
559 680
839 1000
876 929
546 699
1163 1421
560 684
590 718
528 724
597 713
598 720
818 1007
813 1006
849 977
335 376
814 919
817 916
26 233
1181 1215
1145 1324
318 386
1091 1260
1172 1359
1190 1341
843 968
853 975
1173 1430
1153 1286
1144 1270
269 460
92 178
61 134
592 697
858 937
16 174
61 202
61 131
1155 1335
833 978
60 129
272 452
264 410
538 691
594 659
851 911
805 971
1086 1312
96 126
1135 1290
537 703
1095 1428
872 928
1124 1293
336 383
1086 1334
267 413
322 365
285 422
15 248
812 929
824 1004
276 422
1164 1395
285 433
328 398
284 379
278 465
1098 1406
311 395
1187 1261
814 914
22 141
311 420
1150 1275
95 179
275 380
566 666
73 191
564 718
85 227
531 720
1151 1435
36 147
589 676
57 217
558 670
260 451
823 924
530 706
64 223
18 128
19 144
593 703
596 638
1082 1386
1094 1330
581 641
319 394
1110 1270
848 906
1109 1320
581 651
322 443
291 433
294 371
75 221
90 154
825 981
523 645
71 133
564 676
598 668
1177 1381
852 997
70 230
287 365
552 648
1081 1322
1156 1403
522 707
78 226
72 150
562 666
316 411
1081 1317
563 687
47 236
825 909
1184 1411
290 402
265 419
845 982
825 928
807 1005
849 974
282 423
6 212
522 712
79 181
802 996
334 423
584 663
1110 1354
309 390
282 380
863 989
292 404
1184 1338
13 196
1141 1368
813 972
806 911
550 650
1169 1252
835 910
1174 1347
18 237
10 241
46 235
41 232
807 996
290 412
598 626
1098 1321
311 373
545 660
1137 1262
1126 1411
854 905
538 656
297 409
827 922
32 243
1122 1231
584 728
860 985
844 975
878 930
80 149
1 250
99 193
1104 1373
88 212
854 1007
1155 1236
580 651
532 629
61 189
844 914
857 940
816 965
863 978
845 992
1110 1257
56 183
572 728
869 999
833 992
814 963
298 374
1082 1365
1156 1328
571 705
267 384
270 389
540 630
868 967
1135 1400
527 628
574 640
70 136
298 439
543 658
872 945
523 641
21 142
17 206
843 971
542 677
301 393
100 210
576 653
19 159
599 629
815 919
309 395
318 433
561 678
1092 1424
300 458
1118 1325
54 213
70 196
1149 1306
313 442
1179 1310
803 942
848 975
806 984
582 702
1141 1412
1157 1410
855 934
1125 1438
527 631
29 168
49 208
827 917
268 451
8 219
800 930
1126 1397
553 669
74 154
1157 1435
1103 1397
828 922
339 382
1157 1307
1088 1345
84 228
73 163
558 634
1089 1435
546 663
1142 1392
1089 1265
807 960
814 944
338 380
38 201
600 667
1085 1334
858 938
847 979
852 1000
1180 1313
529 660
1129 1328
307 381
863 910
277 408
8 160
880 1010
582 694
274 387
811 987
1115 1243
1101 1428
1114 1241
325 412
26 248
597 651
59 227
1092 1311
528 647
572 663
262 374
1128 1245
576 654
1098 1306
836 937
270 400
581 665
38 195
568 649
307 367
66 175
1160 1372
802 965
850 979
869 917
307 437
1089 1280
810 1001
1178 1280
1116 1327
863 920
68 192
290 378
822 906
325 390
28 191
597 633
568 723
277 376
76 242
547 727
871 950
41 179
1118 1376
595 638
99 175
558 663
863 938
828 905
1180 1238
30 152
55 248
274 392
274 433
51 239
571 720
56 193
306 382
804 922
333 393
593 639
1142 1414
575 662
1080 1218
266 459
549 680
527 629
340 421
1157 1400
56 238
310 439
805 991
54 175
265 430
836 989
860 960
37 140
873 951
268 378
271 467
1115 1381
263 433
537 683
1097 1312
1162 1376
303 439
23 202
1166 1248
843 933
66 133
42 197
829 983
26 135
855 920
846 947
561 696
301 458
292 435
527 718
537 675
540 672
571 627
34 227
879 915
1175 1270
531 720
545 646
290 374
1155 1269
819 961
1172 1396
521 710
290 455
1143 1435
802 922
1170 1372
1171 1334
1148 1318
1096 1310
322 431
590 726
59 130
296 383
526 651
1094 1248
6 227
1155 1388
880 1001
587 709
25 204
537 725
577 627
806 940
1110 1375
74 210
300 369
35 174
1155 1437
1168 1353
291 449
861 917
1180 1377
51 211
843 935
285 434
591 711
542 672
300 444
298 377
1123 1374
100 225
90 202
847 922
98 203
316 392
1180 1304
854 917
286 434
262 440
269 376
839 905
322 412
845 958
846 996
802 974
13 167
260 437
527 722
61 137
546 684
855 953
18 164
578 690
544 726
584 674
1117 1235
1178 1282
16 244
310 366
10 227
1098 1285
598 668
824 905
872 1010
88 201
318 424
272 434
1169 1407
872 993
820 992
579 638
1102 1255
1144 1271
534 681
823 950
1099 1334
308 468
832 992
51 204
534 728
1103 1360
77 199
849 991
573 730
1151 1217
1159 1397
1154 1366
46 190
1095 1317
826 915
79 139
822 929
838 923
582 706
298 411
845 921
846 983
1178 1344
1169 1228
300 447
583 685
1133 1435
578 699
1088 1222
1105 1320
1146 1220
527 666
1171 1275
1083 1344
573 685
1134 1320
260 368
847 919
586 711
53 162
590 701
330 372
37 157
853 940
51 143
822 1003
265 368
826 1004
44 243
571 710
572 724
1117 1230
11 143
816 933
863 920
313 417
294 442
547 703
556 690
599 651
528 694
1130 1410
14 206
575 664
1185 1345
1165 1312
538 658
581 630
318 450
56 159
521 637
338 454
522 699
1140 1362
845 961
1165 1261
62 141
1162 1312
580 706
282 434
1165 1431
5 139
1139 1403
315 431
1100 1219
326 437
273 372
528 697
811 905
1120 1385
1190 1439
73 137
315 408
48 153
1182 1369
838 919
85 238
63 128
523 727
554 718
260 378
310 386
25 203
587 628
555 680
327 460
264 435
339 455
1155 1429
1108 1371
46 190
316 428
1125 1282
88 239
297 415
292 399
1098 1294
334 398
1154 1279
327 411
537 629
79 203
822 953
870 925
294 455
308 446
296 392
334 467
1084 1254
328 435
832 957
330 374
877 933
844 905
1107 1269
573 626
880 942
829 927
565 719
1171 1259
82 169
261 447
594 721
553 625
819 973
872 980
596 674
823 1009
306 469
59 241
823 905
867 925
269 422
806 911
547 705
1154 1267
1087 1378
804 923
296 432
573 659
810 993
57 200
1181 1354
286 469
80 156
832 945
321 387
265 459
1158 1428
275 376
543 680
546 707
524 721
272 412
300 454
524 730
56 235
59 140
868 1009
51 141
820 983
333 392
69 175
44 237
832 947
553 684
563 699
1129 1284
59 181
315 371
859 945
1183 1266
260 445
589 698
334 460
547 696
1141 1299
526 705
813 969
29 214
1151 1260
583 642
275 434
1157 1353
46 178
817 997
595 653
522 634
1108 1436
298 449
803 911
278 427
42 166
856 1010
308 405
80 148
874 941
1148 1239
810 949
1122 1263
277 430
98 212
99 210
1101 1390
33 184
806 921
289 452
548 730
1114 1290
829 905
1136 1299
867 966
56 213
262 410
19 188
865 913
26 172
822 991
261 366
564 673
529 663
1098 1356
1104 1411
581 713
869 993
331 460
833 915
814 994
551 628
32 182
582 705
572 700
21 169
47 143
94 132
1112 1252
323 412
541 657
570 671
597 640
568 628
87 146
275 388
42 145
534 693
1099 1267
1169 1413
44 208
863 930
1175 1335
95 208
1132 1415
62 146
333 415
48 229
1108 1255
1181 1306
576 674
554 639
570 645
816 995
802 938
551 724
291 424
292 421
557 662
871 955
286 423
48 130
1176 1417
800 995
586 728
1175 1218
1153 1264
1090 1425
1170 1225
580 714
286 432
10 226
861 985
1100 1282
593 630
1113 1319
288 432
77 198
277 376
579 662
47 163
301 389
59 211
8 214
312 446
285 411
1088 1291
28 149
591 696
844 976
587 649
313 387
288 470
52 250
91 225
810 944
1116 1244
838 1008
322 465
1168 1357
320 441
271 424
297 442
877 987
600 652
292 411
866 941
1188 1215
1139 1237
296 369
809 951
823 999
1162 1364
874 1001
23 159
90 210
302 419
583 650
1153 1296
579 722
6 246
839 944
854 943
264 414
61 141
1092 1304
1175 1271
261 456
340 448
558 687
52 145
816 974
1162 1277
866 928
1084 1241
39 167
78 239
38 223
1164 1338
44 245
559 681
95 206
267 370
1146 1329
15 230
1174 1385
18 141
91 169
333 422
27 196
1106 1382
1100 1316
37 225
1164 1354
547 672
528 648
584 630
27 247
273 462
847 971
844 959
331 403
545 691
291 450
331 389
569 646
280 372
1177 1342
67 156
520 677
570 696
560 718
843 937
292 451
285 389
823 1008
1127 1308
1126 1302
78 218
528 711
1164 1303
812 926
562 726
62 189
597 668
302 396
285 440
1115 1265
30 229
44 182
308 426
281 406
1129 1296
53 236
855 965
67 162
1156 1256
864 929
323 453
536 672
549 664
550 711
1119 1229
542 717
288 417
822 958
277 434
330 398
536 704
800 973
1180 1278
800 926
277 429
843 1002
563 712
855 965
1 154
520 679
300 435
543 696
525 721
99 175
520 636
538 643
1122 1234
1103 1395
537 645
1148 1355
864 968
1135 1304
318 403
274 445
806 910
13 220
336 466
34 158
1099 1294
578 653
824 929
317 445
847 947
573 644
271 387
802 935
1084 1240
597 701
836 945
96 144
809 980
1173 1294
800 905
1178 1389
64 141
17 162
573 677
574 640
594 656
1188 1404
581 710
858 907
599 708
64 146
866 964
523 668
530 636
282 390
48 244
596 675
831 933
38 199
70 140
874 905
871 976
266 402
836 931
805 956
74 193
576 680
1083 1309
1100 1321
292 381
330 368
592 696
574 726
274 372
77 166
299 423
833 941
1091 1251
1170 1267
554 693
838 927
32 162
1141 1381
1183 1395
847 989
285 457
591 631
1093 1262
541 647
855 963
595 651
576 703
17 176
285 424
283 421
856 971
333 379
22 220
276 384
299 449
600 657
12 223
1133 1230
563 632
8 193
1100 1355
848 1008
600 628
822 993
307 393
1087 1264
30 182
30 155
812 916
10 198
268 458
575 627
80 187
834 946
312 402
328 395
1180 1357
2 203
40 126
1171 1273
301 468
67 179
12 211
586 643
874 967
61 138
572 708
73 182
595 633
864 1008
592 686
291 430
1165 1367
1188 1232
1156 1356
1105 1236
319 428
16 162
1132 1247
1101 1338
22 206
302 406
821 946
591 648
1133 1278
860 987
271 418
1157 1434
816 925
878 1007
555 649
316 461
340 407
870 945
340 378
584 722
589 667
879 937
532 718
817 927
1114 1372
1182 1276
587 697
87 205
5 167
563 637
541 649
1098 1416
530 648
277 442
86 178
298 466
1187 1313
845 905
89 153
34 202
320 467
805 997
530 695
1 192
858 961
853 909
55 233
327 464
1083 1429
1116 1300
334 411
297 470
86 205
58 187
576 644
806 929
1138 1422
10 237
579 655
1177 1272
1189 1368
67 200
878 943
1128 1420
812 933
1124 1251
1183 1409
46 152
859 956
1134 1318
575 715
1122 1360
1141 1298
544 681
311 441
1107 1287
1119 1273
520 666
266 377
800 941
551 721
872 942
809 997
93 233
865 963
318 401
528 703
27 129
273 380
839 943
1100 1229
579 703
1096 1249
1 238
538 630
5 164
312 395
100 148
820 1010
538 681
809 991
27 242
599 711
865 994
313 385
1179 1266
23 176
75 171
1097 1286
326 406
558 724
280 393
809 984
1122 1329
308 445
590 699
1183 1425
305 420
38 211
1126 1347
1147 1223
68 235
875 993
579 699
1081 1303
864 1000
845 1005
544 635
16 182
554 694
276 418
808 967
24 144
90 235
301 370
847 962
1145 1226
543 638
7 224
1159 1282
1112 1324
313 439
570 713
266 376
96 162
269 404
879 965
95 223
268 384
326 376
60 161
538 670
853 995
525 722
1160 1292
1148 1252
289 386
1108 1248
1185 1322
860 921
1155 1394
802 995
14 214
815 952
1100 1357
280 470
338 457
288 456
587 728
1153 1234
851 957
300 419
559 625
568 715
42 157
284 430
1124 1319
1169 1414
90 172
524 633
19 215
335 451
596 655
5 159
577 643
1169 1253
32 182
41 167
556 638
284 404
551 658
66 215
1144 1219
300 388
582 675
590 707
311 441
1087 1424
274 439
871 920
1119 1322
1165 1299
523 698
316 399
332 415
64 142
843 983
584 712
847 967
82 237
1184 1272
524 645
828 934
292 460
1188 1312
844 1006
827 963
1186 1316
1183 1295
822 987
279 429
547 665
29 238
334 462
820 996
304 375
290 372
57 126
1105 1406
544 720
1107 1404
1172 1422
324 391
1177 1225
262 437
1159 1380
832 1004
826 930
557 724
272 416
68 196
811 923
1157 1416
818 981
78 180
1176 1365
1181 1416
1134 1329
76 242
539 659
875 985
855 927
96 181
595 651
289 448
278 466
1156 1348
8 150
853 987
76 136
591 635
1086 1329
580 642
1161 1369
840 932
529 694
830 957
55 201
5 228
333 468
595 682
292 444
800 973
810 939
597 644
814 964
805 926
1125 1324
594 702
562 673
1087 1222
327 470
1155 1348
271 386
81 243
1095 1319
564 658
599 649
324 427
836 930
295 399
80 130
299 397
527 648
539 654
857 1006
561 667
850 921
262 375
866 981
64 130
1145 1332
852 908
590 692
40 184
1096 1431
1189 1382
854 917
19 247
870 945
53 181
536 717
1188 1269
326 425
263 435
31 198
805 1009
584 654
81 238
264 466
43 144
1087 1239
61 197
1098 1384
599 655
282 367
1145 1224
1110 1257
523 660
574 676
803 967
99 157
47 222
1130 1230
1137 1406
845 1000
1145 1329
263 438
863 927
328 385
544 724
320 416
553 721
48 244
50 129
1107 1353
325 388
540 726
843 925
831 923
283 450
856 978
12 165
85 156
335 394
0 185
44 231
1087 1363
534 650
593 694
263 390
286 436
287 383
838 976
296 457
592 650
837 917
596 693
805 928
85 220
843 934
40 142
83 129
94 219
877 945
88 126
100 175
521 712
280 434
100 187
60 205
1080 1366
1122 1430
83 204
78 217
335 405
821 1006
599 629
6 125
26 245
1125 1354
71 207
555 692
861 958
848 910
299 442
11 129
1156 1306
591 650
815 971
1086 1373
873 940
2 172
41 160
573 724
1175 1292
85 165
288 458
74 233
16 137
555 658
1115 1257
263 429
878 987
24 172
97 171
865 998
13 177
1108 1411
522 689
70 221
86 204
278 393
27 169
839 922
1085 1278
1081 1296
66 154
72 218
532 703
275 398
50 208
266 410
268 414
835 946
23 199
340 449
1102 1376
1141 1308
807 968
3 166
268 374
1099 1302
1152 1235
598 631
542 635
1117 1324
1 159
596 646
1157 1396
3 172
539 700
1103 1287
1180 1276
542 657
1151 1313
339 408
584 690
1180 1327
299 406
33 179
1145 1393
880 998
850 993
565 644
1118 1386
293 453
1172 1317
9 131
59 224
600 648
289 429
90 177
288 394
1093 1270
314 378
828 905
1119 1360
1133 1404
1134 1426
822 976
260 444
852 951
871 936
823 988
548 644
869 966
845 959
596 670
591 632
328 428
1102 1406
11 238
560 630
26 241
283 462
1083 1263
596 680
561 627
859 913
336 446
5 193
553 688
822 914
332 383
273 370
868 922
871 984
338 429
853 969
591 696
1161 1259
528 689
562 653
9 181
97 140
278 431
57 231
1116 1385
315 440
261 428
95 178
1118 1236
291 369
301 389
328 448
318 429
11 158
1130 1367
294 454
575 703
539 681
834 965
527 679
809 937
265 452
544 683
569 679
33 162
599 709
1185 1437
541 666
281 449
1124 1388
871 978
815 990
84 242
843 935
566 634
1140 1224
529 701
273 370
874 978
94 249
18 195
1184 1259
68 145
1182 1264
276 438
860 937
4 213
584 628
43 162
1186 1316
528 652
879 910
1139 1374
556 715
296 451
843 998
831 951
88 216
89 193
312 379
572 727
16 132
567 664
340 405
325 400
874 967
847 952
880 984
877 1000
45 151
541 628
554 670
805 955
332 398
856 977
1184 1238
529 643
62 133
833 905
65 127
55 205
593 670
15 217
90 179
547 719
53 178
290 466
10 199
57 164
1175 1378
79 235
831 926
304 373
867 990
22 198
569 655
846 967
270 407
846 966
1149 1349
579 656
545 723
290 368
5 211
1140 1235
54 248
1162 1315
24 129
15 207
819 998
21 215
6 160
1135 1257
574 684
818 937
315 414
54 139
300 422
1101 1240
1147 1246
337 451
59 235
57 145
99 240
585 642
1116 1244
83 180
804 941
1156 1261
572 691
1137 1439
325 392
1097 1264
19 235
40 155
1183 1216
69 220
288 428
600 663
1120 1347
834 931
88 153
1092 1385
319 370
520 713
1104 1342
10 201
1093 1284
269 424
865 918
55 149
274 393
1164 1342
4 215
555 626
581 668
95 239
1139 1330
550 696
306 366
533 692
51 239
40 226
317 430
870 943
10 236
1105 1302
832 957
35 162
313 418
836 921
526 641
33 240
315 452
1086 1236
323 384
1176 1279
288 427
3 162
569 717
82 174
595 693
12 230
337 390
34 227
1177 1318
1120 1257
534 640
13 183
870 910
4 220
76 239
309 449
41 138
808 919
1158 1233
598 705
290 462
1177 1346
319 413
1163 1371
598 654
1149 1388
1124 1222
299 411
1104 1259
39 159
1180 1365
10 183
875 977
28 203
1160 1334
586 660
313 406
1148 1381
870 976
97 185
28 152
1106 1368
310 407
861 958
1177 1360
816 991
1088 1255
589 706
578 642
1125 1367
811 913
286 447
595 716
1179 1439
849 958
551 645
1152 1359
286 412
263 416
44 130
63 234
278 369
336 424
845 914
830 917
284 429
1134 1250
35 153
1155 1313
854 930
521 626
1124 1242
803 988
1164 1278
1084 1294
1116 1327
5 238
862 957
828 1006
528 625
533 657
851 919
814 977
26 144
814 988
46 134
73 133
835 967
528 672
838 949
581 692
59 146
1125 1430
564 718
580 661
75 135
811 911
812 971
546 705
1108 1403
876 957
1154 1419
14 230
875 971
588 644
1150 1435
260 447
838 930
807 926
800 992
33 174
830 929
585 650
283 367
580 653
1182 1278
17 217
47 164
34 146
291 378
1102 1272
1097 1305
288 386
808 928
878 999
93 246
591 656
1085 1379
289 389
864 940
532 708
53 220
871 905
528 646
818 979
831 957
865 927
562 668
1173 1290
844 997
10 204
1183 1408
43 236
562 695
520 718
1165 1282
1186 1288
537 705
814 954
321 454
277 466
1153 1419
539 700
1111 1343
834 991
854 955
333 390
1160 1387
598 638
549 717
859 1001
1099 1301
571 675
2 213
33 132
527 657
43 203
598 705
281 383
63 213
76 170
525 679
1154 1381
3 165
1090 1343
1141 1345
8 249
22 204
864 919
860 988
805 956
848 946
35 188
865 976
1080 1302
1165 1320
272 414
848 969
527 675
339 443
48 228
300 429
1136 1424
594 664
805 918
839 909
590 710
21 135
824 915
295 403
597 723
847 1001
311 439
588 707
826 979
855 991
1084 1310
294 370
576 642
850 909
1103 1298
1114 1221
91 157
1138 1345
272 454
276 397
262 411
827 909
284 459
579 699
326 462
278 447
557 656
7 205
554 659
1118 1368
46 226
50 161
542 687
528 694
841 905
56 126
275 390
338 440
315 441
95 203
1133 1305
1145 1406
851 988
1188 1434
1190 1257
303 430
1147 1421
297 376
40 238
1148 1395
310 456
1108 1405
827 917
3 131
2 129
876 977
1176 1215
321 396
91 170
1178 1276
835 1005
551 724
520 663
1180 1250
525 642
587 667
1094 1431
297 419
1155 1346
295 442
1141 1268
1096 1419
31 173
596 639
282 392
333 470
874 983
1123 1265
1131 1281
69 134
1084 1224
577 674
297 464
1115 1249
1087 1434
18 214
875 926
271 419
79 160
37 129
262 429
853 980
1148 1258
275 372
262 451
555 674
826 993
59 152
79 137
833 920
534 687
45 229
854 1006
1080 1257
573 694
868 912
1099 1289
294 413
1111 1351
87 239
1108 1380
1129 1295
1114 1230
834 930
37 196
53 241
1179 1403
323 420
49 196
42 129
79 198
23 247
338 415
78 236
804 986
24 126
93 170
600 643
868 979
597 684
27 175
81 141
81 212
522 664
43 138
333 399
53 129
586 652
61 205
1 185
1132 1250
826 945
51 211
329 448
339 438
1180 1244
589 669
1089 1301
862 976
1130 1358
845 1009
849 967
880 965
33 217
558 625
58 225
592 665
1147 1411
269 372
568 642
530 674
1080 1299
588 671
568 656
594 714
332 383
822 914
837 953
825 1001
561 663
88 164
337 387
1179 1278
1188 1277
288 400
260 462
1118 1425
25 169
16 187
805 946
90 127
587 668
839 946
13 198
594 638
809 927
859 1007
98 152
326 461
824 949
31 192
872 919
263 420
854 950
880 968
586 627
1165 1230
527 648
865 937
266 416
527 674
1112 1345
590 663
542 720
37 125
835 991
275 368
1104 1253
878 964
277 408
811 1007
303 457
322 421
827 995
869 966
527 666
64 198
1147 1234
1153 1349
859 914
295 427
63 194
804 911
596 701
83 143
260 447
801 956
275 386
295 382
48 244
20 137
531 696
324 443
44 201
1161 1438
260 422
338 461
14 249
1131 1383
581 711
15 133
598 711
551 677
282 408
596 661
62 247
23 145
1156 1333
1142 1276
596 727
31 214
1144 1302
1144 1369
1155 1348
310 391
841 910
100 206
540 679
1161 1387
869 940
849 1002
287 377
290 391
828 996
60 242
94 125
283 379
1168 1359
307 420
589 675
8 213
1178 1250
1 132
1154 1390
870 927
64 172
852 922
580 681
312 413
579 677
1146 1237
56 164
857 956
78 174
527 629
585 652
81 162
801 962
9 230
565 653
314 386
1089 1325
39 209
315 384
804 936
285 406
301 443
533 663
836 996
74 175
32 233
263 429
322 445
284 432
278 385
340 441
873 952
539 717
839 912
1091 1300
287 467
848 943
272 468
283 396
45 223
579 670
584 712
50 161
563 698
540 642
55 162
821 913
17 215
807 980
45 177
562 643
865 975
1166 1276
869 906
90 192
575 685
566 661
1083 1292
327 438
534 634
333 398
285 370
551 634
548 726
340 463
285 365
564 666
319 426
561 691
64 137
269 372
838 971
1145 1328
869 1006
1093 1307
1088 1312
1108 1417
74 186
804 916
574 664
43 126
285 401
39 211
848 916
1083 1250
1176 1437
593 711
333 404
301 447
1152 1390
573 662
836 907
1177 1344
589 704
88 126
1175 1396
1160 1332
92 190
820 939
42 129
298 452
546 694
854 913
588 668
535 642
558 627
526 726
1162 1391
69 224
1110 1345
865 996
11 247
81 177
868 1010
579 661
275 370
848 956
334 411
530 645
306 430
339 439
817 911
72 152
23 146
331 448
569 711
69 192
1126 1255
1138 1287
854 971
831 917
524 647
575 686
74 136
1082 1344
1140 1310
12 227
295 378
538 686
1087 1223
538 685
818 980
99 217
1187 1225
1140 1232
90 205
834 930
1127 1377
272 387
272 455
539 697
1143 1432
1115 1317
279 414
552 725
1146 1270
7 218
879 924
848 1007
822 983
1190 1420
1184 1308
2 184
870 931
536 642
327 391
540 641
527 649
54 250
857 940
839 905
71 198
811 968
11 223
329 434
37 196
274 466
91 246
280 379
317 453
521 677
278 426
1125 1372
1154 1406
565 680
290 450
328 377
536 680
835 931
70 150
803 975
1180 1303
577 713
306 398
527 716
1130 1340
58 150
807 979
282 424
810 970
856 921
0 135
1152 1264
313 432
558 653
552 674
92 175
867 913
11 183
1090 1337
600 637
814 991
532 639
0 199
567 721
1186 1237
329 427
522 721
64 185
858 988
265 423
1148 1262
276 462
325 410
811 909
318 393
558 705
260 404
600 645
63 245
290 405
326 445
859 993
805 928
38 228
570 722
321 434
844 916
568 700
811 906
599 634
818 933
575 627
551 653
3 151
72 235
814 910
871 915
565 640
589 727
30 209
879 953
544 721
337 465
592 625
1177 1227
589 683
564 668
1150 1279
543 627
859 910
1095 1393
830 987
304 430
807 913
95 183
1115 1419
1144 1427
539 723
275 466
331 456
86 139
294 405
815 979
585 654
863 995
44 130
318 468
575 696
23 232
832 931
74 218
818 991
570 648
88 132
873 977
550 665
559 721
286 368
336 369
276 400
805 973
853 930
848 994
262 454
331 405
1174 1417
563 700
290 461
849 914
1144 1276
49 209
285 462
1092 1250
555 723
814 922
1157 1370
555 701
71 232
1176 1439
1172 1381
25 223
1129 1342
1091 1232
293 418
854 976
1082 1233
1135 1335
293 430
836 1008
535 675
291 382
828 928
27 180
1149 1307
528 662
44 201
312 427
30 194
817 977
1164 1418
47 174
528 677
875 987
37 182
333 378
527 684
90 228
850 984
811 922
23 127
94 168
1092 1306
1116 1299
1095 1288
1153 1362
1137 1440
293 451
311 411
1175 1387
565 720
1178 1265
556 689
531 704
302 395
836 922
575 634
59 222
550 674
269 365
523 702
815 934
58 159
44 147
573 634
73 229
89 249
94 157
268 432
1114 1362
264 426
1101 1363
312 413
1169 1313
571 659
565 667
330 373
541 653
1144 1427
1086 1357
3 228
61 136
565 641
26 231
290 450
293 374
1140 1334
814 1008
293 371
1108 1359
270 430
544 727
593 728
333 441
540 683
320 366
4 132
841 964
869 971
25 171
1127 1324
1180 1229
578 690
1164 1302
33 134
81 216
326 468
10 147
277 415
874 967
569 714
526 702
270 368
1100 1350
280 378
293 437
283 378
1108 1250
578 626
556 653
291 400
532 627
306 393
36 172
87 222
1080 1278
275 401
262 440
819 946
877 943
289 372
593 704
848 955
521 660
281 449
283 454
875 908
536 714
867 988
90 132
293 421
831 975
317 395
16 180
587 639
821 978
553 721
36 230
805 953
331 452
1135 1314
1136 1328
809 975
1182 1281
35 223
822 939
520 712
841 985
592 660
315 384
333 400
523 701
34 223
327 416
1115 1291
19 241
1140 1306
100 210
14 217
571 672
318 407
89 218
1142 1261
1159 1274
600 643
1122 1230
56 238
70 166
520 718
48 136
21 212
39 134
89 184
867 929
820 947
3 183
64 183
310 433
335 391
544 668
553 636
294 408
99 136
1112 1401
279 376
292 390
52 232
530 626
868 940
852 944
292 456
310 444
831 931
582 720
520 684
339 386
1091 1436
1126 1236
540 693
1155 1308
838 986
837 919
806 934
56 192
872 943
833 912
1136 1318
315 422
310 378
818 951
535 644
1171 1333
262 378
589 626
550 718
867 919
537 668
545 696
308 445
324 396
35 163
272 463
579 635
1188 1303
13 131
81 154
47 174
594 645
810 988
528 726
595 717
588 627
543 637
326 422
300 466
1165 1252
820 989
65 227
318 464
879 943
879 951
1111 1354
865 964
551 653
337 452
875 916
298 416
278 371
272 381
312 370
1109 1286
535 697
54 224
857 940
878 934
594 702
26 232
58 234
1115 1304
1143 1264
536 629
812 934
12 248
817 933
844 936
543 633
53 215
291 446
577 649
63 125
875 949
1129 1353
841 1005
286 432
12 128
1153 1277
1156 1317
27 147
53 186
550 706
599 721
575 676
312 412
21 234
1148 1381
1133 1235
35 224
330 448
327 390
331 469
549 633
585 630
598 676
853 985
1113 1299
880 952
1168 1440
23 161
837 987
858 982
42 130
313 388
841 921
816 988
843 1003
805 912
3 213
596 669
857 963
311 420
1169 1382
1164 1237
1161 1268
22 235
272 417
309 371
821 983
336 378
93 228
1180 1219
532 730
1114 1343
525 701
283 411
78 182
283 470
64 214
530 662
1143 1325
823 1007
2 244
561 633
320 386
1172 1409
93 248
37 180
820 936
331 371
287 389
1123 1294
551 672
834 943
845 1005
1173 1234
838 1009
316 368
541 647
311 448
827 974
806 969
536 722
260 432
821 916
580 721
22 218
871 933
841 959
308 365
1145 1363
579 653
1154 1267
44 195
527 637
308 394
77 156
1121 1274
558 670
845 957
78 171
825 909
853 929
328 367
9 208
837 916
1097 1241
92 162
839 961
1167 1316
542 656
804 916
1137 1297
556 687
1149 1312
554 634
262 430
1099 1233
1161 1245
63 157
1151 1411
55 135
86 174
863 908
266 443
319 375
279 380
589 693
1139 1423
40 149
311 435
853 906
867 998
856 981
879 944
49 244
321 417
323 433
86 159
1109 1302
583 654
1101 1360
268 379
1117 1421
570 713
72 183
40 139
524 703
3 150
878 936
864 1002
281 447
849 935
573 637
830 960
848 980
528 633
306 418
833 968
8 150
550 656
317 372
310 405
280 449
326 409
9 231
26 175
1130 1409
1082 1259
297 391
1084 1433
304 416
1139 1307
96 236
599 673
265 412
321 408
530 712
297 370
315 368
1101 1299
1107 1337
315 399
87 194
558 698
66 135
1157 1258
825 909
544 716
525 695
552 711
91 223
1082 1374
100 207
847 926
1141 1436
529 685
5 240
43 240
808 927
333 391
835 909
569 710
1145 1415
92 130
571 665
859 1003
22 231
1100 1422
835 918
16 231
280 383
1148 1336
826 946
1129 1412
1115 1322
1169 1236
816 1009
1160 1297
558 697
828 922
846 943
819 920
549 717
566 650
804 932
816 961
1129 1415
564 647
563 718
554 685
1166 1433
54 214
596 667
570 637
75 205
800 931
329 425
1147 1302
554 687
30 138
590 701
811 919
1103 1309
1101 1290
271 445
544 686
67 229
811 924
19 220
14 169
583 727
856 914
584 657
1094 1401
15 201
29 231
535 634
320 406
524 702
830 1007
566 638
260 365
313 379
300 432
1117 1258
316 452
1143 1230
14 171
40 146
97 149
562 686
807 936
1137 1322
320 430
571 632
300 413
272 418
14 180
1174 1251
814 919
1179 1373
558 686
1082 1374
1135 1330
552 658
823 917
95 162
42 180
824 916
340 459
96 166
879 947
840 929
869 937
280 375
66 210
879 967
1139 1318
339 385
1145 1287
833 956
530 679
1089 1241
29 140
1109 1310
32 206
1189 1408
1080 1277
69 223
280 407
551 707
529 631
24 148
324 447
1162 1346
1086 1299
1115 1375
1113 1331
554 654
538 678
1136 1233
272 414
7 183
577 717
579 685
808 970
86 174
562 693
16 201
1185 1424
845 936
1171 1218
329 415
1 184
1092 1255
533 701
1136 1274
1148 1381
1105 1365
1131 1261
877 988
538 629
586 684
1080 1287
46 147
336 417
1160 1432
1084 1238
276 390
599 625
87 239
329 440
530 682
878 965
548 701
840 996
63 127
54 130
74 230
829 947
1125 1337
826 911
588 712
1135 1266
1109 1346
846 927
802 1005
800 927
834 1007
525 661
548 688
548 707
278 421
5 132
37 162
53 138
321 449
1089 1439
851 907
94 226
536 668
77 248
1167 1393
808 926
1136 1261
536 696
325 423
563 724
305 446
577 705
1132 1365
266 434
35 173
1091 1403
597 691
297 368
1162 1284
869 969
319 446
318 448
530 666
871 1004
304 409
1160 1287
281 453
860 932
854 927
1185 1311
62 137
42 166
600 721
880 940
576 641
63 242
858 933
11 140
522 666
86 176
307 407
274 376
318 452
276 457
282 434
1185 1272
1177 1360
271 416
328 419
1168 1352
1177 1406
812 922
587 641
3 202
1156 1428
1131 1344
841 909
869 980
313 421
11 241
1096 1389
1152 1394
339 436
571 666
1114 1339
278 441
312 394
549 634
287 391
805 917
599 694
823 980
814 913
585 729
1108 1275
23 127
860 957
313 451
833 948
24 189
302 369
823 939
1169 1334
60 173
1161 1283
815 983
309 434
571 676
1093 1359
863 957
523 718
872 925
879 974
281 369
551 723
541 673
1178 1424
870 931
306 417
589 679
1189 1423
1101 1262
829 946
825 971
83 164
52 231
843 970
22 162
596 702
542 717
806 988
282 403
15 173
581 702
834 959
1147 1258
310 431
1169 1253
270 467
813 930
820 976
872 997
600 712
563 708
72 218
839 912
1146 1333
590 699
569 710
1154 1346
586 625
814 917
333 391
322 445
1152 1353
276 443
809 919
92 226
598 717
1101 1351
592 702
311 366
597 629
592 689
274 368
44 163
586 650
523 713
327 374
560 682
860 960
823 914
79 249
831 935
522 701
54 151
46 214
581 726
1080 1416
817 918
262 436
1098 1267
1103 1408
26 151
591 697
587 671
263 370
275 416
1093 1227
263 373
833 964
1160 1406
19 144
821 972
820 921
34 223
281 416
546 700
1119 1400
76 208
32 152
71 246
1134 1372
824 944
54 248
1121 1310
294 390
338 404
318 371
1172 1346
845 941
819 954
854 958
90 166
876 935
294 413
332 366
267 432
330 369
274 443
1082 1433
802 909
826 965
540 686
807 946
585 661
42 158
82 212
822 978
1172 1437
816 995
816 917
39 163
336 389
574 695
340 368
1096 1269
818 943
872 923
4 229
39 125
1160 1358
840 981
568 658
588 719
97 202
819 956
577 688
19 178
1116 1427
836 1004
324 454
854 953
843 971
827 920
19 139
546 659
813 933
321 404
1168 1249
1116 1359
878 925
89 230
566 643
92 126
273 373
523 667
50 134
807 1008
1160 1247
855 907
293 365
1169 1325
300 402
530 727
829 943
595 640
1173 1258
1181 1287
83 191
533 700
75 165
292 460
520 664
1132 1421
880 987
11 129
14 152
564 645
1187 1386
54 181
571 625
1153 1285
1123 1331
855 977
525 633
827 969
263 458
523 640
1106 1336
65 170
61 131
812 1001
51 219
1144 1292
59 159
824 1005
573 728
337 418
86 204
1179 1344
1161 1313
1123 1291
543 686
580 651
277 399
575 638
599 636
290 408
283 366
1177 1252
823 926
94 190
865 948
584 697
526 705
76 128
37 138
60 162
72 237
271 469
1149 1398
526 648
310 452
537 651
869 906
1182 1315
270 436
822 1003
1132 1438
547 625
547 727
14 201
0 204
1114 1397
35 133
335 408
1159 1330
1097 1387
527 641
1093 1322
524 681
815 954
538 715
829 1009
575 634
14 238
32 183
855 952
534 671
23 183
261 388
814 978
1132 1230
333 367
585 686
527 663
1125 1328
866 972
1175 1330
77 157
1185 1260
543 651
846 929
278 444
566 625
829 1004
267 392
868 915
1140 1310
296 441
268 419
827 993
814 909
87 247
521 680
584 698
274 423
568 666
582 644
1153 1215
868 971
851 971
570 650
65 201
63 179
541 693
846 983
557 652
302 395
1082 1224
93 191
543 647
580 658
72 229
530 661
865 1000
26 223
295 434
14 250
574 643
829 1010
27 146
1106 1246
302 393
869 922
813 993
24 190
582 701
857 988
1096 1419
1128 1236
826 942
328 371
869 995
324 401
287 444
6 229
64 214
60 216
528 669
565 714
847 971
332 450
289 371
802 942
522 672
812 933
275 425
99 190
834 917
834 928
856 955
1091 1316
565 681
275 407
852 950
16 178
291 382
592 630
877 975
598 665
573 723
60 125
1111 1289
1085 1299
600 647
538 709
845 970
1154 1356
833 971
538 628
1190 1335
828 938
1090 1280
309 470
576 725
573 728
835 927
291 470
548 646
340 453
323 372
1111 1356
819 1010
279 418
878 1009
828 940
71 149
824 940
560 689
838 909
9 148
271 376
328 456
833 977
1163 1234
865 960
58 206
850 937
819 964
31 126
816 955
69 147
330 465
582 719
532 629
324 440
291 450
79 167
1140 1273
41 238
1154 1408
303 402
1135 1431
829 981
1149 1259
539 652
580 718
1140 1386
524 644
91 127
12 150
855 905
1151 1343
1152 1329
822 993
861 939
848 957
273 425
1099 1226
53 246
866 933
584 635
89 162
40 140
1117 1424
1124 1410
840 939
1136 1367
874 961
1125 1272
100 248
288 449
279 412
1180 1253
100 137
270 395
294 467
1149 1268
274 459
1151 1230
527 637
809 988
1091 1343
563 682
826 967
824 980
1100 1350
295 368
879 978
37 213
814 946
1164 1429
59 182
1182 1326
1082 1377
596 631
534 661
818 937
338 465
42 133
876 997
584 679
868 906
526 670
1126 1355
1175 1255
279 393
837 937
284 386
39 195
31 236
525 721
92 242
320 429
1123 1330
593 723
1121 1263
809 1007
25 217
96 211
1168 1299
338 454
837 939
845 925
1144 1335
1135 1392
262 470
1144 1333
1186 1257
1133 1388
875 1007
1092 1301
302 368
1145 1220
82 214
554 640
312 377
75 140
596 653
821 910
327 435
1185 1302
92 204
1185 1270
1151 1342
92 129
274 436
1105 1417
312 391
275 422
865 986
275 424
826 913
1099 1344
42 226
1158 1415
1140 1342
261 442
15 189
315 387
329 450
1169 1308
880 961
16 138
1136 1335
339 467
300 465
578 635
1118 1322
293 371
567 628
597 632
804 916
802 940
290 427
861 1003
284 388
269 462
93 215
559 676
267 425
334 456
272 379
1179 1247
862 932
3 234
805 979
27 235
6 162
70 225
835 912
1093 1313
37 199
41 227
56 231
576 668
1143 1383
840 909
20 139
851 958
863 1004
1098 1317
1130 1354
32 157
1086 1431
98 131
568 629
878 982
542 683
78 170
1131 1283
592 714
825 1000
542 720
66 233
878 941
274 408
1162 1259
847 997
1090 1291
34 161
318 429
1179 1389
333 434
329 431
600 635
266 419
1082 1430
297 419
80 223
42 135
46 149
572 684
584 682
277 398
568 670
580 682
835 984
822 1007
873 940
9 248
1121 1251
272 468
340 451
544 639
815 919
1177 1295
49 168
806 956
826 931
283 397
1119 1290
834 956
539 682
592 638
870 933
19 244
302 449
810 967
54 130
70 178
1188 1319
525 683
1083 1277
548 651
800 1000
577 686
838 975
336 401
555 688
50 126
75 220
1102 1326
1146 1384
278 390
824 986
570 670
313 449
568 728
1146 1438
64 223
276 449
541 718
1097 1219
83 241
1144 1404
65 238
837 990
815 967
318 451
805 948
324 386
1164 1241
1130 1305
271 405
84 148
272 430
577 728
1140 1328
529 672
807 989
262 383
593 670
816 988
273 430
556 625
872 918
286 379
871 929
93 250
81 250
1120 1427
263 384
550 723
1119 1257
22 182
319 422
545 663
539 636
1170 1404
856 958
1166 1323
1082 1431
542 714
865 969
836 995
30 148
1181 1334
267 423
1103 1222
14 228
875 1005
850 956
281 367
65 224
812 972
867 937
804 973
849 996
539 704
585 650
1164 1235
330 442
1174 1364
296 465
823 933
879 948
263 456
815 981
588 677
1102 1353
264 390
821 985
544 647
311 464
1121 1238
1090 1288
834 940
1120 1260
11 218
533 700
839 910
98 146
28 128
546 642
333 389
84 160
337 372
858 961
1089 1255
801 984
803 977
1169 1364
566 696
1161 1315
1152 1245
594 726
830 1001
328 382
1117 1318
80 172
18 187
5 221
1105 1274
47 192
1108 1395
843 999
552 700
1112 1365
265 438
860 994
45 230
23 164
830 949
1176 1431
873 1008
1121 1262
834 932
545 649
54 216
26 183
267 384
839 929
1099 1316
831 934
1181 1338
1105 1232
549 637
1111 1389
58 183
804 920
81 240
1113 1331
553 730
43 151
535 649
847 979
280 434
575 697
1104 1367
1130 1281
1144 1393
14 171
814 1003
332 409
310 367
19 154
591 653
88 150
835 1002
535 717
65 205
537 685
59 193
76 214
561 715
586 670
293 445
263 470
91 161
321 442
1112 1411
820 996
1183 1321
87 250
294 379
1127 1282
1170 1291
277 365
1180 1245
307 426
828 959
273 427
529 647
323 452
1128 1304
807 972
37 166
307 413
7 209
13 190
1189 1225
1167 1417
2 188
1131 1336
311 467
294 433
263 466
281 461
591 716
801 939
1174 1299
823 920
1170 1360
58 184
63 241
836 981
1107 1417
269 457
538 669
532 636
316 452
96 150
84 155
1105 1263
817 917
97 154
560 688
297 381
296 424
825 933
807 950
319 461
332 428
1108 1410
336 433
1176 1375
598 681
1117 1369
599 728
1108 1384
283 371
525 681
1134 1295
31 228
1187 1261
1147 1394
836 987
316 412
64 226
839 922
534 671
1156 1267
846 921
594 703
1182 1246
542 671
1183 1275
80 132
1093 1322
1120 1430
1135 1233
28 183
278 403
520 695
276 454
1113 1350
801 957
853 912
1118 1409
866 972
1119 1413
560 676
874 959
535 725
325 384
7 201
1125 1435
546 683
1131 1317
839 954
36 128
840 958
1176 1269
53 152
1094 1342
25 168
815 979
859 998
1164 1374
827 948
839 955
1172 1316
829 920
1087 1313
807 948
315 457
67 203
323 407
536 692
43 209
1117 1383
836 945
549 693
807 950
71 205
3 159
322 463
56 206
843 934
537 671
1113 1400
286 440
336 382
277 428
817 989
316 393
1156 1369
865 944
553 692
550 636
277 401
260 411
83 161
1101 1234
855 908
291 403
856 1002
294 387
572 725
1095 1411
307 418
1152 1376
815 948
1123 1438
325 399
802 982
1087 1378
854 956
300 458
309 449
580 686
317 379
1098 1404
550 683
1123 1381
1125 1249
1137 1231
880 1010
276 439
565 716
542 691
7 187
596 715
590 728
69 250
531 710
59 137
63 248
1169 1327
43 239
557 633
856 942
19 190
313 452
50 197
851 939
1111 1401
560 681
535 699
870 913
291 412
593 724
1118 1258
1169 1356
75 185
534 640
1123 1437
843 997
542 712
1181 1327
865 924
828 937
577 712
840 905
880 962
824 937
1161 1425
580 679
17 149
1091 1347
861 1004
533 683
866 936
1086 1347
306 469
1180 1383
70 230
1116 1343
331 386
600 647
58 176
283 461
262 460
860 964
843 989
555 701
564 647
563 691
560 639
583 666
842 1004
588 695
53 169
876 920
1140 1219
1109 1229
870 975
860 935
1141 1357
1167 1415
82 238
586 644
9 247
586 688
871 1008
1168 1371
853 941
8 175
302 379
1128 1430
331 366
6 193
800 1004
271 428
1092 1260
564 715
841 971
1085 1425
1145 1382
577 667
804 915
319 460
275 450
276 438
279 415
68 141
878 1003
814 911
852 1007
1090 1415
75 210
539 646
319 416
809 951
314 379
575 724
1157 1392
1097 1245
520 626
1137 1230
1099 1412
820 919
863 918
598 635
25 154
50 146
96 241
12 175
1114 1400
818 946
292 418
327 397
1117 1245
834 907
878 951
303 413
331 456
54 167
334 415
872 962
1160 1220
21 214
1085 1388
66 238
530 712
589 647
815 975
561 712
876 956
521 652
866 957
1131 1361
272 469
267 410
1094 1415
81 140
571 675
330 426
874 950
321 409
61 151
836 1003
558 681
1169 1345
327 406
301 415
1094 1431
1125 1285
306 372
89 132
568 701
595 672
1160 1389
21 156
262 377
67 223
841 948
270 388
41 243
1185 1243
22 250
46 247
88 172
264 464
849 922
1140 1390
1151 1427
1082 1220
1114 1325
1090 1343
538 661
801 995
820 910
321 435
1094 1230
1086 1298
264 443
91 238
98 250
313 462
822 993
298 377
280 375
852 930
1129 1376
312 388
819 965
570 652
289 431
56 133
541 641
829 989
301 399
83 228
573 648
848 920
852 973
33 224
39 167
529 625
537 663
271 369
1168 1373
333 369
801 933
27 236
1109 1236
331 418
58 219
1135 1311
860 922
814 908
310 422
590 635
98 234
1148 1294
577 643
323 445
12 211
866 937
824 952
568 626
305 378
560 718
295 469
819 908
597 690
67 165
92 208
10 143
53 160
803 912
828 923
565 661
16 243
1124 1280
46 187
574 652
263 444
561 705
274 453
96 128
329 416
294 402
1106 1422
1169 1310
32 230
1096 1245
834 967
806 917
280 462
586 672
1142 1234
304 421
806 1002
845 988
520 676
1155 1390
538 717
569 698
11 134
1172 1323
277 459
31 200
1097 1439
296 419
68 127
336 397
540 688
266 398
872 923
1188 1354
861 937
323 434
843 942
1145 1216
88 183
1084 1406
586 647
538 723
567 685
286 439
584 646
310 381
569 672
31 165
89 223
1187 1403
319 464
564 684
275 447
47 134
1099 1427
1137 1295
551 725
522 714
850 947
280 430
1128 1289
265 427
590 660
316 390
578 662
1081 1375
1163 1382
1147 1354
310 385
292 462
88 159
598 675
280 419
288 429
854 964
61 162
320 466
79 158
94 127
293 432
582 727
277 368
1181 1226
534 700
1169 1299
867 988
1160 1364
848 978
315 445
875 914
534 700
1131 1362
70 193
279 459
594 672
595 647
1087 1258
525 690
268 425
311 459
531 648
588 709
1181 1216
266 381
335 453
1183 1230
576 671
559 626
1139 1374
330 383
835 971
531 723
599 697
815 944
338 428
1096 1439
305 456
0 221
839 920
1 188
840 989
550 673
522 656
307 438
1159 1366
859 976
27 180
521 716
3 249
38 207
1139 1268
31 177
20 216
598 677
328 407
87 219
68 197
61 163
48 215
336 369
285 385
588 714
533 691
536 727
1180 1246
802 959
18 144
14 245
805 966
14 167
1154 1440
6 146
339 410
286 440
292 390
850 969
1131 1258
278 450
801 999
54 247
587 692
522 633
867 906
803 929
1131 1258
800 956
543 644
327 420
832 948
1186 1216
566 701
522 679
1133 1287
1172 1246
1189 1362
554 631
288 418
1153 1374
1166 1392
544 643
831 988
1109 1241
594 644
820 998
337 462
260 406
22 250
75 159
536 698
1085 1387
72 243
1118 1334
1164 1365
1122 1332
31 152
86 197
69 179
27 155
4 154
524 704
562 645
34 133
591 727
1091 1372
820 927
581 704
596 643
34 239
1186 1218
60 219
554 650
808 996
541 651
1081 1324
267 383
831 978
95 234
16 209
12 241
18 132
543 714
1190 1234
845 982
67 245
802 974
263 468
85 197
817 970
829 973
1125 1275
595 703
558 679
832 929
870 975
856 950
592 653
99 160
864 1010
302 407
338 372
1107 1234
317 422
532 653
1169 1231
861 931
321 458
576 684
840 947
846 914
830 986
560 648
803 1005
806 965
819 928
90 128
3 163
1098 1301
811 925
851 940
1131 1354
1141 1252
800 974
569 686
44 179
1 242
571 696
840 1005
594 643
871 1002
856 972
861 985
296 372
262 441
4 211
282 442
547 719
537 710
1166 1395
21 161
1182 1416
553 660
336 392
1129 1220
26 240
50 232
315 442
305 418
1140 1397
587 708
543 690
867 999
836 1002
807 991
1145 1294
869 908
1164 1262
1158 1342
864 993
10 241
39 149
876 964
594 683
30 164
301 368
561 719
272 415
300 395
1181 1383
846 985
558 686
577 691
878 1001
1184 1410
338 437
878 984
70 230
540 727
55 230
87 142
1172 1436
577 692
295 410
865 914
1185 1421
293 451
323 459
84 190
55 151
819 970
588 723
21 223
534 679
843 966
589 728
16 238
880 986
856 998
600 687
58 231
825 968
1122 1274
1174 1235
801 918
276 466
7 193
1154 1440
552 710
312 393
277 464
285 426
1100 1368
263 371
872 928
65 240
837 921
836 967
1097 1259
279 377
1098 1395
79 179
90 229
322 383
1145 1266
1100 1388
879 983
556 707
1137 1230
1099 1271
1091 1346
1081 1316
1111 1404
290 469
88 152
581 653
1125 1272
814 915
543 725
324 435
84 151
273 405
554 693
848 914
261 391
317 389
1135 1357
1156 1424
55 202
845 957
849 962
575 682
1180 1244
49 142
1157 1334
536 685
30 168
1148 1289
554 695
1157 1372
588 664
855 1003
307 464
323 378
294 401
1132 1282
525 625
54 170
1187 1292
44 246
1099 1258
1085 1380
559 706
1090 1348
1089 1328
832 940
571 707
296 392
832 920
1163 1241
858 958
804 909
97 176
1168 1365
599 655
1145 1279
864 939
322 370
1102 1297
579 698
819 972
76 161
829 933
45 196
1170 1251
1088 1234
1114 1430
3 232
815 927
842 985
596 642
818 983
288 465
544 706
284 430
1098 1295
538 641
99 227
1080 1274
310 465
1183 1374
54 140
83 232
825 920
534 657
86 228
863 985
1117 1434
828 915
10 147
312 442
269 402
874 938
89 233
590 699
314 371
858 1001
833 980
8 128
85 249
28 236
597 692
809 970
1086 1289
544 633
37 126
857 924
309 381
880 924
269 374
288 399
309 375
337 433
820 985
297 394
1120 1306
97 130
1128 1267
860 954
598 728
15 158
1186 1350
1128 1426
1091 1298
88 186
822 912
596 720
263 470
84 242
868 988
852 986
1169 1335
261 419
593 722
330 422
260 434
823 933
94 237
850 990
276 448
302 378
35 230
1180 1247
272 414
16 131
330 369
286 464
1177 1336
1183 1431
274 402
1153 1304
264 427
19 195
568 661
1131 1237
813 933
17 192
818 948
303 425
583 681
52 195
1112 1231
531 722
280 437
99 192
561 653
809 948
828 1003
288 399
875 1000
1149 1373
1162 1407
570 673
852 924
1141 1275
1128 1305
857 943
14 182
871 907
1162 1257
1154 1372
303 381
80 243
1155 1425
552 679
2 134
77 162
1167 1383
84 182
17 172
1187 1341
268 418
1107 1341
838 956
48 131
292 366
549 690
329 467
566 667
533 647
288 458
1104 1430
303 393
66 219
860 940
287 401
316 400
294 383
1118 1290
340 459
41 228
840 978
527 660
295 438
332 422
309 408
287 455
293 408
308 378
549 711
866 968
281 420
325 383
1147 1421
526 687
1158 1280
876 995
1087 1362
311 380
1156 1319
329 432
1186 1360
543 678
534 644
1139 1432
275 406
275 371
526 681
873 951
291 401
545 689
269 461
276 415
857 916
278 443
293 409
1126 1294
19 157
547 687
576 702
529 633
543 628
1121 1433
287 412
92 235
539 658
331 407
324 396
44 192
21 242
536 665
535 706
581 659
34 245
577 647
1138 1330
14 204
67 168
1102 1224
854 974
1111 1351
31 196
0 142
1097 1438
853 991
336 449
1133 1228
297 397
588 724
846 999
64 239
305 437
23 155
272 386
566 696
853 989
849 931
338 391
315 429
803 908
551 644
306 371
282 467
842 973
1111 1275
561 668
50 130
317 451
599 657
829 956
1157 1279
1167 1413
81 223
526 690
319 408
276 390
1119 1303
1129 1227
1147 1369
29 206
8 234
1118 1267
327 460
64 216
534 718
1094 1355
35 203
585 626
64 150
835 993
42 182
529 676
1179 1316
805 951
537 646
529 662
873 930
861 939
534 654
91 139
307 376
274 398
315 389
864 989
834 1002
572 691
520 673
316 444
1166 1230
853 935
858 926
297 388
529 729
95 176
312 370
301 377
599 721
29 155
1152 1278
27 165
558 721
8 167
599 724
298 370
9 161
1126 1324
260 447
305 428
557 713
55 190
1124 1426
578 682
92 214
1152 1381
530 721
534 684
532 660
309 379
10 215
869 919
1135 1295
340 428
47 150
1131 1313
316 396
1085 1282
578 660
78 223
544 654
283 458
323 365
290 419
330 430
1116 1348
57 150
288 394
261 380
540 703
821 981
291 431
528 708
848 957
93 206
273 373
563 707
808 963
1115 1227
278 427
24 130
593 701
1167 1293
47 136
862 947
25 217
564 629
325 427
1128 1288
287 411
1150 1307
17 136
333 394
542 644
313 383
565 639
570 714
70 212
595 712
268 392
537 626
298 460
805 986
75 235
802 942
79 139
1168 1229
577 718
28 188
870 970
76 211
1170 1303
861 957
816 917
49 152
825 946
1130 1370
297 460
267 400
847 980
20 220
1149 1357
1136 1394
282 415
1091 1310
560 679
9 214
62 160
810 931
287 455
86 133
562 639
1149 1290
1108 1226
580 665
827 937
1172 1236
308 417
1176 1308
310 454
45 176
1087 1338
595 656
1155 1351
1144 1304
590 681
1083 1271
580 725
1083 1266
1138 1400
837 1005
599 688
278 374
332 367
822 937
530 715
596 688
332 373
1161 1373
271 380
15 198
0 229
563 633
285 445
31 137
324 389
584 700
857 982
582 713
560 666
1123 1320
1151 1352
285 431
319 381
590 628
534 696
295 374
566 628
62 149
853 964
306 455
1133 1387
287 402
1092 1429
595 676
81 242
19 162
589 713
269 424
826 998
806 1003
525 714
871 989
271 444
311 434
307 401
88 154
79 206
1147 1437
572 646
8 215
303 447
801 994
318 407
322 412
296 388
295 470
269 454
37 226
854 925
260 439
9 126
592 717
278 452
562 730
1140 1377
24 131
62 164
313 445
1132 1413
850 909
830 990
1184 1227
1189 1404
835 1003
283 366
818 1008
565 661
819 940
1108 1404
1082 1409
801 1000
61 170
1116 1396
812 1005
533 630
1134 1326
871 982
302 461
588 690
521 631
831 981
1085 1244
870 1008
273 452
14 205
334 395
584 703
540 720
36 177
860 940
599 729
276 459
539 727
53 217
814 914
567 721
585 630
569 681
815 934
550 710
1122 1380
801 929
1144 1293
1132 1430
335 401
531 646
1091 1389
331 398
600 722
88 184
871 905
811 931
1159 1385
321 371
85 250
11 139
1097 1373
266 405
1106 1232
841 1002
1119 1338
284 387
872 929
826 913
873 941
561 696
1085 1363
1085 1218
1181 1319
1083 1364
807 953
865 979
94 201
560 710
596 724
0 199
530 632
573 697
1099 1280
1181 1222
1136 1363
55 227
1115 1277
264 379
816 974
94 232
875 944
835 976
553 652
593 678
1121 1258
870 996
68 164
523 666
805 954
1144 1424
530 677
1157 1360
1101 1308
277 374
10 219
330 370
553 674
1180 1320
310 370
317 401
856 1010
304 413
815 946
1151 1367
555 672
93 231
805 964
597 724
822 992
9 172
318 391
804 907
809 962
865 927
327 366
1108 1309
334 452
807 1002
825 956
526 695
41 153
263 460
306 465
1110 1405
307 469
824 915
874 988
1179 1244
41 183
339 415
313 392
871 955
1147 1356
831 987
269 404
598 713
339 393
590 683
1127 1302
1135 1341
840 927
52 140
294 453
321 458
326 440
821 918
561 691
23 201
1162 1229
329 417
1151 1317
567 697
874 981
1142 1286
593 719
319 461
808 1007
1150 1323
31 188
282 410
846 942
859 994
291 385
1177 1255
861 987
332 451
852 997
67 141
578 641
1110 1401
803 946
872 1003
298 398
1187 1271
534 687
271 464
870 942
272 368
35 129
329 447
591 728
82 167
838 917
586 693
290 459
83 153
523 725
837 928
1161 1358
1139 1368
25 222
820 991
525 629
570 678
857 942
18 155
332 439
0 201
835 956
1133 1437
70 249
522 724
864 918
340 464
847 967
867 986
271 427
600 632
1162 1402
1145 1230
548 661
1168 1394
23 144
826 1010
1146 1305
533 647
1127 1305
13 232
336 444
541 662
533 639
879 1001
13 209
320 383
297 464
1133 1349
1101 1373
830 988
865 950
1182 1276
525 673
543 721
542 632
275 439
522 683
1088 1342
821 962
1123 1318
548 638
580 728
18 234
1165 1274
47 197
1125 1245
576 690
537 626
875 924
42 245
287 427
823 911
52 163
265 380
817 987
88 229
824 976
812 943
584 650
1100 1436
800 920
1141 1216
266 424
300 417
34 152
279 376
578 653
535 701
818 975
877 910
572 659
847 911
1089 1361
288 462
95 158
812 953
84 147
39 202
295 374
24 186
1151 1318
1129 1278
1143 1440
14 186
1106 1366
1166 1296
598 697
27 227
304 394
549 715
528 712
556 683
24 211
803 913
14 151
580 728
100 249
1096 1429
596 627
1160 1250
859 988
586 692
569 659
267 402
810 984
314 407
842 1002
1113 1242
56 187
835 963
89 203
1083 1414
282 409
28 148
66 250
64 129
79 221
287 392
866 914
334 378
540 679
270 399
1178 1290
803 906
811 913
1137 1356
295 411
88 209
557 683
816 970
1097 1370
328 424
310 373
824 996
284 407
1153 1439
812 947
295 402
520 656
1189 1424
91 127
840 947
845 968
1124 1373
818 960
80 150
298 409
333 470
66 162
324 427
567 635
568 642
1092 1417
11 147
52 179
808 945
1092 1259
309 449
1181 1320
823 977
576 630
874 988
324 389
50 186
267 391
1103 1303
872 956
819 963
529 646
1087 1237
594 704
559 632
1091 1300
1132 1415
270 459
837 924
802 946
880 932
262 464
1083 1366
1147 1297
94 210
33 129
1112 1439
337 422
833 948
286 376
281 469
278 389
50 221
337 368
8 220
1159 1255
1087 1433
1155 1418
866 1007
560 675
1185 1390
28 247
308 405
814 990
3 236
70 154
846 962
77 128
582 674
1102 1274
579 629
99 127
307 399
273 427
66 181
809 992
272 450
818 927
561 667
582 684
585 675
98 225
554 729
37 245
55 241
805 994
818 953
34 167
299 366
546 700
870 971
3 197
847 914
1171 1426
566 721
309 434
562 726
1188 1408
19 240
336 409
564 692
534 699
562 698
1152 1367
92 217
1110 1295
305 423
1167 1369
1174 1323
846 959
308 454
865 1002
49 147
852 943
262 419
555 653
68 139
1121 1282
301 419
556 667
1178 1417
56 227
314 372
298 397
836 1001
593 664
851 964
583 698
302 434
591 659
521 714
332 396
295 390
547 716
261 452
1141 1360
1128 1398
89 204
864 908
848 973
43 166
590 658
1164 1265
1172 1243
1098 1395
868 1002
1142 1238
801 920
90 179
31 211
290 467
1105 1357
307 456
72 125
286 384
1110 1368
1187 1222
537 627
575 637
534 720
37 238
875 907
557 679
807 942
873 963
562 632
325 366
836 947
861 916
845 956
315 429
41 185
5 238
1109 1400
286 433
86 248
826 940
844 912
880 992
832 964
1108 1339
46 179
838 979
1165 1343
1148 1433
544 711
306 453
336 456
317 386
874 971
589 680
1115 1267
1095 1263
294 401
824 972
100 165
1179 1289
31 125
572 712
833 946
1122 1226
271 396
1092 1233
266 373
1168 1358
546 637
94 206
1183 1265
338 442
528 658
823 969
74 245
538 658
310 451
1156 1238
596 729
823 965
1134 1314
528 631
301 388
38 186
1157 1367
599 634
531 702
827 972
1114 1319
1083 1304
77 135
851 906
61 186
1080 1360
25 237
1171 1244
332 396
10 246
278 452
560 648
288 404
537 724
311 463
12 232
553 688
551 673
16 189
264 377
294 413
852 990
581 661
322 404
1114 1219
291 455
12 246
809 1003
69 162
555 691
525 625
555 728
564 681
560 713
312 456
318 366
20 248
812 953
66 227
1160 1266
544 729
820 982
303 439
73 227
570 677
880 927
296 390
825 944
50 190
300 455
286 432
1129 1237
1091 1366
831 913
281 386
273 414
74 221
1099 1416
313 397
311 469
1127 1282
1147 1350
310 438
1181 1311
296 403
1163 1302
535 669
583 659
524 652
302 461
1171 1409
311 383
94 235
866 975
267 416
831 989
8 238
268 365
1104 1433
1190 1392
581 664
839 946
14 125
556 652
1105 1232
531 634
1137 1430
74 243
1188 1256
821 972
838 918
541 700
850 977
68 211
1128 1227
853 928
74 137
810 925
320 440
51 211
19 186
526 709
287 422
1122 1407
849 908
1181 1384
879 980
560 690
868 911
837 950
1123 1436
838 925
89 194
286 463
304 427
1148 1357
339 382
862 959
333 437
89 125
1092 1403
863 996
1116 1333
308 467
47 196
567 663
55 166
293 440
292 412
333 455
573 695
1151 1260
535 657
299 447
30 241
590 699
283 429
560 721
827 976
535 718
814 969
334 459
815 912
538 678
1129 1399
535 684
534 705
30 207
79 170
309 421
585 660
1169 1291
9 176
842 921
838 915
598 660
1 195
843 972
319 367
1174 1253
834 1002
546 720
530 724
538 678
1092 1265
330 387
1131 1334
300 395
339 385
279 457
535 700
1158 1327
1162 1297
565 661
1177 1425
541 651
583 672
1098 1347
44 206
1181 1331
1114 1239
1091 1254
840 957
839 988
33 165
550 642
826 917
82 216
316 414
324 410
563 681
66 191
1184 1217
578 698
876 925
288 462
537 672
869 923
832 931
1180 1323
579 727
324 365
338 445
865 927
593 637
88 189
33 130
76 169
859 994
1081 1403
529 679
550 636
557 668
46 152
804 974
1178 1389
587 723
1145 1408
1086 1373
544 701
549 662
1084 1262
55 156
551 683
832 975
69 163
1189 1411
558 680
833 985
571 705
303 422
1115 1225
815 989
540 633
1187 1398
805 953
42 200
85 224
576 692
581 686
594 661
1174 1227
531 722
92 151
1143 1399
859 944
99 186
1146 1340
1092 1287
1152 1305
1161 1333
294 400
287 408
540 627
541 660
313 399
576 632
1176 1410
54 196
333 405
66 158
812 993
825 934
335 369
561 690
551 649
61 132
42 221
828 974
48 151
813 943
538 728
536 708
524 632
564 715
1174 1425
1118 1419
77 194
814 925
1130 1349
569 704
588 638
1155 1283
837 983
576 663
1146 1440
305 470
302 385
810 1004
284 469
307 393
1132 1257
1102 1318
589 682
863 916
591 670
580 704
559 649
523 642
584 659
280 414
1185 1280
1182 1420
1170 1334
36 215
323 466
278 444
288 401
7 214
67 201
81 141
842 949
599 677
803 1006
563 625
828 961
89 214
576 687
26 137
1155 1286
295 400
811 1004
570 666
293 415
597 687
91 204
814 923
586 682
874 979
829 987
59 144
1138 1227
1170 1281
1186 1256
869 992
821 970
840 915
569 626
600 648
581 648
56 194
89 207
860 988
296 414
863 998
549 693
260 374
1157 1273
845 995
532 678
1095 1220
45 249
292 443
1187 1263
1108 1277
1155 1299
307 440
556 639
278 457
1128 1288
99 215
8 194
874 948
1081 1388
530 714
314 429
535 652
874 930
579 708
1180 1243
87 160
529 668
569 648
289 408
1180 1345
6 208
38 156
60 202
35 134
832 948
1124 1232
550 714
31 191
564 683
1134 1298
330 414
49 213
524 706
23 125
24 199
859 987
1172 1253
288 366
592 688
1089 1420
1139 1364
817 920
19 245
1174 1316
559 654
1135 1260
48 221
2 135
303 453
25 246
269 380
1179 1384
544 719
294 369
1113 1436
14 156
803 1002
566 655
339 420
520 665
588 725
552 670
880 1000
298 409
830 952
571 636
540 692
59 172
857 923
863 933
44 205
1149 1321
1083 1410
260 409
529 676
1188 1383
337 466
84 207
851 974
1094 1399
40 206
823 1003
838 975
35 231
1137 1285
554 691
99 151
38 222
1090 1323
315 413
542 655
1138 1297
90 224
845 940
47 147
587 668
60 202
522 661
283 462
543 727
274 454
832 1000
1139 1394
566 684
544 718
854 944
1166 1348
832 984
1172 1260
874 1008
86 142
299 413
309 428
1143 1363
875 967
587 697
1112 1436
852 909
97 145
1103 1235
545 691
301 454
6 232
273 367
535 663
1152 1418
33 180
826 976
85 239
839 949
277 396
545 709
18 216
68 189
306 367
1122 1216
813 927
569 694
873 921
43 219
1092 1396
1110 1273
69 140
837 925
79 248
288 408
45 140
56 198
874 962
810 915
71 240
593 717
307 447
58 139
74 229
267 441
285 427
872 958
1112 1440
523 721
824 989
598 668
565 627
1134 1264
100 234
67 213
89 126
321 450
828 986
279 388
267 402
584 710
300 457
304 367
596 648
1098 1300
22 158
273 401
62 203
322 454
282 385
831 965
536 666
566 677
812 983
1137 1427
276 465
880 934
1110 1415
566 649
862 959
317 428
35 162
37 134
269 455
560 719
20 157
333 450
570 696
45 224
840 936
560 696
591 638
75 132
282 456
85 176
825 986
54 203
589 675
584 686
523 635
80 184
1142 1349
71 182
825 948
276 417
821 946
811 945
838 938
537 730
327 417
58 195
551 720
853 911
23 215
549 626
809 967
1117 1222
89 161
16 176
867 964
523 636
307 375
1141 1411
277 396
331 442
583 632
537 725
90 194
800 938
287 450
535 628
538 711
1162 1349
1092 1373
33 193
333 367
52 149
552 699
823 919
30 172
564 655
577 643
841 950
808 964
543 671
593 656
14 205
552 627
1090 1346
92 218
545 649
290 469
593 690
877 977
802 1010
598 626
274 427
272 438
277 380
580 712
278 441
338 410
290 418
816 921
523 642
571 703
13 145
64 161
530 708
337 442
877 969
1127 1219
96 209
46 155
833 905
333 451
864 975
1109 1404
261 462
29 128
97 142
1107 1363
1112 1245
546 639
321 422
531 697
598 691
54 188
1164 1380
264 420
872 962
1110 1243
841 906
821 1001
576 664
594 699
558 682
834 983
1148 1378
17 191
568 679
65 189
563 697
826 947
558 723
278 398
583 686
541 695
561 630
537 660
1159 1224
801 965
568 675
19 167
263 397
314 399
846 970
585 691
595 700
313 395
1142 1370
585 729
95 231
63 150
864 927
817 907
286 464
598 653
541 691
598 698
581 648
527 726
816 958
1086 1342
317 383
866 974
808 933
339 405
545 629
537 687
1137 1259
1102 1427
76 202
839 946
1092 1276
874 985
318 375
77 248
332 414
860 929
12 222
555 729
65 168
839 976
1167 1386
284 391
1137 1404
864 964
1091 1334
329 412
1182 1322
1125 1306
35 153
573 637
867 920
1131 1238
869 970
309 380
275 457
1162 1285
44 139
274 423
23 182
1118 1274
1 132
860 993
803 1003
93 221
296 397
844 924
551 674
1147 1307
288 401
329 376
531 646
596 654
1111 1311
45 160
816 966
326 369
1177 1229
562 630
48 215
320 447
828 924
266 365
300 379
1123 1348
569 653
336 463
98 214
847 950
1122 1292
589 708
287 416
1106 1409
1117 1394
1146 1311
1139 1337
591 724
2 235
1091 1265
283 409
567 663
546 693
1141 1236
858 986
537 684
274 409
1126 1379
1111 1408
812 1000
583 694
1155 1241
562 677
873 977
81 237
808 934
861 910
863 962
61 150
1158 1321
864 978
1095 1368
318 449
1092 1282
579 646
60 215
263 416
51 139
836 952
14 214
554 660
532 699
1165 1358
826 1010
331 459
1179 1255
808 956
859 916
827 1003
535 680
528 662
88 148
583 705
290 424
837 921
264 435
1151 1231
99 194
567 629
803 980
844 913
830 932
1115 1246
45 153
1156 1323
82 167
297 365
835 921
280 384
815 942
312 464
303 461
300 390
1169 1282
583 692
270 373
857 974
33 224
843 988
3 184
309 446
100 186
309 407
1185 1374
39 179
596 635
94 187
273 461
836 926
877 942
828 949
260 403
596 655
878 927
569 715
807 975
860 938
37 144
69 217
65 243
273 442
559 665
1175 1343
863 911
31 211
97 176
1097 1328
51 183
1150 1428
44 165
863 985
93 158
1085 1436
74 244
20 143
588 726
1145 1374
1150 1381
315 431
1124 1375
63 156
95 211
870 925
1167 1342
804 919
31 167
320 446
68 187
538 641
1154 1427
859 939
573 710
297 423
1188 1289
57 225
804 934
280 468
321 465
857 965
538 639
838 917
823 909
567 640
64 182
1124 1350
830 997
299 451
871 910
2 189
52 242
539 657
1 224
293 414
1090 1317
338 464
0 244
49 199
838 921
1141 1255
1084 1254
560 711
334 399
822 973
1086 1337
839 913
839 970
1141 1249
806 915
1086 1316
5 139
553 703
269 397
325 454
75 131
554 659
1172 1419
833 972
1158 1306
1156 1268
592 680
876 947
599 727
600 697
823 990
9 207
273 372
69 233
562 629
321 385
819 990
322 450
41 178
321 394
537 696
45 246
336 380
1171 1345
822 912
8 159
272 391
309 387
859 1009
565 713
594 714
854 987
860 951
87 158
534 718
1121 1357
77 151
523 697
596 694
843 951
1151 1317
324 371
1177 1383
526 713
2 248
321 436
532 675
9 152
830 925
31 171
1178 1231
879 933
589 644
300 429
296 465
298 365
321 439
278 422
280 450
814 923
309 368
339 366
535 654
1131 1394
1122 1368
813 931
1108 1229
532 696
842 916
568 636
75 164
800 964
1158 1439
1090 1413
6 230
325 428
582 714
555 670
569 700
308 459
1122 1395
1096 1270
1116 1306
872 999
847 971
592 625
317 370
1176 1259
1126 1280
1141 1263
869 950
275 401
817 976
831 991
572 685
815 978
1108 1232
1097 1284
74 140
304 426
543 717
536 674
830 990
311 379
544 682
1091 1327
861 926
531 639
863 921
1119 1298
40 183
553 692
837 948
811 958
1123 1423
825 1001
579 711
564 625
1128 1359
557 677
29 225
581 638
834 977
283 412
1098 1233
560 637
282 382
551 699
15 214
839 915
281 401
313 374
551 667
810 956
272 369
827 953
1104 1384
31 239
19 172
856 1009
49 234
33 135
570 691
1165 1311
326 442
61 219
313 429
853 976
553 628
868 987
590 728
268 406
261 468
272 411
836 940
95 163
880 945
564 638
1097 1287
1118 1320
571 695
324 424
877 941
878 1004
81 184
15 244
89 242
855 909
808 999
806 932
311 380
45 185
523 680
558 727
1131 1216
1114 1250
1081 1225
330 365
804 925
821 958
1146 1366
566 698
1170 1399
1185 1400
1126 1316
547 696
871 968
805 905
96 249
878 941
810 920
265 434
54 249
327 370
545 673
78 196
1124 1273
43 138
852 952
1098 1418
1189 1224
574 684
593 642
2 181
868 967
531 698
333 372
299 441
281 419
861 1001
1095 1359
1100 1307
89 213
290 399
804 929
1162 1331
7 245
26 139
292 458
858 936
860 969
875 961
62 156
859 969
73 211
570 659
847 947
275 386
555 647
312 420
56 144
861 914
834 988
1116 1331
599 697
88 175
1094 1385
52 195
69 199
563 708
291 387
1114 1228
523 683
290 427
529 636
289 379
310 371
556 664
553 693
321 409
542 727
1148 1242
305 379
1164 1386
85 249
303 443
1083 1250
1096 1399
335 379
281 455
560 728
23 189
1160 1350
64 223
89 203
1166 1290
1152 1290
582 672
16 212
62 224
1099 1242
330 383
853 926
552 630
32 194
1161 1372
303 415
298 443
590 688
1160 1376
63 210
311 385
557 719
870 999
822 938
301 440
1170 1280
60 163
23 157
100 145
81 187
10 199
811 971
53 165
274 456
581 681
812 964
546 669
591 643
1173 1337
1102 1389
278 419
98 187
67 210
18 139
1173 1304
875 1005
825 950
292 469
262 419
43 231
1080 1244
534 687
67 225
1119 1420
13 141
312 463
1158 1379
280 431
524 646
597 730
1092 1258
562 723
833 989
64 188
7 151
59 238
560 714
841 958
9 224
837 992
594 702
1190 1402
52 146
53 148
806 940
0 229
871 929
5 221
35 199
575 698
98 195
278 443
1153 1244
568 709
558 687
590 686
537 634
823 921
9 147
308 418
810 986
326 437
826 1001
827 958
554 695
276 434
260 440
69 153
1 133
268 385
857 946
1120 1245
861 993
45 246
534 645
595 678
1164 1305
825 924
857 989
863 961
587 679
841 974
867 976
538 703
1175 1319
1179 1268
1172 1312
311 457
804 910
294 421
320 428
821 934
803 978
1162 1232
584 718
329 420
61 143
24 173
805 981
1186 1308
813 928
328 374
582 659
1127 1430
809 973
44 249
566 706
1137 1335
319 395
807 973
297 373
538 638
301 452
815 958
595 632
1134 1240
39 189
546 632
866 928
1093 1293
88 172
287 381
45 182
1169 1251
572 636
1094 1340
340 428
287 455
1156 1402
1186 1217
308 401
1114 1319
284 453
313 367
268 420
571 726
826 990
60 225
0 207
554 639
556 669
335 379
1163 1273
10 248
314 443
587 651
1146 1382
313 388
875 994
1115 1230
1095 1253
1153 1351
280 411
79 174
1123 1377
1142 1409
1140 1254
877 954
87 136
1092 1350
554 694
827 976
877 934
1096 1292
814 917
49 151
821 910
269 462
313 467
324 454
1106 1235
580 659
1104 1366
283 378
277 436
79 174
275 397
277 403
820 950
81 229
261 405
292 368
1134 1385
289 467
562 655
299 433
533 638
338 385
841 921
59 176
815 943
1113 1295
303 372
1130 1233
544 670
523 693
99 230
338 388
303 436
819 943
20 168
852 952
819 992
1149 1229
1132 1262
588 664
546 727
293 416
1171 1368
19 151
59 224
100 137
13 168
854 940
1103 1342
1143 1265
521 668
1182 1223
862 945
861 911
288 392
290 454
524 686
867 972
866 982
835 948
532 681
561 682
874 927
1178 1329
35 148
1134 1347
1101 1235
573 702
85 170
44 239
63 229
306 442
62 169
806 909
284 402
565 650
78 223
840 1008
287 420
34 205
551 658
53 176
845 919
822 994
1170 1308
599 648
836 942
290 443
31 183
597 729
573 715
284 403
1093 1357
265 448
1168 1331
1090 1382
1159 1277
1168 1219
58 182
83 237
591 700
321 381
90 140
839 906
837 933
861 961
599 665
303 387
823 981
1126 1263
831 926
1178 1433
807 997
576 699
3 155
832 952
556 711
324 436
1083 1233
1168 1375
543 645
1153 1300
298 366
35 219
1084 1253
270 381
35 178
538 707
1160 1250
261 453
834 971
7 194
590 703
90 136
76 138
544 652
558 662
285 458
818 943
282 465
1111 1435
1126 1355
1143 1360
828 980
31 243
523 652
316 418
1136 1265
37 184
599 664
30 128
592 645
1137 1322
551 640
301 434
566 638
1085 1243
574 678
539 677
537 723
53 147
17 186
834 923
566 672
40 198
577 670
281 366
587 635
289 392
1119 1366
855 934
865 991
296 391
1093 1236
802 965
61 241
5 236
552 650
847 910
1188 1315
565 650
55 149
311 448
554 649
812 936
871 983
1116 1233
874 912
530 645
1136 1413
591 705
97 149
40 198
812 991
811 981
1107 1268
46 164
1187 1258
1181 1221
318 403
273 450
547 712
262 373
285 406
48 175
879 983
805 976
546 700
267 402
1113 1293
853 961
1158 1381
1133 1362
585 639
1140 1266
575 725
100 202
839 917
578 711
1089 1220
536 664
272 376
273 416
327 416
1165 1417
321 463
572 664
90 168
841 946
1122 1252
36 128
1096 1332
547 653
83 163
7 186
1103 1266
78 196
58 190
524 671
100 217
1163 1388
876 907
336 463
521 667
864 924
334 437
565 637
873 913
852 920
338 436
311 373
819 931
317 440
538 669
27 145
82 191
26 174
0 193
1160 1358
1147 1364
1189 1329
82 234
525 691
810 906
331 453
310 384
27 138
548 694
1138 1282
800 917
64 196
839 915
20 208
312 392
862 971
77 136
86 229
326 455
96 244
875 928
849 987
41 222
1113 1278
295 365
1111 1409
297 406
55 178
1141 1294
82 198
60 208
276 411
866 999
28 129
326 432
1111 1301
37 185
288 402
829 1001
46 233
812 969
824 976
1189 1327
800 920
277 441
1098 1218
1085 1432
16 153
800 945
83 209
829 940
580 703
293 422
838 928
541 706
1100 1419
340 438
1155 1218
2 172
848 942
70 207
541 730
301 386
835 992
50 234
322 403
826 1001
859 947
301 424
68 224
869 949
1190 1358
532 681
35 231
63 140
866 974
878 952
50 242
847 982
817 982
65 207
812 940
317 447
822 924
1178 1367
64 204
543 648
63 142
805 954
272 470
581 676
38 203
1121 1216
1184 1380
328 379
1124 1286
841 980
820 932
65 238
1174 1361
1167 1369
340 433
1085 1218
877 985
279 467
304 385
72 162
536 686
63 160
1176 1217
525 676
48 230
29 172
94 221
275 446
801 942
338 405
93 207
69 164
57 181
1188 1339
827 933
1152 1263
565 634
1152 1424
294 412
286 420
522 690
1152 1429
309 392
279 447
522 672
97 196
520 716
846 907
43 174
283 389
311 396
805 1002
318 466
582 627
23 199
583 696
62 162
328 424
330 462
321 410
1144 1229
263 371
282 426
564 683
554 729
828 907
42 170
303 423
30 206
295 463
269 444
1172 1247
535 644
600 714
1101 1220
304 405
1177 1265
89 184
8 154
827 997
835 975
40 233
800 942
1175 1276
564 643
28 172
44 133
1093 1257
863 976
855 926
1116 1372
548 704
1146 1431
82 230
65 177
805 941
529 634
573 656
83 205
79 188
533 684
860 908
1116 1254
561 683
559 664
13 194
870 998
1129 1239
268 416
1146 1279
1082 1420
1163 1424
22 239
850 1002
265 448
863 957
553 625
97 144
594 728
1125 1311
595 675
36 135
302 386
338 430
294 402
572 727
267 387
1172 1270
1140 1373
861 934
567 634
315 436
868 938
81 153
854 918
83 250
289 408
537 626
828 966
549 631
589 653
319 451
336 378
1106 1215
812 934
1097 1375
1159 1412
809 1003
1081 1432
64 130
22 172
862 1003
1109 1247
48 176
79 166
269 437
288 424
561 706
1096 1343
1122 1366
865 905
548 725
1156 1230
321 405
816 975
314 431
523 707
277 396
815 943
331 415
65 233
315 444
561 730
523 702
1182 1361
33 159
280 447
1118 1275
15 163
269 423
835 926
841 946
334 402
571 696
1115 1215
871 987
0 201
73 127
587 656
315 465
31 167
551 726
298 460
857 953
1169 1254
854 983
542 671
1176 1298
541 727
535 680
868 943
325 435
271 428
571 676
97 142
266 380
582 711
1155 1311
327 459
300 412
42 172
297 446
31 199
291 457
92 229
524 677
271 404
846 964
2 231
307 454
524 722
547 704
809 928
861 975
52 241
79 190
270 389
1102 1329
276 393
6 215
857 950
1135 1439
269 448
84 174
20 185
1112 1364
96 156
816 919
843 950
38 131
529 649
539 695
550 625
15 159
526 695
267 425
821 949
858 953
1118 1310
854 983
843 921
30 214
842 925
569 632
562 627
62 137
833 954
1178 1309
289 423
15 223
328 459
599 662
532 704
568 646
569 676
809 910
59 236
54 154
91 237
600 724
809 1008
1137 1331
801 992
75 207
592 643
63 182
86 225
871 959
305 435
319 432
321 424
579 709
550 631
14 206
1171 1272
569 671
846 995
1080 1254
555 652
533 635
548 645
85 197
576 727
553 627
580 713
329 438
1150 1329
314 414
1082 1273
50 238
32 160
520 711
44 167
1148 1307
97 236
525 657
30 196
81 226
1122 1423
96 146
297 372
1098 1276
14 211
274 417
1154 1313
272 447
1135 1277
586 636
1181 1321
548 683
24 131
524 631
582 684
1122 1330
260 457
65 234
567 709
585 678
1081 1264
11 147
307 369
56 197
565 697
1184 1362
37 240
293 463
834 954
3 211
849 1001
525 650
281 421
315 378
1124 1374
571 627
524 698
827 935
846 981
295 422
524 680
282 463
25 224
826 922
1 226
278 466
89 185
11 126
875 978
838 943
823 973
592 711
829 958
864 1010
530 681
261 423
542 640
1133 1438
264 397
334 429
552 702
590 689
1186 1426
1082 1433
67 239
75 182
91 191
807 920
314 414
842 949
14 130
545 708
1187 1374
536 712
857 907
600 708
876 930
27 233
289 444
854 980
867 979
1101 1283
1174 1302
823 946
1099 1220
584 653
585 699
71 138
1106 1337
338 387
83 235
306 402
276 407
1085 1219
540 645
806 999
800 1005
57 167
276 401
1164 1318
558 680
565 687
70 186
96 206
85 237
1167 1349
1083 1253
36 219
582 703
529 640
805 935
861 997
877 911
874 961
520 655
581 715
1103 1391
822 989
808 912
280 463
576 696
82 239
873 994
58 181
276 390
275 412
546 687
530 667
555 724
550 690
1116 1390
552 676
1140 1308
844 945
26 187
94 242
1167 1375
842 967
558 727
83 220
568 725
568 728
277 430
1163 1328
836 972
89 139
591 694
530 684
32 220
337 377
269 441
587 626
318 380
294 454
304 370
547 635
1084 1339
577 704
582 668
267 392
820 920
55 195
316 456
562 726
1163 1255
1108 1344
1186 1223
1182 1379
805 1002
589 725
579 677
856 941
87 203
522 725
1097 1418
540 688
1117 1224
48 248
838 987
1126 1379
1190 1343
1122 1427
279 454
556 691
560 665
872 1005
863 987
1168 1239
1114 1248
1103 1224
538 708
290 426
45 140
1161 1432
554 660
579 632
1152 1267
830 937
1140 1293
1100 1228
553 676
812 910
548 666
594 700
42 152
55 127
1149 1296
1087 1316
1189 1434
535 670
811 988
862 934
871 913
600 677
566 631
49 211
85 237
290 415
277 365
1115 1300
314 421
1182 1284
851 989
874 992
1136 1385
19 207
1117 1231
868 932
20 233
1098 1237
295 385
546 642
16 223
1082 1238
278 445
852 908
33 177
840 909
1099 1261
28 195
880 976
95 172
313 469
589 711
561 644
825 906
874 967
50 162
529 664
598 681
582 699
98 206
321 450
1142 1259
281 456
852 1008
84 246
531 626
816 943
830 943
298 410
74 244
815 905
278 379
1166 1232
55 131
1187 1228
304 399
536 633
875 973
560 681
1169 1360
77 205
858 995
568 640
829 1007
1085 1394
811 973
829 998
858 1007
833 941
523 629
1105 1340
297 414
305 380
584 630
334 423
820 994
1094 1365
842 916
1116 1402
268 459
1157 1400
826 971
853 938
279 391
3 145
856 913
336 393
864 967
300 435
334 450
572 690
1189 1375
543 640
94 187
89 180
1110 1329
818 907
858 952
1169 1218
862 980
557 712
8 237
874 940
317 375
11 201
839 912
309 438
66 139
321 467
824 906
46 165
96 164
1102 1276
332 377
54 127
1133 1424
815 978
820 906
877 950
29 145
310 380
75 215
862 968
807 918
844 964
100 139
1170 1292
1131 1389
880 1010
821 930
1100 1326
1156 1410
851 978
301 428
817 1000
57 175
318 429
339 398
12 215
317 373
12 133
591 716
62 142
1105 1284
280 414
584 652
53 153
335 389
1131 1351
90 143
278 432
1176 1399
324 428
1104 1360
292 458
58 228
1133 1407
857 924
1096 1416
1135 1432
69 212
873 928
582 629
1176 1398
850 964
840 940
809 1005
599 698
272 467
311 380
275 427
863 971
39 178
535 638
76 164
874 906
25 128
1090 1307
300 423
860 975
3 199
269 461
72 166
569 642
564 675
39 195
44 172
1 129
583 634
843 924
43 162
1179 1418
1155 1294
290 391
52 171
578 706
266 373
291 369
1107 1365
325 405
580 661
1154 1405
826 925
845 944
1113 1300
878 997
1143 1309
66 138
54 226
42 145
808 968
100 183
1173 1439
97 248
567 710
1141 1418
14 250
289 431
1150 1290
870 936
334 452
529 628
801 946
1127 1400
292 376
277 429
1119 1230
826 907
877 1009
337 466
599 642
17 215
521 691
530 633
565 684
91 127
79 148
591 712
278 437
1087 1347
820 909
1184 1400
1167 1215
308 424
1154 1249
16 171
839 936
548 697
845 961
830 943
586 635
587 634
285 437
1174 1315
819 939
270 378
577 697
1105 1295
1111 1221
305 464
580 706
77 187
1179 1346
80 151
817 972
45 194
803 969
858 937
88 174
334 463
23 174
85 194
314 384
23 218
865 1009
1169 1378
290 398
58 131
278 406
527 641
1111 1265
839 907
1113 1400
1090 1414
1080 1360
573 647
549 701
804 918
557 693
264 441
300 371
525 724
55 191
1109 1239
571 661
539 628
273 411
75 163
39 248
0 188
805 920
572 679
822 968
560 654
521 704
1190 1347
1165 1406
544 703
325 459
581 711
841 990
332 385
7 218
269 448
79 186
65 142
600 692
87 168
1137 1426
26 206
333 365
300 457
84 169
65 163
1153 1276
334 409
1144 1352
857 951
545 689
878 986
72 191
525 648
558 672
312 454
561 717
31 164
332 413
869 951
1186 1238
1151 1364
1094 1422
825 934
1165 1222
296 417
525 698
876 939
1160 1244
819 974
26 246
1151 1260
271 390
830 992
273 377
89 168
825 950
311 448
277 430
1156 1435
1160 1386
329 442
88 210
837 971
1129 1331
303 388
1108 1282
4 194
334 397
302 409
876 1002
36 211
294 370
577 677
280 447
295 407
1086 1266
854 922
313 387
66 184
806 922
1110 1287
556 659
1180 1288
580 657
1122 1295
866 947
30 169
1 154
306 457
865 991
559 633
1081 1362
570 632
858 959
1140 1393
544 688
298 466
324 431
1153 1271
880 943
559 725
570 636
555 641
318 431
29 175
522 627
1142 1308
845 992
544 643
265 380
1145 1394
561 696
23 238
16 192
568 654
879 969
806 946
868 962
5 203
1128 1381
540 643
558 712
875 984
18 168
1101 1355
836 935
582 648
1117 1279
1184 1430
322 386
543 718
808 938
1 161
851 983
597 665
36 201
554 654
542 659
1097 1319
1094 1282
30 174
1084 1384
818 962
80 207
880 967
33 246
539 711
592 674
592 672
302 464
1180 1231
856 914
303 401
312 453
0 233
92 138
19 175
874 978
1141 1275
553 629
320 411
55 163
815 989
527 630
337 414
40 219
1105 1368
522 708
566 728
286 382
294 430
853 908
286 448
561 646
837 1006
268 401
838 916
314 469
269 405
569 722
262 384
268 432
826 905
59 202
527 694
268 436
818 963
597 693
1093 1246
16 234
841 1005
554 728
1153 1425
864 914
269 379
594 698
837 938
594 691
282 466
1174 1327
520 629
857 949
580 692
859 1000
588 636
523 691
81 144
323 415
531 654
272 383
333 439
38 158
534 628
1119 1309
854 925
845 965
98 230
524 643
4 230
308 436
846 915
63 236
327 385
9 190
1176 1276
1162 1425
584 724
1092 1223
595 637
309 464
60 133
28 227
58 172
589 639
97 196
806 947
586 640
1133 1424
1153 1404
859 990
1169 1374
875 992
7 153
845 951
303 410
835 932
75 195
1159 1258
525 665
520 648
1184 1223
1112 1366
564 698
281 457
819 977
849 960
1142 1397
845 911
839 970
1091 1222
294 437
76 225
571 669
97 243
554 684
34 174
287 382
816 991
1180 1265
75 192
858 948
261 427
1132 1433
321 459
580 729
1137 1228
1173 1418
580 729
20 235
549 679
41 223
527 635
858 978
291 396
1086 1307
83 174
12 234
34 235
1186 1347
333 399
1139 1338
1188 1429
864 990
72 217
593 679
535 712
597 657
50 223
320 448
98 195
74 211
1135 1305
532 669
531 637
323 422
520 700
851 942
560 646
332 412
318 435
1173 1263
14 161
4 142
1092 1273
561 693
541 725
837 911
563 625
562 669
339 451
99 248
316 436
46 247
53 157
18 248
315 402
303 436
843 974
326 415
520 626
1187 1344
813 935
1131 1365
1121 1293
806 947
532 694
568 708
835 990
303 410
262 467
1081 1392
275 366
870 1008
1095 1253
827 919
876 1010
82 142
21 189
11 152
860 995
589 723
296 419
336 442
550 649
39 201
1153 1342
1111 1397
865 918
1190 1335
53 162
63 181
599 692
3 246
598 724
45 138
843 1005
93 153
281 385
530 701
1181 1309
48 132
1092 1381
557 665
524 727
1168 1345
859 961
1176 1322
873 934
594 690
598 689
862 907
1158 1339
20 195
14 170
1175 1315
28 138
1081 1259
1182 1372
331 452
555 645
1135 1341
327 428
581 694
844 986
571 677
13 194
1102 1387
1181 1226
1127 1439
600 642
1137 1406
817 962
587 647
823 949
77 239
528 659
50 201
309 461
584 651
857 912
1089 1394
819 957
53 152
595 625
1188 1374
338 379
579 722
1152 1390
1116 1419
1094 1355
19 206
96 160
1122 1425
1166 1314
310 423
267 416
286 414
560 714
564 668
75 230
308 385
70 129
324 441
313 403
305 415
267 383
583 677
803 938
1155 1328
60 203
826 909
15 153
842 970
1178 1350
78 187
308 411
37 153
583 677
69 142
264 429
1140 1430
317 409
310 409
597 696
1096 1336
1178 1308
864 905
279 368
275 374
597 659
1111 1216
834 927
29 145
69 181
5 240
562 726
1119 1286
572 627
307 427
1176 1308
1166 1310
273 437
26 241
61 203
1106 1360
286 367
597 709
306 455
1175 1257
263 453
569 715
838 990
571 655
589 652
812 909
561 637
1167 1373
46 143
318 400
307 367
1127 1397
312 378
530 663
530 696
846 949
89 140
581 630
861 970
858 989
54 180
579 711
80 206
285 442
848 945
270 451
318 382
575 708
1106 1359
592 667
320 453
846 999
583 634
97 249
597 695
555 627
839 972
63 125
874 908
533 713
1147 1261
46 192
1090 1347
41 134
825 985
527 719
306 449
1148 1229
1094 1314
543 670
819 979
522 696
274 429
553 659
285 441
834 1002
585 632
321 376
1144 1248
1154 1352
832 949
327 380
1125 1227
4 135
295 398
1113 1411
261 419
324 402
331 463
1091 1429
340 396
523 666
809 980
320 421
818 916
1138 1239
831 987
838 949
851 937
1109 1252
1136 1432
1178 1230
1082 1427
871 1000
298 457
534 691
1081 1308
291 448
596 625
590 678
282 438
331 411
863 959
71 194
578 694
802 975
854 950
52 223
553 666
806 951
551 642
1190 1294
1150 1425
818 908
3 137
77 210
574 677
340 457
271 416
1095 1304
315 442
803 1005
96 146
261 450
1095 1251
262 447
81 145
1089 1399
574 701
817 905
1114 1220
1109 1281
1190 1385
524 694
92 197
269 448
877 984
284 419
70 141
830 963
597 716
1111 1261
25 151
571 675
1156 1232
1185 1281
826 917
825 987
68 165
324 375
869 975
568 671
801 976
842 985
849 992
31 216
1187 1301
577 683
520 714
296 395
35 244
91 236
300 378
316 437
585 709
33 230
295 378
812 944
521 692
1152 1383
576 707
600 703
558 695
845 905
867 954
97 167
547 688
555 690
807 979
317 379
858 972
1185 1304
1104 1246
44 153
320 426
1156 1387
848 947
308 426
581 706
811 921
813 1005
877 1007
1139 1306
301 432
1113 1425
306 420
575 673
71 173
314 444
1094 1284
817 961
30 233
871 921
294 442
36 236
1106 1258
875 937
286 455
70 239
49 131
31 225
1148 1326
283 470
301 376
1175 1259
1169 1369
855 923
1149 1234
549 690
546 656
42 131
13 189
19 162
567 637
46 243
1102 1236
1166 1288
578 637
570 649
580 714
326 421
543 714
543 730
266 458
96 165
75 155
849 996
548 691
1139 1371
1155 1440
861 993
834 923
1184 1313
1098 1403
301 438
1092 1231
35 217
545 673
10 144
1088 1310
572 702
314 398
297 397
35 166
808 996
31 202
841 1002
1131 1350
530 707
30 145
530 628
543 642
1150 1328
1165 1354
553 709
587 674
860 940
1086 1264
1094 1422
1167 1279
855 1002
52 199
72 131
1100 1267
805 986
338 443
263 378
540 655
828 968
50 227
588 704
546 628
3 131
81 220
74 184
562 667
6 174
1163 1373
867 988
806 941
529 660
1186 1304
14 142
578 714
1125 1264
70 132
1121 1365
88 170
1109 1411
290 407
22 159
98 206
828 912
57 171
846 916
533 692
584 633
1085 1305
569 671
40 189
1162 1288
6 234
1133 1333
1120 1228
530 634
853 935
296 423
1099 1271
836 918
869 967
25 155
304 432
289 428
566 661
29 153
289 444
1173 1305
59 135
323 417
570 725
76 246
1157 1250
541 652
853 926
336 456
1154 1439
811 965
870 909
32 143
1162 1362
878 910
1161 1344
544 635
588 716
528 663
1084 1306
56 174
803 909
804 979
274 409
63 137
1103 1285
316 424
44 192
20 143
585 719
849 1002
45 234
326 407
28 149
295 463
564 693
311 422
1113 1241
1164 1385
65 168
1154 1301
591 666
820 997
46 235
1124 1218
827 983
33 182
16 171
330 373
1085 1436
264 380
1107 1373
809 925
32 170
822 998
8 247
816 940
800 931
287 395
867 963
583 702
850 998
829 1002
263 385
1172 1282
597 700
1120 1223
78 185
1179 1251
1085 1337
584 702
868 926
1139 1266
1120 1349
44 153
1175 1376
600 641
533 703
853 954
1145 1440
855 910
337 366
581 702
276 460
1162 1393
863 935
81 125
1187 1271
272 380
1089 1381
287 431
521 633
874 924
585 641
267 438
815 922
524 699
573 654
866 905
291 411
553 654
26 210
335 378
1083 1385
595 687
854 957
1093 1350
70 232
1114 1314
867 990
260 412
69 171
582 708
826 924
98 183
853 979
89 236
873 960
564 629
1 150
38 246
813 935
323 432
824 1010
1 149
534 685
848 1000
805 997
1112 1355
42 179
312 423
263 427
576 730
271 400
852 979
529 646
581 710
591 658
56 183
864 939
336 420
588 682
331 469
524 721
4 238
536 678
1100 1261
339 445
865 989
869 937
22 166
536 699
559 685
284 380
1145 1299
805 905
1168 1354
277 467
874 928
27 207
99 162
69 182
73 145
542 689
1092 1320
580 643
27 163
553 708
1135 1316
1149 1242
876 1006
544 651
94 126
71 221
821 994
1146 1420
1145 1231
49 218
84 227
542 645
1138 1324
828 947
811 960
304 442
527 656
306 366
1089 1270
260 465
1164 1241
849 994
1129 1433
325 465
562 690
1082 1225
58 150
282 425
573 625
319 419
262 400
262 405
577 698
264 464
1132 1365
1157 1263
64 184
94 190
95 212
556 713
867 1010
260 398
22 130
863 964
863 962
1190 1257
834 917
1165 1312
567 641
280 369
839 944
28 227
291 470
1124 1328
847 998
818 958
537 709
271 450
592 701
17 194
318 436
338 415
289 365
82 167
1186 1410
862 950
292 441
804 907
1142 1284
815 937
54 213
1131 1435
591 681
12 162
71 223
872 916
303 382
337 408
1182 1227
828 948
1153 1246
528 633
837 971
1186 1313
839 929
334 400
878 966
99 127
58 142
310 366
551 713
1088 1435
810 992
323 410
306 432
335 402
274 442
287 406
70 241
1151 1356
547 719
826 966
268 424
880 986
10 127
598 708
867 979
574 691
878 920
1160 1290
309 454
877 945
1134 1310
7 176
275 451
1103 1289
880 910
56 173
12 130
303 398
549 717
1098 1241
301 460
871 968
288 379
283 429
578 634
326 448
584 727
559 636
28 162
833 915
1149 1417
830 932
857 951
318 429
80 217
0 244
562 685
850 967
865 941
553 663
72 146
1137 1264
262 465
10 141
824 1006
595 716
553 649
869 1007
837 994
37 195
810 1004
28 209
848 996
336 422
590 724
36 168
65 159
867 957
324 413
868 938
331 387
263 397
16 171
1086 1335
1179 1239
85 173
273 371
3 159
879 1003
525 683
839 987
19 169
570 626
1150 1357
1133 1382
98 196
1118 1299
1127 1422
281 449
592 689
814 1006
38 205
832 947
305 454
851 908
599 693
291 456
1081 1377
520 627
1111 1289
555 636
1 187
810 987
62 245
1186 1237
523 662
1158 1411
1112 1215
260 444
297 406
556 661
581 716
839 917
304 409
1169 1219
1164 1294
1158 1361
1134 1311
1154 1301
580 668
807 997
877 952
291 454
599 672
826 995
810 975
267 414
58 168
1101 1394
541 680
72 166
1129 1396
1094 1343
9 249
277 452
536 650
1089 1320
556 684
1115 1358
68 128
1094 1238
36 207
332 409
30 172
600 710
75 235
1155 1310
543 637
542 629
1108 1273
1141 1277
1091 1351
559 632
1181 1319
270 457
333 436
88 213
563 685
306 410
1152 1280
535 645
520 680
569 665
542 680
1122 1267
21 172
1096 1268
1155 1264
876 962
522 678
6 186
1164 1405
321 468
1133 1410
290 367
533 682
339 452
1152 1303
268 388
523 640
1174 1290
266 462
21 147
1145 1328
801 968
862 930
269 461
27 149
34 142
1133 1256
831 976
280 462
538 713
600 647
1134 1319
552 674
273 416
337 389
539 715
6 222
816 948
1090 1230
295 383
1172 1389
537 706
541 692
1179 1265
865 1008
1082 1274
520 629
542 688
86 166
1164 1236
585 714
534 663
332 396
873 959
83 181
288 428
16 249
322 407
831 947
807 960
871 924
337 410
302 412
545 668
845 948
29 172
94 250
1157 1326
283 463
554 628
287 439
596 704
842 965
826 946
873 951
309 420
826 968
817 929
1134 1244
319 411
1161 1439
809 965
1144 1240
1154 1432
46 131
841 905
276 432
1104 1357
99 193
334 408
85 168
1167 1227
597 641
1171 1238
838 952
260 445
53 128
590 634
1179 1239
843 915
23 216
846 971
822 905
39 172
1102 1408
1182 1297
71 222
1112 1335
595 632
583 685
812 966
9 164
533 671
315 396
52 155
1168 1328
878 941
600 682
546 656
868 997
581 682
48 228
811 918
804 915
52 236
548 693
1152 1316
572 730
272 400
68 198
1158 1215
523 707
834 936
6 191
279 394
39 139
840 974
280 415
545 729
805 933
26 163
9 157
1148 1306
1185 1239
340 455
41 143
1153 1332
845 986
880 974
524 636
588 721
305 416
576 677
837 990
328 434
1104 1296
1117 1411
813 991
283 450
273 376
1186 1262
301 392
1132 1411
1111 1385
841 949
523 718
1130 1260
1131 1422
1105 1429
823 987
592 725
28 220
862 1004
852 924
826 939
75 145
1151 1246
298 387
1147 1311
548 649
1100 1368
540 642
850 917
97 241
38 241
571 644
280 365
594 718
880 1010
529 647
31 162
295 426
1179 1357
595 638
283 454
323 435
566 642
802 972
543 661
40 138
1158 1248
1097 1295
574 638
325 463
1120 1342
1100 1422
524 652
821 960
1186 1408
556 639
574 702
846 940
880 948
525 678
284 385
296 458
562 643
867 958
863 914
4 218
77 237
285 435
1080 1381
586 694
1159 1388
1134 1344
872 984
29 235
871 928
316 465
547 642
1139 1353
330 439
1094 1437
1149 1377
60 146
88 230
801 929
1140 1416
532 696
1167 1320
99 146
814 985
880 975
68 246
37 239
296 420
40 141
524 668
1131 1401
859 993
290 437
600 665
585 723
561 712
18 175
572 658
1186 1268
527 626
812 961
95 243
829 940
1126 1387
308 429
34 138
260 439
596 676
292 406
1118 1434
331 423
307 412
305 373
538 651
804 965
574 728
311 411
1127 1440
876 942
852 923
1112 1422
1119 1261
553 706
829 907
559 669
300 461
67 149
814 987
600 690
809 922
0 238
836 927
334 445
331 393
875 1001
536 669
294 418
1096 1271
874 955
305 430
1116 1405
267 420
841 907
868 917
327 452
6 249
326 460
875 937
326 454
48 156
572 646
68 152
566 672
69 250
1116 1284
288 458
592 720
815 917
1184 1383
582 696
855 977
880 939
870 948
290 463
55 238
11 211
1083 1342
573 690
866 945
1160 1265
577 701
553 670
862 938
1111 1240
1117 1401
543 671
1106 1330
573 725
298 436
300 460
273 416
66 159
64 154
1122 1326
875 936
586 716
314 378
557 634
1086 1335
269 428
809 925
340 395
584 674
567 671
74 220
327 368
75 204
289 452
556 725
572 660
80 192
1 225
1127 1335
27 127
52 191
47 171
1092 1278
1171 1279
561 699
572 643
834 982
1153 1400
877 967
75 229
1157 1319
27 147
335 392
84 227
527 700
578 696
84 185
833 962
316 429
854 917
309 459
318 388
816 923
97 169
565 699
265 367
261 431
1148 1369
1098 1398
599 697
842 944
272 408
541 651
855 942
15 130
522 625
266 453
1099 1337
855 922
875 981
594 655
0 233
314 389
529 663
35 199
23 148
549 676
291 434
71 132
1125 1291
317 431
78 172
309 425
53 237
39 189
820 959
279 376
571 631
285 457
56 219
8 227
861 1001
317 379
576 727
560 647
78 152
294 420
1112 1227
47 247
583 690
1174 1234
880 959
43 204
298 470
1167 1349
264 420
802 941
94 203
558 690
1147 1418
587 629
1096 1360
21 161
577 692
571 646
305 409
307 406
828 1005
92 206
39 184
84 219
592 675
325 368
83 177
852 939
1109 1431
872 1008
560 628
563 698
820 940
86 134
323 379
1104 1364
549 668
865 938
555 693
39 219
550 721
306 443
870 986
808 925
812 905
90 128
869 976
276 395
1086 1375
878 949
271 389
855 1005
1092 1391
816 928
51 187
27 142
317 431
535 644
1165 1407
1126 1287
1161 1389
1111 1305
30 191
1102 1361
301 366
1158 1231
260 464
849 918
1095 1233
1091 1425
267 380
50 178
809 927
1109 1421
589 630
14 155
810 994
322 416
92 229
1165 1322
817 995
1104 1245
599 678
287 372
531 715
68 150
558 647
11 173
1125 1424
277 420
316 382
844 1001
307 450
877 959
266 439
1116 1216
1163 1403
541 637
582 645
280 442
297 463
826 976
1117 1379
805 923
340 366
47 145
841 958
537 631
79 149
312 467
87 211
555 721
809 1001
287 370
872 976
273 434
878 948
823 964
801 939
803 921
289 444
821 920
1124 1336
554 725
31 211
315 431
84 166
536 716
851 979
89 149
339 459
553 679
276 399
819 971
39 207
581 725
1162 1272
70 219
317 376
564 665
288 378
48 135
1162 1418
289 447
314 381
545 638
1150 1223
273 469
1085 1386
837 912
833 947
280 424
1178 1439
58 208
520 672
1090 1246
1130 1405
52 144
558 627
867 975
17 232
1137 1240
317 389
523 625
1167 1373
534 638
841 942
318 385
1102 1356
868 1004
879 916
266 378
2 228
530 673
289 436
811 952
819 923
1165 1337
311 449
856 926
262 428
573 665
824 977
43 128
600 730
285 378
522 641
849 997
1081 1404
331 461
84 214
590 710
526 662
584 694
308 466
1125 1430
272 404
571 720
315 398
265 464
821 943
1149 1300
828 944
864 924
92 164
338 383
551 702
273 374
90 243
1165 1419
880 972
38 158
20 171
82 169
813 988
59 236
593 714
311 385
600 690
576 694
75 153
271 428
822 988
24 245
280 409
1099 1229
565 694
1087 1395
23 132
82 232
270 434
1113 1326
1179 1289
38 158
803 964
6 145
863 929
535 651
574 644
298 427
853 981
43 146
2 191
1106 1432
852 932
821 946
266 387
315 393
855 964
588 666
276 418
844 985
1136 1309
868 959
79 143
1115 1403
6 172
324 394
311 384
31 228
871 1010
571 683
312 379
1144 1361
523 632
13 178
554 713
296 411
96 237
567 685
547 692
89 237
51 203
562 637
82 166
578 646
812 989
825 972
321 367
286 433
823 1006
529 713
538 648
1094 1419
1164 1358
550 694
877 1002
51 230
543 650
289 437
594 652
63 137
545 696
838 929
21 206
76 160
1114 1354
1081 1355
523 707
1110 1329
330 435
811 985
86 153
1143 1247
1155 1232
285 394
556 656
91 220
55 194
54 196
316 432
77 135
563 625
78 217
313 373
87 147
1156 1259
853 905
59 207
815 988
872 961
559 644
57 231
285 377
285 470
328 368
823 1000
79 191
526 680
1155 1334
590 634
336 468
1115 1420
1164 1292
555 723
87 237
1161 1286
835 973
818 943
1165 1262
15 140
55 158
1184 1400
335 422
554 695
14 242
1175 1234
808 956
880 938
589 636
805 946
572 721
58 148
534 676
1110 1258
873 957
832 923
264 411
288 439
26 144
21 161
802 1008
818 987
563 633
825 929
522 644
271 470
323 372
305 458
560 666
1129 1217
598 688
331 392
854 926
299 373
289 418
1181 1249
1136 1385
95 188
277 383
1119 1281
1180 1339
80 191
1183 1312
571 632
13 150
292 430
1 132
18 243
806 977
810 920
831 908
280 434
28 186
280 463
60 150
565 683
1113 1375
298 407
812 999
566 712
1124 1223
856 999
1149 1320
61 147
320 387
1084 1348
310 444
338 422
315 390
71 171
284 468
278 399
828 1001
315 461
292 424
841 924
562 631
802 950
1138 1295
1185 1218
1180 1376
1176 1263
809 967
1153 1266
2 136
333 425
336 438
557 653
856 981
89 194
285 459
334 393
332 444
819 943
597 643
44 248
571 674
809 921
1162 1229
1190 1336
261 459
1141 1249
541 672
271 449
858 963
319 430
1184 1411
1169 1247
324 453
270 402
33 176
850 982
537 680
539 681
98 208
1104 1439
303 469
1089 1388
296 467
872 990
36 136
818 990
1111 1352
75 161
1104 1248
71 243
323 378
824 984
26 161
334 444
582 703
1142 1376
1184 1344
579 653
337 451
62 188
37 128
846 908
1130 1239
876 920
868 1001
820 997
318 416
564 719
535 724
60 195
855 961
276 465
78 180
96 130
296 448
552 692
566 674
293 449
314 408
326 403
531 687
832 987
76 190
840 1002
823 953
574 691
809 959
316 416
1130 1417
288 435
282 403
1108 1259
1094 1356
266 449
315 420
546 671
816 940
325 448
822 1008
822 951
1122 1408
18 208
523 694
1137 1330
872 998
1082 1318
1094 1425
23 212
338 429
288 412
545 646
1082 1259
91 174
836 943
263 391
1136 1329
1125 1410
321 436
871 954
827 977
803 909
599 656
68 168
846 917
23 162
338 379
316 462
96 178
311 395
1156 1434
78 248
804 1007
26 180
74 168
816 1004
847 920
276 437
89 243
74 250
1084 1234
600 650
1123 1234
1124 1365
1161 1303
533 721
278 435
848 962
568 628
276 470
1186 1350
1128 1279
306 375
801 998
862 949
1090 1371
1091 1423
323 418
555 675
1 140
866 986
268 427
82 234
587 632
527 673
271 422
597 662
562 730
807 957
69 215
821 908
78 235
4 220
326 453
89 138
317 453
589 702
1088 1327
578 663
1105 1277
839 961
65 184
803 1004
70 190
522 689
31 240
526 635
5 203
591 646
339 408
801 973
1128 1424
304 428
862 964
302 379
63 128
57 167
804 1008
1183 1325
520 656
565 708
849 936
302 392
52 211
284 387
566 633
1151 1287
86 167
817 937
597 640
1081 1362
45 229
572 722
1178 1395
860 992
588 632
800 990
555 652
279 455
869 919
1083 1330
339 443
574 714
599 625
857 946
1185 1271
313 452
28 148
305 377
829 939
599 648
564 672
581 658
1128 1230
273 411
329 447
853 948
1 163
28 219
328 451
532 659
47 130
1140 1360
878 937
530 716
810 996
28 203
1108 1317
67 239
1149 1272
293 428
300 402
821 1005
67 133
1129 1221
25 186
839 974
597 653
94 198
565 649
96 160
523 728
849 943
1135 1282
322 456
1162 1430
276 463
1155 1397
851 956
823 996
542 684
847 1009
309 404
3 191
834 993
1150 1274
579 665
852 999
537 717
280 451
1085 1215
312 422
562 698
861 1001
571 638
279 469
1093 1328
263 460
542 699
1164 1386
1170 1219
275 409
33 243
534 727
1158 1301
1103 1268
570 630
1187 1393
567 702
27 160
1173 1325
869 909
846 929
845 934
818 914
875 1004
835 999
547 679
293 379
557 700
563 696
322 409
558 638
1119 1261
572 673
333 400
533 703
301 450
314 385
56 224
272 417
802 1001
575 671
2 160
1116 1276
530 653
324 457
92 222
1154 1267
1090 1416
273 458
29 149
583 655
28 157
1148 1269
522 659
1132 1261
1129 1307
1101 1415
14 167
275 398
523 688
55 151
861 954
558 670
806 989
1080 1290
296 464
28 135
284 415
1179 1304
524 701
596 627
864 951
541 728
311 440
24 136
320 459
543 625
582 656
90 247
304 404
570 694
333 365
271 395
804 963
98 125
851 965
330 436
321 371
836 941
14 226
25 129
322 403
1125 1371
48 177
16 225
833 930
538 699
289 365
596 647
566 654
1186 1369
817 1003
815 955
802 968
30 132
1172 1424
1175 1338
1161 1312
845 906
279 398
1181 1361
843 1003
827 970
298 412
837 951
839 915
1173 1381
559 661
570 698
37 199
91 196
321 467
851 952
1158 1337
541 653
1159 1215
20 129
520 716
818 907
31 171
1166 1339
592 652
1087 1290
308 371
820 977
333 370
1149 1393
849 934
50 128
13 126
290 404
1102 1342
22 197
579 645
853 987
313 407
340 440
21 242
1086 1362
272 422
820 987
1145 1303
812 921
861 906
291 399
340 366
535 712
1146 1296
535 665
1104 1319
586 707
289 461
583 727
577 719
3 202
4 142
862 929
1160 1367
293 393
575 685
87 149
581 668
273 416
532 723
296 434
562 707
835 989
525 661
829 983
569 719
81 222
533 668
568 691
809 997
303 397
263 454
321 387
325 460
848 982
1098 1291
563 648
287 459
863 969
301 371
1144 1325
281 397
1120 1417
1120 1347
317 464
554 672
337 399
16 149
325 448
528 725
1166 1350
1080 1343
1130 1302
83 247
315 451
846 961
98 138
589 695
51 189
1157 1422
1190 1300
555 690
31 224
276 372
7 161
287 469
1105 1243
9 160
813 911
576 670
1094 1230
566 703
1156 1403
853 948
304 410
77 146
72 142
1183 1318
1123 1383
532 686
575 706
27 178
549 718
74 156
539 692
551 679
278 368
869 964
545 632
1148 1331
339 428
38 240
1104 1235
851 931
284 407
13 174
598 631
1086 1352
581 672
68 176
1165 1314
808 952
869 1009
327 407
43 152
880 1008
1174 1300
537 664
269 429
520 668
315 423
564 681
328 430
290 410
576 640
878 966
67 137
326 448
1088 1365
91 247
1098 1259
18 146
1126 1344
579 635
521 671
304 431
1093 1242
1173 1297
40 126
837 973
594 654
1179 1319
338 403
822 952
812 969
880 908
28 238
29 224
568 642
578 644
337 390
1100 1381
1120 1222
308 414
872 940
310 443
841 920
3 244
24 214
1123 1326
550 722
70 128
97 147
829 985
521 687
1139 1433
84 225
830 996
586 635
287 382
1183 1317
1138 1390
591 626
581 686
74 175
100 235
82 214
264 437
869 984
818 960
80 225
82 138
73 163
64 140
578 636
14 230
264 460
31 211
589 686
597 644
78 210
296 415
35 166
528 706
1148 1227
322 386
1121 1409
306 437
320 439
322 462
847 921
52 148
88 194
876 932
1130 1341
558 686
584 722
847 906
524 680
547 725
59 247
1129 1349
827 970
858 964
41 225
585 726
1086 1246
814 915
529 683
74 137
316 447
566 652
1172 1402
819 952
525 680
1138 1353
1132 1315
554 662
265 443
572 670
274 426
25 247
563 643
562 664
802 932
1163 1415
306 456
874 974
524 697
1168 1424
577 636
801 944
66 195
3 235
812 910
1177 1372
260 431
300 423
535 667
1119 1422
263 381
1181 1431
25 218
277 386
841 908
1083 1404
328 463
577 631
286 450
298 437
68 207
1095 1262
541 689
307 401
1114 1418
332 398
864 969
283 410
567 701
1093 1325
1125 1314
1111 1281
802 955
1109 1311
1118 1260
1141 1431
840 917
1101 1320
1101 1391
1112 1255
847 984
1173 1292
32 222
5 204
1141 1216
593 684
34 246
859 935
1135 1434
858 905
527 726
1121 1284
307 442
2 199
39 161
874 944
309 377
1185 1364
815 960
857 952
534 721
295 419
543 677
44 180
1121 1314
1099 1263
87 209
279 428
593 677
54 234
529 721
556 723
318 367
584 685
803 988
80 235
826 942
70 220
265 409
1127 1253
329 413
808 945
877 908
599 677
54 176
0 191
849 909
17 132
10 192
293 395
848 982
15 167
1160 1341
55 185
840 950
321 367
83 202
310 406
857 932
34 133
260 432
268 374
835 938
1135 1353
1105 1331
3 227
1096 1350
289 422
840 946
566 625
2 178
302 377
31 213
16 227
79 206
556 644
82 228
599 651
1111 1278
339 372
589 662
62 178
537 699
273 423
1090 1295
849 951
803 959
826 948
1082 1259
821 932
7 234
312 414
327 454
864 1007
864 906
580 710
48 126
72 184
19 154
1097 1384
550 709
340 370
77 157
320 447
553 724
1094 1306
306 384
1176 1229
588 687
567 626
265 433
1172 1362
590 711
1166 1309
264 418
96 226
847 995
324 468
293 449
286 389
803 974
1082 1348
554 636
582 671
4 149
521 629
560 729
305 427
283 393
1182 1403
96 209
59 161
594 627
1120 1379
23 182
551 639
879 926
1156 1374
1181 1437
1094 1430
22 134
804 1004
814 1006
0 184
10 197
318 460
53 139
71 128
92 163
273 379
74 151
1174 1335
40 156
555 638
871 977
554 713
335 416
76 127
1161 1316
27 223
1159 1283
550 682
575 726
306 411
1132 1330
275 407
815 943
29 182
68 166
1173 1304
530 708
845 985
308 371
543 719
1144 1406
302 469
89 137
1178 1321
567 728
833 913
306 406
566 648
599 652
335 373
574 707
1099 1337
562 650
316 407
1099 1336
864 922
57 183
286 416
4 221
274 468
566 663
832 934
540 667
305 438
292 451
580 682
296 394
820 1002
812 956
264 420
834 976
569 670
1157 1274
42 125
825 922
588 677
1110 1396
872 967
536 671
1126 1418
1182 1430
871 993
3 223
861 977
271 462
95 129
1107 1405
561 650
869 954
315 424
22 225
0 130
1080 1373
875 912
571 646
867 987
1186 1255
532 723
5 198
813 997
287 391
1114 1410
859 974
6 208
33 160
535 711
50 248
800 915
300 457
77 204
1158 1310
567 671
864 923
564 730
295 400
581 647
846 946
1156 1395
22 205
1154 1262
335 452
285 402
592 647
284 414
877 965
857 935
559 679
880 925
74 231
1096 1238
280 427
321 432
850 956
37 125
543 632
69 230
596 660
870 961
1161 1320
574 645
1128 1310
590 658
79 176
332 418
813 967
1139 1323
283 458
282 416
46 137
21 196
1162 1342
322 436
554 715
866 939
41 128
20 208
1127 1274
549 657
1163 1429
583 685
578 625
12 147
1124 1222
542 629
76 192
340 387
562 639
1178 1345
275 430
1112 1225
261 374
568 638
16 166
5 193
1081 1433
857 911
526 726
858 977
849 1008
1107 1232
35 156
19 189
531 665
22 140
547 705
804 1003
1 177
38 191
9 210
331 423
819 1004
813 996
336 371
846 950
1128 1400
540 692
594 628
1180 1310
39 126
830 907
290 428
801 926
582 639
560 695
67 147
1129 1335
37 166
1144 1403
1134 1334
10 168
333 411
21 177
33 193
1108 1239
858 1000
285 418
87 243
291 387
310 451
820 956
525 665
854 936
548 717
290 390
1168 1223
863 977
338 458
521 644
832 994
70 202
270 385
94 227
303 454
293 396
1087 1376
836 926
58 175
1088 1390
1174 1274
2 177
561 690
1141 1275
327 367
68 132
1106 1269
577 691
1112 1387
65 129
260 408
322 462
573 633
1189 1430
528 726
835 985
600 709
850 991
50 168
1172 1325
295 367
1165 1393
289 443
574 679
802 982
50 155
825 905
1094 1288
1135 1277
293 452
57 228
870 970
588 703
71 136
1137 1330
280 460
1188 1328
1142 1231
1152 1332
95 128
837 1009
60 198
100 139
524 697
844 918
335 418
527 697
868 979
1094 1360
1127 1234
10 209
39 235
0 222
301 455
544 698
1145 1252
298 370
833 1004
30 214
836 976
288 417
1171 1352
94 189
566 675
269 405
269 397
284 375
22 137
326 397
832 926
527 664
285 450
1189 1426
79 227
856 925
309 399
1122 1301
1 242
848 988
1133 1321
79 210
1121 1382
1107 1307
8 238
1186 1270
520 694
330 432
94 245
862 934
32 248
275 467
94 233
521 642
43 141
841 1008
76 147
10 229
844 975
1111 1244
322 381
833 943
292 439
2 154
537 701
263 451
558 673
588 660
289 429
1105 1406
99 233
537 658
293 417
810 1010
294 399
75 164
880 947
1098 1347
283 450
852 929
1131 1340
97 243
597 677
1098 1312
264 426
297 431
856 948
268 396
8 177
267 446
303 384
1114 1306
331 367
47 170
549 633
1188 1246
825 991
267 411
96 175
332 417
588 707
528 633
334 439
39 133
1110 1428
834 962
559 704
1172 1240
1187 1260
566 693
264 450
820 971
845 998
829 996
1095 1284
84 232
312 451
269 434
267 365
268 410
1136 1303
817 997
289 378
0 126
837 956
855 979
275 400
38 233
1167 1260
813 939
532 678
556 726
8 147
821 961
340 458
266 383
865 1006
71 218
864 915
590 697
55 140
1161 1240
837 984
855 919
806 921
0 226
583 675
570 671
800 995
582 681
1109 1326
592 648
98 125
552 728
340 467
826 907
1085 1221
1136 1238
1162 1295
330 430
577 642
1189 1393
1142 1292
1159 1309
868 910
1130 1260
72 183
584 717
828 1004
94 138
276 447
1090 1376
281 396
595 653
2 220
814 932
873 967
329 468
1170 1288
69 201
557 651
0 142
42 139
1090 1366
304 428
1165 1385
320 390
849 994
313 416
40 249
65 179
550 692
306 419
856 933
21 212
1111 1260
563 692
325 403
522 709
1138 1233
39 203
576 626
563 675
298 384
870 993
554 720
31 214
880 908
260 369
845 961
866 957
1114 1371
530 700
805 1004
72 192
811 953
599 694
73 140
1164 1331
810 966
1095 1234
297 381
581 664
53 192
17 146
13 195
17 156
320 366
553 717
6 154
597 673
334 380
270 406
280 369
570 640
302 397
877 992
1144 1231
326 428
285 408
93 220
327 411
260 388
832 992
834 915
1146 1255
305 426
1136 1216
289 460
303 439
1164 1271
267 378
1162 1227
324 423
842 934
11 209
81 217
1138 1369
303 421
71 151
871 908
263 387
600 693
74 226
268 450
1179 1235
1132 1296
873 913
307 435
1127 1308
859 946
60 175
316 429
583 684
814 1008
1184 1290
826 993
289 444
535 685
26 149
880 971
296 399
1142 1217
813 996
16 214
592 721
544 656
539 628
21 160
311 393
1127 1435
291 412
56 186
312 412
58 211
527 699
309 382
20 152
51 155
275 423
819 982
94 154
595 634
863 984
50 137
832 911
812 1003
69 229
1185 1274
815 936
297 429
330 373
12 244
550 700
830 925
815 952
73 147
531 713
851 957
862 920
848 972
274 419
1105 1228
587 630
324 419
1179 1254
277 424
75 191
589 690
829 991
331 427
1175 1411
271 409
560 722
534 648
855 934
273 468
75 237
297 437
327 438
301 431
836 964
330 376
583 681
840 913
1153 1352
1156 1323
1124 1308
1122 1401
548 644
7 128
590 655
583 689
533 638
835 998
523 656
1103 1436
823 978
339 442
52 134
337 444
295 444
63 191
53 129
840 997
1176 1374
809 975
1178 1397
91 232
560 625
1163 1297
329 444
338 378
880 908
67 168
260 408
1112 1439
302 436
1082 1437
562 657
817 926
874 953
78 156
98 147
1144 1285
811 927
822 1010
1155 1410
593 663
334 460
271 449
84 130
287 371
551 657
863 986
564 703
0 126
819 1004
831 988
587 677
24 222
25 147
599 678
528 652
524 675
1161 1430
34 227
1090 1430
1094 1260
551 702
1136 1407
55 203
1156 1291
547 626
1093 1260
62 153
1133 1279
29 179
850 986
860 1005
27 171
37 134
535 675
1099 1357
1181 1384
21 192
1159 1311
95 205
576 717
313 435
804 914
815 970
596 670
94 242
1148 1336
560 651
520 683
326 412
58 154
569 720
1112 1308
6 153
850 966
83 184
877 969
873 928
597 656
330 433
309 463
35 177
17 244
57 236
1129 1294
93 216
1159 1408
802 926
591 646
1130 1248
96 144
522 681
91 177
50 185
534 633
45 157
1126 1217
565 677
560 712
591 642
826 962
841 1009
835 990
802 980
81 136
1156 1366
1149 1425
585 707
78 158
1153 1298
1134 1402
33 199
1088 1398
812 962
553 674
1102 1389
72 209
292 448
1096 1323
329 467
63 245
1184 1327
1145 1271
1090 1260
290 470
322 445
10 149
1153 1236
522 671
1178 1376
537 668
549 669
803 906
20 247
821 1008
874 912
567 727
1138 1415
89 214
1171 1264
833 960
1160 1358
317 447
823 1006
863 925
336 435
563 724
1180 1273
866 1006
577 676
67 133
563 629
556 667
549 682
551 634
545 664
866 967
292 440
41 132
38 248
293 389
528 697
1109 1415
1173 1298
861 917
804 913
338 461
306 366
1184 1345
320 451
93 128
92 139
542 714
282 394
1 128
1161 1320
22 146
852 958
835 937
97 143
1088 1405
546 628
1107 1378
815 986
1143 1247
1119 1438
1083 1230
547 712
313 365
61 241
263 390
313 381
283 402
536 707
294 440
283 462
807 1001
310 376
849 934
1120 1249
28 156
17 154
1172 1239
872 957
11 223
557 627
46 218
7 173
284 422
534 723
552 708
561 677
44 197
843 909
57 167
325 404
830 967
1171 1362
538 670
863 979
289 366
55 182
272 372
322 367
1146 1346
296 376
23 220
871 938
537 657
13 248
1096 1332
60 239
318 385
1111 1376
866 1008
2 159
88 213
839 1010
309 428
1114 1302
9 177
320 374
1104 1347
559 685
1132 1354
828 922
1149 1246
522 661
303 374
593 723
1146 1374
68 221
1187 1311
1121 1304
842 935
872 914
567 670
824 931
1108 1419
55 132
303 384
1131 1337
273 464
1083 1312
804 970
813 961
289 451
16 159
11 154
326 367
1150 1437
1129 1391
854 947
276 465
297 366
286 379
90 148
23 250
1127 1282
843 967
872 1004
548 683
32 179
321 461
88 187
864 1007
1180 1310
100 169
832 914
1137 1326
593 709
543 698
854 952
870 962
311 371
803 938
1155 1375
299 382
1135 1335
1098 1426
1146 1417
835 971
334 372
819 943
552 648
582 716
1093 1421
321 395
824 980
92 150
857 919
317 373
1081 1435
99 151
577 648
94 235
306 367
30 195
1165 1301
855 919
282 404
579 658
851 931
1110 1396
1143 1282
817 963
828 946
567 636
1088 1359
539 682
35 153
46 192
853 977
16 241
844 953
541 702
848 983
1150 1346
820 961
1173 1396
575 669
9 227
1122 1266
819 970
1122 1263
88 180
804 990
1154 1326
856 917
324 414
1184 1302
328 418
92 154
1101 1439
79 241
582 678
879 968
336 425
534 718
551 682
81 180
84 217
838 936
521 662
25 209
333 387
1104 1292
274 427
283 455
320 376
56 152
541 698
811 993
1080 1391
1121 1436
95 232
1104 1386
317 397
551 720
1080 1328
560 661
309 466
275 375
51 193
588 691
523 681
1083 1247
44 223
808 982
96 136
275 396
825 907
87 200
81 129
288 399
1180 1382
1085 1369
574 679
801 933
88 183
830 961
535 630
860 943
49 170
554 657
42 247
92 166
1138 1287
95 180
557 680
336 442
829 924
1143 1235
599 703
880 947
844 975
340 435
68 143
1138 1367
1084 1403
1087 1343
271 382
594 668
24 186
21 173
1099 1321
540 690
289 449
270 399
543 694
1126 1427
282 425
305 401
1117 1380
827 991
1136 1334
264 453
1139 1329
284 462
577 726
100 236
260 413
872 973
1087 1371
600 650
20 163
824 989
1091 1411
867 942
330 413
1142 1435
320 365
288 401
14 164
870 991
832 1002
1138 1239
583 658
810 1010
600 684
1164 1325
880 982
805 964
591 657
49 158
863 921
34 237
872 946
317 424
69 164
1187 1336
1140 1397
802 965
12 161
589 708
304 369
327 459
544 703
833 935
15 164
32 215
560 685
301 429
547 661
589 634
1186 1224
302 421
534 645
17 216
69 191
260 444
83 196
283 462
280 454
315 420
1094 1283
324 470
1138 1398
13 211
807 954
286 378
598 702
874 977
848 975
262 465
1165 1430
276 414
285 366
827 939
1115 1313
550 691
1173 1301
853 980
39 243
556 722
1144 1354
537 703
523 661
1118 1310
1169 1361
29 212
828 915
44 126
1187 1289
801 941
262 461
1089 1308
1177 1248
19 214
804 975
847 1002
589 661
1174 1360
861 989
45 141
13 203
36 139
266 408
5 180
80 215
1121 1234
534 663
599 674
334 395
46 247
1115 1430
555 646
808 998
520 694
800 925
533 730
527 642
850 999
93 205
857 957
332 468
834 956
530 663
543 712
878 959
599 696
811 920
567 648
30 249
1110 1332
582 682
277 406
70 185
547 696
555 649
1183 1407
834 1008
323 371
46 246
589 716
296 365
875 963
94 179
546 713
521 708
849 998
59 183
1120 1241
818 981
264 403
811 949
277 389
849 932
267 423
600 704
1133 1366
550 687
265 401
524 712
864 1002
565 715
44 168
847 947
1146 1324
531 662
1164 1329
312 424
831 934
260 452
1148 1249
866 986
1091 1344
1132 1403
82 174
4 127
580 659
24 249
1127 1370
78 177
286 446
329 419
1130 1265
53 148
822 913
334 374
308 411
13 161
89 169
1156 1420
262 435
90 149
810 940
1183 1327
1163 1232
555 708
301 375
308 431
1111 1388
1139 1407
95 210
307 368
301 397
866 916
1096 1439
582 670
1174 1329
1119 1308
1150 1288
1114 1289
1168 1246
286 377
833 996
1125 1391
855 938
1134 1276
86 161
592 626
800 935
813 908
1158 1263
1110 1216
1163 1238
325 384
34 234
806 939
600 660
1183 1275
41 143
830 941
41 172
284 429
284 446
1145 1353
2 130
9 238
1083 1340
1172 1236
81 135
848 937
18 155
1150 1382
1089 1311
75 146
551 648
324 408
537 716
1147 1426
14 212
1139 1427
1176 1370
831 947
5 127
1091 1331
545 719
1118 1323
570 636
570 648
586 632
339 434
262 448
303 400
571 658
91 151
522 640
817 1007
1137 1375
821 928
860 929
576 627
1180 1327
842 943
856 1009
288 463
817 990
816 979
543 719
75 250
63 225
40 232
94 152
292 457
15 229
528 638
833 981
73 146
1180 1244
301 449
1110 1323
875 938
879 964
306 411
66 133
844 931
51 154
561 634
861 985
15 246
21 207
818 909
306 373
844 916
320 417
566 659
854 975
1156 1247
530 655
827 906
93 137
575 648
262 437
1162 1419
833 948
94 247
53 127
16 148
279 398
866 1009
582 684
858 949
581 639
600 722
333 370
588 722
1113 1349
1158 1316
282 445
268 373
66 194
1183 1306
50 179
36 232
575 640
805 966
3 218
20 249
320 447
806 953
290 461
280 373
13 234
297 465
57 167
1085 1274
331 446
568 667
1081 1259
828 946
548 641
851 937
1178 1254
327 451
330 450
24 127
874 961
1089 1307
549 728
329 367
21 145
9 128
95 147
588 676
807 988
817 913
87 238
303 454
1083 1424
1099 1342
1170 1381
32 243
320 460
277 439
94 243
1131 1249
558 712
1094 1398
564 628
1168 1401
1094 1323
600 709
565 635
1170 1279
593 674
8 160
279 468
846 998
540 725
282 443
804 1009
555 700
311 466
1083 1302
339 408
40 221
15 195
840 963
577 724
856 966
800 970
1095 1237
822 924
74 184
569 729
331 385
295 420
34 148
0 222
93 162
537 727
850 1006
824 1009
39 174
25 235
831 978
1160 1315
852 975
1169 1358
541 710
74 196
5 127
819 998
581 717
1141 1343
1133 1232
48 226
3 239
1156 1311
862 966
290 439
1158 1403
864 999
314 458
800 943
2 206
830 931
325 369
305 443
332 368
532 708
851 970
1096 1227
276 366
1144 1392
331 409
838 908
335 412
1143 1340
73 192
590 633
583 713
577 716
576 717
557 690
42 141
1137 1388
1185 1423
1098 1362
543 715
14 187
265 393
1141 1414
22 172
317 437
98 181
34 243
329 440
833 938
316 374
1147 1396
19 125
1183 1386
866 958
564 659
807 978
8 200
869 953
56 147
1166 1283
1108 1356
19 148
542 707
834 958
33 125
547 704
1163 1283
532 653
262 448
315 372
1125 1284
54 201
836 941
1160 1303
50 163
297 399
314 388
529 632
572 655
563 729
527 711
595 725
1089 1353
848 993
36 168
78 156
546 670
312 409
878 922
260 465
525 728
1150 1355
60 227
815 981
319 395
274 400
321 437
825 952
544 692
542 683
59 223
1082 1314
843 996
265 439
580 645
0 185
555 677
30 249
272 372
1183 1328
44 205
37 229
278 465
829 979
1168 1378
293 428
563 710
7 207
311 365
84 145
536 661
573 696
93 224
836 960
586 674
331 365
1136 1365
1187 1387
800 931
4 214
530 647
66 248
92 140
854 949
262 444
866 907
308 368
536 713
35 187
42 213
529 730
599 722
283 451
878 1003
14 139
1105 1378
523 724
1099 1290
828 924
831 944
809 912
319 390
593 661
855 918
292 382
822 991
88 182
856 937
867 962
1113 1300
37 187
297 420
263 374
311 405
64 162
1184 1376
1157 1219
1160 1216
1108 1391
33 158
593 718
582 725
84 238
85 146
82 181
582 660
1153 1339
560 703
564 631
261 415
322 434
856 909
94 235
3 131
304 386
854 910
1 228
555 676
849 976
831 948
269 437
832 906
326 423
569 662
594 668
1158 1293
551 693
11 218
44 165
96 221
566 663
831 999
814 982
50 179
260 395
849 971
559 638
1161 1409
840 943
40 147
535 631
10 185
2 151
564 698
65 180
301 399
324 426
588 640
1140 1334
558 682
314 402
19 239
314 395
1165 1439
850 908
1105 1417
860 936
594 681
589 669
328 421
1169 1229
1178 1341
861 1004
586 644
260 385
868 969
291 409
584 710
805 912
14 135
330 389
270 407
571 672
298 406
261 385
573 702
558 673
28 131
543 635
42 181
844 975
843 980
269 413
530 703
35 218
1164 1267
1151 1425
866 996
271 392
566 644
5 148
828 915
84 221
85 192
2 179
1145 1416
1134 1227
324 459
319 411
1102 1415
69 153
1185 1363
95 197
1161 1229
333 456
284 398
534 694
857 949
569 726
1180 1394
320 464
326 463
873 944
1139 1309
1125 1263
330 466
856 985
324 400
44 198
39 196
875 929
67 140
873 946
1089 1314
21 221
32 195
1116 1253
272 462
0 219
870 997
12 197
6 164
815 951
289 417
1087 1329
72 238
826 933
317 457
1156 1427
538 711
1157 1268
855 998
88 188
1174 1274
321 465
311 416
855 964
1148 1369
337 448
867 968
5 177
70 168
264 396
1185 1268
6 151
1094 1351
846 978
571 685
843 921
535 703
13 216
310 426
1150 1360
808 949
872 946
71 200
81 245
1167 1295
595 667
272 461
308 412
823 932
1164 1290
599 628
828 1005
85 219
96 191
1103 1390
295 413
823 949
538 631
1 126
526 625
1094 1304
577 672
1182 1328
260 457
304 440
337 467
808 921
600 673
77 137
598 669
91 151
872 1002
830 957
817 907
1112 1426
62 175
271 454
867 992
263 413
298 428
324 380
832 919
60 171
865 969
315 444
580 631
866 912
285 384
1173 1396
533 639
31 181
53 134
839 958
1080 1365
1097 1267
60 250
579 689
840 945
871 966
284 383
1101 1326
542 675
94 136
808 1009
561 656
1084 1301
563 665
286 457
291 416
1174 1418
330 425
1100 1397
800 978
283 449
1158 1247
823 966
4 161
808 1001
319 421
592 643
542 694
296 429
1087 1409
277 435
78 194
28 134
565 707
332 377
94 137
565 648
839 995
50 165
82 212
1120 1309
1105 1384
289 399
32 172
30 170
872 992
1130 1276
74 192
261 371
1147 1439
330 380
552 653
595 677
54 216
844 984
875 964
1122 1221
3 193
816 918
528 634
553 699
1154 1376
332 372
87 214
60 249
327 398
590 646
1116 1291
70 159
567 658
597 671
813 943
283 424
550 729
560 626
22 237
262 455
553 724
1166 1417
1122 1356
1170 1330
300 373
840 999
525 712
1189 1307
1124 1391
49 204
558 700
1090 1389
279 469
1154 1311
858 974
336 422
596 671
290 421
804 943
47 126
826 992
577 725
335 451
801 996
826 996
1125 1417
830 922
837 974
32 201
262 403
580 697
1083 1315
85 226
815 911
272 396
569 701
871 988
531 660
291 402
2 131
530 634
867 906
541 709
286 451
539 723
1176 1439
277 409
525 658
526 701
528 668
828 963
1150 1248
303 448
834 977
844 954
321 455
289 386
839 957
836 926
1131 1302
70 153
1171 1272
1114 1277
555 679
31 204
819 999
1099 1266
869 998
55 190
811 912
537 657
1168 1393
266 419
572 671
1143 1289
278 409
1111 1416
543 657
555 730
520 643
1150 1228
315 393
835 1010
589 682
1165 1298
554 654
827 992
1113 1341
26 125
564 706
563 728
283 432
543 659
1087 1265
67 234
862 910
1116 1284
44 145
314 387
585 677
32 192
273 426
534 714
859 946
336 468
560 636
878 997
599 699
1175 1232
74 146
330 410
1137 1289
547 665
577 710
818 979
68 193
96 152
858 938
1121 1301
524 676
276 444
281 416
335 411
815 997
533 684
266 444
858 924
57 135
303 466
531 668
1163 1402
85 154
314 463
1140 1404
277 397
818 953
304 459
1171 1283
852 923
1110 1382
285 438
834 972
37 144
574 650
520 664
269 393
1147 1309
842 984
566 720
263 399
305 377
836 953
837 993
76 224
1186 1264
36 243
528 678
561 694
846 946
29 191
80 214
1124 1405
284 365
520 656
1135 1337
558 689
86 126
552 659
824 981
21 186
1116 1304
311 408
1156 1221
339 431
807 916
8 135
552 656
43 190
1178 1318
42 187
336 389
1082 1235
93 139
877 910
272 400
339 378
1176 1364
95 178
1095 1406
832 994
880 918
69 241
1109 1390
535 632
557 725
856 910
320 465
526 685
60 134
851 990
38 147
1131 1286
268 398
821 996
94 230
550 630
803 1003
297 434
65 211
37 184
849 931
18 149
291 393
814 996
578 649
31 215
869 908
49 187
266 461
1179 1266
1153 1401
284 380
1165 1352
290 403
817 921
0 129
1098 1235
565 673
318 421
854 973
560 722
1114 1401
1099 1293
310 470
282 389
1151 1387
1155 1325
541 711
561 664
297 422
320 371
310 385
859 939
1114 1376
540 696
583 723
576 679
552 655
816 977
71 162
842 967
330 449
568 720
5 239
21 194
1165 1355
40 183
557 667
82 184
835 921
318 379
567 628
99 131
15 178
76 173
86 159
100 180
61 177
851 971
816 943
307 434
1095 1253
1158 1362
569 681
1086 1360
575 715
1123 1276
589 721
557 650
568 694
71 172
1126 1381
860 915
1179 1414
285 384
598 650
824 981
76 193
544 728
1106 1283
2 156
320 402
872 949
62 226
35 170
28 237
1145 1218
853 954
854 995
336 443
1129 1218
880 922
28 169
1112 1280
1110 1367
1171 1323
1091 1432
62 212
1130 1404
1187 1274
260 457
267 454
840 907
8 224
863 979
587 698
11 236
564 687
591 697
859 933
42 209
559 642
1083 1437
271 438
271 396
1176 1336
822 970
549 662
290 462
577 725
1086 1295
855 969
298 447
554 626
84 165
315 418
23 189
873 954
840 918
857 929
273 414
260 448
83 214
859 949
1123 1418
263 378
541 629
805 970
32 199
294 449
865 985
856 994
552 720
265 457
280 379
1131 1229
18 149
1115 1260
546 669
300 435
46 242
868 973
806 934
540 658
338 370
81 183
72 212
282 412
1155 1377
572 634
1112 1316
328 444
1172 1388
559 636
1081 1265
826 1007
88 179
823 1010
537 673
1114 1226
42 126
262 415
852 964
597 663
588 661
26 203
525 671
850 925
292 427
1163 1274
856 968
47 213
566 687
3 134
271 421
20 139
1114 1323
848 920
1 224
16 161
293 380
37 135
267 378
1159 1237
98 221
305 388
1154 1274
554 638
557 673
864 926
84 225
853 990
1 240
64 155
1101 1414
22 195
547 647
306 426
554 694
310 400
1080 1401
79 126
570 634
593 714
1094 1312
576 716
528 646
588 701
581 711
329 411
1122 1289
848 967
880 1009
1189 1264
800 933
18 154
563 700
295 464
58 139
589 693
871 911
331 454
1090 1234
524 730
277 435
333 383
1084 1231
1163 1371
1117 1409
319 455
577 625
307 448
273 440
1133 1304
324 379
1180 1352
333 385
339 451
521 627
1157 1310
596 663
830 978
873 1008
339 405
567 687
1124 1302
78 211
1113 1273
289 395
1139 1341
100 224
1080 1347
595 670
864 1010
1150 1401
279 403
60 195
279 409
272 374
801 933
850 983
857 986
596 682
563 730
312 379
283 467
315 378
843 947
596 677
823 921
314 430
575 665
1127 1379
1132 1415
839 971
834 944
820 983
567 672
13 193
1145 1221
1086 1245
94 184
276 406
596 659
318 459
874 930
852 934
58 142
871 925
91 214
826 907
66 187
1095 1431
65 157
536 664
81 216
27 166
543 697
73 144
563 701
545 682
1117 1335
325 447
582 691
545 636
1127 1374
340 469
94 204
274 426
312 454
1101 1281
1190 1372
51 245
576 703
325 379
100 180
305 390
591 645
1186 1292
1142 1370
567 709
1187 1403
1167 1305
69 195
874 996
38 159
1086 1298
802 962
55 138
815 925
558 630
1117 1259
261 418
525 708
876 1009
592 636
322 389
555 674
338 393
3 240
557 628
857 913
270 405
315 381
1110 1292
15 185
812 971
1170 1432
812 946
521 695
521 631
1175 1302
547 688
272 420
1100 1430
545 730
599 711
0 213
294 461
566 707
307 414
275 395
316 381
79 176
303 410
1151 1260
537 665
331 371
27 210
266 420
554 701
1101 1224
285 370
80 209
597 626
531 636
584 681
548 699
531 643
298 371
56 194
1113 1430
537 719
819 975
586 662
818 985
312 435
542 654
558 639
521 681
1150 1250
592 625
526 644
839 949
569 706
527 709
581 718
1104 1387
69 213
539 627
866 963
13 192
66 187
600 680
1163 1362
824 908
1151 1428
828 953
1115 1411
48 233
870 964
315 444
313 416
552 628
855 969
328 367
806 966
84 208
1145 1334
303 433
1145 1302
1094 1272
828 905
830 982
531 641
8 175
1180 1235
78 228
582 662
52 153
877 953
1 225
272 468
813 928
1151 1426
293 376
56 236
871 913
1152 1336
1148 1225
30 210
1148 1413
37 130
1134 1224
600 673
87 186
582 664
808 933
530 723
834 963
43 134
314 460
20 179
830 968
264 458
814 931
593 665
1114 1315
1123 1345
337 437
8 135
1171 1257
529 652
286 455
34 226
316 437
80 188
835 928
813 952
1100 1273
316 416
1089 1252
817 926
870 965
839 927
541 629
805 916
48 246
826 944
265 429
539 633
338 426
541 681
536 717
835 926
15 191
261 468
338 428
1088 1380
47 155
842 953
3 198
267 367
86 194
587 639
18 200
291 384
856 988
1096 1290
539 663
1124 1272
808 995
26 218
595 687
800 950
297 447
1168 1246
63 221
868 964
272 401
590 708
72 152
1128 1403
287 437
1125 1407
100 202
261 430
1133 1370
824 1010
19 181
308 470
1121 1420
852 906
75 126
29 219
299 422
303 366
1131 1351
63 157
316 401
276 469
564 728
539 662
572 639
814 1006
70 226
12 201
276 453
17 139
311 401
1114 1437
863 961
68 218
265 402
531 625
849 926
810 974
1093 1380
267 390
1156 1333
262 465
595 675
58 192
269 379
268 420
328 429
83 219
560 630
560 665
855 996
844 916
312 379
55 215
820 1005
1129 1351
538 637
809 973
75 238
1169 1410
804 978
57 138
317 386
577 677
841 962
858 943
1163 1241
45 165
545 625
858 935
284 378
31 203
1082 1392
801 964
93 236
22 183
306 378
542 695
543 687
49 236
553 728
1152 1428
802 954
850 935
303 376
573 704
303 409
54 150
852 947
283 368
814 909
583 716
530 728
842 933
1110 1403
279 385
552 651
1161 1308
822 931
265 444
1182 1236
1133 1337
1180 1334
268 433
544 726
1187 1233
593 643
586 666
286 464
277 371
319 379
61 166
1111 1335
260 410
880 924
64 248
43 246
818 911
533 730
815 966
278 424
593 663
339 436
310 470
587 657
552 700
590 644
22 206
23 174
84 198
1180 1248
97 161
7 205
839 1004
279 458
65 170
558 710
1187 1352
821 979
14 188
1131 1409
802 920
561 675
557 722
554 711
30 167
838 927
812 953
810 914
1152 1337
305 400
77 162
560 686
836 970
869 926
274 389
859 1003
1157 1308
524 650
56 142
592 700
81 151
849 960
581 669
874 1010
8 158
271 467
1099 1313
1169 1332
1089 1333
27 205
1142 1230
864 905
862 936
805 1002
859 984
1112 1266
532 708
1165 1399
84 230
1178 1381
862 982
73 173
1182 1267
1186 1275
880 957
563 649
1189 1249
1086 1364
807 1008
820 981
835 910
535 715
550 638
288 395
880 965
583 639
39 142
540 643
836 937
51 146
1106 1382
847 934
283 396
1178 1357
59 231
828 938
589 676
530 657
86 158
70 135
849 992
802 949
1117 1231
586 725
83 230
858 967
1130 1352
1103 1384
308 435
333 426
315 433
816 965
265 409
600 639
855 959
1131 1255
1109 1328
821 943
859 908
1122 1359
855 948
277 459
804 985
821 1004
1189 1303
825 907
1108 1257
314 437
91 200
324 466
1133 1239
880 964
556 704
1082 1396
43 177
856 1002
876 917
1141 1318
1109 1276
275 458
0 152
295 450
273 418
559 678
275 404
303 469
1172 1236
879 928
600 629
1092 1384
873 907
871 1000
550 706
565 636
317 424
813 942
45 153
1106 1393
1088 1422
862 979
535 710
72 131
823 1003
300 438
314 402
74 203
326 457
23 223
283 433
327 419
821 910
1172 1242
556 669
560 692
847 1009
870 1000
580 665
1168 1416
524 647
4 229
1090 1326
262 368
1169 1371
814 969
1140 1289
72 202
1161 1268
81 145
71 154
273 420
564 625
595 629
549 722
1110 1424
819 972
1142 1438
552 703
315 455
808 949
1153 1401
860 977
1182 1300
535 673
328 436
832 942
589 710
294 459
538 723
561 694
61 160
1098 1354
311 390
71 211
565 633
1087 1400
1116 1300
293 425
878 960
264 465
856 952
587 638
561 723
93 204
594 674
276 432
339 382
1140 1221
266 437
521 725
286 412
88 157
593 687
36 150
807 946
810 911
1148 1230
3 200
539 669
1096 1341
263 463
88 142
27 132
823 922
340 405
328 405
311 433
818 914
1138 1354
584 629
1159 1326
527 719
559 632
331 428
277 394
1158 1395
867 910
1171 1296
329 470
37 221
306 390
315 390
80 184
851 945
96 171
273 374
262 454
553 714
88 128
524 705
843 947
528 727
1 197
24 148
278 391
1174 1279
95 192
1185 1260
804 955
314 463
531 644
268 378
320 432
592 633
553 638
581 657
571 725
0 177
1122 1343
540 653
1110 1217
99 177
329 430
1083 1309
836 986
852 940
861 920
848 923
340 377
572 639
873 976
575 655
879 959
275 396
554 703
586 713
537 704
809 985
1187 1331
262 442
862 956
525 685
810 999
336 407
1155 1257
1150 1299
558 647
269 372
267 449
330 434
317 463
815 947
1097 1313
296 453
18 147
1153 1440
541 663
547 717
1152 1230
566 636
315 378
302 468
302 417
84 164
546 638
1147 1354
274 384
573 675
1186 1390
817 971
1102 1420
856 974
546 658
520 690
817 907
16 152
1158 1262
801 951
1151 1390
20 189
319 440
582 658
305 421
100 216
1173 1317
70 203
318 462
576 685
315 448
297 461
822 925
286 368
308 398
853 963
563 692
870 910
802 966
334 415
827 965
538 655
1162 1359
282 409
1173 1394
529 727
304 399
1 143
4 234
529 652
825 1010
6 205
1141 1327
1112 1430
850 926
293 459
284 404
870 921
863 973
1134 1316
1183 1379
597 643
299 373
339 392
559 710
282 459
1091 1393
1136 1308
6 222
526 724
599 687
65 223
283 372
15 247
596 636
841 958
47 222
563 648
826 933
1145 1338
845 909
1112 1423
303 460
260 406
1113 1230
269 432
10 170
40 167
865 941
17 150
298 461
538 642
325 467
12 152
589 726
576 628
1169 1336
845 918
1157 1287
1186 1279
1141 1435
1109 1413
864 955
290 381
296 460
567 662
273 459
282 398
1154 1333
570 657
48 229
847 1002
13 139
22 173
86 152
851 988
547 674
276 394
1177 1367
597 699
330 404
39 201
858 951
0 127
802 971
1114 1339
588 661
89 160
1154 1406
53 161
1150 1262
522 693
542 710
1190 1226
1101 1418
322 382
574 716
871 940
1082 1409
552 688
1127 1254
1165 1333
544 689
1141 1292
598 711
1102 1374
845 956
521 631
553 640
1183 1370
314 436
567 627
1087 1293
533 666
850 992
335 407
591 663
1166 1415
837 948
805 1003
826 950
1122 1334
566 669
100 210
556 705
277 373
1144 1227
1175 1287
872 998
263 382
277 380
1160 1298
309 417
93 186
570 699
1181 1424
811 950
1085 1221
292 457
537 701
1138 1432
89 194
322 463
314 387
840 924
261 391
520 696
858 1004
1179 1241
802 961
30 130
540 638
877 950
832 930
77 136
858 981
837 1001
269 391
1188 1341
572 651
34 191
550 677
284 409
589 626
1148 1225
65 168
78 208
93 190
69 241
841 976
551 656
824 994
41 194
49 155
554 650
74 140
271 411
295 418
334 458
25 169
577 642
567 730
315 387
860 911
1132 1434
284 409
21 174
544 644
90 181
553 641
70 214
562 725
305 374
522 728
536 719
1171 1318
800 984
319 401
556 665
289 398
299 466
83 245
59 224
1183 1340
808 917
576 727
329 420
546 653
34 156
1130 1289
1088 1393
862 969
4 212
1095 1358
543 682
867 950
300 396
289 427
79 166
1169 1340
44 130
544 642
528 676
1131 1409
1144 1343
543 685
561 639
575 730
337 439
1126 1438
50 173
551 672
551 703
77 223
1150 1298
834 971
337 463
274 423
1082 1275
1136 1264
571 636
57 218
70 242
292 441
265 372
586 717
56 238
30 218
38 250
823 909
1176 1300
23 178
837 973
318 383
74 232
283 417
573 639
522 650
1080 1373
1159 1408
39 224
804 920
594 673
863 948
269 455
82 190
8 211
268 422
879 1001
1125 1387
47 247
282 466
270 399
1119 1425
1176 1265
1120 1365
834 997
275 459
874 906
822 968
287 399
1173 1424
273 464
262 394
288 379
336 387
591 631
820 963
1109 1322
275 466
32 125
563 699
1163 1330
22 208
78 186
329 444
815 1003
582 693
836 929
62 190
56 217
528 672
1174 1278
847 962
1174 1411
583 675
1177 1264
316 398
849 1002
18 143
836 963
1098 1390
45 188
1189 1271
1172 1272
879 936
273 462
53 240
80 135
1106 1405
871 907
268 376
49 225
1155 1431
66 250
271 393
553 652
579 668
533 726
581 730
96 211
55 148
22 163
98 131
1183 1261
14 153
1178 1417
293 440
1151 1226
600 663
80 235
89 207
574 730
82 228
1082 1363
8 160
1170 1256
827 1007
1186 1425
66 156
848 911
572 711
868 980
879 972
1188 1382
331 448
1118 1319
1101 1230
1095 1255
302 404
877 977
577 719
64 161
315 462
269 372
1158 1333
875 988
1114 1330
85 197
1084 1242
317 374
335 368
1120 1360
1185 1417
318 412
857 982
339 439
1126 1424
1164 1439
548 710
287 429
263 396
576 638
1129 1225
867 915
306 388
323 434
3 193
34 202
551 685
312 460
76 241
31 166
860 990
1119 1376
316 388
560 661
39 212
582 625
804 988
1150 1387
837 979
802 990
574 646
867 930
1116 1312
29 225
34 197
1098 1246
286 439
1120 1371
580 642
325 467
812 942
566 726
314 443
271 455
319 414
1154 1390
553 670
871 943
861 933
1158 1280
877 944
319 377
84 176
317 424
1154 1346
870 958
535 686
7 232
1171 1322
57 215
538 692
578 730
1094 1323
860 927
818 976
23 143
838 967
580 629
30 179
1171 1417
805 936
815 944
1138 1330
1117 1413
809 955
278 365
544 718
875 937
839 934
1135 1406
1117 1325
1155 1431
823 977
1155 1413
1116 1262
1091 1280
819 966
65 218
868 988
46 240
304 466
532 726
72 201
305 453
1089 1357
52 138
283 447
1138 1357
535 651
1085 1253
1174 1354
842 949
83 140
1121 1285
816 909
309 398
309 457
306 426
17 162
861 987
7 177
818 976
1085 1361
865 970
37 148
838 907
85 222
36 206
297 421
576 643
311 369
541 625
1100 1221
339 417
553 673
828 953
569 658
313 436
100 190
302 379
1182 1305
11 211
545 721
802 922
20 170
543 682
1149 1291
76 199
806 1005
1092 1279
276 444
278 386
67 191
829 925
843 961
850 994
840 935
340 400
296 377
566 708
1096 1417
320 447
77 242
277 457
291 421
1175 1310
1132 1240
272 458
1114 1326
533 698
825 916
33 219
1177 1260
62 174
1122 1297
1179 1228
1092 1352
1095 1344
31 148
861 910
21 149
93 137
329 448
824 959
833 965
1175 1238
876 994
67 151
567 724
1140 1284
285 423
1116 1286
1123 1374
536 656
293 405
550 663
314 413
841 998
283 385
812 977
568 648
879 940
1125 1294
840 987
17 179
309 384
330 422
846 961
308 430
547 710
300 391
47 153
307 417
327 449
879 948
310 428
837 916
554 643
1095 1270
1104 1288
1178 1297
1118 1268
73 134
335 447
840 920
527 689
528 688
832 991
1128 1412
1172 1228
539 648
860 905
830 960
853 981
1174 1249
566 702
562 652
335 449
325 404
869 1003
816 968
1156 1369
594 636
527 721
538 689
100 203
23 204
538 662
51 231
302 450
592 679
99 125
575 672
866 980
552 635
91 202
875 982
336 468
1116 1422
1175 1428
324 442
311 381
286 412
548 652
34 126
1108 1423
15 209
1084 1296
300 377
27 154
523 636
276 421
268 467
532 707
831 989
324 379
6 157
290 448
300 393
521 724
870 927
1093 1287
1183 1393
1130 1294
293 367
301 412
1142 1245
582 728
299 386
828 955
94 165
46 180
878 912
291 420
527 657
560 635
1088 1365
308 400
575 725
1170 1220
78 213
1099 1406
73 217
520 727
338 394
262 378
555 659
333 373
1083 1437
1187 1365
808 963
1169 1388
323 365
267 384
63 175
1184 1233
1083 1318
1188 1271
575 705
40 137
813 996
87 156
879 976
27 247
520 703
92 206
42 148
3 242
1136 1329
876 978
1116 1411
58 234
1180 1240
325 454
1107 1423
1112 1283
829 973
267 454
323 443
567 719
268 446
538 673
38 234
315 427
1080 1296
302 453
44 224
811 951
1160 1334
17 204
596 671
844 930
554 716
581 697
302 463
1129 1398
1080 1425
264 368
1124 1425
287 452
317 400
287 418
36 224
29 166
1162 1395
271 365
305 411
54 159
330 467
574 654
860 931
564 670
589 655
275 448
9 125
65 187
1180 1264
71 199
1143 1402
45 226
540 699
1085 1419
1157 1269
1158 1351
283 390
825 994
72 130
262 427
1163 1270
1100 1428
18 239
831 906
1097 1306
1084 1315
1171 1353
830 916
563 637
1167 1369
807 929
93 152
323 427
277 460
845 908
335 466
1138 1381
521 724
36 219
1181 1275
599 656
334 370
851 983
1166 1341
533 681
590 685
587 653
295 435
306 391
40 132
84 126
599 643
542 631
1146 1232
1172 1423
261 411
830 1004
542 660
323 365
1113 1269
1127 1421
1184 1293
855 979
1145 1283
328 421
853 975
859 980
1091 1271
17 228
324 467
1156 1287
25 157
525 639
570 627
1188 1270
333 384
861 967
90 147
836 918
268 379
79 208
565 722
534 696
879 932
295 438
808 915
810 913
84 134
1103 1293
808 965
550 725
1173 1329
2 134
33 212
268 365
324 418
7 232
542 631
7 149
22 135
44 247
18 214
304 462
1124 1357
551 704
69 191
1151 1383
574 625
10 159
312 372
332 470
1148 1312
100 127
832 946
574 730
1091 1222
522 687
330 412
50 145
292 403
559 675
270 430
288 425
61 201
51 134
864 969
552 637
302 401
1121 1277
72 200
1134 1370
59 191
1157 1240
844 974
97 139
1097 1408
321 445
530 690
868 996
44 216
833 967
854 993
571 697
36 185
818 1008
69 197
286 416
1180 1342
1175 1230
1094 1356
529 681
862 915
871 932
1081 1429
1101 1398
1089 1340
1104 1273
80 181
863 958
279 390
1096 1319
51 152
37 191
542 629
820 920
4 181
825 921
842 988
299 408
1157 1365
42 175
534 693
319 467
336 468
88 233
567 691
1168 1369
1132 1222
319 445
841 915
290 462
275 410
800 925
1162 1295
45 226
29 142
322 395
599 695
570 653
18 228
1148 1366
542 628
580 632
65 228
46 242
1120 1274
323 434
1143 1389
300 442
1156 1248
539 629
813 920
1082 1435
533 700
522 665
574 703
1163 1352
34 190
807 990
583 628
310 459
529 669
536 711
559 672
44 198
1082 1437
598 652
303 469
88 194
90 202
569 649
304 444
276 365
94 222
291 436
829 976
56 223
814 977
42 150
537 653
863 1003
556 662
90 135
1132 1270
80 208
590 638
878 974
47 245
337 422
830 913
872 1007
547 650
330 452
534 666
329 397
337 420
1169 1354
6 186
520 683
333 433
1091 1261
6 201
821 929
1111 1428
81 238
91 192
557 626
582 691
1143 1389
1172 1437
269 376
1099 1324
289 411
320 434
879 987
2 176
100 212
583 725
0 147
1090 1395
336 407
1188 1439
13 175
1145 1255
580 688
327 399
593 642
597 695
1090 1423
1185 1343
584 721
520 683
1157 1286
90 195
33 198
1093 1242
1121 1315
262 396
54 225
843 914
263 432
541 640
808 995
1131 1365
336 374
535 696
268 374
589 664
293 457
532 627
281 403
851 970
558 629
287 428
1109 1259
295 369
550 658
45 182
811 996
323 436
295 423
582 638
556 683
17 125
820 942
874 946
863 949
295 404
549 715
861 974
561 651
33 134
289 399
1122 1265
1177 1308
525 676
560 712
561 693
1102 1338
854 938
261 454
267 422
313 370
1131 1238
286 389
62 197
568 719
538 654
813 985
99 177
58 188
1106 1351
835 962
59 163
812 997
827 918
260 426
30 143
836 1000
314 427
1126 1259
544 695
75 223
548 698
1137 1371
583 700
96 238
815 955
1153 1372
841 975
527 728
289 454
23 224
838 979
572 667
577 686
1080 1436
822 967
266 406
89 157
96 145
1152 1294
824 979
321 469
546 718
1185 1315
850 937
328 470
52 153
35 208
1105 1348
572 681
325 442
278 398
286 382
282 392
88 195
90 146
56 193
70 207
1107 1426
85 220
1162 1226
564 662
271 415
45 234
1149 1280
298 403
47 248
534 627
522 680
811 946
302 382
279 385
820 942
549 636
1103 1229
1152 1296
1099 1216
271 463
43 203
575 711
815 930
1190 1293
1134 1305
2 161
1111 1379
576 669
88 190
525 703
273 424
0 185
60 185
1092 1352
552 722
267 387
340 412
1127 1321
853 935
554 701
308 377
549 691
85 231
1187 1415
846 925
588 730
69 187
1104 1414
327 422
1081 1236
272 469
852 944
524 638
587 715
598 635
557 654
311 390
524 672
1091 1343
286 433
1188 1431
560 650
279 413
82 164
277 416
276 467
1089 1245
587 634
14 216
277 367
831 980
849 937
814 985
335 385
31 151
1129 1242
1127 1394
320 398
299 412
70 220
808 949
590 652
328 470
44 138
1117 1360
329 448
595 626
274 409
866 948
535 639
876 922
1126 1216
847 962
315 414
529 687
1161 1355
52 207
1086 1301
531 667
576 625
73 176
276 415
317 403
1173 1266
1167 1413
1096 1304
866 959
319 470
295 424
89 183
265 396
546 646
1155 1419
1118 1342
1128 1278
11 128
311 412
819 1006
35 178
817 971
807 983
40 173
1084 1373
848 980
844 1001
39 212
1171 1282
42 150
835 965
28 241
560 661
1182 1257
31 210
1167 1378
583 727
1082 1331
804 920
844 965
529 729
550 671
832 930
288 405
94 215
42 230
1102 1266
15 129
854 918
856 918
536 665
554 710
59 160
57 150
48 210
45 183
6 234
43 245
1153 1248
302 422
1150 1294
1152 1384
328 436
1144 1313
77 140
594 681
62 229
1087 1305
320 425
1101 1321
1118 1433
557 715
281 403
272 419
590 683
311 440
536 708
540 722
1139 1276
57 171
87 127
57 168
339 460
843 955
24 210
1156 1274
1134 1377
28 160
848 928
47 230
594 664
531 670
1167 1215
40 126
861 913
290 413
1179 1260
260 370
524 700
1081 1255
1085 1338
865 932
815 967
1152 1256
273 432
827 996
74 157
84 145
578 645
568 728
292 446
75 125
63 222
74 151
75 228
800 923
338 378
839 934
293 416
1084 1248
1179 1426
39 235
580 638
296 377
1080 1366
296 370
70 125
42 207
550 693
879 925
90 225
268 461
576 628
1173 1232
839 957
261 458
1147 1274
569 657
1161 1252
320 395
93 156
35 177
36 163
555 627
877 996
337 391
1122 1302
827 971
17 130
100 233
68 243
595 706
530 685
1080 1380
79 137
818 906
526 657
804 979
270 437
840 980
806 960
538 652
1160 1242
562 654
865 983
312 426
316 371
817 980
874 962
573 627
32 154
95 186
1126 1292
41 177
26 181
572 645
1107 1376
815 1006
340 428
527 633
553 632
537 627
853 982
849 948
320 433
40 136
583 676
826 949
23 241
547 651
302 432
327 382
580 716
1158 1367
1098 1221
309 412
81 137
269 411
36 182
1115 1285
553 686
310 460
561 692
558 630
520 706
855 980
808 981
530 632
861 932
800 926
61 130
69 214
16 195
1094 1308
1096 1341
583 665
336 457
870 916
272 391
74 179
598 633
279 428
1144 1388
337 450
261 437
866 934
1186 1334
98 221
329 449
7 206
12 132
1183 1397
1088 1423
539 693
52 243
831 999
8 130
540 627
587 661
1142 1426
1177 1321
522 641
299 415
825 997
311 436
26 210
565 627
1084 1274
539 680
1095 1286
813 974
858 980
260 405
525 640
335 380
545 642
27 196
312 395
82 210
536 715
864 932
1135 1358
66 205
574 626
283 429
880 927
310 411
817 922
1119 1426
1112 1251
15 189
1140 1397
1123 1427
281 399
1144 1286
74 204
551 715
37 218
530 687
1107 1217
800 913
17 181
1136 1350
575 655
283 399
578 700
57 238
600 642
840 952
47 202
844 923
532 726
853 964
1163 1275
812 937
1138 1240
89 166
568 664
323 400
825 945
340 403
1179 1370
531 695
83 234
1 168
545 729
844 1007
314 373
556 640
820 943
48 246
51 151
1136 1243
828 979
829 906
100 231
533 693
85 180
326 388
533 683
807 919
1125 1318
850 971
824 936
266 399
1144 1436
339 466
599 707
1169 1318
340 365
866 908
92 241
872 995
1134 1361
549 719
869 915
879 979
872 948
1137 1354
311 443
325 388
842 938
1129 1322
845 925
565 702
334 431
1131 1348
807 943
294 419
574 640
524 692
525 723
597 698
821 989
809 972
1112 1423
1093 1310
843 974
531 712
23 245
80 172
543 680
853 967
821 945
308 365
562 710
593 698
829 963
875 907
260 425
537 670
837 909
335 386
1174 1274
813 1004
333 462
1154 1416
91 175
586 666
1122 1385
306 454
1168 1350
54 174
850 941
580 716
584 644
54 174
535 630
526 724
532 709
545 705
336 402
862 1006
1149 1233
1099 1280
1102 1331
281 461
100 220
536 658
83 137
1 188
1087 1286
264 432
1153 1333
880 1000
34 198
312 419
40 157
44 168
1132 1426
18 205
1165 1326
1163 1354
1111 1398
524 638
70 242
531 676
53 145
816 998
522 675
1162 1306
270 432
12 243
844 971
310 465
804 933
821 962
89 150
533 720
328 414
856 936
271 382
543 682
581 655
268 394
1175 1405
44 148
289 368
92 149
1116 1426
260 432
77 235
1171 1340
307 373
322 469
871 973
339 454
811 915
532 637
1111 1410
592 646
596 712
1132 1336
1138 1263
827 1004
280 439
260 456
334 447
294 394
811 959
85 205
857 967
16 232
54 147
1178 1218
574 627
521 707
314 396
282 451
303 445
1176 1293
539 730
58 232
268 369
29 244
320 397
284 434
1166 1323
1089 1335
48 239
298 416
1164 1327
529 690
31 199
856 956
92 135
260 417
274 381
38 212
592 704
1142 1410
879 924
5 206
327 463
873 962
76 187
39 184
1157 1290
1121 1368
840 955
586 639
268 379
325 404
1103 1346
850 921
3 205
569 709
4 152
1164 1223
1 182
274 382
597 633
66 161
89 125
820 915
570 660
52 198
1150 1282
595 696
336 431
1132 1421
814 968
1119 1357
598 719
527 719
838 1006
849 911
536 683
1097 1352
323 377
530 678
1173 1216
62 235
532 686
804 1007
521 726
1125 1357
52 221
807 921
577 725
813 947
6 182
31 168
282 459
1089 1440
525 699
307 409
1135 1390
305 417
543 626
1151 1420
844 971
817 918
35 177
301 394
552 691
326 394
867 1006
38 231
286 409
7 229
39 232
339 418
264 456
72 177
78 178
594 638
810 997
1121 1332
1186 1341
821 961
323 367
877 993
77 219
278 392
318 445
827 991
1109 1431
1162 1269
299 394
82 159
303 461
874 929
62 198
323 428
806 993
33 136
534 633
528 724
10 125
1126 1355
13 201
312 465
1132 1252
307 406
49 217
29 165
523 686
875 975
858 1002
27 219
53 148
96 179
842 958
306 438
845 1010
295 466
55 125
813 979
310 404
868 927
827 906
841 999
814 975
286 465
839 954
574 628
1189 1353
88 246
296 429
561 628
1119 1226
1091 1281
1100 1320
279 407
1147 1271
1155 1401
32 215
804 921
1086 1298
45 212
579 696
3 174
1163 1327
77 211
65 187
1169 1410
288 447
800 919
536 680
302 378
320 396
31 212
1129 1341
1153 1218
339 417
1177 1321
880 944
288 419
828 919
72 243
310 384
528 661
817 1001
7 230
100 158
332 466
320 465
299 376
73 129
5 204
1088 1337
557 678
69 205
818 1007
1189 1238
809 913
58 162
1162 1315
1152 1341
1102 1408
52 248
285 452
1157 1333
1179 1246
804 940
308 375
42 170
301 393
1128 1425
534 715
279 386
1168 1400
1182 1401
9 210
302 459
543 717
80 157
550 634
1132 1304
1148 1275
822 990
1125 1278
1146 1373
59 240
1128 1379
845 976
860 947
570 682
1124 1378
846 1002
860 972
536 634
1179 1384
1132 1338
53 153
1177 1313
1138 1437
36 189
311 401
563 637
1172 1262
6 229
334 374
46 134
1116 1279
296 371
539 632
276 383
88 171
588 715
1090 1277
46 130
878 943
275 458
303 386
1182 1294
570 670
262 459
1155 1278
319 401
558 639
807 968
77 204
15 223
567 628
589 689
1091 1427
261 406
1184 1248
260 376
54 226
849 944
854 913
20 158
40 135
20 173
816 956
82 240
1134 1267
1147 1333
1139 1331
1155 1419
58 196
843 983
575 671
36 247
1110 1332
1117 1325
1166 1362
521 706
79 156
567 699
32 132
53 171
802 965
863 927
521 648
309 381
1106 1338
546 625
1125 1422
806 1002
1116 1387
266 406
294 420
861 921
854 909
558 730
328 380
77 170
1157 1230
22 245
338 460
1081 1390
34 154
1118 1350
297 400
326 459
8 230
802 948
815 910
878 1003
586 628
840 987
93 245
1108 1243
1126 1318
822 988
91 244
1164 1423
1106 1259
1088 1308
876 936
260 464
553 640
869 1007
75 222
38 134
312 464
1132 1242
97 165
555 666
1182 1271
93 240
68 211
56 161
302 388
825 993
49 206
56 158
83 230
53 250
862 917
311 447
19 133
337 426
831 962
298 376
38 244
1164 1289
1176 1341
82 149
573 629
6 168
584 718
317 380
1105 1388
84 182
281 452
577 639
268 415
1141 1347
283 379
313 378
869 1006
856 982
293 456
1122 1415
589 725
340 438
1186 1357
844 948
8 211
835 932
567 712
873 1006
339 378
574 674
1176 1412
282 410
544 658
1123 1292
1091 1218
836 932
86 204
263 388
860 1002
265 415
98 169
871 958
272 439
262 376
571 706
1134 1241
1134 1389
597 698
532 721
572 702
552 720
329 371
1135 1428
550 685
20 143
326 445
542 677
847 982
298 410
289 382
309 468
1173 1438
16 169
83 138
45 198
295 457
1099 1306
336 378
859 926
334 376
292 423
1188 1421
284 464
853 993
1101 1223
541 625
867 957
333 431
276 448
281 388
280 423
29 214
269 400
873 968
1187 1381
1105 1322
812 963
289 459
837 910
528 640
534 723
40 233
6 158
538 651
878 970
1183 1355
1104 1372
62 139
584 713
40 167
557 649
85 226
60 128
830 938
832 976
4 197
319 440
533 703
54 138
595 723
577 638
555 715
864 932
594 661
595 672
24 189
534 680
1100 1294
293 457
596 701
825 972
862 929
1161 1216
572 652
329 367
304 411
1091 1291
1160 1333
29 250
571 687
1167 1257
805 944
80 129
577 664
17 183
1143 1391
1129 1235
1093 1242
526 637
67 239
564 651
860 965
861 905
1178 1261
47 213
558 695
1088 1433
536 691
1116 1320
264 419
13 162
593 660
24 169
308 463
871 905
88 222
858 1000
832 991
6 220
863 955
90 182
55 173
849 934
802 962
301 447
5 222
9 233
1116 1255
296 427
1163 1324
298 442
99 192
1151 1403
833 914
306 436
322 375
876 933
551 678
839 956
66 129
298 373
23 126
1104 1357
853 987
559 722
325 445
832 950
287 465
812 997
569 653
1181 1392
277 389
878 993
261 426
865 994
8 166
546 628
300 388
829 1002
91 229
58 151
289 389
536 632
1153 1270
1155 1273
584 705
296 389
553 665
564 681
1132 1406
1153 1377
574 726
1106 1361
849 954
1132 1410
292 398
800 955
60 149
880 993
816 990
1083 1318
1121 1334
65 160
264 414
821 932
1151 1417
16 182
272 377
292 442
100 197
812 974
325 409
539 657
289 390
1085 1403
79 184
559 712
1111 1436
819 908
1134 1249
832 971
55 243
553 670
48 224
262 413
326 407
549 650
853 1000
324 422
332 377
73 158
568 662
272 377
851 1006
91 245
522 683
1102 1283
42 233
526 687
96 155
599 632
22 182
528 646
855 955
809 998
588 672
542 728
43 200
278 418
831 977
586 658
78 127
311 469
263 436
99 153
586 636
818 941
58 220
93 192
1 172
853 908
562 674
269 440
95 154
577 721
42 233
42 180
805 925
1178 1375
1112 1407
297 388
1112 1290
340 461
90 140
593 729
8 203
551 629
844 938
294 416
824 936
534 666
586 650
1125 1371
576 639
268 367
46 188
837 960
845 934
840 970
76 210
586 673
302 404
572 651
814 1000
548 646
1120 1307
527 696
58 165
841 962
545 626
1121 1408
564 676
1118 1368
821 935
294 366
1186 1412
1130 1347
862 937
37 176
1181 1329
1135 1401
826 979
1156 1398
586 684
818 953
334 381
534 679
596 724
289 437
323 409
828 994
591 644
576 645
302 413
338 435
580 659
57 156
523 675
854 985
61 194
7 242
339 410
598 645
1168 1235
62 200
301 454
595 625
820 961
1164 1333
597 641
31 238
285 445
867 921
589 723
1102 1299
39 231
833 991
1087 1235
36 167
88 221
1098 1287
65 176
1125 1376
1184 1277
865 963
324 412
1113 1385
269 411
551 679
268 401
324 386
319 395
32 221
1098 1293
285 456
529 674
296 375
283 420
1143 1288
584 722
1108 1343
810 991
1137 1439
535 720
529 695
1140 1329
286 450
309 409
322 401
1158 1348
1175 1286
283 450
64 156
15 125
321 365
50 218
1102 1282
836 938
44 214
55 165
57 207
1152 1435
271 429
532 688
1081 1305
335 376
54 152
804 1003
2 138
530 730
555 702
600 685
816 970
287 410
41 128
859 948
328 394
41 159
864 962
79 203
831 1000
321 373
1100 1358
57 233
1155 1240
65 186
838 909
873 994
297 428
47 202
304 400
1172 1321
266 390
70 192
1117 1379
325 468
810 964
265 465
4 201
1188 1378
275 450
840 997
338 370
85 236
573 685
31 221
579 641
12 172
520 701
1113 1272
541 667
26 223
52 203
328 449
802 963
880 964
270 411
528 727
21 247
852 991
318 387
600 678
576 630
543 628
589 709
21 144
1106 1367
600 664
1096 1294
875 915
43 154
297 375
1083 1377
566 649
279 450
531 707
1090 1365
531 709
542 724
316 448
288 405
529 680
302 469
1112 1259
278 370
84 142
595 627
339 374
300 406
1109 1418
1129 1357
548 629
34 191
41 195
873 949
40 249
1139 1287
855 1009
271 436
281 392
835 928
1101 1282
834 1009
1184 1331
564 679
293 394
850 1003
873 934
326 372
555 697
1170 1279
261 467
879 976
536 679
573 717
1118 1437
595 628
85 170
845 917
305 379
1113 1380
536 688
826 969
545 700
557 730
29 171
16 189
75 244
1151 1310
548 658
596 684
566 636
1139 1419
68 248
35 175
337 418
281 404
60 210
850 953
1177 1278
278 416
1152 1222
90 178
804 1005
547 685
868 917
576 692
822 962
551 657
869 964
1141 1427
1166 1330
81 168
521 695
1108 1218
272 467
589 689
549 688
1135 1275
1114 1429
526 665
82 154
1102 1224
815 980
99 133
1114 1432
1187 1380
836 943
76 169
1173 1370
525 700
1089 1219
97 154
852 1009
1149 1265
72 134
85 245
91 163
860 937
525 635
566 629
18 205
32 249
566 665
277 436
277 429
1169 1326
1179 1427
34 175
547 728
81 140
839 962
85 196
1107 1400
836 971
269 399
79 142
587 639
880 1002
80 147
543 645
1107 1343
818 924
332 443
1 169
64 227
277 455
58 191
582 646
11 207
592 678
539 720
315 366
1149 1406
813 1007
265 395
541 719
829 924
324 418
70 168
828 921
293 450
288 459
327 388
1115 1383
808 1001
66 184
858 941
560 697
289 443
20 134
96 167
315 430
878 993
306 374
548 667
53 148
1153 1302
545 715
312 419
587 706
297 459
328 426
25 211
324 442
826 994
548 634
21 176
69 170
860 966
546 651
291 382
328 449
6 170
870 920
809 932
1177 1349
863 973
810 930
572 625
536 684
1139 1345
551 720
572 643
10 215
1082 1398
281 414
31 212
43 148
583 682
810 936
1134 1419
310 395
816 917
807 980
71 171
326 466
1116 1278
300 459
332 414
573 713
577 629
539 677
339 443
561 637
303 435
1103 1373
558 626
571 726
44 215
587 713
559 668
553 711
562 727
574 681
1178 1273
838 960
73 180
867 971
294 392
1185 1215
838 929
832 1005
314 417
1189 1351
533 709
20 241
74 232
1187 1424
26 155
582 630
814 979
842 905
816 992
855 985
30 137
826 997
292 426
876 960
861 928
57 182
811 1002
878 949
1092 1291
309 434
302 408
326 438
586 636
1083 1403
1166 1418
1131 1372
553 636
843 996
78 138
585 674
330 432
1088 1242
69 182
100 130
531 675
90 135
1185 1293
854 949
1100 1363
99 201
862 1004
61 226
852 934
305 406
48 196
581 674
875 974
324 452
802 963
1093 1367
265 373
44 229
803 1002
580 655
271 406
318 411
337 423
566 706
823 945
1170 1297
98 242
1118 1416
333 431
865 953
555 664
1187 1436
565 664
839 929
17 198
265 427
1173 1224
305 421
572 691
328 413
530 625
1118 1324
533 628
1125 1372
859 998
284 451
553 720
880 923
311 436
1126 1431
305 458
523 639
1136 1335
327 388
866 969
811 1001
56 181
866 930
295 448
29 204
289 393
51 241
57 150
340 436
851 1000
600 637
811 920
801 965
816 992
579 713
549 676
871 983
803 1004
840 922
1099 1362
1153 1278
522 668
269 407
552 690
42 212
90 203
96 202
314 457
17 155
38 154
19 189
542 662
1159 1363
599 632
841 948
599 730
1157 1401
819 945
1080 1282
563 698
1133 1300
846 930
329 442
849 914
315 420
1096 1326
809 988
1141 1361
1160 1298
329 412
1102 1370
2 133
285 389
1153 1293
292 453
575 629
38 130
866 948
584 693
60 153
823 938
1165 1364
1187 1341
1132 1289
527 674
286 417
1155 1431
1141 1394
1168 1397
572 717
814 931
77 239
847 929
1110 1413
46 230
1090 1424
4 146
1181 1250
309 415
1113 1342
50 221
1167 1271
563 726
309 446
1153 1245
856 962
273 379
10 181
568 637
868 1002
312 384
570 670
569 698
1083 1349
1117 1303
859 952
852 910
1125 1290
806 984
49 180
1156 1366
330 393
262 413
547 670
588 631
276 417
65 187
586 642
561 657
303 420
572 705
820 947
287 454
47 247
1152 1372
850 976
874 952
847 978
56 222
1115 1358
833 931
533 648
584 707
830 974
551 634
573 716
281 408
267 409
15 135
64 192
856 965
865 948
575 625
13 234
803 1010
1156 1386
1167 1388
326 369
867 978
568 677
1161 1316
576 639
86 244
1160 1381
552 715
860 969
1117 1365
81 138
573 710
85 230
809 973
21 210
98 206
593 708
1168 1322
313 466
590 671
1185 1291
99 156
813 938
2 170
1148 1321
871 1008
837 960
865 937
61 192
328 443
1104 1338
1154 1431
73 192
868 990
541 637
278 460
310 379
566 718
547 666
68 139
816 928
1146 1424
1169 1237
304 389
84 137
825 939
530 694
866 947
1089 1227
536 710
1087 1311
582 716
564 715
328 407
46 249
811 992
1093 1259
853 958
340 456
576 665
1154 1367
545 714
320 433
523 652
262 456
562 653
291 454
817 917
808 970
77 249
60 240
269 367
1175 1394
1102 1319
81 225
850 941
73 152
290 401
1123 1418
829 979
42 202
1140 1286
847 990
86 162
45 232
581 718
311 376
530 637
308 404
1152 1325
335 380
324 400
858 985
548 636
864 916
836 905
66 205
529 725
1171 1232
802 948
829 992
852 977
1143 1423
806 966
585 710
860 944
77 184
1158 1418
547 625
1123 1317
289 455
879 958
865 952
1122 1418
49 208
865 963
61 185
586 659
1170 1218
75 203
26 173
315 429
326 404
290 395
847 921
98 126
596 677
805 953
833 909
856 982
591 647
565 666
1176 1257
844 933
1099 1326
823 922
874 952
1132 1423
332 387
327 452
831 978
549 727
851 905
266 461
576 639
1122 1360
1123 1265
297 409
1123 1274
80 222
94 247
866 910
78 224
44 218
558 693
522 672
870 925
281 381
335 368
48 248
279 427
69 204
75 226
823 990
264 395
545 713
1160 1251
851 936
548 660
67 152
1086 1397
851 906
842 942
1135 1419
330 366
568 641
1094 1234
270 448
97 139
260 464
291 435
542 636
9 210
1153 1397
39 248
813 937
330 432
870 913
552 638
1086 1392
858 1007
80 129
1183 1327
1114 1370
527 667
876 993
554 728
1143 1421
296 436
30 165
1140 1260
335 459
533 627
851 912
865 990
42 145
1138 1406
549 635
562 661
828 986
811 913
23 132
840 998
54 174
1178 1264
44 231
1167 1223
284 389
1086 1266
39 244
834 948
40 146
598 724
64 227
820 917
6 160
843 921
28 247
1153 1350
856 981
12 242
537 672
819 969
268 468
876 1004
29 171
1189 1333
533 722
1150 1303
1106 1230
567 646
801 920
294 375
537 725
1133 1296
586 680
314 455
333 444
575 682
545 687
60 249
589 718
1083 1361
320 386
589 724
