6,494276046863 -7,289217228977 A0IV
-6,391853869554 -2,935294268748 G1II
4,839228531341 -7,096685800102 M2II
2,931008563806 7,390425016404 VII
-3,093336185344 -2,891240687546 VII
-3,102384674323 -3,537501976415 K6IV
0,563184565390 8,703687836112 F0III
5,935414119382 -6,177547769910 F5V
-6,355838980290 -2,975385786942 B9I
5,983853915786 -5,548536128172 B3IV
5,914056035551 -4,800249080480 K8I
4,321538537903 5,448582460485 VII
8,888571183316 -3,904792085332 F7VI
4,362038424821 9,006723989371 VII
-7,018901430447 -2,982656472924 O7I
-5,038824988067 -5,076224091482 G8II
8,463675033884 -4,823688225999 F4II
4,093817247427 4,650564229555 M0I
5,377516932759 -5,685230835470 M0V
4,341502416852 8,047668558141 F5II
-5,586000565997 -4,024120196490 O1III
6,141448071197 -3,521938793463 B1I
-6,774262922167 -1,214489928513 F3IV
-5,133307867350 -2,396741761731 B6I
4,902392998393 5,334767157932 VII
-3,771914069397 -4,016889251379 M3III
8,798968574403 -5,133858071553 O6IV
7,104485814267 -6,604310251186 F5II
4,307802128604 9,242020910789 B3V
-5,429098417506 -1,886594977892 VII
1,222597243356 8,330246344026 B8I
8,566610940307 -6,926056989967 F6IV
0,911584650416 8,767830212403 VII
3,449259240578 4,505612041124 VII
8,242489229698 -4,408906862182 VII
3,648370358898 9,365658477102 M5VI
0,951185095280 7,790437007049 O3II
2,051709775777 4,603327049808 M9VI
3,755053839969 7,213387577152 A6V
0,803834612245 9,150934492729 A6VI
0,644471418300 8,624544459791 A4V
-4,681087389114 -5,390618363475 F1VI
-3,181706555930 -3,149090499529 K8I
3,294685164171 9,280397766207 G9III
6,350532641447 -5,217191945185 O3IV
2,400772837819 9,287177784472 F7III
4,876767786927 -2,484556208466 B4IV
4,477019709411 -3,519089699956 K6V
-6,155558507056 -5,233806177241 M8IV
6,140361833899 -5,590421796406 VII
2,772875305965 7,198960797015 O9V
-3,474407015304 -3,712831773164 G2I
3,941135386303 7,034140581153 B4V
-6,885064600076 -4,222560319532 A9II
7,423822599276 -2,400531597035 G3I
-6,929461853924 -1,011319995654 G8II
5,026455939257 -4,650758439264 M8III
4,085220354341 7,307811525860 K1III
-5,880815394709 -4,891172375699 B5I
0,783820079747 6,933998710179 A4IV
0,520612580213 6,394318445775 A2V
0,459225646348 7,331000481299 O2VI
-5,244927236987 -3,122141857485 VII
1,968820877180 7,622671665849 K7VI
5,056020360592 9,311775670031 B6V
5,198328591590 -5,199132627756 B5I
7,696181791934 -2,432241200070 VII
-4,081695466782 -4,889063093791 A8IV
5,062589150737 6,607383247604 B3V
3,792042712181 5,325388235218 K4I
4,069319825456 5,047295972520 F9VI
-7,369256934165 -1,170768033254 O2IV
3,524229395708 8,938826846807 M7II
-6,574671974167 -4,393274410258 M2I
5,700244743156 -5,074665481493 F5II
4,762284139411 -7,291447255486 F4VI
-4,788111593589 -2,845031775314 G9V
-4,534750336667 -2,678082126304 VII
8,507669039001 -2,415454176464 G3VI
-5,562971796231 -5,468514398826 K1I
-4,061818589850 -2,978833504317 F8IV
-3,289947607788 -4,117849746235 M5V
-4,212419731203 -1,946519950920 K2III
1,002301790670 8,830242526603 B1V
7,741731468806 -3,015341556643 B4IV
5,863521226370 -6,405772432602 VII
-4,420412228929 -2,525600872062 M6II
1,416660852437 7,238856553125 G7III
-6,844815675033 -2,585821104731 M9II
2,185660039518 7,497407756539 G7III
1,397926180493 9,310463745122 G0VI
-7,231999955288 -1,366876999879 O3III
7,532045285554 -6,835599379216 O8III
-5,450469629517 -3,876284229051 B5I
7,489710510314 -3,086894172656 A2II
6,734256073821 -2,632302144016 VII
-4,321699021305 -4,562316579503 G9I
-3,056567405803 -5,359584038050 A4IV
4,641040383296 -5,629066831358 B1V
4,039148812035 7,529337837136 G1VI
-4,424255679908 -1,631107988894 B5II
-7,500968062888 -5,565963188743 VII
-4,130250100920 -4,133854604458 K6I
7,694560473462 -3,773168711539 VII
-3,798261731388 -3,222678037877 G3III
5,259866127087 -4,674677873739 K1I
5,971695800440 -3,861321657258 F2VI
5,772515757414 -6,134345153987 B9III
4,252740582907 -6,367865755254 A7II
5,002989820385 -3,281378723894 B7III
5,038977001251 -4,584350648960 K6V
0,437035618654 8,594393026923 O4I
-7,767823971274 -2,531563260866 A8IV
-5,120944454083 -1,348644503250 K7I
-3,328271215625 -3,674904962788 G6II
8,730648256660 -3,313760629188 K3IV
8,113899929770 -6,097879464700 B1III
2,561636627132 7,979232935028 VII
3,190839362580 6,316418283515 B0IV
7,080668763709 -3,933040964478 F9I
4,511544887013 -5,545316742074 VII
4,486841678557 5,818656124880 M9V
-3,145107063035 -2,850834370293 K7II
1,262809690129 5,319867405718 K8V
4,886131305553 6,379287499892 F0III
-4,518661164663 -2,692524762569 K9III
8,585251666300 -5,439547979152 G5VI
4,673494641320 -2,430277079436 K2I
-6,385993331726 -3,768298717981 M3III
2,799057783871 8,127120753231 A7V
3,108624106646 6,995781705608 A1III
8,760643314245 -5,393184201594 A9II
6,287134161755 -4,394375625680 B9V
-4,635343365565 -3,772836389368 M7VI
-3,972935588990 -4,750846180143 B1III
6,767092496123 -6,174989689700 G3VI
-4,246508974073 -4,068119569803 G7V
5,115700150208 -2,530995698900 A8III
-4,592967124857 -3,431971844952 M2VI
1,114577266811 9,240357055629 F1II
-7,825542622019 -2,056847774191 G5IV
4,514015513217 -7,075574102102 M4I
0,812447580243 8,486659377196 B5IV
8,891780592446 -3,481246594487 A0VI
-4,008111703153 -4,326925990980 K2I
-5,919529203057 -4,955025208546 A4VI
1,283313083530 5,021904653945 G0V
6,625547724627 -2,706222989718 F7III
7,556666948954 -5,919781155810 B2II
4,396898635695 -3,918188025813 K2IV
7,033397936029 -3,315988090618 G0II
-5,937915484124 -3,424320381048 G3III
-5,360423077044 -3,762381012911 G4I
6,835398406002 -4,431370895652 O1II
-5,242825121324 -0,789567813465 K9III
-3,772202412837 -4,106572467586 B1III
-7,070175524041 -3,430053948596 B0V
-6,729748194448 -1,983836299154 K3IV
8,456420437671 -6,042115483162 VII
8,907157335516 -2,452880752024 A9V
4,346081945270 4,556839648752 A4IV
6,253039846544 -4,754143293462 B1V
1,842998714682 8,898296763590 G6IV
-5,078956852931 -3,331216774795 G4II
8,185535624043 -7,200558385102 B6IV
4,617187552205 8,904643822931 O0VI
-7,241417110088 -5,393331609862 M9VI
5,197855111167 -4,833928981494 M6IV
-5,327836027381 -5,506885548733 VII
-3,981900144432 -5,340859015665 K3IV
5,687520781372 -4,405691203615 F1IV
-5,672902166000 -1,005554410642 VII
9,009965289287 -6,847524866719 VII
-5,552490823657 -3,905724898293 A3I
-5,977667770822 -5,623562736446 A9I
-4,062906743988 -3,067834445852 M6IV
6,409631502598 -6,131434339487 G3IV
2,345417942885 4,502699620875 O4III
-7,663407160114 -4,398921820420 VII
3,794890641622 5,604216601327 A1III
-7,289008904444 -1,470275054332 F1IV
-7,842270488336 -3,632612936965 K9IV
-7,287396891390 -3,502708070622 G7II
-6,152165324890 -5,132908772682 B7IV
4,081802448827 6,346321770776 O1V
2,077217057182 8,563136050531 O5III
9,007290144382 -5,262733468809 B3IV
4,290515800558 -4,816995855044 K1IV
-3,136639375278 -5,649192604013 K3V
8,821393820038 -5,770812404549 A0IV
-7,293320287453 -2,822550522420 K9II
1,600557566755 5,845859154709 VII
5,377121453284 6,687246152603 K0V
4,245444683332 8,262796028837 F4V
4,995512524492 6,211235666084 F2V
0,437039372040 6,269706782792 A5IV
1,514219759103 9,330368349091 O3IV
5,924565023490 -5,327983333415 A5II
-5,500420490205 -3,062242364598 K1I
7,557618058381 -2,325722648032 VII
4,284660072358 -3,492550687443 B8I
-7,992753579035 -2,924704142365 O3IV
-5,499319112538 -1,868585178490 F0I
6,353869941546 -2,916929206065 B8I
2,915251389038 5,000795854073 VII
7,328007051607 -6,551195831198 VII
5,212546816851 -5,612168890398 O4IV
-3,840774099680 -2,792565416250 O3V
8,303785241068 -3,936660496277 M2V
8,967117052639 -4,407357449203 K2IV
2,903616950770 7,849091252869 A9I
-5,910818618978 -2,564880470169 F2IV
-4,105822354794 -4,689174272780 M1VI
3,386286223500 5,391719963192 M6II
2,055117183322 4,751181615136 A4VI
1,005171917663 5,614788765428 O8II
-5,923358863767 -4,503536439208 G5V
1,746222240732 6,474774023010 F7V
4,757993697424 -5,032226378888 M2III
2,882655765380 6,920411841078 A7II
7,228032546826 -6,705927585198 O5II
8,015067155074 -4,951822027912 O2VI
0,708069867784 8,440234750639 M3V
4,362812547453 -5,471541866786 VII
-7,503894780411 -4,387082544898 VII
-3,581002454849 -4,359463907424 A0V
-5,783841599358 -5,437056949063 B6II
-3,488217783915 -5,243755899391 B1VI
3,224552633085 7,279230954686 M5II
2,009594619836 4,880188971755 O7VI
-6,569819385226 -2,684123094251 K2III
5,524407668337 -4,735422699205 K6II
0,840856882455 7,167338335747 O4V
-3,464952054395 -5,251797888702 B6III
-6,384904174065 -1,090915629696 G3III
6,694288101312 -4,746135188077 A5VI
4,923982249873 -7,089905241272 K7III
7,328848628405 -5,673419199604 K2VI
1,817889331762 8,854471025025 B8V
-4,345548363215 -2,599883947245 A4I
4,073928176101 7,028749544880 K8VI
5,506415189213 -6,276862044956 B1V
-7,642997841070 -5,223901932162 A3III
-5,683790704063 -1,918932122321 G5III
5,860302023524 -3,912458577523 K4III
5,519780879151 -5,903968865094 G2V
7,479205591235 -6,741193867783 VII
4,937400151794 8,353041239987 A2V
9,039178854232 -5,942136106628 K5II
3,035302665896 7,518420656012 VII
6,162145678011 -4,339640315993 M8II
8,924417799863 -4,774899626787 VII
-4,927533506250 -2,667565999171 M4III
2,192488695344 8,968839060695 O9III
4,782975136165 -5,791823776265 O7V
0,778767060084 8,949776556558 VII
-3,941969428153 -1,990354920190 VII
-4,282270152975 -4,922351698714 VII
2,488680659166 5,434937085061 VII
-5,526725927582 -2,248114515482 K4I
-4,872890924657 -3,008573377905 O6V
5,550219859653 -3,486636894287 K7V
5,033190628808 -3,050944081150 A8II
7,175497764463 -2,430287972645 B8III
1,767086865686 5,897763349697 F0I
0,999926611533 7,130397310132 K7II
-4,224523820641 -1,351374252564 F8I
7,187376095046 -6,119102485780 O1VI
5,144206077974 5,576165969137 M8II
-7,260034405026 -3,890246728832 G1I
3,675512034216 7,159686506299 M2II
5,761947896506 -3,563626012733 M6II
3,127636795646 6,340376358943 G9I
-5,492912793277 -1,443644396534 K7II
0,611791197340 7,825457314590 B9IV
-7,680035594819 -1,995495534176 G9VI
2,955411065223 8,849339372550 F3I
2,489702392528 8,620998161530 B9III
5,388706827511 7,486174804051 B0V
-7,612918200089 -2,136837018585 A4V
-4,345316192232 -3,264485703700 M5V
8,819843321699 -5,733313274232 VII
-3,689558244594 -0,939416247194 G6I
4,912619230016 6,765097123715 O7III
4,821282643014 7,870294036611 F4V
4,522135254394 -3,885015696854 F7IV
1,407523205795 4,657619612190 F9I
-6,260708570646 -3,651253690983 F9III
5,301215203831 6,031690359544 F9IV
9,098402324565 -4,124280864587 K1V
-3,774025491613 -4,277092802729 VII
3,699516583822 5,102848695984 G3IV
2,119303443048 6,740279538242 B2V
6,703563935092 -5,286224206651 K0IV
6,791944294164 -3,737309018245 A7V
7,995586961376 -6,590956201723 A2V
-6,990451046603 -5,290656800174 A3I
6,234525626497 -3,643926557054 VII
4,786314944750 -5,642358063723 B3IV
-6,719482135043 -3,542024803358 M5I
5,403423705440 -3,866324007979 VII
3,363182783224 5,452894755159 G0III
-6,353339724164 -1,036725073880 VII
-5,385445812445 -2,346987562933 A1I
-6,051643917476 -2,235054312813 O8IV
-3,217677411853 -1,005852840078 B6III
0,816541054558 6,132394750923 O3VI
-7,241320534407 -2,552989526365 M3II
-3,492422427625 -3,347776083060 A6I
5,234011442810 9,171801462399 B7IV
-6,379636687329 -2,024290588176 B6II
6,866891203308 -4,901482386683 O4II
4,374200127010 -6,302574155370 O9VI
1,015034068083 5,717622762840 K1VI
7,324248488104 -3,839193603728 A1II
4,139751951202 -4,261867231850 M7IV
8,976122263785 -7,189682957099 K1III
5,277950250136 -3,994352662316 O0V
5,361358773206 4,745021336861 O6II
7,419113431678 -3,082696695966 B4III
0,770640364331 5,195446307217 F8I
8,035118231215 -4,280070526887 K5I
7,508880017979 -3,494487527448 VII
-7,674614939510 -1,035649846109 B7V
-5,001261637530 -2,734270110305 VII
5,243153547604 -2,949914643363 M6II
-6,231079871858 -5,504973586560 B6VI
-6,409817828746 -3,319961778836 F3II
8,195667118287 -6,851807075504 O2V
5,876630721550 -3,590045443670 M4VI
1,119166774893 4,522581782698 G7VI
2,054248400382 7,577352060700 VII
-4,078893014783 -1,792304232603 A8III
0,568761443051 6,509636690479 A0I
-5,849787009661 -1,807133064898 M9V
4,652314277330 -6,420536581003 A5VI
2,568530698271 5,648931841921 K4II
0,820452158079 8,670167691629 M8IV
2,009643466709 9,055216992795 A1I
3,791843937394 9,244717782908 K2III
8,521295402173 -6,537324138192 F1I
0,462884702178 6,731860936641 VII
6,669253441950 -2,510368715680 M0V
-3,579811759012 -4,002330065471 G1I
-3,993275222756 -1,300875470163 VII
-3,587636333472 -3,304918157874 G5V
-6,530345043431 -5,556799681514 VII
4,787095558695 -5,071370280621 F5I
6,982307332583 -5,785492904381 G6IV
5,483810009076 -4,754383289915 M1I
3,388354093432 8,472363442019 B3III
4,152772400501 -4,273375679555 F8I
-6,626433537504 -4,960265538692 F7III
6,468463892925 -6,998767679316 M3V
-3,709053393467 -0,792125886285 B0IV
3,660751053908 9,280384865838 VII
-5,815560544873 -1,285347791734 F7II
0,898930621607 4,924852678471 O1IV
4,600416035295 -2,537664746308 O1IV
8,361822116165 -7,183452526794 F5III
-4,084283129416 -5,406841238310 O1IV
-6,608609353378 -5,505543358113 B5I
5,894910253546 -5,189040570728 M7II
0,460400081156 7,070471030293 O0III
-7,847109470686 -4,801055191640 A9III
5,126405535183 8,192091862191 F4II
-4,240521975661 -3,409828215142 A6V
7,102359326199 -6,758137016457 G4III
1,129823979520 7,924676198609 G9I
4,529038686704 -4,039720607972 B1IV
4,189454202479 -6,639564148597 B6VI
-3,750935764559 -1,946905462824 O4VI
-7,324806376649 -1,650593618264 F8IV
2,149062907724 6,282884753566 VII
6,870359432315 -7,151499492445 O4I
6,007394269601 -2,810914444184 VII
1,464598321404 4,984256612407 F9VI
5,401395818057 -4,374863357803 M2VI
4,580613431116 -6,547939829081 VII
5,588151089919 -4,532636613528 A5II
2,280102957421 5,969115820185 F6V
1,430866964043 5,521629970890 O8II
6,354758116989 -2,660899123522 M2V
5,972629782685 -2,443339650367 A4III
-3,456265914806 -1,966466706752 O5III
1,001676494802 5,596079440821 VII
-3,755076222033 -5,603755294573 O9V
-5,751879606344 -3,831573171248 VII
-7,519105655523 -4,822634439351 M2II
5,440954387054 -6,742983225143 B9V
5,602685790911 -3,469743282862 B4II
-3,745777757393 -4,674029729817 O2VI
-7,188629502804 -4,835040404853 K2IV
-7,729600503300 -1,913023682136 B4V
4,957999625703 -5,146071597545 O4V
6,527957763304 -3,319854533219 M7VI
6,232334387919 -5,182698515481 F4V
4,906973265929 8,967673821473 A4I
4,266996849436 8,044544691411 B2I
-4,742752852413 -1,037508621344 A4IV
4,618507012769 5,469338063920 M0II
-3,429131885109 -3,495729876916 G0IV
4,509620940952 -3,497955436320 F8V
4,886748902982 7,114139954820 F7VI
6,096432805532 -3,712457820696 G4II
7,064041459481 -4,286287423072 B8I
-6,003666301357 -2,817228037795 K7IV
4,985923660389 5,668963890236 M4III
-7,367050801204 -5,267124708443 G2VI
-4,381300105163 -1,678789519291 M5VI
-3,431201733838 -5,205502670848 A6III
6,104549180307 -5,785378227439 B0V
6,166055384052 -2,391211418987 K6IV
4,686602371331 6,886080847707 O0I
-7,639377232792 -4,489370518821 B2II
-6,411503091140 -2,760027359586 M1III
4,134565202280 -3,244901641816 B2I
3,732378658145 6,538665721681 F0II
-5,881580878076 -0,843547068115 VII
4,798713377445 7,844998310288 O0IV
5,417491350230 -4,363286215155 K9II
4,527537064469 6,497830349622 B6III
-5,718875638654 -2,500426874508 M7III
1,870420299963 5,302678439306 F7III
7,209013533094 -7,118915982041 G8II
4,456578908128 8,587547169910 K8IV
4,443113494411 4,769000204135 G8VI
8,129730445909 -2,572448544582 O5IV
6,512422212325 -6,771883971449 G8I
-3,539127594983 -3,099419720700 A1VI
3,084869730872 7,627657813468 VII
1,494291288588 5,060511238187 K3IV
0,738422805533 4,632439979474 A4III
4,418961105466 -6,164002247635 K9III
3,919844886031 7,860560009457 VII
-4,480463422689 -1,101255159014 B1V
-7,223760158912 -1,838237799313 VII
7,118181892509 -3,167712638551 M5II
-8,046890187453 -2,252026795446 O3V
-4,977921194525 -4,127966735910 B6VI
2,241028192809 5,539111193298 K2II
-4,280226093992 -1,578660205624 K4II
7,238282954862 -4,506483633628 G5IV
4,215815186724 -7,110707404710 K9II
8,274782315220 -3,594908138508 F2VI
-3,162268911277 -4,219001895896 F2III
5,218828195158 -6,814855038958 VII
1,303359998724 6,864310071122 B0V
8,518313059806 -7,239666301121 G8I
1,144622826946 8,257381639796 A5VI
7,337892494215 -4,709682458088 B6IV
5,035269730152 5,121395841816 K5V
-7,433617283258 -2,519206150558 VII
8,948065184016 -2,944211890446 F0II
4,590085943817 6,746866529981 M7VI
5,370484905073 -7,103005884922 B3III
4,844256990698 -3,287554337212 A3IV
3,462244093636 6,625785454041 VII
-7,121431296323 -4,702723821298 M8I
0,688238542343 5,124213385888 K2III
-6,692752035959 -5,439772028766 M6II
5,282874002799 -6,417232385033 G8II
0,578106364070 6,736498403189 F6IV
8,062742398695 -5,070844780298 VII
4,402114157867 6,248559977368 K8VI
0,760660238935 8,865757276989 A7VI
-6,545169730012 -3,359011030150 K0VI
4,234110508817 -2,912401784732 VII
-3,922116684102 -2,722712926647 O7II
8,835587345619 -4,754378738646 M3I
-6,819361404685 -5,533805199121 O1V
0,701430643128 4,515494295403 G5V
8,911454347307 -2,524870819151 K5IV
7,177055697787 -5,179880924571 O0V
5,276942069228 4,447289793498 K9III
7,027880161406 -2,483786329598 K6III
-3,742161418062 -4,492372742089 B8IV
-6,078977423564 -4,718520471697 O7III
-6,438018849899 -2,119783617371 B8V
-7,637147520954 -0,947540263622 O0II
-7,877575001842 -5,305116764360 F9IV
1,638689750533 8,957717788651 M5IV
-7,083059365869 -4,154388537247 G6VI
-3,236829143063 -3,763199835583 VII
-7,801857324451 -1,957301065947 G2V
1,526746622215 7,102717029834 B6V
1,648301795985 9,351931198704 A3V
3,264501844963 7,685200124026 A2VI
4,025330433650 4,384402247814 VII
-4,249648982350 -3,559106653235 F9IV
-3,900210831595 -4,450275698305 A8I
5,667919920397 -5,549169130820 B6I
9,004424443612 -6,340399547655 B1I
3,698054796345 8,036597748155 K1IV
3,201285335344 6,150832838830 VII
6,684067897926 -2,300111543731 O3IV
-5,228583800327 -1,890663578514 M6III
4,319564837255 8,103687650161 F0I
-4,215539635129 -2,136901969817 A8V
5,942266812820 -2,375538568173 M9II
0,485096696175 7,050453301096 M9I
6,634869846853 -6,121581485769 M0II
-4,138677427324 -5,113556922368 K8I
-4,563133715028 -5,716279751406 B9III
9,061036718270 -6,857102848227 F6V
4,646830729656 5,500400522286 VII
1,095029937116 4,391357176751 M4IV
-4,331128949856 -4,715366333919 B5I
1,778580736718 6,532248450087 G4IV
-4,848991038764 -3,267742954170 M4II
-4,367281675126 -0,855467254558 F4VI
4,971898655490 5,338071721652 B6VI
5,047222729433 -4,839421317368 A6VI
2,032381262331 6,124595496285 F1II
-3,111559944665 -5,006309141632 K1I
8,117294874508 -2,528370772175 B5II
7,476559236959 -3,713816954109 M4IV
5,113921708161 7,906889163790 A4VI
8,027210344711 -6,798305593417 M1VI
-3,992225560234 -1,308327796275 O9V
1,772296380023 6,680240268075 G4IV
4,237800625235 -3,363989754503 O2II
-3,669884620073 -0,756122950557 O5II
1,692260000793 9,335891893804 G8III
5,186274011503 4,382638545081 O7III
4,907697523108 7,816138908618 K5V
0,501260130287 7,122710320158 VII
3,105482690751 8,365655275874 B0VI
4,891201282740 5,457598818027 O6IV
-6,918452820291 -0,970786007015 O8IV
3,649282226212 5,203825395341 M3III
6,361419943505 -4,237678953275 VII
-3,853161580291 -0,938701548313 VII
8,268934860793 -5,848529621367 G4IV
4,633807550506 -4,070922257492 O6III
6,662130794403 -2,734517605145 K0IV
-3,393547651967 -1,605176462807 VII
4,835337671063 -2,709556281393 B5I
-6,984907180719 -5,377476553721 O2IV
7,058908723348 -3,789451714532 K1I
1,960166933515 7,194631251267 M8I
5,186359096742 -5,234624952033 G9II
-6,012680653721 -3,422197894014 A0VI
5,169758696871 -3,320931601566 VII
1,648202849616 6,481927801528 B6I
-7,640515517094 -4,715877229222 O6II
4,726721886822 5,609123171098 O4I
-3,782751955053 -2,565161514212 F8V
8,764368548289 -7,056717256663 G6III
-4,396621641922 -3,030524010540 K5III
8,679480908508 -6,999949094568 F3VI
5,409153399902 5,320637284639 K3VI
-3,109562617542 -3,983674806437 B5II
5,580570483332 -3,046645895342 A1VI
-6,875785813173 -2,953241304990 VII
5,209698714609 -3,569565085760 VII
5,327311798039 6,239014968646 A1I
7,311032382822 -6,993870003803 G2II
6,041243724139 -6,567793438733 B7I
4,933998439834 8,701252205878 O8I
-3,971617137129 -2,357345598361 VII
8,976782365242 -3,794910974162 VII
8,369877934340 -4,913273419147 B4IV
-7,590821030835 -1,939691086621 K0IV
-5,279713016387 -4,570296902566 G4II
5,280261476379 -3,129993966011 VII
7,230647603963 -5,943503759631 M2IV
-6,489621057062 -2,866957559510 G5VI
-6,504609366020 -2,202256036685 M6II
-3,781642234121 -3,982318590931 A0IV
2,883305507751 5,716727485491 A4III
4,180523645802 6,618054340339 M8III
4,601875056277 -6,280069662099 B0I
-3,645388226687 -2,092276634421 A9II
-4,441013434121 -4,064038684913 B9V
6,281195433238 -2,610104995482 A2IV
8,119496828321 -5,254827761527 K1I
1,948996714030 4,514405285103 F8III
1,298306272961 9,119635066166 B0II
6,889881388140 -5,126851887849 M4I
5,738473679901 -5,586606847201 VII
6,135116674650 -6,187664528135 G2III
5,958473142756 -7,021494896712 O9IV
4,254752632126 8,390408308558 G8I
4,577363842619 -3,820625823742 A1V
6,005146295001 -3,739309252086 O7IV
4,818001689814 -6,244574109696 G2V
2,001535162332 8,043131439290 A6II
-4,320335613893 -4,146375076623 O8II
7,518614581221 -2,858301506658 A3VI
-6,808590560270 -3,049575355235 B3IV
-3,761490729345 -1,322990043428 A0I
-4,688751162985 -5,714196952249 K7VI
4,509661472391 7,766646511799 B4V
4,303405081129 -4,120717282312 A1III
-7,929274732154 -5,258059243404 VII
-5,794288612931 -4,154084367261 VII
6,366436774131 -5,998329787808 F2VI
5,862056630234 -3,000845334467 F7V
2,126446942742 8,243357256124 K6IV
-3,972583772822 -4,995680385907 B4IV
-5,931662318651 -3,463696147923 K2VI
4,488514710793 6,927188340418 K6IV
2,971020161399 5,938170951400 B6I
1,285868771044 8,945265588304 A9III
4,349143075280 -7,223551175753 O0II
4,501726557083 -2,565354361699 F4II
-6,450918718147 -3,994883268194 K0III
5,716448965652 -4,070415283751 O2I
4,809963217760 8,156325839050 A7V
7,659224851411 -7,208297501745 F9V
-6,994296684667 -4,587208489172 G8V
-6,547965730524 -2,643207889226 M8II
-5,783290600567 -1,073213723590 O8II
1,370833203302 7,398247049438 VII
4,821538643410 -6,642003204975 A0I
-3,707866926103 -1,134226112987 A9V
-3,843619719304 -2,585154274421 F1I
0,904762523783 6,063543422026 G6IV
6,198938992857 -4,648982797929 B0VI
4,394362041697 -5,748469996496 K2II
2,242686078034 5,683589538495 B0V
6,953347761968 -3,556033490448 B6IV
2,141396286022 8,913563180048 F5IV
-4,009770214009 -1,758556784937 O2II
-4,296245615418 -3,044773173810 F7II
1,029320615627 8,291615858449 O8II
-4,340070485953 -1,013380170060 O6V
5,942511257053 -6,144997902631 B4IV
-6,974542102733 -2,671501706264 M9I
-5,250003028356 -1,191330291602 G4III
5,036473192327 5,144449200367 K8II
3,396188436702 7,394067465376 K0IV
4,409933212599 -6,017482651798 A7III
-6,688871277926 -3,158419679502 VII
0,599596333322 8,586247139464 M0II
-7,621614504434 -5,126019157663 M5II
-6,012796229395 -2,451283035721 M4IV
1,364426852765 8,151284009799 K2VI
7,995484953076 -4,582975996095 VII
-4,385408820562 -4,281812024707 VII
4,893772500094 9,036874418861 B4V
3,473302660741 8,835547842595 VII
4,587851699998 -6,464423562808 G8I
8,452259978975 -4,829484154395 VII
2,532103705949 8,215373054054 VII
-6,746774895172 -3,407115738160 K6I
-3,921902571556 -5,100089308822 K9V
5,421843331504 -2,500957673204 B0II
-6,746140103553 -2,080716749036 K5V
-4,006245935791 -3,172792098091 K4III
4,353248252503 -4,317228073867 B8I
-7,683322661426 -4,810419270869 K3IV
1,299344278613 4,651937000755 B3I
8,120166629595 -4,388939869052 M4II
5,519126345999 -2,636749038415 VII
2,247017658277 9,232693331961 VII
-5,814978020710 -4,098801700567 O0I
8,043762851353 -6,835488880253 G2IV
5,077901151328 -3,919386518852 B0VI
8,644691542679 -3,727410832254 A5III
8,736996439916 -5,614500537572 M7I
-3,773570037981 -5,097561533346 B1IV
1,784906484525 5,385452354840 B4I
-3,076343975432 -3,319248896942 B7II
-3,750879785823 -1,975877526271 A9VI
-4,982972025540 -5,218315861819 B1IV
8,625902574840 -7,031566630899 B4VI
-6,927500578053 -4,575205180706 O0I
7,258174125120 -3,260819898796 F4V
3,690076495628 5,949348183225 F3IV
5,641306251165 -6,751295948703 A6V
3,997931787596 7,561324427991 F4IV
1,380305346104 5,021602102656 G0I
-7,396346123184 -5,150316009561 O6VI
7,913907003013 -4,671093372701 O9IV
8,665245431146 -3,262125508230 F8III
2,842833299633 8,301186371845 F3III
4,245917560065 6,869093824728 B9V
6,397561887539 -5,328139769133 K0III
4,563668954393 6,180356102911 VII
-5,377114917447 -4,345155339722 VII
4,840966911006 -4,916117568978 VII
-4,852160431937 -4,241850045391 F9II
-3,084323313737 -5,157491959422 M5III
2,364581787969 7,628863332425 VII
-6,517927223017 -2,031004102197 VII
5,067915298366 5,385874343773 K3VI
4,569152502121 8,050810943716 B9VI
-6,147477827131 -4,270448880550 VII
-4,682175087281 -3,936420924014 O8I
-4,474666068672 -5,653776149721 B8VI
2,500784950241 9,260800547181 K3VI
9,084295322131 -3,992530101609 A4II
5,107216135783 -5,240548446741 VII
8,299577097489 -4,087390075563 K1III
3,838245195230 9,088792794649 O8II
1,813814671169 8,553663259722 VII
1,104479155905 6,995012035408 G3II
-7,777534676712 -1,252524887398 A7V
4,340778009503 -7,258557756439 M4IV
-6,591209118825 -1,709538982053 G2III
-7,223679270898 -3,281895515231 G6II
3,302747547912 8,440988256275 K7I
-7,731113133831 -5,303593077302 M2III
1,235359577926 5,304703301809 K0III
-3,105727819394 -2,732424992532 F2VI
8,033492896447 -4,386827440915 VII
4,593473390991 -7,117222229463 A9V
-7,468276334914 -5,480074712968 VII
-7,084287915905 -2,054832248500 A3IV
-6,596854435455 -5,666090364806 K1II
4,508802454996 5,535595099663 G7III
-5,238358129109 -0,839825167156 K8V
1,266275186301 5,780931437902 A1I
5,613257647208 -3,507300007238 F1III
8,427407058947 -5,583889797022 G1VI
5,904288279774 -6,147565986350 K7IV
6,861816635816 -6,919046121233 G2III
1,993830630548 5,248149326190 M7VI
-7,236852393857 -4,238628738386 A1I
6,344898701990 -3,685236297181 M3II
4,251978656791 6,986166373360 B4V
7,264834111792 -6,171400963418 VII
4,003221176612 5,261680052250 O0VI
-5,117834254925 -3,479308435040 A3II
9,120641340850 -3,000909056168 K7II
4,609355062428 5,935609720994 O5V
9,102509088497 -6,835833102007 B8V
5,062164080297 -6,127990368743 O4V
-5,696959044149 -0,774714477429 VII
5,695963823543 -6,943589994792 O5VI
-6,817096169604 -3,033946517919 M3VI
3,600041146350 5,482091867056 B6III
-3,902591111581 -5,452571911306 F8VI
4,750015802704 7,816676474714 F1VI
-4,289415853537 -2,969593010868 K5II
1,392422709085 9,012646993512 M3IV
7,173698014944 -6,082738611513 A9IV
-4,947067188813 -1,991976934351 O6I
-6,714347545859 -2,198205334724 B2III
1,197053675299 9,368390744402 G0II
5,567259011206 -6,481815327420 VII
0,643024774612 8,631923217122 A5II
-4,750279246586 -3,667235764388 K7II
-3,103181968769 -3,412299559761 G1VI
1,823710474690 6,310701836681 A0I
-4,633180214147 -5,699862358955 F9IV
-4,182361914078 -5,678153747004 A5II
-6,865516502135 -2,888067104685 M7I
0,925342237602 4,869951571489 K8II
6,946721435043 -3,592846368505 VII
5,215141002518 6,366262221391 O6V
3,783776941137 5,292424452534 VII
-6,167475399988 -1,489748212294 F2I
7,389254266201 -5,208642254510 B1I
-5,197451537132 -5,517943535912 B8I
-7,656290226929 -3,721395341400 B5II
2,598305656793 6,336099811083 O6VI
5,677861093954 -6,819828827047 B9VI
-3,725820708006 -0,905379756252 A8VI
4,241543649489 -2,832728531015 A7IV
7,708560550597 -4,829899679571 O2VI
-6,906086995162 -3,889242044845 G8V
-3,218249823944 -2,899807890854 B7II
4,727099851386 7,988689807685 F4VI
3,907439003418 4,551839384015 M8I
4,610726923248 -6,881735375966 M9I
3,136793525792 5,375632449172 F1I
2,961578875465 7,241595498356 O8III
-7,549558353449 -1,240969917027 O5I
3,770753507345 7,822988834653 G4VI
2,453749742160 5,942822875834 G7II
5,019889350666 -2,813953750373 G2IV
1,097691529273 5,914415434177 K6I
2,256441397087 4,384136520928 G8V
-7,131713524245 -4,284868555273 A2II
4,614060233521 7,684041022402 G8I
6,332370986273 -7,218966452314 VII
-6,845802121046 -4,150288262247 F7III
8,604954667708 -7,167379228866 VII
3,972307614649 5,070030889344 M7IV
-7,323595554120 -1,013439802048 VII
-4,647314454340 -2,394139323037 O9V
7,907556105582 -7,239284207657 K6VI
4,765813457215 6,207857247171 F1II
4,941351281084 -4,398504114273 F3VI
5,916294919563 -5,020332350550 B5I
-4,036379874492 -3,555911131672 B7IV
6,571994075067 -3,057949019653 O9IV
1,107233411591 7,518390486713 G3V
2,301927709753 6,310108714917 B5IV
8,287371604308 -5,892159485573 M8VI
-4,280622403628 -5,701144305243 M1VI
0,657415286984 7,711352858733 B3III
5,238769466759 6,113259970945 F4III
5,024723993088 8,518802005200 G9III
5,510887080190 -5,505300371921 F2IV
-7,526138312679 -4,157625250881 M7I
4,158657217537 6,631951857136 A2IV
-6,829266228820 -1,373113835292 G3I
-7,975822346945 -2,748649691188 M0I
4,159668613825 -6,971892444101 A9II
-5,915062528520 -1,342397830159 VII
-6,157769998686 -2,135364016561 VII
5,153836493243 5,074116064854 VII
1,219003334502 4,424034942054 F4II
4,766750936148 6,677876024648 F4IV
5,703384465047 -3,743197816644 F2IV
-7,469716686757 -2,407930218973 VII
0,615233338980 7,353252855671 O3IV
2,662071740616 6,203328316742 B0III
-3,536103598793 -4,309036705876 A0V
3,629330678117 6,597405525138 A8I
0,966936883101 8,554479295631 O2V
-5,718121509125 -1,060684288251 VII
7,666607823485 -4,701893420453 A7I
7,060393687103 -7,293105825438 VII
-4,450847614355 -3,694504795667 M0V
6,062469285327 -3,918095243874 K1II
4,256138684644 -7,219009551999 O0V
3,458552251815 4,415034704781 K1V
2,330593427200 6,789267628198 B9I
-4,035944692142 -5,424497609655 VII
-4,416252955303 -3,999042608764 VII
3,172198779122 5,749591229973 VII
1,170429175279 4,610803770320 B2VI
3,402173529203 8,945131997134 B8III
6,250400260425 -3,856755827509 B5VI
-6,958918985090 -3,608642236572 M3V
-4,918638532739 -2,753885316334 G5III
4,888377099540 -6,786446459449 B7VI
5,192322104021 -6,465699639621 A0VI
9,046335832920 -6,474839403455 G3I
-7,807087439627 -1,416038279111 K3II
7,578723408542 -3,430694327239 K9V
3,004496996448 4,852946158191 K6V
4,847202026633 7,686938903339 VII
8,323656522951 -4,712200095498 M6II
-7,595982887967 -2,416978927978 A1IV
2,537342404425 8,703514819016 O8VI
8,943125405701 -4,812259929106 K2III
6,384914404503 -6,592332915529 B5I
4,450939690112 -3,140504467193 VII
4,998822518582 -6,006444069788 O7III
-3,781308124244 -3,069079895158 G2II
-3,291161792848 -3,278674127714 O6V
6,912584525970 -3,821388134720 F4III
5,917517821054 -4,134250908615 G9VI
4,439961123882 -4,822696027830 VII
4,262153369943 -5,175595430035 B9V
5,055704384233 -2,990847251154 O9I
6,745304318711 -3,895927555484 F4VI
8,880851343114 -5,624584639696 M0VI
-7,184018505304 -3,519199519927 F2II
4,879159271461 -7,071845590903 B6V
5,592252561062 -2,907276506922 VII
5,446803269500 -4,272637715151 F5II
7,453459008194 -4,203891087516 A0II
-6,151402889516 -3,908109105247 B3III
2,943354394755 4,533033517484 VII
2,525047748884 5,112600337750 M0IV
1,196213384755 8,951807872367 A8I
-4,092298456845 -2,061434078021 O0IV
-4,968466326824 -2,209617333775 G3I
-4,766416939278 -1,211942089861 F0VI
1,308694695513 4,707165029071 VII
5,184695084572 7,186549832660 M6V
5,983552289290 -5,442567659838 O6VI
6,066721186136 -5,527664558112 K2V
-3,258906736023 -1,755312913926 VII
8,468817727622 -5,391271319687 G4VI
6,471702750110 -3,702203659353 B5VI
0,892099595725 5,558996581884 F1I
6,759548999092 -7,203105300651 VII
4,968534040919 -2,793304080163 O4IV
6,891806858116 -6,341296165433 O2V
2,966813576556 4,577893262345 K0IV
1,307717932001 8,126342694655 O7IV
1,228117385938 6,250967644826 VII
1,025481190967 7,281057352031 VII
1,981885007370 8,833535966863 O3VI
7,531812726294 -4,340767556149 VII
4,949405247774 5,095607156071 M2I
-7,313765101128 -5,218359135896 VII
5,059155679817 8,387837033054 VII
8,792099164912 -2,935432308249 M7II
2,951060369067 4,929696188922 A6I
3,244781296153 8,672140597544 VII
4,419650316419 5,893781260927 K9V
-4,986421788781 -3,479790076882 A1IV
3,081887961436 7,554746140043 B7III
-7,880365396929 -3,311044270164 M0IV
-7,692273804309 -2,082911791057 K7I
8,769775297862 -4,499139076129 B7I
-4,815802746806 -5,357174929355 G5I
6,648476484831 -4,055843987796 F4VI
-7,636769438258 -5,615874588854 M0III
6,847765490531 -6,368450224745 G7I
4,542807330893 4,580144548086 F0III
5,890651661476 -2,412886737317 K1I
1,962487483556 8,810490586600 A0I
-6,544601382446 -2,505577718828 F7III
-4,672651427902 -5,623253698412 B9V
4,231256854069 -5,159175929286 K9V
-5,595730096032 -2,383960222602 K8V
-6,353278981900 -2,804255926856 F1II
4,093927206897 6,096624140242 G3I
-5,356478156158 -4,276437913102 O1II
4,527124927110 -6,587919329911 F3II
-3,293862273303 -1,058169545758 A2III
3,306616035284 5,680909048242 G7I
-4,711784742961 -0,956678295144 O0II
0,650455373841 4,696417325984 K5I
-7,783886782478 -5,570496185544 B7III
-6,422514424601 -3,054669841726 G0V
3,872206302552 6,018262821145 F6III
6,054726811360 -5,222534170007 VII
7,566529646157 -4,270091309473 A3V
5,356124022141 4,949464007525 M6III
-4,393649475017 -3,602522806953 G7V
-7,710980572373 -0,764447577678 VII
-6,320609255872 -5,289697995369 G2V
-6,841576237548 -2,397417808118 VII
7,358683985810 -4,328619668332 A5V
-7,473293558132 -4,451108519603 VII
-5,131467701562 -2,511771971866 F8V
-3,093717621180 -4,178318116035 F0V
-3,330961088881 -2,532528925424 VII
3,797262267579 8,366096081982 A8III
-6,461270296338 -3,506081740061 G0III
-3,566916787171 -2,710622502938 F8V
8,941971807769 -2,415712118789 F6IV
-3,861341025785 -0,908611718852 VII
2,475569761087 7,260385371302 B1VI
5,214039534997 -2,429502836471 B4III
4,364202629744 -7,123291759955 G1IV
7,271260354743 -5,402725634377 B8VI
5,338886885002 8,810530648452 G2III
6,065622076993 -6,948812615318 VII
-4,602435811782 -1,242625280822 A5IV
1,502567937725 5,598040369511 A8IV
5,219739706250 7,115948208501 B1II
4,207777540863 -6,058925254602 O3IV
1,283944484671 4,392986322194 B8II
-5,369741230840 -5,091213555401 G0II
-4,199600592651 -5,575924182545 M1I
1,176659967705 5,750306574820 G6II
5,823041091523 -3,899120195753 M2IV
-5,792999603016 -4,122295629611 M7VI
-6,218762956018 -2,184655426132 VII
-7,469682884092 -1,421547040300 A2III
-3,545829833378 -4,817746922351 O0II
8,356674235821 -6,833532219887 G5IV
5,448172991816 -5,233252678399 M1V
9,111527765749 -7,064681946167 O0IV
-3,561610942846 -2,083560969760 O5I
-4,878952975518 -1,192500140383 K5III
4,649567725191 8,697751130273 K3III
-3,997224904679 -1,792631560540 O0VI
2,668856167152 7,216795409107 VII
5,303365319222 5,628348402551 VII
0,547665452730 4,738466443511 G3V
-4,040384916755 -5,222248041883 K7III
6,581800653762 -2,686876010988 K4IV
-4,237330353824 -1,526011671890 K6V
6,054034441773 -6,992011862987 M2III
-6,824477948236 -5,366275154355 K1V
-5,323535524790 -5,194740714120 K7IV
-4,248628267112 -1,689464708276 G0VI
6,695739243237 -4,735101273844 O7I
7,077477003166 -5,843284527326 VII
4,099925933804 6,644943997751 A8I
3,717218887222 9,220454468012 VII
5,321143892667 -4,053123087309 F9I
-4,898687595625 -2,522766251482 F8III
-4,893596081196 -4,972975259421 A8VI
5,318103841764 6,719094154134 B5II
-7,755912950091 -2,958637496573 O6V
8,577473457256 -6,511031750048 K9IV
4,627837296555 7,983686547673 K2III
-7,412678884613 -1,507948550176 VII
4,198910169367 -4,168643816079 O0V
-4,615109127703 -2,727096857820 A3I
8,162181010616 -3,039288794954 F0IV
8,609760881373 -4,756322462974 M9III
8,417551546430 -3,182463578477 M5VI
2,531809585309 6,044603150134 M2III
2,707189216996 8,353707667003 G1VI
2,884511141166 6,447471668253 A6IV
4,567704903397 5,858785954868 A7IV
7,856837283007 -4,041214149540 F0V
-5,068528101055 -5,380880340188 A9IV
-4,567066180102 -3,321542360426 VII
3,791313780141 7,143062886314 K7II
-4,229155239847 -2,805171938055 K7IV
-7,545590945609 -4,593910655490 K7V
-3,720964087361 -4,224985693375 VII
-4,739630517974 -1,379707912978 M4VI
-7,392895332881 -3,002964294918 K5VI
-7,152483729349 -3,075199851029 B0III
-6,467381366243 -4,686617614264 VII
2,458893485795 6,045874223107 F6I
8,784767849860 -5,577999787927 A6VI
3,206858778204 9,362818746958 F7II
6,598462483117 -6,204871379207 VII
0,526823873952 8,610703840056 O6I
1,126142702133 8,519284359155 M5V
3,990407202474 8,239855797794 VII
2,555584451593 9,261271233022 M2I
6,454162170200 -7,125161300456 K6V
4,587483343943 -5,834625527034 G7IV
4,251088125888 -5,753322156069 G7II
-3,482379060819 -2,060899037468 K8II
6,158283529803 -4,510124263192 M5I
5,072746913819 -3,462654788418 B5VI
5,551022839805 -3,147468242985 O2II
1,298527500938 6,375604958095 VII
-6,223958001190 -5,028739288997 O9I
6,104640434798 -3,777387200534 M1V
5,330024517845 -6,367992628716 VII
2,502971653881 5,264973438896 O3V
-7,507765705131 -5,193898202403 B7IV
0,512711698269 7,285087543804 B4III
1,083464106121 8,099028460462 VII
0,844872476796 6,129691012717 VII
7,449788053829 -5,584144942850 F9II
-6,667210226321 -5,317443443175 A3IV
6,185499341171 -3,909624643807 O5III
-3,775589214241 -4,775869881100 VII
8,530557723582 -4,442168337136 F6II
-3,440963716770 -2,013181599432 M3II
8,468962667535 -7,081953523523 M7VI
2,276685497664 5,005895952005 B1II
4,901344919491 5,087737837262 A7IV
1,911710665426 9,094595756648 M4V
4,535020755699 -4,619199995777 VII
3,046919958680 5,952775270250 G4V
6,430903486155 -2,900521998192 F6II
4,393678129081 4,898674426782 K7V
-4,237251510457 -2,063070161014 VII
-6,272617892742 -3,317898871616 G5II
7,325989310637 -5,900744451446 O2IV
-4,483981179569 -1,462015417512 F3VI
1,960800583049 6,341433117388 A9I
1,725897552194 8,799273995351 O5I
2,613800312826 7,202680911707 F9II
-7,011209581181 -4,854622375317 K0IV
3,639702032661 5,396273944813 O8I
-6,205650902393 -4,557245000405 A1III
-3,343121036705 -1,064142954920 O7V
2,318634729509 4,826865120429 K5V
3,664717819809 7,149124559896 F1VI
4,171164136509 6,220993763414 F7VI
2,125177574286 7,187430130641 G9V
-8,037293367408 -5,063802926556 K1II
-5,567804960575 -2,901925100470 G2III
1,644627607605 5,799116722064 G9IV
-7,481416979178 -3,961188658148 M1I
-6,199262635436 -4,405718438764 G5VI
-6,667594541888 -0,732529191657 O9I
-3,813965236021 -3,530248703861 G6I
-3,074180412137 -2,680567991903 A4III
-5,123120532587 -4,468118441767 K0I
-7,636446038455 -5,404715498458 G0II
-4,166773230690 -1,815571759947 B9V
-5,936549235271 -3,120731271577 A2II
-7,263867071484 -3,607255533102 O2VI
2,278566759016 4,959644619179 VII
-5,964595779698 -2,186716483956 F5V
-6,140323586728 -1,364100489819 K0I
-7,766692296089 -1,487703278690 K7IV
-7,689244632221 -3,108937020411 K5V
5,651731107168 -3,444048141367 G5VI
-8,036576868051 -2,408770821512 A1II
-3,149762745700 -1,509372220816 G3II
-5,567506962369 -1,676944778761 VII
5,178836458871 5,262492803674 G1III
2,926288944176 4,767316135168 M0II
5,518036315215 -4,147710889146 B5II
0,608622801710 5,281666217147 A6V
1,326692897458 8,860268117077 A7II
5,093999988313 -7,031508746633 M9III
2,091241612334 6,653302949895 F0III
3,089359880499 9,319002870685 G1IV
6,265264267359 -4,333113716511 O0IV
7,822991127031 -3,449904451781 A1I
8,032499756743 -3,325562647528 VII
-7,689093813412 -2,470379468230 VII
0,444066555323 6,844021605838 A3IV
6,413746732302 -5,452638392375 M8III
6,058431205949 -5,041376509581 M9II
-3,209769760156 -4,605421559761 M0III
4,727433207460 4,464952086522 G9V
3,041239747294 5,412318739019 B5IV
3,286848270019 6,094082061650 O8IV
3,976268929353 5,745540276958 G0III
4,928489996636 -3,523211391829 VII
-4,750829360733 -1,747252778019 G9V
8,663133123065 -4,560567759753 M9V
4,911966062256 4,935420896737 B7III
5,806207182185 -3,160815269301 A8III
8,981735556169 -6,939370861211 M4I
-7,054842373588 -1,747671803747 B7III
-3,413121935859 -5,357760737140 K1II
7,511257676855 -7,129434402280 B7V
-4,613676883031 -5,014458728143 F6V
9,119892665319 -5,189541529181 G1V
-7,308904044723 -1,720125492823 A3IV
1,944777549471 7,072899925352 B0IV
-5,478830251312 -3,539503916450 A2V
9,010918674217 -5,558409221104 F1I
1,208884257306 8,326313482976 F2III
-5,288586350347 -1,720847267632 O8IV
5,330868780305 5,811733817521 B9I
7,854598977935 -3,069288982813 VII
-6,021716063748 -3,100483284993 O9VI
6,418807981558 -5,515279153605 VII
8,871932645356 -5,923837551550 VII
8,868605985886 -6,429871302741 G6III
3,065438914857 5,096445690960 F9VI
7,425392224473 -3,180973312749 O1III
7,893542552619 -3,298086518688 B7II
7,365619149897 -4,463455338153 M0III
3,518638082088 6,220685021689 G6I
8,618988880057 -6,766794812808 F6I
3,304882532122 8,068822088707 B3I
1,210289339564 8,609586070957 M2II
4,563236235233 9,130584265516 F9VI
1,686950641027 5,903262676142 VII
7,609947613704 -2,313437522481 F0V
-5,113550745682 -3,351299708195 B1I
-5,036079952597 -1,432131846001 F5I
3,388469412498 6,037947071103 G5III
-3,058045271979 -2,364898239978 M9IV
-3,354987651586 -4,011402309140 G7I
7,553047249779 -4,241547988929 M9I
-7,165647319469 -1,418834632209 K2II
-7,972153185203 -3,644920300150 O4VI
4,478863531332 -3,214896756445 VII
8,237770266718 -6,696625053496 VII
-5,071522391474 -2,519656550817 VII
-5,774380206820 -2,212425626806 VII
-7,758302645704 -1,286217847656 F6V
8,366752891864 -6,614375081113 A7II
4,542227914067 -5,005221817033 A2I
-7,788059507507 -5,690360385163 F4II
-7,865801027698 -2,956911638246 VII
5,876337184583 -3,714869746323 B1I
2,030790092290 4,807083839811 VII
7,669416917933 -3,798109315283 K4I
-7,123473761430 -3,563871772459 B4VI
2,728833424252 4,645024173734 M3IV
2,769159669450 6,224517363529 B1I
1,793424681976 9,230836473875 O7III
-6,128935995147 -4,137027437330 M4II
4,404872159965 6,566813968244 O7III
-6,162306255086 -0,895047780935 O6III
-7,583695262559 -1,810736215367 VII
4,337643333595 5,597722358776 O6IV
3,894361490694 6,434790255948 M0I
6,098086992223 -5,326166689475 K2IV
4,575891711772 8,459626563909 K9V
-5,152377177165 -1,035382297057 B2VI
2,632340666582 8,627068284102 B4VI
4,322064928951 6,367912245538 O6V
-6,371929190395 -4,741954147184 K9I
1,693350808839 8,778270577927 M3VI
4,407567874739 -3,904621033177 M8II
7,203356404031 -7,257533089535 K2V
9,113086620252 -6,815271536237 G3II
6,272800589199 -7,039698033328 A8III
6,536273872767 -7,246987358225 B9IV
4,356917253025 -3,159244310264 F5V
-3,703230788097 -1,774954550567 F5IV
4,145226720669 5,126755093670 B3IV
-3,077980404335 -1,492316168809 B4II
3,912006777285 5,876948484094 K7I
3,402850189182 5,637978343552 A1II
-7,562518193769 -1,982343860945 K4V
4,800314577253 8,508507590589 B3II
5,075689937491 -4,669829691579 M0III
1,976813761318 6,485987552602 O7VI
-4,622618791474 -2,039608493379 F1IV
1,235010605467 9,260896958467 A5II
4,496588809989 4,779155765024 A6IV
6,370718041485 -5,941369354056 B5IV
8,891553196981 -5,355540143643 VII
0,428102780732 7,594394454583 K9I
4,650449157170 7,119121435445 B2VI
5,778340102060 -4,393163942854 F8IV
5,224776794881 -5,768863651034 O4VI
-7,548373543909 -1,967337830920 G1I
-5,439688351626 -1,669304606844 B4VI
-6,211889952241 -4,270104288645 G1VI
8,401531201988 -4,953152171636 M3II
-5,711611856999 -1,548884407777 A6II
4,986831673277 8,190610395776 VII
7,772648561325 -4,040726213649 K7III
-3,329094890208 -2,693051977860 VII
9,058792868636 -2,960022175095 G1VI
5,227879918485 -5,585927970937 G0I
2,161928080524 6,017623634387 K7I
5,458967196055 -4,782557141140 G2VI
-5,910455243201 -4,304855218342 B8II
4,818073161340 7,454119291252 A1V
1,183399761179 8,930387353435 O8II
7,166940184837 -3,994274044175 K9II
2,587260077781 6,988725699723 VII
7,030410055468 -6,033490350748 VII
8,590974934710 -3,970162445023 M3III
-3,337957692011 -5,091847711984 B1VI
7,701931163956 -4,910935565353 A2I
5,228438345247 -6,983170070255 O3V
-6,192563884020 -3,764054599098 VII
-6,126117948878 -1,739236606370 A6V
8,329061414718 -4,547793219711 VII
5,452932607204 -3,651587195563 VII
5,981614198879 -3,507699597430 F6I
4,792468321145 -4,984741887926 A1V
-4,707543893416 -5,030059776927 K4II
7,837506942160 -4,401836866748 F8V
2,574419101722 7,856605971090 G2V
5,050057630537 6,132740092764 F0IV
5,304058324500 5,599674718139 M8V
-4,673015545176 -2,984633480608 O1V
6,979935430903 -5,211891399641 F7V
4,563286405970 5,372345829675 O4I
-5,298953035963 -2,705290565573 O9V
4,026813010997 6,753527939606 K4I
-6,928773887865 -1,613115014371 M3V
-7,212519153972 -4,095486683613 VII
-3,685862406659 -2,173022564668 A9V
5,073535646557 -3,748010128807 F6IV
2,316229770038 4,671746184955 A2III
6,930381568926 -5,061976923322 B1I
-4,729163008501 -1,766084616287 O8VI
5,961972954178 -6,040448727194 F9II
2,673957008470 5,379793204586 A3I
0,888737501112 7,016418628409 A7V
-6,799797431143 -2,156091096932 VII
-6,729617401466 -4,952126735305 O1III
6,064403718834 -2,550937443494 O5IV
-3,680173253168 -5,263057227157 K7V
-3,423878176703 -4,401881783038 K3VI
4,360188742816 -5,528593972498 F3V
4,181012696836 -5,498977544257 F4V
-6,888754761235 -2,277327385184 A3VI
1,168692674712 4,791691530504 M6IV
1,522437588137 6,909111252337 O3I
4,934676397810 -3,217928955006 VII
-6,619034428145 -1,123344190111 B2VI
0,474114267891 5,672241886033 K4I
-7,806903896382 -1,141320590454 M2I
5,223174492815 -2,593689299947 M0VI
-5,203172024547 -2,507419089765 F3V
8,908311552486 -3,864503802624 B7III
6,125121078875 -6,459612479121 G6II
-4,740037765959 -3,425009139879 K2I
3,750883011940 4,403841332785 A9VI
3,186182257362 8,572204679491 K0I
-6,719715050711 -5,232290064173 A8IV
5,065656348105 8,814459364512 A1II
-5,872136191699 -4,832739032427 A8VI
-4,529344056586 -2,341880323167 F0V
-6,660714659445 -4,387039701936 VII
-7,760998946561 -5,186179498331 F5V
-7,502694946012 -1,234297414627 VII
8,627804037717 -2,383650114296 K7I
8,837774935297 -2,334148029958 K6III
2,405878521366 4,581283958839 A2VI
9,035658829360 -2,798039672981 VII
4,843254156712 -4,954420885310 VII
-3,967441330385 -3,068429143934 M3IV
2,211982849192 9,127126658095 VII
-3,271750035727 -1,562895526237 VII
-6,876742935530 -5,433815688984 F0III
-7,621578239476 -1,245143968247 B5III
8,342285485497 -2,733889999067 F2V
5,370128340282 -3,512421741288 B7IV
-3,858781838781 -5,596431399159 M6IV
-4,739420148110 -2,974184407253 A3II
-5,022511798948 -2,414032154878 O7II
-4,924387089230 -3,691522178121 G9I
-4,607121410214 -5,715313756686 B8V
-3,598983174975 -2,448072532986 VII
7,400558602143 -6,711009711577 M3II
3,152130617092 6,559131503389 B1IV
3,727607232376 5,630906142916 G2VI
8,224169677505 -3,274707150244 F1VI
-6,174677848693 -1,193017828094 O9V
6,511418459343 -2,981973296719 M3VI
-3,084518498200 -0,929101410170 G0V
5,184505884582 8,060838231507 M9IV
4,963973337762 9,141389333898 M3VI
-5,622290629731 -1,435224759644 O2V
0,431369291674 6,831822795604 G5VI
-5,354206623604 -3,019355006534 A1V
1,469280208121 8,274036209526 A7V
-7,053110620242 -0,844120773085 G7II
5,402728160292 -5,244335562211 G2I
-6,259975901471 -0,841181750709 A5II
3,811384857731 8,748532548647 K7III
-5,452186252468 -2,256253502787 VII
-6,133377347497 -5,419841760475 A5III
1,411340098923 8,472053144246 VII
-3,977664444940 -5,322726665753 G3V
-4,064147473338 -1,207103560225 VII
8,175203674579 -5,740790042542 O3IV
-4,968725947946 -4,690018327971 F9II
3,164311229252 7,764016438885 B5III
8,370963498377 -5,930854810069 F3I
5,834614852899 -6,898451491059 K2IV
1,283842044226 8,251689212561 O1III
4,348434215159 5,061659058826 A8IV
-7,141634532163 -3,556358587645 VII
4,559094635524 6,501094061545 M6VI
-5,853821464998 -4,171016942709 B3III
3,956148997093 4,779187212457 G3VI
4,935790509271 4,431408403176 F3VI
5,776810040276 -4,688735059712 M5VI
1,805700170728 5,689514201482 K2I
6,025766755012 -6,951215423359 VII
-7,968792866622 -3,330818165021 O1V
-5,906973214365 -5,173100877947 K2II
2,999757769900 6,927503964090 A5IV
-5,016426833568 -1,950371091273 G5IV
5,267509183146 7,993230817261 O8IV
5,531424233880 -5,358278465111 O9VI
-4,737162297805 -0,891213298147 F8II
6,998036869180 -4,201245201627 M2I
5,952595802281 -7,030087620636 K6VI
6,754084979209 -6,932285017169 A6VI
5,291891735395 5,625989924616 O0V
-6,870779207213 -2,255028419755 G8I
6,837907224199 -6,640095447842 M7VI
-6,863975483782 -3,571138975600 G0II
7,536351189573 -6,860322635942 A3VI
6,803067191673 -3,161970468835 B5I
1,150881646419 4,931499500808 A6I
2,779615951051 5,589037022583 VII
-6,368961023517 -5,517891745798 F1II
-6,368916064520 -0,970145176958 B6III
9,083065934241 -7,292416888534 M7VI
2,198455471616 7,682551167983 G9VI
6,581208145207 -3,202006147384 K3VI
6,151993344285 -3,869383382785 O9III
5,088844396101 5,325946713504 G7III
0,532704604494 6,208404083915 K2I
5,122611349778 7,717866245093 B0III
-5,549435158040 -2,159131471219 M4III
3,045038415789 7,734778272862 O3II
0,754389586015 7,870646410545 O3VI
1,918150521509 5,401687419778 B7II
2,589452945766 7,489236922645 F8VI
-4,598478200876 -1,550582483540 F2III
5,914794943371 -6,294593403293 M9III
3,571149393783 8,981373762490 K6VI
-7,071144854845 -1,753761604279 O1VI
5,289548003550 6,869240590607 O3II
-4,935182909061 -2,953645268689 M9VI
-6,393519781743 -1,830256792646 O9III
-6,337829310189 -3,217284176530 G2II
8,371758225662 -7,249637034296 G6VI
-4,024587801622 -4,444997421222 M3I
2,432786125972 9,051651319093 G2II
4,064777423737 5,535443484373 VII
-7,861502800283 -1,549300927086 VII
4,311751282265 -3,934086003744 F7I
-3,990230655418 -4,610085681155 B1IV
-6,066144721664 -2,743941157180 G3V
7,448670001676 -4,397317337387 A1VI
2,058821670769 8,923618968452 A4IV
5,195265734074 6,214142760676 B9IV
2,720299436849 6,307624792083 B3V
-7,997180499589 -2,611846148523 G1V
3,545792488917 6,071864214142 M9II
-4,514301110305 -1,964538375904 O9IV
7,668944563166 -4,345528204400 A3IV
-6,198694895953 -4,988305898508 G0III
5,419546325781 8,716277947972 A0II
7,153766182958 -5,648293590976 A2IV
2,162773515090 7,652672414183 F6V
5,281968065939 -3,272977413038 K8I
-7,708180655831 -1,413933254608 O7V
-7,251639658114 -2,373544979023 B2III
-7,514060434734 -4,934604775260 B8IV
1,748903174614 4,646425184618 B6II
4,346950805924 6,157020199731 B7V
1,944429969683 5,693006689666 A6II
1,875374599556 9,255375673710 G8II
-5,776978834011 -2,134580054248 M3VI
2,423687838735 8,397650672064 M2II
8,222329488875 -5,303479390483 B2III
2,924646062836 6,502476366162 K6I
3,995657959306 5,817534467976 VII
-3,955351708924 -4,964841663426 G0I
5,012322701892 6,136132557072 F0V
-4,845781401684 -2,998250444773 K6V
6,287062356184 -3,831062579519 G0V
1,678837096210 7,729562990942 M7III
-4,178279604290 -4,728988077864 O3III
1,357494369783 5,617158232981 K2I
-6,245056240419 -2,242893912970 A4I
2,901924806610 8,114421959924 M7II
7,307898674167 -3,444980172255 G4IV
-3,327386725497 -3,184055049519 G2V
-7,137582431018 -3,611082007733 G9VI
0,663670281624 8,859517353235 M5V
-4,358529101227 -5,503393758773 VII
-4,050924213033 -4,534409952304 A6III
4,398760195011 6,611857422407 O2V
-7,931962746842 -4,202222476910 G4V
4,377148489134 4,812562103873 O8III
-4,839763329988 -1,012719538317 VII
-4,642153256669 -2,136693798497 B6VI
-5,417464275016 -4,574706276588 A3I
9,060662415392 -5,349234330854 G5III
5,821737330188 -6,781869488785 O3I
-6,045196949805 -2,550080068037 VII
-4,707445695960 -0,832833683970 K5IV
4,565234380196 -7,054807058450 B4I
0,902340888746 6,038528692807 M2V
6,201928546721 -2,923013505115 B9V
-7,569667697018 -2,907240065088 O8VI
3,228210187674 6,580003121305 VII
7,768401938700 -6,415555127463 O2III
1,401171412308 7,650281144978 VII
-6,165194612306 -2,200381844563 A2III
-7,532527133876 -5,231190942991 VII
-4,666039924289 -2,800955430108 O2IV
4,852199228334 4,797378079209 O0I
7,465889421507 -4,740579073688 B5V
3,593718650575 8,275235144920 VII
1,253604911037 8,069478763891 VII
1,973757211644 4,471234610693 M8I
3,103251092465 5,216629587416 A8V
-4,014782764108 -1,057625766721 F3III
-7,972824025861 -1,338611385429 G5IV
5,404486727045 4,435154773338 VII
5,354435129777 -3,550554611515 B8VI
8,504885504885 -3,476943833094 B6I
1,492092184727 9,303630400653 G8VI
2,078874278433 6,487739577008 A1I
-3,169322243641 -3,245853747769 O3II
6,575246102835 -5,599553745542 F1IV
3,268194277907 5,017042059995 A2II
4,208643663643 -6,764969590204 G4III
2,447756822526 8,454454231476 B3II
-4,174212914170 -5,518999897074 A9I
8,982358377950 -2,880600581109 O8II
-3,663098461527 -3,231971743089 G0III
-5,629488524923 -1,128200786657 M0III
2,387838965715 8,385291089342 F4IV
6,522424852152 -5,483831912274 K6VI
-7,441658215320 -4,608272805096 K5VI
-5,074638815856 -2,781670997447 VII
4,516541637382 7,693812269502 A1VI
-7,368588085873 -4,445333540222 A3II
8,791407582196 -3,145529417856 G1II
-5,072378761916 -3,962290820179 M4IV
5,027285003683 -2,305399026903 B1I
4,231543070353 5,380887564216 M7II
5,698536735622 -2,752359091493 F3VI
2,500747579483 7,911161566256 F2I
4,935418426352 -5,315852871058 M6I
-4,750057496784 -4,321974967547 G4II
1,936011410465 4,414364085518 A5V
-3,876074459725 -3,872285192980 A2V
-7,412554338600 -2,868104228320 O4IV
-3,243166348205 -5,289292594634 A0VI
5,158703256749 -6,706643836213 VII
-3,131268150195 -3,845240630297 B8IV
2,404080380077 6,262352731248 G0IV
7,638720037018 -5,003173050441 F2I
6,206141798336 -6,192180689458 O0IV
2,165305836079 6,009395326579 G6II
4,766707617244 -4,326875139223 M0V
4,110620473605 4,753703058000 G9I
3,587609021221 8,553359224455 G5VI
7,909939738916 -3,094930969917 K5IV
4,243545917893 6,467172574093 O2III
9,107942102103 -4,668232325740 O6IV
6,538769447360 -3,764133357097 M4VI
1,525805470924 8,552431797553 O4I
-7,847750359278 -3,170551557969 B0V
-3,467689239011 -5,366479760546 G0IV
6,711942480914 -5,415973975330 M7IV
7,566715749207 -5,949829622618 VII
3,616889225656 6,485262656954 K1VI
4,546423687519 6,626796019597 M2VI
-4,139813894772 -4,505515233251 VII
5,033156984630 -6,564347052250 M1IV
-5,661445344137 -3,305060864805 O3III
5,043163206895 -4,692342683758 O1I
2,784143832633 4,688325883802 F0III
-7,036896282690 -1,694313878318 VII
-4,535353072365 -1,727252629433 O5IV
-5,163475365991 -3,276556785300 F3II
-7,790647230983 -3,041484898840 K7III
-5,650308106432 -4,547475646161 G9I
5,618024367915 -6,025064705913 O7VI
4,808626825122 -7,168568306163 VII
-7,558752535270 -3,543988351370 A9II
-5,280557997260 -1,902202158082 M5IV
4,727914220794 8,952175827543 M4VI
5,902805996706 -3,647642263979 F9II
-5,836673108559 -3,322056444700 O7II
7,238961885948 -5,260513373555 VII
6,044680039030 -3,571253243546 VII
4,965162585482 -6,262297479470 VII
-3,427210389750 -2,676407627656 A8III
-5,612476605561 -3,929706640669 K5VI
-6,016287938860 -3,100279364067 O1IV
-4,451594880864 -3,849762579062 M5II
-3,889705224413 -4,283915957667 G8II
-3,370730188014 -2,047562408929 M8V
-4,193991599002 -3,748412755836 A8VI
-7,412658823619 -4,421803429073 M1I
-6,075449617897 -0,926207069973 F9IV
7,504293577477 -7,054117616123 VII
5,799024677457 -3,709738512621 VII
8,528945499850 -6,919873370512 A3V
4,171884743184 -3,964990109180 VII
1,632051472250 5,109139217854 M4I
-4,274555955695 -1,059127206767 A5VI
9,005119392047 -6,440858827325 F0VI
7,627602395497 -7,290559916616 O2III
7,086906985620 -5,300448076163 M2II
5,883878337688 -6,349646026138 A5IV
4,126216299942 8,334079608217 K7III
4,508536300543 8,849874146437 G1III
1,835605611289 4,558214185855 O1III
9,039922163156 -6,745452714826 A1III
4,266764129737 -6,797013131214 K6I
4,420284855028 -4,197347212162 G0VI
-6,546764672882 -3,452017028607 O4I
4,878726760878 -5,902264228587 K3IV
3,425794973376 4,923847442794 G7VI
5,283247424940 -2,477716803144 O0VI
5,886948746921 -2,851607376777 B8III
-4,377932579805 -2,968890589216 B7VI
-4,106793355794 -4,752761641260 F7IV
3,059610346979 9,275656217889 A9IV
-6,464895726800 -1,412948997518 VII
5,805118833178 -6,544667184113 G1III
3,799878234116 5,984917280301 M3II
6,301433991619 -3,927505359636 G2VI
2,932572480354 7,509306590966 G8IV
5,752702765393 -6,278542664595 G2IV
1,623131767397 6,889054712146 B8IV
-6,306963086675 -2,863325750579 F0I
4,711776151307 8,297160492035 VII
4,562683779258 4,501740366924 O9II
3,513658303517 6,197228085403 G0V
0,895244948358 8,774251292146 F1I
-5,560675792639 -5,225106263878 M4VI
4,969984512246 -5,209712896189 O2IV
-6,653561168441 -1,290667452299 G0III
6,380207565493 -3,141510542769 G2III
-4,593963501833 -3,359748760682 VII
-6,461958162976 -0,726488510312 O2II
7,665796349696 -3,500890905295 O4VI
3,375881106697 4,431019126937 K7V
5,046886905710 -2,916329135164 M5V
1,554820987785 5,870022721687 F0V
4,533085440749 6,407924948414 G8VI
2,440504047786 5,938527693111 F2IV
4,334408552203 -4,124836217266 K2V
4,978551218744 7,073256397275 VII
8,750009191729 -4,179163581343 B8II
5,247257508994 7,178168758090 M8V
-7,353530459105 -2,403421993050 K7I
5,325536227590 4,969504765643 VII
-7,195509630850 -5,179900286765 G8V
6,034103095337 -3,417792007683 M4I
4,454581476324 -5,389442889118 M6IV
0,598990463347 5,968746088920 A7VI
-5,059373548634 -1,866923625144 O9III
1,915699206004 9,235293609629 G4VI
-4,989115556172 -4,584476168537 VII
-7,074439187991 -4,546480916147 O1II
-5,294874796845 -3,033351252223 F5II
-4,606888014170 -1,177393970598 O1I
-7,871723457518 -3,350833297341 VII
-5,370711781723 -1,689001059621 F2II
-7,443858643231 -4,461246845152 M6VI
4,959403099962 4,675111943744 O9IV
-3,498062765188 -2,930310586139 F0I
-3,394033449431 -1,789266531595 A4VI
-7,001675852217 -2,331625826676 G7III
1,208188885174 4,688404139270 B5V
5,622076781806 -3,665316238399 K6IV
1,053297214171 9,190160440605 K7I
4,239527283141 6,494131907536 A2III
-5,292016619530 -3,519876355439 G5II
4,444611305434 6,492587624744 B5II
1,540191764208 8,882908421780 A0II
4,564121344685 -6,566921400482 F3III
7,052541044736 -4,554311913722 K8V
8,025029899279 -5,458788720197 A0II
7,769105189214 -4,070309016008 B1V
6,188947032433 -3,057304894105 A3V
0,667160196446 8,557247454699 K4IV
8,743454965454 -2,993735308907 B5II
-4,460349854074 -2,267750814286 F2III
8,922218043148 -3,749924024108 B1I
4,424967152462 4,489248088639 VII
-7,369143751420 -3,942562244177 K8II
7,549392271077 -5,331324493082 A6V
4,523913135942 -4,500625880113 O7III
-5,512384283912 -0,851599128785 A5III
-5,149686360108 -1,168361807497 G9III
5,409920502951 -4,388842115986 M9III
5,779243044779 -2,910182013940 M2I
-7,503178324507 -4,887953168548 VII
-3,840157702522 -2,326281419706 M0IV
-4,403008548840 -5,291693595229 G3VI
8,461684415782 -4,910801199481 K2I
7,520651534568 -6,226460374316 A7IV
-3,167074960543 -3,418579724564 A7V
-3,333703699051 -3,333158131754 B8III
-7,291335131666 -1,563561939647 G7I
7,933424790601 -3,414183247280 F3VI
1,831491653371 8,911624663344 M0I
4,234779683547 8,514128811488 G3II
4,050137678314 8,859777856161 VII
-7,435151894171 -4,930726157131 K5VI
4,435844297359 -7,288839124917 M3II
3,043070576693 9,079507372196 O8V
-6,386154002083 -4,211240149006 K3IV
-5,082517232308 -2,728291781043 B3I
3,282164067739 4,928704037913 G9IV
-6,143113770385 -2,747902780913 F3VI
7,892531004715 -5,102523581601 M1IV
-3,487062007190 -1,700995271822 M3II
0,429384268044 7,709515843460 VII
8,945170230764 -4,561879281140 O7VI
-7,886623159926 -4,734599260889 O3VI
5,756909227084 -4,190050953504 K6II
0,720407059024 4,725593453345 K0VI
8,009539621774 -4,597143406894 K8V
8,753845430994 -2,497115496150 VII
-6,097717061178 -1,569335103800 K1VI
4,319109225598 -4,386344342449 G1V
-6,162991517188 -3,360642442243 A4VI
4,250952083096 5,847492910327 VII
0,660105897540 4,401928239917 O6II
-6,300407670228 -2,893840362139 K7II
1,506775230860 7,073341851438 O9VI
6,788386810113 -3,222124288678 F5IV
-5,542625015048 -4,013554149310 O6V
7,885058946130 -3,411375570465 G2VI
4,442270227140 -5,714574591360 O5V
6,307397943742 -4,932153811409 K1V
5,277686190997 5,197387118164 G7IV
5,982882580413 -5,507683776879 M6II
1,713160133266 4,765716148631 VII
4,623138206717 6,131215707260 A8VI
-5,451515576344 -0,760277356707 M5II
2,932985285311 7,689609126937 K2VI
8,389072678312 -6,775153480961 O6II
-3,137159082878 -2,234837741607 M3IV
-3,452325345788 -3,485010184558 B5VI
5,651816542696 -6,874857442485 G4VI
-7,664443705669 -0,770029017297 VII
-6,622797848094 -4,884200432166 G4III
5,072329351817 7,894629257438 B0V
2,076722252146 4,809365198477 B2II
7,098230899812 -6,869261887737 K6I
8,236688215044 -3,526544391302 F3VI
-5,109086922319 -1,613203682736 VII
7,088613960319 -6,648789021229 A7IV
6,792681081706 -5,050182761498 K6IV
5,976735792375 -4,658079412188 O8I
6,976863855365 -2,441671719884 VII
0,473790358674 5,896120358449 F1V
-7,339457050079 -4,930253002443 F6I
-7,943569311672 -1,472769306828 M0IV
7,290620020173 -6,251170207244 O5V
4,179877222750 -6,345167665889 B7II
-4,038222082070 -1,687572763785 K9II
4,822932055903 -6,831751813175 VII
8,220115353299 -5,733629276298 O1I
-3,624585939625 -1,135361658642 VII
6,482861073103 -2,326633282055 G2VI
1,144239117646 7,512662930029 VII
1,845982124248 6,943490256812 A2VI
-7,384932581344 -1,122721599699 F7V
5,410045740041 8,007422078219 B4VI
1,150852857809 8,461920074300 B8II
3,888450740962 7,135253416762 VII
-4,150347123429 -1,830959588240 VII
2,172796247307 8,211910266984 F9III
-4,161643823243 -3,036864041821 O3VI
2,983349673751 5,316470628432 M2II
-4,246538452745 -0,979721637048 VII
8,346428582043 -6,630554543785 M4III
2,165054995016 6,841007758244 M8IV
1,799693784269 9,043577092500 M0V
4,718598788019 6,473822567148 VII
5,723561343346 -5,301164331782 O4V
1,731452466875 4,627045715469 VII
-4,252239675591 -4,664956540096 O7II
5,086957491232 -5,081294896043 A1I
7,627600563051 -4,981339562461 F8IV
4,615965020096 -6,945267485029 O1I
-7,608179074512 -4,142109244747 K6IV
7,680636233355 -6,947896961883 G5I
5,581100093862 -6,931424749696 VII
4,781398149377 -6,483041987907 G5V
7,776482448095 -2,656468903148 M9I
-5,277023514430 -5,204525111709 VII
-5,626249291103 -2,624107236698 K8IV
6,770712155478 -5,910109674966 K6VI
-6,642917201812 -1,868883793375 G8VI
6,249947491707 -6,189454534602 M7V
5,283020199512 -2,557815193955 VII
4,525325514871 7,692479823587 G2III
7,026370749787 -3,897198528535 M5IV
6,576033441505 -6,740190139057 A5I
-6,943300396179 -0,868012883072 A4II
-5,078776877533 -2,401986618756 F8II
1,689884235447 8,180776468114 M1V
-3,058534506131 -5,476969786681 A3V
-4,091430947635 -3,211913446152 K0I
3,563277946075 8,552591248420 K0IV
3,947171995396 5,736022269417 K7III
4,379195406384 6,654367597194 G7II
-3,764251438863 -5,299700298057 A0III
4,585785580778 9,071707035298 F8IV
4,114673343266 7,537788823479 B4V
2,866551624358 7,873827473609 B8VI
5,402595575214 -2,674374841898 VII
-3,144958357218 -2,514964009808 K1II
6,596598862132 -6,591377738432 VII
-6,711386909123 -4,890471110785 M9III
-4,635705258087 -1,929856509646 M5IV
2,556239681035 4,400117259618 M4V
-3,122547652338 -2,153856477421 K0I
-5,600625352540 -5,598156878281 O8I
3,506644323786 6,307523827379 M9V
-7,160697242940 -5,281436564840 K4VI
-6,008603198733 -5,330819235440 F3V
3,069778956647 8,644690130699 A9II
1,506750592226 5,140010390581 A8VI
-4,022966483731 -4,123721683019 K8II
1,993410771712 4,534394187964 A3IV
-6,941113398868 -4,927595090836 B0II
1,403826730581 6,574651190121 K6I
8,114470727578 -6,816500379845 G9V
-3,956362899746 -5,172565618893 VII
0,986564601150 6,173787604854 K5III
8,229184149799 -6,145367499271 K9I
3,309302421225 7,014086340580 F6I
0,882271891588 7,240931100785 O4III
4,442137129430 5,527925369098 F6IV
4,885493923782 -3,195706614480 O8IV
2,489697334468 8,078154553678 A9II
5,961171816924 -5,273495274815 G7VI
0,645262428857 6,302358593319 M2III
3,653822832970 4,419864324985 O7VI
6,830104231427 -3,594840474068 B2II
-6,689624741957 -5,613016057531 B7VI
3,568678163770 7,079287914573 F0V
-6,396066056142 -3,028728748548 VII
-5,675711929801 -3,687729972036 M1V
4,662015660366 9,179682730136 F5I
4,472048245275 -6,864013533861 A3VI
7,706543918296 -5,840306163366 A2IV
-5,372040913536 -3,343488575982 B6V
-3,831748523766 -4,720167416013 VII
5,416873575957 8,352237068823 K6III
4,521877145028 -5,125658125710 VII
1,821104818635 5,274055207317 K1VI
7,461015841594 -2,551634321358 A0V
5,238193148983 7,932895663660 O3IV
-6,978934372475 -3,422841150316 VII
-5,571489055846 -5,119294565227 F3I
6,677338929512 -4,687455856645 VII
7,961871831452 -5,482914615533 G4III
2,288669620525 7,950682825632 O8II
-3,541297026720 -2,696540509581 K2II
3,634726792562 4,793621678200 VII
-4,259831204673 -1,314450928184 B7I
4,909975726142 5,532923212226 K5VI
3,745587817446 6,958337837467 M3V
-6,072738878940 -4,495189766871 VII
-5,819988053443 -0,760081183928 K9IV
-7,597594899929 -4,658824784526 O3IV
1,549431604860 8,449341387918 G5II
0,931085921476 4,852361574581 A8V
1,990850470954 4,403124015926 M7VI
7,274440043153 -5,621087919479 VII
-6,229581995434 -5,576450347636 M5I
-7,399102027969 -4,783105773576 K9III
5,144887179349 9,101416582841 F5II
3,738557579787 6,218779665167 F0I
8,913339814806 -3,427567408405 M4V
3,525559279013 4,403282837062 K0IV
0,543881253937 6,306461078140 B6VI
9,119402376013 -5,272669343034 M2I
-6,079790585012 -3,811848069140 O8III
-5,084554680653 -3,152763097652 M6II
4,539077373374 -6,095329942268 B2IV
-4,206402821744 -4,064623020727 G5I
-3,750027111621 -2,625790648317 M1IV
-6,377474483768 -2,647206772277 O8III
-4,062911256129 -2,737555408768 K4VI
2,177848163921 7,720701015480 VII
1,633961372393 8,644863318503 G7I
6,926589186853 -5,049180831599 K8I
1,777282766027 8,984053992149 M4IV
2,760424828548 5,126109335469 G9I
-4,719059501584 -5,164161811653 B8V
5,278269861181 -5,581272660436 VII
2,763640887502 5,621579011545 K3I
8,460270954258 -6,187888060771 O3IV
2,213501365504 7,210772875288 B4VI
2,120792660777 5,969845073971 VII
-7,132042281522 -0,986575812539 O0I
6,497245283812 -5,367838657594 K5VI
2,575256662261 4,678514332788 A5II
-4,007907409259 -2,716546251462 G2V
-3,714335724887 -1,121870688478 F9II
-5,951702584910 -5,653023412072 F8VI
5,610916149748 -5,171382107675 F9I
-7,641277286698 -3,729394646528 B4II
4,934509562192 -5,085188870555 A0III
-3,160189557168 -2,107031590847 A3II
-6,679623712659 -0,828519422571 K9V
6,234524581779 -6,571814024694 VII
4,303313249642 -2,827604774835 B6III
7,260407082982 -6,124269572428 B3IV
-5,521825681029 -0,741873079113 VII
-4,535774401922 -4,675682492973 M6V
-5,120771981738 -2,329735570296 M7III
-3,561615961666 -5,634998731454 M1IV
-7,754497827331 -2,715985799707 F0VI
-3,079630512080 -4,384218180065 K4III
8,622620199829 -5,016779901798 K1VI
5,119137180333 -4,010351046839 O2III
4,990269684146 6,414799864915 K5III
5,729481174786 -4,248834567489 K9I
2,546836018409 8,693663768655 F2IV
3,079184457917 5,464692362151 M3II
3,923746983551 9,320215193073 A9V
3,342476480305 8,846765538180 B9VI
3,012750168668 6,526940385385 O6I
5,631638657214 -5,410556205243 O1II
5,387541029833 7,224924680975 B7V
2,590215554920 4,764702027881 O0I
1,902669030779 7,174137230797 G1I
-4,324787055324 -1,970065745762 A5III
8,293069917225 -3,154679297731 M1III
-5,585825559640 -4,214646371421 VII
6,273610749642 -6,454116127805 F9VI
-4,737495528640 -4,596068760104 B1III
-7,786016417743 -1,607920578736 VII
2,671751154084 6,209806168542 F9I
-4,291882567878 -0,880889220273 M5I
-4,875806254683 -3,939449677712 VII
5,547088987574 -6,269890848104 G5V
5,654255387053 -5,372015515509 O7VI
6,087560987507 -6,182061346663 A4III
4,638258809181 -3,962867328908 O8IV
7,583555828320 -6,856448306470 A9IV
1,090679107212 6,656818357997 O0IV
5,913247815675 -7,161661778591 B3VI
4,963172835350 6,813723529592 G8V
-7,902552027956 -4,457632116033 K7VI
3,191342323046 7,561259518085 B0I
0,828331677471 8,043937868705 K0II
-5,793803862101 -0,946244480311 O5III
-4,991797557137 -3,083941458659 K6I
8,150632634623 -6,397440582422 K6II
3,224662466809 7,108941592862 M9IV
-5,485515542595 -1,748887756609 O4V
-7,144841507254 -4,985519961877 F1II
3,522824704703 9,342386616988 G1IV
4,786142160704 -5,371532447947 K0VI
-7,790086368022 -3,332841716686 F9VI
5,748073616048 -4,630062504247 VII
0,541068870987 4,544226076965 A0IV
8,597373653933 -3,577989432589 F0III
-5,312487926719 -1,535806441353 F7II
-7,558887424220 -2,274253790076 F8V
7,868043093784 -2,309455301953 F4III
4,859604884034 -2,346467325364 M2II
2,881622055695 9,247446108580 G5III
2,220890712037 8,871978905880 B5V
-6,731943797931 -2,006658399002 M1IV
-5,646529839590 -3,786582298115 B4IV
5,041225358698 -5,433894046660 F1II
4,740251408837 -5,242628184375 M4I
3,259404370843 9,082366118978 M2III
-4,523923879738 -1,410187715708 G2III
3,130857001075 8,353414836733 O0VI
2,371266110345 5,820277331787 G7IV
7,325067896975 -4,459887904581 A9VI
3,157050899779 9,100420650117 K7I
6,340908562912 -4,077439347077 B0III
5,105292370357 6,486184540366 K0VI
3,881445568352 8,678761733169 A6IV
8,866513893090 -3,692328533150 A3III
6,416252483979 -4,759633497009 A3V
8,055695076527 -7,051095239407 O7I
8,840531994594 -2,496908604371 K3III
-5,439814428952 -5,340577639861 VII
4,426553935413 -3,660474809292 O5VI
-5,276803321042 -2,612676108959 B4II
2,719709553255 4,498049303519 G2I
1,279450273244 8,670874488904 K2I
4,865802719965 -3,039035977277 K4III
4,782828651985 -3,438636971566 A7II
4,508180106359 8,099472887383 K2I
2,143672191101 6,147077845895 VII
1,233537248239 7,570495084876 A2II
-3,808975721533 -5,193453928190 K9III
2,908934970897 5,719613632377 M8VI
6,546682751834 -3,268332481549 G2VI
4,447690557951 -3,730025716613 B0II
2,152934359557 6,052915253466 G7III
-4,397075553414 -2,611635619916 K0III
7,289116173019 -3,355480986818 M7VI
7,118307273289 -4,509640225575 K2IV
4,132529569600 -3,143711444736 K9VI
7,749609260341 -2,452271956330 K0III
7,551971223145 -3,946711071541 K8V
2,048180083901 7,287973545878 B4I
8,390147551814 -2,514996624182 O7II
5,982832677175 -3,979481892330 B5II
-4,577375346189 -5,620913896025 F2VI
4,318454437857 -3,217604850456 VII
0,544644640099 6,146390579068 B4I
6,017315564847 -6,501892732406 G2III
-6,558483375167 -3,185740538265 B9II
-5,831597236720 -2,957949744870 B5II
2,340279534675 8,152857935552 M6V
1,543836142558 6,684368682669 F3IV
4,057452244631 8,717148534276 K4IV
-6,641221370885 -5,487538883225 VII
-3,279894557460 -1,988138080858 A4III
3,190142862894 8,952359734321 G4III
-6,751233759764 -5,323858807659 B1VI
5,085765245242 -3,822389435913 K5III
4,044830628984 6,710888473474 M3II
-3,439335358978 -4,878005532993 K3I
5,280354587292 -6,504515712659 K6V
6,033260019982 -4,693939711358 K9V
5,215490644277 -3,828055962984 K0IV
8,146895407054 -4,140424297982 K3IV
-6,285241604006 -2,857333278830 A1IV
5,238382652583 -3,263446094933 M0IV
2,545544298257 6,217574853631 O6I
-5,935255515517 -5,138060597896 VII
-5,950179138935 -4,811261181223 B9IV
0,839122911089 4,712358458034 B7VI
2,319678864476 6,044413886274 VII
4,150315219564 7,346583001654 F9IV
-5,101870876858 -5,417530143789 G1VI
1,070840636829 8,778895642589 G7II
5,217811594878 8,551562288908 K5V
3,680231582838 4,508789691570 G7I
-5,274092446787 -3,288232131090 F3II
-3,238980057124 -3,174417713272 VII
4,538679525260 -4,305729944609 G1VI
8,123142208974 -5,734243004514 A5VI
6,482627097946 -2,374047038147 M9VI
0,920592270166 4,531762408939 VII
2,096057740425 4,518973993359 A8I
-6,259290794924 -4,563022645660 G1I
4,740677444014 -6,724642752854 O6III
6,705110856936 -4,875290557358 O5IV
2,037001922464 4,664155845284 O4II
8,022729735935 -4,832116035393 O1II
-5,566337750284 -3,210426395427 M4II
3,581560526109 6,287897056024 VII
3,622844583329 4,888950159931 G7V
4,764090325938 6,024525919924 G5IV
5,020248765016 -6,821052422892 O1V
8,922277475117 -3,237101583374 VII
5,750962111131 -3,156563690401 G3IV
5,216739499875 -3,968748795334 K2VI
3,399469191669 7,615219017904 F8IV
-5,658728622176 -1,710054385147 O0I
2,806909160844 5,751807806881 M3III
4,067892926317 7,746109227816 A9IV
5,395282847952 7,314789600870 G6I
-6,897547324389 -1,153820407075 B5I
6,534161709636 -5,327146644023 K8VI
-3,523962298817 -4,899012601076 A2IV
1,944296265282 5,219707241682 VII
-3,874463028533 -3,486467464421 F1V
-4,742404758581 -2,135180200619 A4VI
4,312801133955 5,580356954886 M4I
1,055513860681 6,874177838400 B4III
8,783888854107 -6,739373866136 O6III
9,047549955587 -3,425455952994 VII
1,843981129879 9,372960295318 O7VI
-3,554388655339 -5,016634185557 VII
5,032745310775 5,153962263063 G8I
6,503309733290 -6,956734872177 F2IV
-3,860268784421 -4,556893066542 M3I
1,436006348309 7,554547057046 A2I
9,099521468202 -6,719544058648 F8IV
5,898450405554 -7,090845918450 K2III
1,848269827129 7,198387220257 VII
-7,287531272022 -4,087549657455 VII
-4,675670710378 -1,729322074361 O2V
8,471680187566 -3,929614256980 G7VI
-6,940480856928 -1,981669549535 O0II
2,088138896485 8,462559555056 A9II
-6,637681330361 -3,714251454601 A5V
-7,394120858416 -1,451965760898 VII
-3,574514413555 -0,910104106113 A2VI
-6,487450713650 -0,909970092498 K1V
8,676888065835 -4,766407427037 G2III
5,162918963761 -6,433711959074 A4III
-4,356393567603 -0,773969680968 O1V
5,260113156659 7,066960934932 VII
5,946187793311 -3,147177529569 VII
-3,403055411836 -3,837872943368 G9I
2,020085796521 8,676360319185 F4V
-3,394051333443 -1,686794323386 M7VI
-5,034623117357 -4,291925697476 O4III
-4,183308532598 -1,052083455073 M9IV
0,619004101357 5,026894980411 F0III
1,239856159861 4,681512132292 B4VI
9,009691954696 -3,103295331396 A6V
6,234962674828 -3,420771760744 B5I
4,136711337725 9,259809615179 A5III
5,873323773487 -6,226761215887 B0I
1,284279006168 6,224905710851 O7III
-3,452122745512 -5,605491950286 G8V
-6,068682577313 -2,024100957851 G0V
-6,375526177732 -2,229540971635 M4I
1,421793530559 8,487431666470 B4III
1,897228711579 5,088454521499 A4III
4,014375800727 8,944071512199 K4III
-4,805925974086 -2,561173474035 B9IV
-4,802005004164 -2,101821262124 O6IV
-3,410513580066 -1,396942916261 VII
4,366977794392 5,120207035407 B1I
7,464361527069 -2,956335512835 G9V
-5,973265600054 -1,314916811812 O9IV
-6,543762538073 -1,238315341276 O9I
-3,647498097935 -1,043506961752 K4V
3,332080053178 8,453165632904 VII
0,702422862014 8,035933892684 A7V
-7,448149126722 -3,369614621415 B8IV
3,393373572064 8,337655310424 M7I
6,304426557739 -5,992729348027 G8II
1,801718605736 7,015913346636 G2VI
-4,306947833490 -3,507844365868 F4V
3,247825781245 9,022746641903 F9IV
7,957637792060 -3,870090252484 K6IV
-5,059644143830 -3,719538547582 G5VI
3,861810673292 5,474833921759 K2V
-5,907786699564 -5,617245874273 F0V
4,869177574382 -6,212373210133 B1III
-6,598387496534 -3,755613220303 F5VI
-7,003178492637 -3,729480478728 F9IV
3,900887742544 5,110823392827 F5III
-6,702165641735 -1,757623186873 VII
6,563390238877 -5,191606523088 VII
3,090043435516 6,003471551486 O1I
0,571676399474 7,091534409568 F7III
7,631465043468 -5,026916891450 K1VI
2,265132003938 5,439740012501 K8IV
-6,051610836490 -2,698144508446 B7VI
7,761284510237 -5,745430176999 K5IV
-5,371477376319 -0,746592991775 A9I
2,600613793024 8,760110382410 F2I
1,629837095297 6,881668483532 K7II
4,013670717351 4,680626007490 F5III
4,701567030678 5,553143323963 B2IV
3,868047910102 8,134788024088 G5VI
-8,002628445878 -4,986893983991 VII
4,696747721629 6,654190069092 G5III
-5,792510537704 -3,357827702552 A5II
5,064330718950 9,267136731383 M6V
4,893011559558 -2,671873367664 A5I
4,803813296102 -5,851498905349 B3VI
-7,330968354304 -2,778869957518 M2IV
8,949906224483 -3,555523038704 G6IV
-5,210558387518 -4,206411134692 VII
6,095656270631 -3,497097230264 K0VI
7,708683061969 -4,371754503363 M0V
5,823799704100 -7,043207177801 F0IV
-6,706506800908 -1,082386657804 M9III
3,366273969387 4,789581815669 B1V
8,841257015792 -4,687044891037 VII
3,718081204449 8,752772170852 F2VI
-7,551702699245 -4,496368713624 G1VI
-3,571448072561 -1,073741012299 M1II
4,526422957723 -2,983913984527 B9IV
4,994928916241 -2,847975131671 O9V
-4,927013134261 -1,324844754540 G6V
8,757245471391 -5,474861680458 B8V
0,681910470542 7,205456625290 O8II
4,921958324578 7,511880813680 VII
-5,778845102311 -4,048242951631 A8VI
4,761244129995 9,180337290276 K5II
-7,660938849733 -1,280188709085 O2I
-3,979511186880 -4,500700399966 F2V
8,239907185598 -2,847934980666 F8VI
1,665505463017 5,647865740124 F5II
-3,155605081852 -0,944272493891 F4VI
4,638092182095 5,064157467514 G9VI
2,334645542081 6,785129781479 K1I
7,790522853666 -5,049545694051 M0VI
9,117312396199 -5,122799653839 M1V
1,880012566775 6,899383720725 O5III
2,765996279451 5,140205025284 O5II
6,352834696520 -3,341290204285 B6III
-7,760003286806 -3,265710505289 VII
-3,920053382312 -4,471648042272 O6II
-4,076161604087 -3,682166700708 F1V
-6,688334806733 -2,029587055669 A2III
1,482089306080 6,981222720806 F3IV
-4,416210472813 -2,430311591713 G0VI
-4,016109118516 -0,998291574306 B1III
-6,679249249152 -3,418478402767 M6I
-6,320753776421 -2,455517825387 K0II
-7,339907200625 -4,366386125930 M4III
4,466915110895 -5,448332943740 B7V
-6,843136288914 -3,664856472758 VII
-4,289950413310 -1,002622729681 F5II
-7,405565917591 -4,128981677917 B2I
5,794008657340 -3,470619133898 K0VI
2,465892093715 7,456877693937 VII
5,282831582131 5,803160628787 K5III
-5,771621245879 -2,421292879895 A8VI
2,722492514371 9,151066248109 VII
8,658474901872 -5,663702237453 F0VI
5,049120766340 6,096836751757 F9IV
7,467790327198 -6,011696216162 O3III
-4,568210590304 -3,530062938475 G0V
1,128299856078 4,731654340637 O2I
-3,752764633056 -2,093826402363 B7IV
5,249985925613 -6,787431528353 A6II
-3,646470409706 -1,018392848892 F8VI
6,600265949669 -6,227885195182 K5VI
-4,063501916463 -4,048492587566 F6IV
1,008267911132 7,792643303568 VII
4,369418658100 6,303391229465 O4II
1,429855760127 6,726570555933 F1IV
3,219827172954 8,923080057608 A6IV
4,210683162007 -4,773746091874 F2II
0,842048380885 6,185076320792 K6IV
-3,549486743793 -2,996776684147 O4III
4,690038365938 6,945262341324 K5V
0,513480640452 7,577721569866 G3III
6,336987536707 -7,265295110273 O1IV
5,008349983401 5,109032371446 F1III
1,372322069499 7,523851486587 F7IV
2,247533160513 4,580186955941 M3V
8,347597586143 -5,751359356388 F4I
-7,978674525533 -2,931070749388 M0II
1,649972410126 8,935700577518 O6III
3,750241801030 4,564936758359 G9IV
5,302351577354 -6,107199825584 O2II
4,774867287943 8,229224616752 B3III
2,190092796915 4,646377967021 O3V
-3,377854845607 -3,512174551576 O5II
4,293956327796 8,808613002040 O3II
7,979236978273 -3,344694256892 VII
1,697541407038 6,347613910120 K1III
-5,799882857851 -3,487506226315 K1I
4,439065536156 -4,509233330727 O0III
4,559787716524 -4,657490200513 G0VI
-3,567452560752 -4,700429689338 F6IV
8,831893144077 -6,977579241063 M2IV
5,141427444772 6,442397097939 G7III
-6,558811589409 -2,946752487532 A5VI
-3,671467878661 -2,363838823345 M6V
4,914861785225 -5,499184497420 VII
-6,174959556753 -1,390570178768 K0IV
8,950841558925 -7,144252721953 K2I
2,570940104127 6,590763671589 A9VI
8,891074705593 -7,152177564930 G6IV
1,067553447537 8,122524034205 A0IV
7,559176677447 -6,008053741534 K1III
5,538435502400 -5,900041224305 M7III
2,298311909421 8,823656659312 A5IV
5,284337003026 8,596525410429 K7III
5,051134420073 9,160102701522 VII
0,575241050076 5,417741480873 B3II
6,182351587953 -4,890216712511 A6III
2,864501259054 8,150955421534 VII
4,743808585829 5,709492776129 O9IV
-3,231997770745 -2,932575948179 A3I
-4,239687391245 -3,937520962774 VII
0,927443276695 6,371669419778 K6V
-5,705289950377 -1,122411631214 M0III
-7,458067879693 -1,011743108784 B5II
-3,694940890395 -0,763840041933 VII
1,890024577185 7,125041483904 B3V
-6,474541366848 -1,845947263139 K4VI
8,992251594237 -4,521140950018 O6IV
-7,543871202478 -2,371534552676 A6III
7,475899953507 -5,824756276427 M4V
5,218104081531 -7,161699085864 K0I
8,313065852794 -4,913810093863 O1IV
-5,922784790254 -1,575685770879 A9IV
6,369699250429 -5,003639884300 M0VI
1,856623514151 8,245412121685 B4IV
-7,156263196576 -4,122449672784 VII
6,527836243385 -4,432180391238 M1I
4,688999269332 6,859331569565 O4II
4,752881396388 7,415589394760 A7II
5,406009117734 -7,181143940729 O7IV
-6,514703662438 -4,369603171596 K0I
-3,720599101692 -3,718178647567 O5IV
0,563320557050 6,609019578275 A6II
-3,397985246173 -2,791810298956 G0VI
4,029014148156 5,382247800253 A4IV
4,284543579091 -5,575363027736 M0III
8,357276765287 -7,222842635372 F0II
-4,859673192225 -3,574727805168 VII
3,089683757614 7,159483246775 M6VI
3,450028833077 6,811113276982 A8V
-7,773663518579 -1,710000006196 F6III
8,200178093350 -7,277961836610 VII
4,008060694466 8,905249208857 M4I
0,989236685958 7,458222723678 G5III
5,035962907587 -4,585604581533 A3VI
7,471081358578 -6,280858186539 G8II
0,782524739272 7,379541321999 A2III
8,146879312191 -6,637364330864 K3III
-7,570056950497 -3,405936806223 VII
-6,355878403730 -5,184855757899 F5I
-4,655097773512 -4,554738059612 O3II
-3,726794563697 -3,680295756211 G7III
3,179390165069 7,219803360189 M0IV
-3,911533860744 -2,581827645607 K1V
5,480349190737 -3,032772467861 B3II
5,893284684187 -6,748113686459 M5I
5,422633473998 -6,353146613675 B5I
7,713603796981 -5,259542748173 M0V
-6,641285245273 -4,482211087509 K7IV
4,499357302175 6,842252424192 B8I
-5,995539034268 -1,130565860432 VII
-6,989779907142 -3,451745809325 G5III
2,085387888036 4,734008930936 G7V
5,829977267543 -4,286636661570 B4I
5,153630053123 -5,771113767647 G8II
7,885625292630 -4,063978560272 G8IV
-4,253070530050 -2,226960026904 G0VI
-6,385118088936 -1,961404699413 O5II
4,237692365723 5,828424340382 G7IV
7,180418931567 -6,137986262535 VII
3,053829833435 5,531163828975 O0V
2,591534173962 4,892169798570 O9VI
-5,338818781976 -1,753137329321 K2I
6,091117352512 -6,308441572340 VII
3,508526336186 4,657468858220 K1III
0,815099448129 7,882106646194 O2VI
1,112360616619 8,652221673569 VII
6,679759523265 -6,078867043372 G4I
-3,111746411880 -4,395598521095 B6II
7,931236905685 -4,065433771388 VII
2,976006056811 8,805746918521 B9VI
2,768322149884 5,938606992257 VII
4,571536058524 8,416512675180 M5I
4,157172244877 -2,471127662720 VII
-7,369614316981 -3,400195213710 K1II
6,087496358617 -6,771784188567 O4VI
-6,374748271852 -1,872279109405 M2I
-6,570529514262 -1,536820970056 M0VI
0,692251941628 8,764703559173 K5IV
-5,227672797086 -3,543155464895 A2I
-6,307993480814 -2,537448601861 M6I
4,812203070947 -3,898301826589 A7IV
5,407254959381 -3,683078663043 K0I
-4,934169374027 -1,175156369324 O0V
1,300821294896 7,190140377128 K1V
1,723233375313 9,349063871613 VII
-6,868624800630 -3,168214090183 F7VI
2,363034362823 4,862605770236 B5II
7,458655422494 -6,896652782383 F6III
4,059611576310 9,177140101242 A6I
6,353325192417 -7,161642960633 B7IV
8,406750888534 -4,573454312705 G1IV
6,319567136980 -5,835667941566 K9I
7,107556911653 -3,848164150547 M3II
7,294742039557 -2,835426118089 B2II
5,961521982563 -3,514138274453 VII
5,676773092926 -4,468981588428 O5IV
5,211558157132 -4,552832039522 O6III
1,617899218442 8,056417886443 M4IV
4,047365450124 6,647606788425 F8II
1,698752148537 9,292618527081 K1VI
6,425577119163 -3,285177968747 M0II
0,767632892871 4,737471557565 A8VI
-5,199289003246 -3,242330389401 B2VI
8,860913767778 -4,809414627333 M3III
-7,690860721907 -3,637800782495 M4II
8,541054665670 -3,226814680401 A3I
3,535200308987 6,429255033503 VII
7,810847849611 -5,106498393571 O5VI
2,413660585454 7,720226717405 M0V
8,862400922483 -4,524992729469 A6I
4,484868234153 -2,995448304770 VII
3,828236263882 8,144113949295 M0I
1,519712398293 4,500305620168 O3II
-4,571454892876 -1,617592580555 G5VI
-6,677763829343 -1,804187495245 G0I
-4,726750992606 -1,325789456028 O4II
7,095257422262 -4,526427669081 F7II
7,039341994424 -6,644686221868 G9II
7,238507107183 -4,635859965108 F1V
5,336179231397 9,177410001768 G0VI
8,236587094526 -7,070278658192 M8IV
3,697964389962 4,383638820776 M7VI
7,762334505010 -5,819868469376 O8I
5,485156275714 -4,748616076405 O7V
4,409965175805 9,316314793654 M5III
8,311779381701 -2,339120120012 A5V
4,988159818182 -3,593711791205 VII
0,968601087170 4,702747918180 VII
1,962599155222 9,038603610990 A0VI
-6,572981471297 -2,449438611012 B7VI
6,350586202777 -5,187026640275 B6V
-4,293830841195 -1,436045121333 A9III
5,288178215724 8,997011368686 B2V
-7,588253545375 -2,300064609699 M8VI
2,820401989445 6,113857697390 B3II
-5,976948968649 -4,605956787258 B9II
-3,240772114084 -1,951139651780 M6III
6,218076356747 -2,629251600794 A7II
4,064883529795 5,215593023432 A7II
-7,876428846824 -4,614310572744 K9VI
-3,652464779910 -1,290685104661 O0IV
-5,178875038900 -5,179800193449 B4III
1,982396350660 8,379567889157 B8III
7,622752366986 -4,780249981222 A2II
4,878760138386 8,960910367057 A7III
4,510300555880 8,146491497727 F7III
3,280151945675 5,083235034059 F5III
8,827018421297 -2,699881733141 A8II
7,786539066989 -6,716701139598 O5III
5,610949691718 -4,356457961243 F1V
3,803442332085 5,826689384979 A4IV
-4,385597165270 -5,646684114404 K5VI
7,048340326785 -4,038847814902 K4V
2,025298323015 5,281171138590 VII
-7,348865896037 -2,759969058872 M5I
8,624489594572 -4,666559975788 O7VI
2,278176631801 6,004451775434 VII
4,809465073527 -4,586233084209 G5III
5,191348066902 -5,651963311543 G7IV
7,790096264894 -6,479677882014 B9IV
-7,763101005944 -4,830039273923 M7V
-7,096393483637 -4,093511524646 VII
-4,439070473763 -1,107970873839 A6III
6,650374979597 -6,517547437780 K0IV
5,407220521986 5,308351088450 K9IV
-6,386091731197 -3,375510618359 M5VI
-7,395263974139 -5,173602605619 K5IV
0,655786443340 5,129823260903 G6III
6,595004087044 -3,828211580981 O0I
4,650508823095 8,436475605000 A1VI
-6,051273504929 -3,662817652390 B8III
4,503819013712 -2,842554007212 F5IV
-6,391859200915 -1,463467879402 O3IV
-7,531895649463 -2,979839140704 G6V
-6,680033563347 -1,062232679622 K6IV
-6,995558188889 -1,401802675871 F8V
2,275890807337 8,247574916673 B3II
2,239787174636 7,994348379665 A6II
-6,165935393342 -1,375472739502 VII
1,767998142844 9,325820585986 M1IV
5,351075424321 5,186255802484 G8III
-5,271694251121 -1,647240246839 VII
0,826441232298 7,139615771392 K1I
6,272897632420 -2,581952204471 F1II
-4,045957847448 -3,918850386538 M1III
5,239395105707 -4,937235392638 A7I
0,695973652094 6,689616466787 M9VI
4,213512784231 8,958315405115 O6VI
1,486012822362 6,340163730733 M5II
2,393741125271 6,492605028473 B7V
4,217374261924 -2,752910544744 M9III
-5,691755377832 -3,420892317925 F9II
-4,634455651436 -2,565817316224 VII
1,716080248862 4,554444549877 VII
7,400903645258 -6,240313736279 VII
7,682160759642 -6,388955333749 K6III
3,369373566944 7,307455958944 B9I
4,180455461536 -6,146902947132 M7VI
4,490135182773 7,365863796573 A8IV
-4,445055122820 -1,352057816205 G2VI
-5,549139160296 -1,395687593847 A6II
5,906762178447 -5,752422032407 K0V
-3,083454926899 -2,768944834631 VII
-7,495034309096 -3,406633708129 K0III
6,416730064531 -6,012281042541 K2I
4,022197689417 9,218056749956 VII
8,393891263339 -6,657655317337 O8VI
1,296477534924 6,848219139832 G3IV
6,947047684230 -6,154550107035 F6VI
3,205218183629 8,890439687170 G6II
-6,099195691355 -1,253274754248 F0V
5,310688730486 6,990981218003 VII
4,216068838621 -3,213564261692 G7IV
1,336765464704 5,282316822646 M2IV
-4,555673003719 -3,777931841765 B3V
2,445027921060 6,596698189222 G8VI
-4,941607864493 -1,066396760641 A1IV
-7,980185206100 -4,860302966333 F3II
5,025965925365 8,295103535255 O0I
8,969687795628 -3,849840719925 VII
-6,890067000613 -3,441427310281 VII
-6,860407723753 -2,061038383414 F0III
-4,528688735798 -5,520020546175 G8I
4,646439239363 6,657701740323 VII
3,815931298695 6,318723067611 VII
3,957507880678 8,615838538769 M5III
-4,108170864670 -1,100261639421 VII
5,135129186047 7,495879669422 M7II
1,382331375608 8,740993115253 O2III
4,590825898690 -4,524670136413 A4VI
-4,398126574432 -2,177906490206 A5III
-3,540273800699 -2,655692374183 G0VI
-4,663747348707 -1,012134326505 K1I
4,409365657857 7,329361030744 K4V
0,622244694712 5,707112970201 K4II
4,531867667580 -4,627167913408 F6IV
1,472617133113 6,359924967318 K6IV
4,781427909320 8,728808073111 B7V
8,394595708476 -4,397194819436 A5IV
-5,781542403567 -2,343335169932 G6IV
-6,425108253316 -3,176865949842 G6III
-4,580624388569 -1,192376683777 G8I
4,826926722332 5,935542341227 B5IV
1,693945916529 8,562827439226 O2IV
7,061133957797 -4,025880717124 B1V
2,772126758232 8,039052773105 K7III
3,755633258178 5,180009356498 K4V
0,475341754320 4,769516761833 K1IV
6,152956822483 -4,017725108594 VII
8,886568696452 -4,803450951829 O8IV
6,666786380450 -6,635404164462 M1II
8,016577945031 -7,015958055558 A4III
2,884299255966 4,921835923948 G3VI
-6,754218179575 -5,397736991873 B1III
0,767733282326 8,025082548243 G2III
-4,212375415767 -3,396194127487 VII
-4,891837002192 -3,004110888876 G8II
-3,548846367536 -4,588822527825 K9I
-3,972674362268 -0,979849390967 M2IV
-6,842041593837 -4,173894146446 M0VI
4,356984444505 -2,871562984786 K9II
-4,173322665908 -3,426333905621 B7VI
4,666236311947 -5,699535446877 A5II
3,625550638099 7,677374438692 A5I
8,346258535795 -4,304066096761 VII
-7,886012922474 -2,614158333950 K8II
6,029072296402 -5,980447491164 G4III
-4,010996734193 -2,757269738860 K8V
1,226546864550 6,851437670108 VII
0,516967055717 9,063793165625 G8I
8,795778846653 -6,199426234684 VII
3,063273075003 6,166661823305 B6IV
2,029330737555 5,684471047713 M0III
4,709138948864 8,039035108527 VII
5,131413615232 9,125261567987 G7VI
2,935333222022 7,276370822809 K4VI
8,097258709006 -7,269817071432 F9I
-3,924448185045 -4,342534045141 A4IV
8,310643155534 -4,857918017882 B6II
7,378818570727 -5,309377233629 F5II
1,357564110016 4,712544271284 VII
8,118085896568 -6,143162515325 VII
8,279758675590 -3,807091875297 VII
-7,862429118701 -0,749214943446 B5III
5,147854427018 6,943016820109 VII
-4,047817494847 -2,447692826889 B2I
7,724037663726 -3,142501424908 A2IV
-6,107610227995 -3,250681970244 K5V
1,725471661175 9,342463289310 M1IV
7,091445892335 -6,157126780154 M7VI
4,902671987116 6,243388225796 G0II
4,793420005726 5,397910750820 A9III
5,376823106356 -3,946871009374 B7VI
-7,266192555171 -1,377531250813 VII
-5,029036327661 -2,280892899103 O4IV
6,926560449344 -5,647566737669 VII
-7,679238513182 -1,381074037237 M8III
3,153750523618 6,806454190943 K5II
-3,719011009170 -4,963158459180 G0IV
6,334666680028 -4,248898695457 VII
-5,933634503215 -2,837056236067 K7I
4,875584112193 -4,144138174570 F0I
2,770148284190 8,082858308226 B4I
-5,126073550336 -3,322875320210 B3II
1,719951065830 7,908956315123 F5V
6,930286571603 -4,313781639366 M4I
4,623937528417 -6,859286931530 A3IV
-5,798295134981 -0,888363175347 K9III
-6,774617255206 -1,231947298922 F4II
4,899262217711 -2,775373945566 B4V
-6,404998872257 -4,065482557653 M2IV
8,602496751747 -3,803907144896 K5II
-7,284260239088 -5,667653776401 K7VI
-4,224224370039 -3,409113952713 K0II
5,422250044751 -5,539085155133 B8III
4,320230331737 9,185199713022 F4IV
5,070496801017 -4,064522361462 M1VI
-3,076958585160 -4,552751438052 O2II
-5,125054394917 -4,020383466928 VII
4,905589946550 4,676307737355 B8I
-7,267229368399 -1,785065148014 A7V
-6,629939281804 -3,346387161308 K1II
-5,643423786424 -2,168370252298 G3IV
-6,134764754669 -5,700946355577 A7IV
-6,092083562945 -2,183420180827 B4III
4,763722223973 -4,452694950581 G9IV
2,455349253547 5,120252397935 G3III
4,831324156990 8,930109456398 VII
8,321805099712 -5,050896812973 O7III
-3,402855058101 -1,884689186945 M3III
9,104567406429 -2,588590054542 F9II
-5,188831285945 -1,670036331999 M6VI
6,829754383343 -4,576850977144 VII
4,378355038842 6,752739222431 G7VI
-3,511025436647 -4,011055703300 B2VI
2,427336487079 7,589243300562 G3V
1,335094212464 7,559987748676 VII
3,725443128828 6,597389209510 B3III
-4,572641329802 -3,488417470022 O9III
8,551000629444 -3,589760933933 G6III
-7,104101876967 -3,093227666970 G9II
-6,657329119746 -3,799550408555 K8VI
-3,688943288565 -4,960778407100 M4III
0,622117559588 7,803561428850 A1II
-3,570134984176 -1,145139824328 A0II
0,778415495040 5,663593058291 A7VI
-6,934138344532 -2,542878300781 G7II
-6,770946135402 -1,102220892561 B2IV
1,778511868069 4,590362910587 B5I
0,508909848861 6,537815431554 VII
-7,144664157822 -2,615535027380 F5VI
6,096740380482 -6,493291676934 O9I
8,608306710197 -7,215424722290 O9I
-6,901430383110 -2,053172373399 VII
1,671740758155 9,137755227610 A9VI
6,771518948249 -4,239085951952 VII
4,438735728364 9,258260925738 G6IV
-3,897084746369 -5,280957365081 K0III
-6,870076911400 -4,450108980003 M5III
5,865416397530 -6,737623187868 K7III
5,645629623390 -6,075502254453 G0IV
7,931997129921 -6,783587394725 O6V
7,490313837414 -6,859422222275 G8VI
4,442244541462 6,796323188497 A3IV
5,458715156723 -6,813214996979 F4IV
6,678411748915 -2,939743974136 M9III
4,500264317369 -6,030166336125 F5IV
5,542258799645 -2,909115733717 K9II
2,593471484399 5,323322149388 A1V
7,289600092790 -3,980123308437 K4II
4,848504185853 -5,848227459683 K1I
4,098927821847 6,949024197637 K7V
-6,204712340975 -0,813008764557 G6VI
3,031482851977 4,893768819132 A7V
8,774955447077 -3,121267169890 G2III
-7,124013074707 -4,085799177862 B8II
3,268776847858 7,793889943855 B8IV
4,414309361094 6,172319909498 F7III
1,883800276033 7,475518819233 F7II
3,251539624145 8,050526003986 A0I
2,122102801755 7,271792455780 K7V
8,742775952693 -2,665352045285 A8I
5,539693252612 -2,747334359367 B7I
-6,078493842093 -1,622234275309 VII
8,748168492086 -7,175518839162 A2III
-4,703185144759 -1,976409021790 K8V
6,122020084151 -5,969203096773 K5IV
7,372806918638 -6,171756070434 A4I
-3,208246595435 -5,159156299593 B2III
4,601316376315 -4,312148666915 A2I
-5,506255558040 -2,707668673523 A9I
-6,281746030979 -1,157346247284 G0VI
-6,523567805673 -1,480715449425 F7II
-4,992276179788 -3,661112396962 K3VI
2,108763859783 4,430659189424 A1VI
-5,030119475070 -2,602368869938 M2V
-5,674884825716 -0,944580341461 VII
4,209327318945 -5,373518642894 F9III
-5,555143750765 -3,267439263932 A1III
2,702386980185 6,190269113943 A8III
8,732688860810 -4,263074779735 A4III
2,784060656691 5,001080409395 VII
5,373039114223 -6,985192082294 G6IV
8,521209511281 -5,396990973203 O0V
6,201526294049 -5,271018129933 O8V
-4,468163431152 -3,336804649344 B0I
4,029448501789 6,081934935026 M1II
-7,307675697682 -4,331555579299 A9IV
3,045680183845 5,088223335023 M5III
4,495557280790 9,004269549845 G8III
5,048453605542 5,186809246166 K0II
4,295222578966 -6,111331515814 O2VI
3,203764194872 7,946236475911 A0II
4,471226860873 -5,109625081537 G6V
4,175213314441 -2,814651306105 G0III
-5,907324206523 -5,368825832836 VII
5,795075140758 -5,173710902609 M5VI
-3,808234103033 -2,444045426574 M5IV
2,661989748983 8,117974482155 A8II
3,329878778152 4,677237527522 O8IV
-7,480671665527 -3,190169174022 F5V
1,860941459085 8,480239986398 K3II
8,785435572572 -2,789854012032 A8IV
1,470385950243 5,160471740641 A1II
-3,412504400039 -0,827405474960 A9VI
7,790759176477 -6,998725371554 G8VI
3,163234664530 6,136197037301 F7II
5,179553326001 -7,095570044613 K8IV
-6,772429437916 -1,878684457371 VII
5,337103763887 -2,614938013019 F4IV
-6,006769382541 -4,273399238001 B0V
4,951095513276 5,675844370642 B3VI
1,471492851933 6,339308600699 B3II
5,385865925176 5,248356293475 A4IV
2,618611021203 6,326837134173 M5III
1,667468918550 6,895622092777 A3VI
4,643127226046 -3,282515889977 B7IV
5,419215881076 5,540142623443 F0III
3,892447470925 6,521960439839 M7III
-4,076176630577 -2,189601123585 O5IV
0,778867014502 6,890557744755 VII
3,176969991520 8,876777891492 K0II
3,842386430124 6,028601982093 M5V
-3,717981418438 -3,852284169038 O7IV
2,753064933400 8,571612273148 B0III
-5,990206285002 -3,979223788914 O2VI
4,444118956824 5,015723884832 G1IV
6,835228792440 -2,884331680284 B9V
4,677412624017 5,225343734422 VII
9,089215266131 -3,166694795536 O5IV
3,303165119762 6,047750189109 B2VI
5,305071840983 5,007824152740 M7VI
7,787782482461 -4,168532722494 K2V
-3,478801932571 -3,086463697982 B6II
2,768431201912 9,115933641783 K4III
-5,681043016540 -1,945941105603 VII
5,921640907967 -6,772331121488 F4IV
1,470420560650 5,814249782715 K1III
3,453845167983 5,609640285225 A0III
3,663380624437 5,031826989254 M9IV
-7,201532351285 -1,577213524643 F5III
7,761482059129 -3,804275302955 G9II
4,168704775517 -4,557914453792 O9II
-5,957182479956 -0,909429256635 K9I
6,059047496002 -5,070626649261 A6II
4,460489587534 -7,059161471689 O2II
3,571388456415 8,739324197630 O1IV
0,428381313592 6,546438174722 M1III
1,379008760843 6,837279361605 G6V
1,109299275538 8,684046204301 VII
8,994955500833 -5,276800324539 VII
-7,690893692167 -3,577963539512 G3I
-8,043967558401 -2,995470928266 B2VI
-6,801192019919 -2,228728462115 M4I
4,282092650444 -2,830880614314 B4III
2,844894617213 6,831126002388 G7II
-3,484213602142 -4,602626424876 B7I
0,541721034552 5,556612434947 VII
7,876802483453 -3,008117632818 F4III
1,131058109384 5,868305023409 M2VI
0,549258526932 4,903938322900 G5III
0,796746056948 5,172123912440 VII
3,218799189853 8,607030647791 O6IV
-4,851413425548 -1,011249691440 K1VI
-3,230591954226 -2,667035801533 F5III
1,435010890247 5,388597635912 A4V
-4,927315556007 -1,002452761093 M7V
1,594339828455 6,561617799623 VII
-6,478055498983 -4,170111409005 B3II
1,864300741094 9,052880193488 F7III
-7,523204713348 -0,798974179176 VII
-5,565460425926 -4,722287032073 F2I
4,427844954097 5,536308478348 VII
2,153591637200 6,129280450431 G6VI
1,351721790390 6,788817389212 VII
2,442261464284 8,153609131954 A3VI
-7,140813185337 -3,575829723746 VII
-7,628470401908 -4,518037500514 F2II
6,758602498410 -4,285283531821 A3IV
-5,327414633475 -3,199961651847 A9III
-5,373519086349 -1,644749270882 VII
2,042328172342 5,197964164104 M9II
-7,209455224912 -3,865234447042 VII
6,849043686718 -4,794843133968 B3II
6,373687682834 -5,343068459740 F9V
-3,599374151364 -4,853929142329 M3I
3,641011668856 4,667984058408 VII
-4,566299090992 -5,718824684585 M0V
-5,336041472743 -2,180444668674 G0II
3,328664196031 4,805291731659 B3I
3,393553126369 4,772485944199 F1II
-6,854739337106 -1,489669328956 O9VI
3,820668850646 8,009120215113 A1IV
5,721225813193 -5,262958896725 A8II
-5,021575397290 -5,234100418075 M0II
4,932804385211 -5,232490794097 A0VI
-6,636190483205 -4,136474759531 B3IV
5,901461317681 -5,244646943135 G4I
3,819120835169 7,065128296569 A5I
-7,418894747997 -5,713932509263 K9II
-6,261868985385 -4,572070967307 O3IV
1,396219183158 5,915241938217 A8V
5,360031081406 7,447792937157 A2VI
7,683226496485 -4,456811998814 K2II
2,845882658429 5,592368869599 B1III
-6,881959519618 -5,116653082511 F6III
5,119337961097 5,199175705537 M6VI
5,400217815031 -3,207941149111 M7V
6,289422737016 -6,394803241582 F4I
-6,076490742546 -1,226012947794 K6I
9,085099276842 -6,588303506566 VII
-3,239170245731 -2,862110181971 B5VI
2,215916569767 8,481319577257 G7V
5,556723930473 -4,990547053826 F9I
-4,670260255747 -3,101429130893 B6II
1,633508690203 6,828300457594 M5IV
-6,038596642145 -4,751829209835 B8III
-5,605443056893 -3,154531716627 VII
7,133731666748 -6,648349434349 G8V
7,733544995457 -6,115638315438 M5V
7,427174085709 -4,557859583090 K9VI
1,235884040343 6,322526289028 O4IV
-7,756911889223 -3,007056862022 G6II
2,535002385846 8,151179437151 A2I
-7,743171081490 -3,717091043973 O1III
8,696298190741 -6,646231830236 B5IV
-5,553079467627 -3,132285285763 VII
2,450006434967 8,189262838740 F9III
-5,571719668953 -2,804657875914 O9III
7,000648515440 -5,472922470645 O7III
3,743187899171 7,231020765062 O5II
2,746307185739 6,578391943461 G9III
3,254456090863 5,628250759273 F3V
-6,192329528519 -5,388715765356 VII
8,302315444160 -2,505199893723 M8V
-6,898494603211 -4,049427451082 G7II
5,187087866318 -5,255640218485 A5II
-4,558261603228 -4,105088497323 O9III
9,032297773910 -3,585610620598 M7I
4,323768204189 6,156088816603 G6V
3,635400492706 5,635626598393 M9VI
6,435805513296 -5,130799448453 M9III
8,347997925180 -4,376456406125 B1V
-4,295502918353 -1,607087257853 G6III
8,967147588219 -3,852678935815 VII
7,129050035000 -3,337199395681 K7VI
7,039279271048 -5,352563420856 B4II
2,198310436429 9,281146165275 VII
-3,441882525900 -3,475362355017 O8V
4,395256477415 6,789405801062 O6V
-4,329751704706 -2,436491092304 A2VI
4,622490675238 5,532623977305 G6V
5,424801965542 -4,293006137842 K4IV
3,420987816465 5,664717361158 K8I
1,471644494914 9,273545306680 A3III
-7,467245485830 -1,586164216102 K0VI
7,341932005058 -5,786201737645 M5IV
7,450675332644 -4,306144849837 VII
7,568504251909 -5,581256783708 A1III
2,814944451744 5,392333618287 B3IV
6,557322555936 -6,102136969186 O6II
4,224003932472 5,256545284344 K6II
1,620571365077 7,549362418410 O7IV
-4,838995860687 -5,517036442264 A1VI
2,282956766440 5,998994617220 M8VI
8,353139225785 -3,742809346040 A8V
-6,929835636242 -1,842798137650 M3VI
-4,581687828786 -1,574865186794 K2I
-3,204208483625 -3,050305444748 F1IV
4,248873431615 -6,534672111797 K4II
-4,705269737821 -1,854684367347 B2I
4,600903841312 7,671212194708 F3III
0,553883494623 9,332448078641 M2II
4,366686856406 -2,406472554686 M6VI
2,050458968470 6,793066021266 K1VI
4,371219414960 -5,885662754883 VII
4,491424579064 -6,177585170282 G6I
5,870372369172 -6,093610645126 M2V
7,306303147941 -5,510268602007 VII
8,618236920003 -5,121447929285 VII
8,185611404670 -2,576029754848 M2II
-4,866356293915 -4,199566717478 VII
4,136888325484 -3,053500862083 K8II
-5,312065852614 -3,096991727144 B7I
8,899019458214 -6,020033850748 A8IV
-5,762296349729 -1,987405092677 VII
4,354919240747 9,035187992489 O1I
-6,906686246084 -2,541094862691 K5I
4,661620245175 -6,887825708624 K3II
6,500262315363 -4,265944389648 K1IV
3,342681929850 7,284426777739 O1II
2,987467227148 5,210341195662 M1VI
8,437162425747 -3,989976796950 M3IV
-5,790818835042 -5,262920952259 F2IV
5,024997106348 -3,434552766154 F6II
4,424206375904 8,321514870939 VII
-7,533054830704 -2,110406961282 F1IV
1,991767244857 6,961744770480 F9III
7,504686875307 -3,852396035894 O6III
8,769875351888 -3,349801245516 G1V
4,931687277110 -4,780406644473 O9IV
2,186372852335 8,258357305370 B0IV
-7,685659729478 -4,126437029912 O3V
1,040832978487 4,780639750930 B8I
4,619336216170 9,092858111980 G2VI
2,960695282235 8,806710495380 M6II
4,310834540641 5,907629704349 K0II
5,213262472944 5,517178470764 K6III
-5,971483388932 -5,145908286737 M5V
8,836425336842 -4,411277446710 K1IV
7,074404659083 -3,019581203402 O6IV
6,091736226773 -6,411245104479 B0III
5,033806938327 -5,797301739988 O2I
0,845761319866 8,792271367083 F0II
4,987988221572 4,948916758488 VII
6,608321889122 -5,565085817713 G0V
-4,251503655362 -2,522601070691 A4V
-7,413436414627 -1,827356177659 O5III
-7,026104340253 -4,550683372502 M4II
-7,261595702309 -5,603242826879 B1I
-3,308143016133 -5,578161032685 B4VI
7,920089104084 -4,236080895476 A5III
-3,425849811614 -5,128302120741 A7III
-7,479918538570 -4,842607858881 O0II
1,378966214283 8,176307435164 VII
8,226622923511 -4,797924902558 VII
4,191912018911 6,243728265400 VII
2,534582567940 6,218591835923 K0V
-7,770692719760 -2,509072313897 A0V
5,352418293038 7,659015942245 K1III
-3,377324803286 -3,752419463974 G2III
1,678073223693 5,698771391089 M6I
-5,622784783290 -3,520503579539 A3V
-4,522229239160 -4,029974413938 B5II
5,144794333187 5,030255538193 A1I
0,528779649822 8,614121649026 G8V
7,591876559736 -4,851607654521 A1II
-6,836252002741 -2,872786981536 M0III
4,124889825634 7,892163171135 A5II
-5,230713480480 -3,575876021973 F5II
8,048585680608 -5,592903775861 O7V
8,091237403021 -5,421194007756 A2II
-6,545620807090 -2,146396473189 F1I
2,302615281479 6,449540145578 M5II
-7,401835078954 -0,877450011848 K2III
-4,475332456217 -3,880525009870 O5I
-4,957717416187 -2,410501160893 B3II
2,857930401777 6,034545173848 O8II
3,141746735807 4,507496551955 K9III
-6,096180990899 -2,168751417735 F6V
-7,629888397170 -2,334654881499 VII
-7,907300413339 -3,439283473160 O3II
5,814894218115 -4,580048429428 F2V
-7,638246804236 -4,010896125975 G9VI
4,217627635602 7,964469455028 G3V
2,885272036767 6,188191762019 M7I
4,499521889225 -4,704079182717 A8II
1,824865446492 8,610611780646 O3V
-7,270992767310 -2,697009455855 A8II
1,206041790660 4,420622830758 A0II
6,489045652751 -6,169564326772 G2V
1,697087310744 6,842501971041 B3II
7,554838965330 -4,556791832785 B9III
8,573537911427 -3,049552595734 F0I
-7,809642240705 -1,317995621511 M6VI
6,246294861168 -2,953947089450 VII
5,243562232898 -4,346052174378 O1IV
1,183341108222 6,022070129320 A7II
0,599702463705 6,401242752069 A8VI
7,466991464998 -5,602977520210 F0II
7,652786429107 -3,767743423443 A1III
-5,209160762379 -1,277744559420 B0VI
-4,445458083206 -2,394046416943 B5I
5,139211870950 7,608237016374 A5III
3,456264559543 6,535183467906 VII
4,846425048346 6,555449795894 O5IV
7,216047608934 -5,597121375950 G0II
4,010976929177 7,979697125103 VII
7,861721273762 -3,795864924530 G7II
3,823999724473 8,795292316352 VII
1,763913253748 5,218195146552 VII
4,453372679561 6,939962098027 B9IV
5,026133568901 5,568434886901 O3III
-3,839786151684 -2,369270991572 K5II
2,236950460882 5,454692655605 F2IV
5,780348986601 -3,449874515190 G2VI
1,402706107157 7,656172257583 K7II
5,048242893238 -5,529062398285 M3V
-3,435723098957 -2,869778869345 G1VI
-5,408706853258 -3,313878396569 O8IV
-5,302548851070 -3,833489765776 G3I
6,329467818209 -4,494720964441 O9III
8,985858103364 -5,728241683027 F1II
4,483775434337 -5,356231743781 O0I
-6,007582860101 -4,222434034102 A6VI
4,727624557853 7,315665901249 B6IV
-4,036339047139 -4,858343685202 F6III
1,435325616559 6,501400173212 G8III
-6,564010111890 -3,077631827704 K5II
2,809874053727 5,621877717502 F6I
-6,333007080933 -1,388460110241 G4III
4,379393513404 7,356791954320 A6V
2,971525708573 5,418956738394 B7V
1,578498195584 7,875526328496 F7II
6,639164424132 -3,702970659215 F4V
-4,716829429547 -4,543899751153 K6IV
3,940969643388 5,942568800785 K9IV
6,463536720374 -3,493598080651 K1II
-6,313674569719 -3,653813740698 M4I
4,535616968597 8,207817537331 B8II
-3,745644352435 -3,949488207756 K6IV
8,091953764071 -2,866539225237 B7III
-6,562961289585 -4,441442959321 F8IV
-4,382031029367 -3,573931215040 G4VI
1,434518771115 8,089136698082 F7I
3,916100463568 4,404232416849 VII
-6,019399570578 -1,161883655069 G8II
0,881781834457 6,444489474058 O6III
4,934577935365 -5,527933686431 VII
-4,200472670411 -2,172775829609 G5II
7,902686945780 -6,601220813511 O7II
-3,681400108782 -1,297558418173 VII
2,009898172859 5,733039934826 K9I
3,148536673644 7,503630470934 K8II
2,223849556620 7,091260930163 B3IV
7,746173221198 -2,872355316850 M0IV
4,433184275162 -2,955098977354 O2III
1,389655169102 6,522288558533 F9IV
4,388270162687 5,282640421085 B1III
-6,016168179386 -1,128126137505 M4VI
-6,935682972334 -1,911909108165 G3III
-6,637728318326 -1,941350472525 K4I
3,412520527982 8,044480877471 O6IV
-3,110521498860 -2,897706040729 M5I
4,144826133721 -2,510239450087 G9VI
-7,928877114699 -4,045758892855 A4III
-5,440077361880 -3,332489521084 B7I
-3,137686610504 -1,364393329237 K5I
3,762714817612 8,593526865863 M2IV
-3,794861783123 -1,725887092855 O0IV
4,487998072058 5,652048345435 A4IV
4,888787554221 5,708849897543 A8II
7,377215124236 -5,587600364232 K2VI
-7,237887076596 -4,113881809925 M0I
5,244471584470 8,344158240239 A4II
6,987802378918 -6,736240781277 F5II
-3,655828952434 -4,330317795527 M3VI
1,642946233638 8,699295962431 M2I
1,916917855193 5,170388084257 O7VI
0,468663345759 7,397192871724 M5II
-5,175651819681 -3,322479546028 G1III
-5,652042860032 -1,954971007793 O7IV
-5,889306831241 -2,492818013758 VII
7,695732301526 -4,035403715214 B1II
2,396752725400 7,515817690827 G6IV
7,481970656444 -3,877007280148 F6III
-6,235831860418 -4,821512551706 O5IV
7,241855946442 -4,671887498197 G8I
-7,972681896731 -4,662813554490 O4IV
-4,123687175563 -3,798278161717 G6VI
8,221154668175 -3,771649528403 VII
5,100562035119 -5,881959633284 F7VI
4,318704636771 -4,166901793784 B7VI
5,444490859332 -3,150576904681 M0II
1,734020969442 8,531758217561 O8V
-5,168668422298 -2,007002970226 B3IV
-4,280311041219 -3,260914561277 A1II
6,824443132789 -4,502995425756 G2V
-6,517405187580 -3,399831106876 B0II
-5,948767538847 -2,933249603691 B9II
-6,735026391436 -4,031874046824 G3IV
-5,047871056206 -5,568268642550 O5I
-5,722049673222 -1,030504200683 B9VI
-5,694871375593 -2,220566354177 A9I
4,693083706317 -6,514521595338 G7VI
-4,677330030423 -4,320961627342 A4IV
2,729809793747 8,691776274506 A1II
2,062471819930 5,645612516485 K0II
0,793842669372 5,547753221567 VII
7,793616068567 -4,090109973261 B0VI
-5,305088558318 -4,605842964414 B7III
-6,507931032257 -1,778277189899 G4V
3,386848342715 7,835313503750 F0V
3,892469555759 5,479054477073 VII
1,364124513500 5,337722587066 G0III
-6,687333381485 -3,985757660139 O0VI
6,270543511000 -3,380939252712 VII
-6,136766288804 -1,168781484488 VII
8,053869818027 -5,579448829831 VII
7,328649079507 -3,309469260210 K8VI
-5,410578406463 -5,295993871581 G4I
2,156792427812 6,764410207144 G1VI
-4,574916802825 -2,368651789728 VII
8,289527442732 -4,616853074262 VII
6,381520847484 -7,172837342030 O1IV
4,930419153628 6,558642962027 B9III
2,988772491273 9,146596042564 VII
-5,504049024023 -1,662756984639 G8V
8,126921419611 -4,870425452455 F3II
3,094541775209 7,715225658132 M9IV
9,092349548288 -5,207377125376 O2I
-5,436105169484 -3,034322213431 G2V
4,082807698219 4,804162303627 A8III
3,044499225971 6,915223484836 G4I
6,123209112852 -3,259274858534 VII
-3,800518755822 -3,648745012888 B8V
-6,447544495486 -5,419392848071 B3VI
5,401427616060 -7,189482264007 F0I
-3,708944403375 -4,476068606177 G2III
5,359551667371 -6,805671489951 VII
8,467471205522 -2,992263784464 K9V
-5,233857839725 -4,036135632419 F0V
-6,873152972696 -4,511595257471 VII
4,154609659884 -3,886528005802 O1VI
-3,522683899104 -5,385221402685 F0I
-4,730365294450 -3,650705844659 A2III
-6,596509602334 -2,432663199964 K3I
5,268129578218 8,347844303345 K9V
5,381099406953 -7,014883658279 G4I
4,858572308884 -6,724350661006 A5VI
-4,646538044022 -3,885753888861 G8V
0,452491440849 5,060485587880 K8II
-6,050562736539 -5,119904833319 G2II
-3,790533428180 -0,951539217213 F7VI
3,412588278469 5,893169405729 F9I
-8,044675992296 -5,038914216879 O9V
3,373250156156 6,288005567327 G5I
-6,068819347412 -1,056889694774 O3II
4,586138067565 -7,191164739476 K1IV
-6,133311409890 -5,011165221120 A2VI
-6,010877842006 -5,526901045485 A1III
-7,891502876595 -4,743685774087 M8III
8,292419686916 -4,933597168812 VII
2,425322634075 8,803293235367 F1VI
-7,304422010769 -3,152034828748 M1VI
3,093834947581 7,030186683052 O0V
-5,901528891396 -1,555715069380 B1III
4,462257984307 8,957137127342 M5V
7,828185750778 -5,962675549213 K7II
-4,299023957125 -3,211815750170 A2VI
1,410607048787 9,003833469299 O1V
-3,185656887048 -1,912112240932 G2IV
-6,106598911627 -4,630781770310 VII
3,383008956992 7,267237695192 M3IV
-5,224522231596 -4,405561267851 B3V
-7,069752241298 -4,566890850047 VII
4,626002182705 -4,351947546466 B8II
5,146364258181 -6,032696468477 VII
0,519354619167 6,607293491454 A1V
2,541948529874 6,223043552426 B8V
7,828790097358 -5,334457550866 F8VI
-7,375632176727 -4,389719877863 O3IV
7,245357715798 -3,473945694438 B6I
8,972527788941 -4,368474053863 F8III
2,355329102593 5,570535256517 A5VI
-3,902262582933 -5,558935474655 VII
5,879701324283 -4,126823576734 K1II
1,481336413249 7,042390070572 O5III
4,699447144454 -7,011802787285 F9II
8,767437549966 -6,222093938728 VII
1,804351671802 6,396574874205 A9IV
-6,248284762684 -2,307812775074 F3III
-4,343738713666 -1,541403181319 M8II
4,433733211616 -5,704693498516 B8IV
4,523912784569 5,848374692323 B0VI
6,370838140837 -3,089508009307 M8II
-5,949323521942 -2,241076587223 M7II
-4,040451319200 -2,094086347964 A4II
1,998914416691 8,201348837860 G9III
7,513557367040 -5,458581302542 G7VI
-7,889177163581 -1,789019999322 VII
-5,905917550752 -2,653274393030 G4IV
5,278899801166 9,229101129304 F4II
3,374109990258 5,724285507607 VII
6,471017971018 -2,754702487037 VII
-3,402618788624 -1,873610325421 M7III
-3,943230788483 -4,064016785198 A7VI
0,942446084148 6,015808928531 G7V
4,143320302577 6,454100999174 O8II
-6,510181931602 -4,906578779430 VII
-6,327383765169 -2,338460696787 A5VI
2,471424150742 4,970271522028 F5IV
0,917779510382 9,266565205227 G6IV
6,792597082914 -5,868337810623 F1V
-3,237370188968 -3,878470182560 B1V
7,189937707658 -3,685684893920 VII
3,124464540390 6,773631138990 B1VI
-3,143293626067 -1,484075038759 M5V
5,090925710202 -4,096416078239 K8II
-5,085285672736 -0,830558895513 F2V
-4,683480803967 -4,890957056399 F7IV
6,876664054278 -5,315716084753 F8I
-5,349914677281 -4,452625773804 M4I
1,654641940431 7,039108583627 A0I
1,401507323865 7,886438178584 A7V
5,579098949859 -4,528046126273 F7V
1,783696090694 8,591629195258 G3IV
1,964130210102 7,346021363294 VII
7,959773036564 -3,164998870720 G0I
-6,955729435216 -5,437690444493 G7III
2,529215354385 8,281976087332 K7II
6,781111943521 -6,466504947135 A2IV
8,671983699956 -6,419427683428 M0I
3,167279306998 7,067284389372 G6IV
-5,591430425264 -4,877910378634 O0V
5,368163557253 7,192039692600 A9I
-7,004876496350 -1,075775054219 F8III
4,860466126870 -6,124092746422 M0II
5,775906291867 -6,005429587039 F5V
-6,880086538995 -2,515792719221 O7II
2,884800669835 4,624169931604 VII
2,848488110758 6,447898187821 B3VI
0,680011725355 7,465846778631 VII
-3,526621428842 -4,444348332147 K0VI
4,177071324735 -6,342191229848 B3II
3,521390921183 4,544200799764 F7IV
7,200065664782 -2,475850855194 VII
-5,744817703414 -5,592454306056 O6V
-5,336068111865 -3,193112480304 A6I
4,335719350630 -5,373473186657 B7III
1,705009429357 8,875935215683 K1I
-6,086438759781 -2,193217761489 A1VI
-5,125619237153 -2,372539585229 F4III
5,702109509232 -7,182405082634 A2IV
7,609340798309 -3,943172381247 M9II
-6,807232811170 -4,849406411668 VII
5,849151199585 -3,782089976954 O9I
-4,866292212499 -2,990264568643 B5I
4,686142932780 5,409084722412 K2V
-7,098654731398 -1,997019405010 K5III
-5,896758754001 -3,424580094129 M7VI
-6,882374481940 -3,975657683646 M0I
8,825849243755 -3,189609873251 F2IV
-6,642121115159 -4,763654473911 M3I
3,873969470928 6,723133562081 A7III
5,108874010708 6,716027951006 B5II
4,954018159699 8,627675974143 K7II
0,451101431134 7,111751137101 A5V
-4,347922279327 -5,563872849655 G8III
-7,778270658028 -3,245541207416 K2III
-4,195174520239 -5,544088722658 K9VI
0,700290915216 5,039091873225 A1V
1,985918225470 6,714181122851 F4II
1,403178385057 6,527098793562 O2I
5,142447617041 -3,375739204254 K4VI
-7,714614612748 -0,852908459543 K7II
2,127696332875 5,907413765725 VII
-7,962682173616 -0,938984912213 M7I
4,098971218328 4,852840221882 B3VI
-5,384203470489 -0,887592649460 G4V
-7,830280011220 -1,827852217142 M5I
3,400842011925 5,847898253103 O6II
-3,603823657353 -5,706243205166 O5I
1,046858840613 4,949419114757 G1V
5,370160020489 -6,498702562032 K1VI
-3,475583276686 -0,837837723747 B3I
8,297345420888 -5,316302536833 F3III
-6,371453414439 -1,141012871924 VII
4,323393998409 -2,890379265622 F6V
0,606225729029 6,599835752841 B3IV
7,515154834147 -6,462479476227 F3III
-3,329193922583 -3,015339461698 O5IV
-7,657573306962 -0,888006710560 M1I
4,327921521090 -2,350580268627 M3II
6,311334297666 -2,774004322403 M4IV
-3,349891418644 -3,780551182731 K6I
0,982417561166 7,807392130758 F9V
4,968596360024 7,106156307011 O6IV
-8,029520513714 -3,137386358885 M8VI
-3,552749683201 -4,426208227401 O5III
1,774969342626 5,184822468627 VII
6,228027336693 -3,515245886985 B3I
-3,399624601399 -1,852760136283 O5I
-5,447951924008 -0,919452756846 F1II
-5,919088684290 -4,474742449164 VII
4,856911620732 8,959552758217 VII
3,751582928746 8,317999857812 B4IV
-7,865295238355 -1,175650537104 A7II
3,345044245067 8,142484201499 M5V
3,704453058103 8,744527593649 VII
-5,379250779476 -4,674253781528 A3II
8,350912202846 -4,419573153758 M8I
1,007463713707 7,382254855049 G0III
-3,440879406247 -1,732833789851 G3I
2,154443494614 7,227783143901 O7V
7,026176539904 -4,553645214369 B8II
-5,426002014192 -3,203622661309 VII
5,679445695791 -3,807256369830 O4IV
-3,908747561453 -1,159885165811 K8II
6,024719751970 -7,279736549149 K6VI
-5,024901706737 -4,836184247722 M2VI
-7,816765147999 -5,223362203209 K0IV
0,999064242164 8,099545367829 F2II
5,220197691680 8,450144904867 K1III
0,965066321964 6,784370514108 K7II
5,499385053465 -6,864176148896 G7IV
-7,560677738162 -3,566378906426 K1IV
1,447006142226 8,082367793343 B2I
3,841487758388 7,393856856722 K3V
0,569391702131 7,948255087193 B7II
5,977336277769 -3,386093258982 O7V
3,753923661685 4,969171121032 F2IV
6,876787986612 -4,675071611161 B5I
2,063197583878 7,494021560082 F7IV
-7,789215830725 -3,812581186977 G7I
8,883994847150 -2,999418997869 VII
8,628390027455 -5,305320958061 A7IV
2,019180708219 8,500837320294 M4V
-8,019484192581 -3,696856326140 G0VI
8,167259074581 -5,825112610680 K7III
-3,445187455273 -1,934061222668 VII
3,944213320682 7,050217222750 M5I
8,232369335472 -5,957351268545 O3III
7,581617075300 -6,909261229904 VII
4,642385340239 6,082647491939 A3I
4,671903892462 -5,265917739794 B6V
-5,488818972594 -5,260674276430 VII
-3,150247914296 -1,334323964166 VII
-6,470192631602 -4,231616839347 O6III
-4,095421511679 -2,159487606936 G4III
4,149604137147 -5,604755109051 B1IV
-6,307963385186 -3,028062046299 B5III
-4,874546705022 -1,129837528743 G0I
-7,030649279355 -3,251292711525 G4IV
4,357681743908 -3,294570756904 G7VI
1,564170285014 8,613655706388 K5V
-6,187996986382 -4,596907566368 K9V
-4,548808208359 -2,063632784080 M8VI
4,588983056508 -3,976998116226 K4IV
6,175112383793 -5,162790699278 G5VI
2,269763100860 5,598442319462 M2VI
-6,351186909552 -3,142534986809 M3III
-5,532162436867 -4,990992178239 O1I
0,789910461606 7,522555394404 B6IV
3,144454855674 7,848723273322 A4II
3,671692674773 8,488427541206 A2III
5,876345968815 -2,306452525454 A2III
2,632975466717 6,249673861487 F6I
-4,327287754667 -4,675922105542 VII
5,069636812554 7,578270657475 VII
-5,800901803819 -4,957211561271 M6IV
4,211757757601 -6,211065231141 VII
1,658356493018 7,454640485251 A2VI
4,444490297157 -5,045461407005 M0III
1,651640632692 6,439886008092 VII
-3,629168662554 -3,129117333476 A3III
8,556048932849 -2,683293633737 A1IV
4,309150691137 -3,221910689346 A8IV
4,311049644561 8,826899873970 O2II
4,085799920235 8,336226377103 B5II
1,779580606682 7,502267356517 VII
6,640716550822 -5,564720058303 G4III
2,271823364682 7,019881283412 G1V
4,366565834456 -4,802141141199 K7II
3,063554173928 9,152991706516 M4II
0,811276071102 7,335314408936 M7IV
8,325779369595 -6,820647090620 G4III
-6,632845119235 -2,603461268126 K9II
1,100102633528 8,529326431356 A0III
7,470356789008 -5,880844471984 G3VI
3,655890226325 8,094700365916 VII
-7,466401311471 -4,603830630915 M7VI
-6,691588061600 -2,832766976799 K3I
9,036532024336 -6,089764207211 G3VI
-6,081451117246 -1,619462168504 M2IV
7,694665102733 -6,292467086730 K6III
0,612845396596 5,419502218855 F8III
-5,567790763223 -2,785754223903 G0VI
7,504021557189 -4,542092516777 VII
8,627781575353 -6,492965545260 K6I
2,919461655442 5,743260332653 VII
0,952202397572 8,425055492537 B2III
-4,641128743653 -2,538401187021 F3I
5,327887086210 7,097053172766 B0VI
6,352130951656 -5,623183750521 G8III
0,515802226796 6,557170197165 VII
-5,516859119815 -3,503145101157 G1III
-3,793988850031 -3,623484276037 VII
6,046547703983 -2,841674821199 K0IV
8,397084634332 -5,290140340069 F5II
0,770931203379 6,615876818087 VII
-6,783309108630 -4,108314539607 VII
7,481866808906 -7,043941061250 A9IV
-3,651667260241 -5,647725863676 G6I
-6,656263872677 -5,445614158426 F9VI
5,032141997159 -5,092032398957 F4VI
-4,467615909233 -4,630089908864 M8VI
7,590116527700 -2,922663283420 VII
-3,220101650961 -1,995141952997 K7VI
3,017759232901 7,502321901611 B8II
4,306067738049 -5,437967764365 O6III
2,627332401008 9,179907141942 A9II
-3,397009091922 -3,848035992406 A7III
4,697605371887 -2,800277345338 O1VI
5,335057183039 -3,911579620927 K1IV
5,358081787430 8,778623622936 M6IV
8,043817280608 -6,964688798762 M3V
8,996435394906 -4,904430076481 F0I
7,644791261804 -6,320209913955 G0V
4,274624460309 -5,370955951119 K9IV
4,781351018205 -3,505838964949 B4II
-3,618450677681 -4,832634417052 B5III
4,448806194791 7,572501794987 B2III
-7,635475681453 -3,018727205173 O7III
-4,776444255267 -3,035226831089 VII
5,112617802808 8,438401662438 A0VI
0,590412585463 5,654309976381 M8I
7,509769450768 -7,128627398423 B6II
5,061416743826 -3,379537040849 G4V
8,424673390392 -5,572081078423 G2V
6,606086291284 -2,830808034548 O7II
1,003381113476 5,188989635910 F1II
1,823929413135 6,051434399062 A5III
4,391750500933 -3,155166933268 K6V
1,143850134210 8,944387475011 VII
-7,625651657254 -1,048503606135 VII
6,865193569053 -4,257791611017 A9I
7,018083694671 -3,617840877100 G0III
6,156643900762 -4,755013547873 F7I
5,188474322646 -5,774488441359 M2II
8,151228143862 -5,028317682316 A8I
-3,764633472343 -0,867077223359 B3IV
7,907171561289 -6,208165448213 F0II
2,629417248842 9,010536157374 G7VI
4,605915822557 -4,404765615538 G6III
2,412322448307 5,134213876875 B1V
2,866238403498 7,174031376757 F4III
0,687150304165 6,604482965220 K4I
5,017006327835 6,352872117835 O5IV
7,679695592649 -3,066758653900 VII
-7,323876811983 -1,952074295832 M8IV
-6,926301535622 -4,421948069727 A2II
6,913154215145 -4,150421084287 G6III
1,301928449492 7,551279461692 F0III
-7,131148232563 -3,906994918502 O5IV
-4,788523213733 -3,336998455247 A0V
7,191174911920 -6,687167305665 O5V
8,770252451634 -3,140848660755 O9I
8,901427658186 -5,640606129402 B0II
7,798693701425 -3,053468480775 M8III
4,639966343585 -4,955017383056 O1II
-6,695365299509 -2,324390907057 F7VI
-3,529376163357 -5,647518847293 VII
5,990724419303 -4,381760093352 A3IV
-6,603846173419 -0,903395522201 G3II
-3,859593519688 -5,355041969776 M2IV
2,321674000719 9,069255288899 K0II
2,874459802417 8,827576595279 O4V
3,091167477053 6,064898712013 VII
4,370318781196 5,370733686842 M2II
7,262111880133 -5,118665022705 VII
3,867562710906 8,789891420417 B7II
6,542414876431 -5,476616796663 VII
8,285373196985 -5,938218613936 F9VI
7,522128748969 -6,019801771702 A0V
-4,782811434682 -1,543173944299 F0VI
-4,877853082513 -4,013732309383 B3I
5,379865890563 5,535442500751 F2I
4,241737044519 8,167990368832 B2IV
4,295944730991 6,247629200965 O4IV
1,506124774501 5,048915269700 A1II
3,628868071694 6,086033290903 B3III
4,990651561819 -4,719459882897 A4I
-3,606628580207 -5,439338883217 A6VI
7,982815749897 -5,182084437737 VII
8,144087341476 -4,090647249934 O0III
-4,174694119899 -4,524681048214 B4IV
4,981569940458 -6,912949785035 F6I
9,116252022399 -5,960778723329 M0VI
-5,023189083295 -0,767221045438 F9I
0,697915631293 9,190397930291 K1VI
-6,979689232347 -5,686345136745 O6V
6,235391892344 -3,865302606164 M5V
-5,852659108066 -1,704958503939 O2III
-7,588586831395 -2,877057469711 VII
5,136767748006 -4,889424840829 O6III
4,746879393245 -3,337317375536 VII
-4,107210604770 -4,620120097885 VII
0,796814782319 5,251276331841 G1IV
1,323697932115 8,547256896385 B6III
-7,995124856985 -3,482753681255 G9II
7,980857217805 -5,835964897921 M9III
7,419685017793 -5,712221455303 A3IV
-5,337262429467 -1,284332612783 B5III
6,629250982408 -6,091163568478 G2V
2,543929521148 7,521291619819 G5III
-7,950280576389 -2,602391642250 VII
-6,946828721395 -2,385321709149 B8III
3,116719310020 4,920685656263 M8V
1,206349298726 5,826007285561 B9VI
-5,235884209071 -3,154730758991 A2IV
6,406954323417 -6,554838017175 F7IV
5,022808302586 5,384113468967 O5VI
1,597869587246 4,827300129205 VII
-3,482181554150 -2,283480390682 F9V
2,544710552614 4,914883389889 G3IV
-7,833256473117 -1,523122215980 K8VI
-6,720435246209 -3,048019642351 B9I
2,941988430355 4,537316869809 F8VI
1,456702783333 4,379631827130 O0II
4,154266020810 7,765194612478 M2V
-4,210218104325 -2,561468009475 A5III
2,950625230114 9,222091690091 O2II
5,654952294016 -4,086690402663 G7I
4,603406591231 8,302026596644 G9VI
4,238307016715 -2,808113758124 B8IV
6,713443080819 -3,742523747350 VII
-7,531057490044 -5,686918751036 F9III
2,489668007789 4,448804580028 G1I
4,405254488722 -4,664091256072 O7I
6,410273706338 -7,297788817885 M1VI
3,575949097095 9,181145764630 K8I
1,244498707246 7,042394053325 M2V
-7,382962724380 -1,732826071981 O3I
8,024251242073 -4,004477628954 M1I
2,556295386558 7,603569053856 VII
4,706923812271 7,435034716186 O3V
-3,402633126584 -3,640387472933 M5V
-6,822004610136 -2,917638083793 K1II
4,371924090333 6,415615321769 A0V
2,723540525115 6,339625114960 O8I
1,928567553661 6,181082677409 F2III
0,709386287378 5,626707512231 VII
4,991381394660 7,968140549040 A4VI
-5,789900368674 -3,767427486852 M2IV
-6,328926641624 -0,757586261388 O9V
-3,099533951790 -4,216665695718 VII
2,766966493809 8,195397667210 VII
-6,923648312947 -1,447864677056 B2II
3,891512760334 8,460592854681 VII
2,665401236071 5,934235563918 M0V
-5,848740294334 -2,552057760243 F1IV
5,735052646571 -3,938840521908 A7VI
-6,395334679309 -5,349126894269 G3II
7,778526063293 -3,889517802002 K9VI
8,683087551224 -2,952777587391 M3IV
4,945751251734 7,887272498856 B9III
-6,273758567410 -3,886181194256 M2V
7,618806042602 -6,230754703814 O3IV
7,911325425268 -3,869072118660 K9VI
2,987546086944 7,402224319271 B6II
0,443177792565 4,693312262580 F4III
2,754238578476 5,904376959487 K7I
5,429977327614 -6,591362182860 A0V
6,018532268010 -3,511700711224 G8II
-4,121296544640 -5,280812779630 M0V
3,701942824484 6,068494631555 A4VI
1,540433583146 5,492343505175 O0I
-6,122281028331 -1,310223402548 K4VI
-7,607606589393 -1,574652095185 K9VI
-3,871344344709 -1,425292355909 K0I
5,899004541607 -5,473777863454 B4VI
0,593324834155 9,263856320491 A2III
1,373223434848 6,227765926346 B7III
4,077786162974 6,910349537807 O5II
-5,379474221506 -1,332762210893 M4IV
5,740604286970 -6,670168488526 B5II
7,700189081291 -3,036711094807 F6III
7,216625307571 -7,221418087393 B3I
2,138166498888 6,822490120777 G9IV
-5,081470695952 -4,132638033135 M7III
1,592013223946 8,135344051662 M6III
2,415750485319 5,907563460621 G2IV
5,408164119013 -4,791613040583 A7III
-4,028807651168 -3,769132377432 K2III
7,998348476437 -6,097706329299 F4I
-3,318680121395 -1,258338820890 G1VI
-5,467644075835 -1,689520696511 G8V
-7,675323699206 -2,307861204857 G3II
9,109931368248 -5,983227618930 G1I
6,729212654448 -5,293867662354 VII
3,979127148182 8,971974189020 M2IV
7,996400597148 -5,628910101423 A0III
8,862895851733 -4,025177370194 K8I
4,654497208926 8,470192959439 K8IV
1,269594015279 5,878006165312 G7V
4,681882213519 8,826916400998 G1VI
4,539222571866 -6,207616871515 G8V
-7,012802614419 -2,186225245433 F8I
-3,974883682463 -3,075266917692 M0V
2,588640112831 6,556592414062 O3II
3,121103351452 6,707883804475 O8III
4,930364312213 -6,799725432787 M1I
-6,023668802129 -2,219751635699 VII
-5,749691770727 -3,105072152809 VII
2,995263693503 6,537328042613 O5VI
2,166483649627 4,893406657317 B6I
0,576488877753 8,176875324397 O3VI
4,024899508400 5,439016678297 M3III
3,288927073799 8,099241395881 G1V
-5,848920267783 -4,849705994873 VII
-3,390103020158 -3,307999574620 B6II
8,386667281475 -5,147604151759 M2IV
9,068879629375 -5,514290488880 F7VI
7,615950970524 -6,398036671461 A9I
3,327240864907 6,288422433544 O8II
5,774124629189 -4,850112861317 A8I
1,523529895816 7,869401018367 A2III
5,276858705729 -7,145576614431 G2III
-3,752225364017 -1,511834262953 VII
5,565884975527 -5,397612803949 G1III
2,671202937282 8,066725696047 B2II
-6,128566182025 -1,137488983694 F3III
6,898450421315 -4,557045906539 F8I
8,634514430734 -3,283743686124 K7VI
7,516967278147 -6,968507572154 A5III
8,777892705686 -3,298671627376 VII
0,831704895885 8,145441169155 O8III
0,763264603770 6,601560268494 G9II
-4,569064579884 -1,972183974172 F5II
5,320142871676 -5,405585429859 M2III
2,998780282657 9,248551202230 A9VI
7,087809402160 -4,966911657923 A2VI
2,223818219003 8,752635004041 K0I
4,544020248081 8,526315700139 VII
4,364243699660 -4,979498549504 K9II
5,340443635173 4,616611656894 B2I
6,317785484855 -5,345884877149 M1I
-4,947203800994 -2,902489417655 A6IV
3,077494693062 6,278283571766 VII
-5,997155944014 -5,474149803593 VII
6,742382658053 -6,496837330793 A3VI
-8,013684928405 -5,534576103856 M9II
2,154192085557 7,728425972517 VII
-6,131845901331 -0,826475929746 K3I
-3,079125722647 -2,504870347848 VII
4,557145044784 -6,387232683342 F4I
1,328266221515 8,981416280569 G2II
5,068143428634 7,157813434472 F9III
4,533523374658 -4,196708766980 VII
8,012350356869 -3,991319592511 M5III
5,121860401171 7,279128293737 M4IV
0,434730038291 5,035113448607 F8VI
7,350089073513 -2,612950095986 VII
4,801509687597 6,380555218864 VII
5,216028663357 -6,667893693024 F2IV
4,919110498036 -3,766790202484 F0I
7,950150076463 -4,678033692172 M2II
8,163106987670 -6,022985014740 B1IV
6,557232741074 -4,560685148133 F0VI
8,152143549003 -3,748787314773 M8IV
5,459286951036 -4,416723894996 M4VI
-3,603700665087 -1,735669511438 B1IV
6,240065993014 -5,130574726908 K3II
4,185636990111 -4,611096276326 A5II
5,777958164774 -6,043552411626 F9III
4,951141670223 -2,920854985855 B4II
8,580629323930 -5,324176555040 A5III
3,777344666791 6,266078817458 G9IV
-7,465744259295 -4,483707439343 VII
5,612563144282 -4,443678570083 F1VI
2,533249787176 6,132885086200 VII
-7,610925769033 -4,393375061248 B6I
8,092153396126 -6,823465247850 M5V
5,021312576071 -2,728118040152 M3II
7,852523764776 -4,732172907096 A0II
1,338360292074 5,499635096231 M1II
-5,764462523222 -3,726715098782 K3VI
6,482677287726 -4,063487231683 A8VI
1,017377485916 8,058221613652 B9IV
-4,836612941900 -0,835253614869 A4III
-5,543113456340 -3,554444083600 G1V
1,436470705308 8,302514484032 M4I
-4,204303940007 -2,827276334373 O3II
1,984128737284 4,923728911976 O3IV
2,325967664637 8,178475639806 M9III
5,276253551384 8,592777362310 F6I
5,361937624796 -4,385075044896 K1VI
-7,439971447097 -2,788561645347 A0I
4,053946956367 4,645634256418 F8IV
5,347254133522 7,103073927477 B2V
4,516524421538 -4,934211850400 K6II
4,971083770443 7,219465323334 B5V
-3,063479891247 -4,880317283453 B9III
3,342266616984 5,591807139150 F6VI
7,941832927290 -3,375485534861 O9III
8,889757719649 -3,420895055377 F2II
-5,955219625040 -1,312793848498 O3II
-3,771970005695 -4,207170998790 G9IV
4,240691837563 6,674899941055 K7I
4,084397041996 7,885739854366 M7VI
4,588354374326 6,899894511342 K5VI
0,664523151374 7,783591070271 O9III
-5,062015971418 -0,753439476986 G6VI
-6,399514524515 -2,378526573207 K2I
-5,281518975793 -1,572504258337 G2I
5,253768054828 6,616943755535 VII
-7,748591069380 -5,290083353382 K4VI
4,564947624743 8,604386509861 M1V
4,389463423154 -7,185759158169 B9III
2,774975382161 9,373483802537 B8II
2,460585329012 5,046330984141 M3I
-4,898921880996 -0,961221916416 K3V
3,599096226629 6,105088464857 F0II
-3,660031258174 -1,671363527997 F0II
-4,579817805039 -2,099501072804 M9V
3,860266588430 8,092963091002 B5III
-6,397882423443 -5,476265222651 K2V
1,029040233130 8,047953159241 B5IV
3,234906012643 7,723007053333 A1III
7,492702081179 -5,078138423968 K7VI
1,060401848498 6,775108098638 M0IV
5,336066510492 8,033029244519 O9II
-5,492155054695 -4,377060740874 A6V
5,127930621225 -6,154677172472 F8III
1,802103166856 5,913541571537 K2II
1,705752919690 7,137188656819 G6IV
-4,063096922307 -2,890680679850 M8I
3,134158700680 6,681302752555 O7II
7,940732936181 -4,250389803198 F9II
6,895211415781 -3,186326641585 M6III
6,799958495784 -2,805224303636 G5IV
3,895424660433 5,383764549569 F7II
-5,606663820052 -3,341216597855 G1VI
5,102941342662 5,770404115181 O4IV
6,567867717322 -4,641403789458 G6V
-6,946636760681 -2,716485358920 M0IV
1,675494988843 8,809322963346 K3VI
-6,774476238033 -2,833416463576 A4IV
4,305486160151 -3,172898738616 M7V
-4,450127298527 -5,395076148058 A3I
-7,661136637337 -4,909242710381 B2III
-5,702442457106 -3,132825287454 VII
2,837720364733 5,980437800411 B2VI
-7,865467050557 -2,383609818491 A0VI
3,073074155431 5,736589688797 M6I
7,802486510572 -4,301445935734 K7I
8,505755591935 -5,915702715121 VII
-3,812127657142 -4,671656824742 G9III
1,523622436077 6,802150069915 B8I
2,914455882711 7,645478241011 A4I
1,492570540828 5,337149698391 M1II
1,439828342971 4,532505253427 G8III
-5,791132569520 -3,104657146820 F1VI
4,441720522261 -4,873507846754 O0I
3,753399986868 7,266347334353 M7II
4,233891615126 9,087943220953 VII
-3,119401014364 -4,261958582292 O5V
0,847727978587 8,878605110852 A7I
2,120377392567 6,779618834497 VII
4,773502287852 -5,956884371542 O8III
4,223754411760 -4,812498624776 F4IV
4,041292693811 5,378083530950 M7VI
3,510439029726 4,692625137965 K8II
8,474077235073 -2,406919478135 VII
4,217186360401 7,439163451956 G6III
0,686739596530 8,339783833530 B6I
-6,852465839599 -3,412812020881 A9IV
5,519143813312 -6,716309094370 M1IV
-4,589565873409 -2,932749122907 B6VI
5,266879338647 -5,709227934618 B4VI
-7,410074813313 -4,171276755942 G0VI
8,017968977583 -3,442164246028 K0II
8,084095390043 -4,012506441347 A5I
-5,819206225213 -1,306791330044 F2V
-7,581851309395 -4,892638744230 G7VI
-7,982342158380 -1,728434964592 A8III
0,690672419747 5,010530015414 O1V
-6,746411392434 -1,099648786778 O8V
-3,350274058978 -3,111297111804 G4VI
4,097021951465 6,063267244674 O0VI
3,973622399898 7,223190911489 K2II
1,673080015913 7,316766272001 M4I
-6,020947240557 -3,887573569585 VII
-3,630889439693 -2,248804210587 O2III
-7,264482330610 -1,237811307227 M7IV
-4,071134227476 -4,315588978864 M9IV
7,477596333332 -6,535057670872 O8VI
6,381380303710 -5,482291102426 A0I
1,835334843007 8,010612348286 K9IV
7,834033360414 -3,154990932423 K4III
5,444010728000 -5,180860107102 O7VI
8,337029161827 -6,380561698507 F6V
5,793550454842 -3,325978108262 G5I
5,920263456737 -5,199778328079 A2II
-7,703207516178 -3,934378901816 O5II
-6,529136078186 -4,866891485346 K6II
6,858894136168 -2,573065255255 K3VI
8,999294681261 -4,247299966088 VII
-6,919199627274 -1,343323322422 G4II
5,677581042994 -6,250792689680 A9III
8,024933470190 -5,827440079998 VII
-6,531923575729 -2,598053974665 M2IV
8,393978065221 -5,027278370749 G7I
3,736183299688 5,209816416858 A8IV
1,383144096309 7,521872468582 VII
5,217507299124 5,782657576956 O3I
4,261675945737 -3,911481182502 F9I
4,613203121633 -6,078548959883 VII
-4,806129153870 -5,477058639341 A1VI
6,538256661775 -5,021080084196 A2V
-5,896321759659 -3,513660465333 B6III
5,152173008140 7,065658495007 G7III
-6,348845313646 -5,151603939133 K2VI
4,410920875483 8,415357801926 B7V
-6,596792603569 -1,582543879911 F5IV
-5,735742958958 -2,964160910574 O7III
4,257391508077 -5,648924102906 F9II
-6,876229510288 -4,349974672261 VII
-3,752354521044 -5,541622110075 F4V
3,754247671463 4,622841470264 VII
8,660496373754 -6,369884752256 G1II
3,240131798311 5,651839694455 M0I
0,940056748079 8,597073422044 G5II
2,868120298655 6,770074923645 B1II
5,783752651349 -6,847946495817 G7VI
0,610660744994 6,244173630758 O8III
3,170858580410 4,867565234195 VII
5,336375027346 5,721583598031 F1V
4,388502495937 7,481338769081 M8I
2,562038557456 4,810375097662 G8VI
4,416849669466 -7,227197449059 F1I
-7,872240358352 -5,264332115449 A2IV
7,512374283541 -5,268012101635 M0II
8,941309699610 -4,786316474098 VII
-3,935042967634 -5,221116055916 M0II
2,953324534599 8,034553885108 K3VI
5,675046357182 -3,714275820430 B7I
5,371186996918 7,637300609789 A1I
-4,324488434164 -3,963634191154 K3III
7,123570543229 -5,750044982148 F8II
2,089593535626 7,190511345255 O7I
5,057782123739 7,078574617482 M8V
-5,828524301240 -1,505073642916 VII
2,058089496752 8,037242504520 B1V
-4,580891058912 -3,125976012207 O8I
4,345195513316 -5,178177619694 A0I
-5,013939006052 -3,469369583550 F6II
3,395796339512 6,988680217046 F0IV
-5,706360440248 -3,758733623892 G9I
-3,932115888889 -1,766469729527 F1IV
4,362129054167 5,402321399301 VII
4,973545413346 7,677445626619 O7IV
6,627414285527 -7,032746448968 O2VI
-4,138193968744 -3,177612749701 M1IV
4,462873812631 -5,287737824932 B1V
5,396738669385 6,418613327183 VII
1,780343883258 5,633087356894 G8III
-4,102482767730 -3,954604278753 M2II
-4,326590154959 -3,129103043711 F6III
-4,409863507684 -3,840196110437 G9II
6,172780186755 -6,660331301476 VII
0,873425218507 6,145949990764 A0V
-7,910547130381 -5,295013332503 VII
5,366697368391 8,209759898823 O2III
-3,553786144129 -3,962527467807 K6I
4,125771227470 -6,623373350434 K9V
3,240782204668 5,176517868910 F7II
1,521772131544 5,040448717724 A5III
4,722119311258 -5,306264756899 B0IV
-5,215646809399 -4,245086462928 VII
7,445971413151 -4,557035594978 VII
5,021445557863 -3,896159494574 VII
-6,841062165620 -1,874197169179 M1VI
-5,153850292285 -5,276279979904 G9I
4,853380518569 -6,858352053458 F5V
5,321492920483 5,099233765071 O9III
-7,891400433739 -1,635101597347 A0VI
1,247747307907 5,574080519107 F3V
-3,397241992777 -4,117249507881 B2V
4,875878504067 8,543655856892 VII
4,781036029724 4,509534681271 O8VI
7,659613144485 -5,233461602738 VII
4,535918679968 7,272453853070 K7V
2,028074398535 6,808393067843 F9II
1,684303136202 4,473308806124 K4I
5,687499027524 -3,986802675969 B2II
-4,818408351672 -4,164313762064 K3I
2,478346152541 7,470904302226 O7V
-7,615607743846 -2,339992945243 G5III
8,485810936696 -2,450138601014 A0V
-6,236473231270 -3,445378555092 VII
-7,113313057657 -5,367069758313 M1III
-7,695923206081 -5,503070871860 M3V
8,469487185891 -7,088955063349 M7V
-4,233413274643 -4,626169812149 F3V
-3,731190764356 -2,881101746962 VII
-3,272134504127 -4,341670851132 B2II
-5,514750918421 -2,265161923984 B9VI
-6,887014756908 -4,939138169291 K8VI
-4,306464065431 -5,182211878505 M6V
4,128015428474 7,676239564009 B9III
2,552221684927 7,815236770940 M5III
1,917803428734 7,721728455986 B6I
4,901032804696 -3,281442345649 M5III
-4,963273694380 -4,445998383391 G1II
6,934854949176 -3,443892413515 VII
8,249588087781 -2,582940151082 VII
3,189545048265 4,555679440482 B9I
-5,376273196600 -1,817271683155 VII
-6,554354911735 -0,758094403893 F2III
0,563748692781 8,203199423547 F2I
5,034063575040 -3,612955579916 A1IV
1,384908102069 5,363391724705 VII
5,226507195571 -4,038377232401 F2V
2,982962202969 6,765657889115 F8III
8,024057915310 -6,276412184646 O0VI
-3,322282187719 -3,274580676857 O6III
-6,714675279377 -5,223027729488 A7I
-3,249974036465 -4,688028735367 O7III
2,318671681848 8,739429318055 VII
-4,420045111100 -5,428879515452 O9VI
1,053726511602 5,139851403680 B6III
1,076826908406 5,139482183666 M9VI
-5,258326087075 -3,753220170213 O5III
3,632885222106 9,289658442482 G1V
6,495943580890 -4,443785648950 M7IV
3,860507831020 6,022569697794 G5V
-7,502905413284 -4,928975168714 M1VI
5,204799945468 6,302490890140 B9III
6,958241950711 -5,750997132231 B6II
3,489618180361 8,236091400470 B9III
-5,727649580461 -1,362474374699 O9IV
-7,940414711025 -3,221259391167 O4V
2,582341207243 6,634920294818 O3I
6,138791281050 -6,359401181407 VII
-7,946172497238 -2,397953703363 F4VI
4,533888149427 -2,822316655979 F2I
-5,486983302339 -2,281831765386 B0IV
0,699221752113 7,789129964128 M0II
4,482350675533 -2,879117343365 O8V
2,763582991030 5,951088014099 B9V
2,798258385761 4,987665546567 M0V
-3,162175867075 -3,311403255558 M1II
6,500761719376 -3,878259773718 O3III
-3,411095359115 -1,836910767499 A2VI
-5,962639516982 -5,530228300466 G4III
-4,054050976187 -5,491194470131 O7VI
5,914665451116 -2,662429005707 M3I
-5,005358502668 -5,368910844991 M2I
1,725651958048 8,735877893826 O8I
4,690894681981 -6,700613621613 O0IV
4,149992918614 8,919443011856 F7II
0,823733526077 6,491276096799 F2III
5,187438882371 -4,522564537371 O9VI
-5,706264989046 -5,512424715102 B5V
-4,132256552288 -4,568847353525 K3II
0,910180490830 9,209907226725 G6VI
1,138858822135 6,551920487298 VII
4,154654363180 7,780913126321 K5IV
2,914332604982 8,601095038835 M3IV
6,372838615644 -3,502776679947 M0II
4,199265882168 -6,741126160424 VII
4,992046978042 -2,301541309520 A6V
8,063868515389 -4,024232744227 B2II
6,540332673049 -6,915136263722 VII
6,415757265296 -4,937656990675 B3II
-3,431769249443 -2,482560290064 B3III
4,540905028011 5,228309426533 O0II
4,314869559599 -4,932414483206 F1I
-7,861811392387 -3,249846812355 VII
6,619274357824 -3,564620502824 M3V
8,330914340142 -4,487893957865 G2VI
-5,080212695676 -0,829788394575 O7V
7,270521569651 -5,987969536881 G2VI
-4,584381865161 -2,279324648001 B2VI
2,920327082359 6,170885560478 O5I
1,882433763707 7,918143323077 M0III
0,599514580623 9,117837332198 M9V
8,946532524815 -4,678684706003 G6II
-3,848396838338 -4,287700537349 B9VI
5,098180788560 -2,645013323701 A0VI
-4,116563505884 -3,549799837910 F3III
-5,253063953098 -4,632408481678 M0II
-7,350862472506 -4,604978725769 K1VI
7,236765044033 -5,575185547489 F8I
3,002003526865 8,083379685608 VII
-5,826168758845 -2,579137682654 A2V
-6,948672914262 -3,915846682637 B8IV
4,827497752610 5,801078268284 O2I
8,912874970389 -5,417979549000 M3II
1,656234265240 6,710526467912 F4IV
2,988078737248 4,968208388020 B1III
2,559343774769 5,677825483707 K5VI
1,748650585516 6,793556035492 B2IV
6,850424332902 -6,483108301220 VII
-7,182383410175 -1,138191319673 M1IV
1,661229249490 6,049411484225 O5VI
-3,051213841060 -4,199779953709 G4II
0,820555576883 8,899190266093 G9I
-6,500411076976 -3,709030640875 A3IV
7,097127586640 -3,000264541934 G2I
4,738324471369 -2,445024778229 F5V
-5,981014807451 -4,192538879313 F5I
-6,815772712950 -1,756634833764 G6I
8,084854236696 -6,363686727287 M5V
-7,805363130503 -2,049859703503 G3II
8,369949386698 -4,174646989395 G7III
8,595653246344 -3,195017437946 O4VI
4,356250517371 -6,856294367168 B1III
8,370330755225 -6,257246855148 G4IV
8,659949283946 -6,779303132110 O6II
6,401482255856 -2,942392020383 K5III
5,318144938892 -6,255852298867 M4IV
-7,886811541341 -3,332179770842 K1III
5,201032096907 -3,023290489240 K8IV
5,156833107753 -5,024387439283 O3I
-6,089922686345 -1,180924385814 O3V
-6,933349108138 -3,187266149631 VII
-6,322561764116 -5,155518293539 F6III
8,425325553147 -4,052708218810 G2I
-4,231541689292 -3,685739657140 B8I
7,728792808160 -5,113650134414 G5IV
4,275802644567 6,346027475416 G3VI
5,942775218387 -4,775889954558 VII
0,954336332927 7,821248993838 A0VI
6,669755793472 -4,942132465859 M2I
-4,801930159833 -2,471003482850 F1VI
8,570879055312 -3,814650312871 A0II
1,184176791041 5,599437790649 F1II
1,765063972635 6,591954836257 F2V
1,690990734263 8,977571043093 M8IV
5,311938240293 7,541127138920 A6III
-4,001248563623 -4,880910837509 A6VI
7,339454042648 -7,234610466703 G7VI
7,408633980111 -5,722052541192 B6II
-5,435365475190 -5,606271804684 M5IV
2,221769625391 8,422672932166 VII
5,612381635802 -4,406160114040 F7IV
4,593493986560 -2,923059774205 M4VI
-6,125232099518 -4,737396120795 G8III
4,164950976130 -6,523755944238 B7IV
-3,069799105586 -5,676076749103 K5VI
7,443200647323 -4,447751276750 G3III
7,834593178329 -4,937254855858 VII
8,580047387146 -2,720728845741 F6III
5,513831345843 -6,057207127511 VII
4,850519979768 8,419094157400 O9II
3,441908078704 6,623399573242 F7II
-4,687143723758 -1,760497579330 O4V
6,696269577340 -2,525852493450 B3II
5,041871089352 -4,244193002770 O2IV
2,311210025755 5,233159029174 K9III
4,041916711014 6,240412382490 M1I
-5,299200436296 -5,704496123328 B2V
4,763248085418 -3,989054077668 M8IV
-3,432353016199 -4,071923135675 VII
-3,607964117566 -2,327882690493 B0IV
8,519599881384 -2,549486953529 A2IV
-4,258785439357 -2,477171719725 K6II
1,676488954722 6,208375569300 K0VI
2,913847724032 7,342722789647 VII
3,927724357739 6,868983523867 F0IV
-5,701022035050 -2,810011830393 VII
-6,133173025540 -4,223121446215 G2I
5,911532827401 -3,771226592729 VII
2,848360826924 9,283609265224 O9VI
-6,758084718381 -3,629860211058 VII
-4,950659965984 -2,598632890466 M3III
-5,251332519454 -5,512453212153 B9IV
-4,834426458156 -2,414309686430 G2I
-7,266543128888 -1,508986164616 K1II
0,477662448725 7,675463225120 F4VI
2,424461798904 4,564989738126 VII
4,480922032912 -2,390690109518 K3V
2,495244330772 6,263147026713 VII
4,309693913959 -6,811426675703 O7III
-6,610505450576 -2,609675901347 O3I
3,503135303791 5,572092608491 M8IV
7,915301121412 -6,240725859592 A9IV
8,140651286862 -2,852759678017 G2III
-7,324366378610 -4,794915961856 A7V
1,978736678844 9,026411576689 M1III
7,369270024012 -4,541209724217 VII
6,096524024370 -5,841407456958 VII
2,976162495211 7,525956840696 F6V
-4,392856576924 -1,953895234983 M1V
6,182296260307 -6,017085366261 O0I
-4,726956944703 -4,296843262028 B6II
8,561329732738 -3,462812123929 G6I
6,971947590892 -6,041773949259 M8III
-5,503940522730 -1,669610906278 K0III
4,216769814335 -3,954794667749 F4I
-6,042437109890 -3,747503829352 G8II
7,717647462285 -6,985342835576 VII
4,800106491588 4,568774517810 G4II
1,408521631188 7,707888693321 A3III
-3,557523224197 -1,478283178859 G5I
-6,395958850571 -5,479398032582 VII
9,014399442454 -7,150218695656 G7I
-7,848948644836 -4,661801150067 VII
-7,448108508608 -1,250259852602 B7II
-5,442144758004 -4,150477442933 M8VI
1,597257715611 9,002845942525 VII
4,447536526188 7,052682941357 VII
5,617822758162 -3,796499552830 M4I
8,590498557232 -3,900964741864 A6III
6,389444105166 -4,649507289673 F8V
2,474103334905 7,379046697844 VII
1,001031812063 6,236563925211 VII
1,815733945447 8,086479625162 VII
4,786374300963 -2,943505380791 O3V
2,595008189431 5,162017967527 K1I
9,094795540213 -4,613746685694 A3I
4,926117459619 4,520013661319 K4II
-3,148231879402 -4,826871782602 F1I
-5,669538387477 -3,941977755763 O1II
-3,374602180894 -4,225855339789 A4V
6,067850520653 -6,724773638229 M8I
-7,705971813188 -5,362323187596 VII
-3,348957979511 -5,012778899636 O8III
2,975842150974 7,796908247639 A6V
3,055670795074 5,011019010094 VII
8,107574034733 -3,518187139037 F1IV
4,763123889659 7,964241854537 A8V
-4,728873890094 -0,818725237365 K4IV
0,878887700969 8,404156273301 G2V
-7,728263903798 -5,523514085965 K2IV
-6,057234210410 -3,649950968182 K8II
-7,680909768468 -0,806820158066 VII
-5,433546487045 -3,444752369727 M6IV
7,735990165707 -3,983413982385 O1IV
-6,287276992789 -5,573940970701 A2IV
6,159523329248 -7,057173460303 B0III
-7,194880238627 -3,344316209723 F7VI
-5,931239919075 -1,158106282910 K2IV
4,410892979073 -2,300735809627 G7VI
3,025399661337 8,185136602904 B6IV
6,502681451704 -4,574694059640 K6II
8,012430010869 -4,450686243922 VII
-3,759713688748 -5,007029401518 M0IV
4,232050159702 9,173781814758 F4III
4,194500848182 8,652466330173 B9V
-4,063383616841 -4,811853935211 G9VI
4,425269610896 -5,406231248496 VII
5,393301809892 7,091835152407 O7I
5,568161135595 -2,429088937156 B6VI
8,716674945029 -3,053435877278 O0III
1,344762703781 6,701607984699 G4VI
8,214301617457 -4,749881102255 O0I
-3,934091421128 -1,649174410626 B6III
0,473408571978 6,381486397097 A1I
5,734740508575 -7,072451123963 G0II
-6,480319579091 -5,686630002424 A6II
-7,083843035431 -4,034277723646 K8VI
-5,400193158857 -3,863578752527 F6II
-4,897946699596 -1,511756324600 O8V
0,781512257864 8,390774576758 G6V
-6,257837502354 -2,960375077301 M9II
0,749650856514 6,486838062004 A8III
8,611787085985 -6,450476248633 O3II
-4,800377327061 -2,621947801120 VII
0,696140672478 9,162899285914 O0II
1,275391782978 5,965874232258 M0I
6,646808448804 -4,864474547016 B6VI
6,932034014148 -2,399761981716 K8II
8,407236534336 -6,993947185216 K5II
8,494959251116 -6,948339235885 G3VI
-3,709209681203 -5,244465989192 F9VI
0,571864727815 8,511698511620 F1II
2,421707381922 7,020229372644 G0V
-7,263080178472 -4,681916992629 A7V
4,930590741822 -6,123122916612 K9II
-5,362977603487 -5,520899659763 O1V
-5,289293207554 -4,465229839845 O9V
-4,569791822641 -1,986731441342 F1IV
-3,782933029132 -3,402210390070 F7III
5,287822923402 -5,856465208585 F7II
1,909296682813 8,661989036543 VII
4,146480186419 9,251998239985 F9VI
4,514525130520 7,572958290469 K0V
7,299725387637 -4,204242286077 F6II
-5,951029912799 -4,640369215476 F2IV
4,928742558837 -4,041758030666 M1IV
-7,931613264607 -2,443654710412 G7III
7,522860740027 -4,881466621774 B2IV
8,326801570379 -4,966403317412 O0II
2,038022350992 8,948651952631 VII
-5,967436975932 -3,786820366807 VII
5,064249332197 7,264889142112 M6V
4,484850425884 7,938761502676 F9I
8,999990676021 -5,126879137358 M1III
5,932882278822 -3,895323032760 O6III
5,033000643608 -4,207111162324 M6V
-3,305459387454 -2,273822670996 F1II
5,146569672016 -5,725305703797 M3III
-3,528847878084 -1,863451109431 F3III
4,605623570225 4,480606109942 M0IV
-5,869002390243 -1,616715275085 B4IV
3,623263004928 6,631889667710 M1IV
-5,152043348014 -2,705343359465 M1II
1,013772271475 6,848723290570 A9V
4,431034737656 -5,545789734853 O1I
4,744928557176 -5,055514988241 VII
-3,967899150905 -1,551849305387 B8I
4,814950588884 -4,886328514305 A0VI
-3,987367501830 -2,636907720616 O8IV
8,508213507195 -4,197732963581 M8III
8,150055324142 -2,586322157393 K0VI
-6,216870721071 -3,693875685617 B9IV
7,467418021126 -7,156766319516 A6I
-4,053654556033 -2,224397446010 VII
0,452427786009 7,456971627561 G8III
-4,851204637400 -4,075611483759 M7I
-5,105434149252 -1,174305472270 M9IV
-7,559064536235 -3,516474372419 A8III
-5,289095329638 -2,735588737275 VII
-3,454120262626 -3,215490503848 K3VI
-6,926213943624 -4,295527450439 O7I
4,413217624785 7,264944076653 G0III
-6,576393381138 -1,831925961236 B3II
-4,976055465123 -4,288394924481 G2I
6,508509379223 -3,483474481608 G8II
4,320733813713 -3,367010368289 B3II
-4,940282612069 -5,679457848664 K1IV
3,872890804294 6,678495710248 VII
7,471270094495 -3,020273908792 A6V
-7,827812704068 -4,035472117791 K6V
8,260962979585 -2,443709912816 A2IV
1,366765602507 7,059719968675 O2IV
0,777520781655 6,731726431440 VII
-6,523681487646 -2,987865406077 VII
-5,965183843645 -1,212336463594 M5V
-4,131862128927 -3,065183302479 F6II
4,152185891334 -3,874347477277 K6VI
4,537940887975 -5,120565526416 VII
-7,479633410192 -4,761180326107 B8V
-6,481702215583 -2,570065632356 B3IV
1,493689931958 8,762239140641 F5I
3,031564419709 5,525723389614 G9I
-6,881817058112 -2,034809887681 O8V
5,412105734385 6,567598470768 F2II
2,539095768485 9,320712026034 A1VI
7,996975949111 -5,660427108693 O4II
-4,110554753116 -4,613192707458 A0I
5,147265281187 -4,039226750163 K9V
3,492257098883 6,058836888353 VII
7,075927917757 -5,230693160250 B2IV
1,445742684408 8,021978244653 F2VI
8,049313175088 -3,782841240247 G6VI
7,435720005259 -6,566022495233 A7III
3,648370284357 9,230448639690 B3II
3,081421492149 5,545097431239 F0IV
5,913122043466 -5,105495104169 VII
6,310934523755 -7,028624917811 G2I
-4,103202631709 -1,175705721029 F9IV
-7,335769060647 -4,816792005165 O4III
0,587073649298 7,727294163407 M6IV
8,622233254293 -6,354848186098 M1III
-3,221907577411 -1,643489194319 F4II
-3,450993236028 -1,642169403058 A9I
2,223781665032 5,030756335231 O2IV
7,714794118224 -3,529589294436 O5V
-3,467445852738 -1,925996014168 F5III
5,367014508036 -2,351133853092 F7IV
-3,462209752626 -2,054516189660 A5III
4,050886865174 6,249187186764 VII
8,310088600035 -6,403483755821 A3VI
6,722939033784 -6,425573552568 K9III
4,972568076294 -5,317340907748 A7I
4,547246822923 6,941154520621 VII
-5,412949156415 -1,962012313282 F1III
9,044748229473 -5,845532929658 F3IV
7,253076858428 -5,168316005195 M8VI
7,876541762728 -5,079832330967 B2VI
-4,683761450956 -4,012776781067 G2II
7,789660180609 -4,799206980575 O9III
4,943268479265 5,669197852336 B2I
-7,991109119043 -2,235980935340 M4VI
4,766737559821 5,790247665935 VII
4,722863972121 9,160314845107 F9I
6,844266784722 -7,067186443121 G1III
5,192960048415 -5,878144631486 VII
-3,420236815288 -3,244155934544 G4IV
4,338303651345 8,833701449008 F7II
1,878272097171 4,488532915321 O1V
7,923646616091 -6,243339233364 M2III
5,181421898251 5,850644362137 A5I
4,444763618063 4,417981221104 A6V
3,001679727457 6,654019880717 F9VI
5,180659893925 4,764719596395 A7IV
0,803892836376 6,152244936577 M0IV
0,866072967578 6,797064294889 VII
-7,684051703511 -4,012873104024 VII
5,344172002838 -5,828109144352 F3VI
7,813218486023 -3,500168454933 F7I
2,602715522696 7,439657925361 A2V
-4,388215526614 -4,604007649025 A1V
-3,320386534356 -1,451606154579 F0IV
-6,539843415709 -2,316636247149 O6I
4,975902923840 -3,215119278760 B0III
0,448882478018 8,078928327137 K9IV
4,715380321859 4,862587168436 VII
0,880064489017 8,641204474012 M9I
-8,024610130637 -3,644078089424 O1V
-4,668893512086 -3,455248745094 K3VI
-3,383122332486 -1,956147746171 M3V
4,625827459646 5,961455453505 VII
6,031864488707 -3,714927215247 F9VI
7,410714832420 -6,583795710053 K0VI
4,599348441863 -5,263444900461 A2V
-8,034902102478 -2,046069315708 M0IV
1,713417768972 9,060619052140 K9VI
-3,901542600748 -2,455701102737 O1VI
7,597356954097 -6,643898158335 O4VI
2,742637942781 7,981952229197 VII
0,795724656830 5,175725305262 G8II
5,828748484634 -4,878083081381 K5V
-3,239112168256 -1,385583881739 VII
-7,123644281990 -5,573139615440 F7IV
5,550171252509 -5,303607764508 K8I
-4,541726951668 -5,450516199743 O1V
3,988527683617 4,402189320389 F0IV
3,950799762136 5,592042503736 G6I
5,009316399293 -3,193541556712 K2V
5,246777714756 7,421176991971 M7II
8,391549508053 -3,812387930105 B6II
3,942281767880 6,382451050457 VII
-7,821529494641 -4,552252707772 M7III
4,825804435629 5,989873582732 VII
-5,729775610420 -1,017270311522 A7II
8,687945649462 -5,935285952448 F4IV
4,214958287521 -6,671215875392 F8VI
-3,133363714863 -5,477507059104 K8I
-3,298419807161 -1,677077351138 M8III
7,869950792773 -5,029432576402 O8II
6,403216612037 -3,489469050448 M3IV
-6,131279851884 -4,808174068514 O4II
-4,058830512005 -4,031753366446 VII
5,236774739051 -7,192704317456 G6III
-6,873273858446 -3,482118802268 B7III
-7,509792138856 -2,036077739864 O3IV
7,075072696552 -4,854997762069 F0V
-4,889719093494 -3,233916476777 O5II
3,837124063893 7,566079721236 F3III
-3,982532169343 -1,426602328085 K8V
-6,583404477783 -1,182369560276 VII
0,954199422716 8,076431705812 O1VI
3,086768910521 4,664728940678 VII
-7,307153530639 -3,246567130863 M5IV
1,637814205397 5,341280275280 F7II
6,136369308546 -6,041874197873 K7I
-7,081980803278 -1,556784571877 VII
-3,870529400708 -3,046711428906 B1II
-5,311407407516 -2,837945651941 M1II
3,930957226329 6,210527457617 VII
4,651567330779 4,505338569612 K4II
-4,201649392741 -1,319800521631 A0IV
1,245758638097 6,060841330230 O9I
0,773337683362 7,295792865402 K8IV
-4,359223809274 -4,330285007070 B8VI
-6,846471930039 -4,625859762837 O3II
8,792009112330 -6,943445816554 F3VI
8,035299153144 -7,253171916601 O8IV
4,045723686845 9,103276794629 A2II
5,106222967353 4,892738792021 F7I
6,784739253604 -5,057476897793 VII
5,669465427437 -5,844243253892 K7VI
-3,220235242994 -1,884142869156 B5I
-7,752204344114 -5,158828969913 A6IV
5,408051123341 5,774426607711 G8III
-7,861135012460 -3,765732443959 A5III
2,904252949479 5,951372407102 M9IV
-4,210718994472 -2,358211283239 F3IV
-3,139958001291 -4,983383572469 K5IV
2,715897471917 6,768055589883 F7II
2,490576085398 4,751049805990 B3VI
3,922498597111 6,925433777634 M7VI
5,283124536502 8,747470940622 O3IV
4,291694428378 4,474906656490 VII
0,942228450228 6,199885024898 F9III
3,801440842045 5,954417541164 F8I
-5,411537429329 -4,317064061030 B6III
-5,602728193466 -1,387451408223 VII
-5,415366448335 -2,917977980625 B8III
4,784170810494 6,960080114529 B7V
-4,434118983007 -3,828126002797 F6III
-5,875230637658 -3,942159525486 M6I
4,535819620120 -3,150921646863 F6IV
9,087840806002 -5,478662069009 A1IV
0,808525297737 6,229538336779 K7III
-6,120387791620 -3,660390597808 M4III
4,734344636700 7,176776936281 O4II
6,570578564071 -4,408622652572 F9III
0,733972995428 5,139822291073 F0II
7,884348892150 -3,785448120696 O6VI
-3,216432293512 -4,724124621095 VII
8,782300411966 -2,969146899192 M8I
-7,444892388124 -4,593897457356 G5I
-4,613937595119 -3,082411119850 VII
-4,999805535429 -0,926770686485 M3II
-7,818291343133 -3,563823826149 B7IV
4,795092522979 -4,938153731527 K4I
2,199563425389 5,029172706339 B5V
4,736241856913 -2,921042773820 G7I
0,788822419945 5,611539917053 O1III
1,575326005657 9,253728332747 B8V
5,188917226157 5,414974529160 M5V
5,335048834205 6,988950624672 B9I
-8,019890993215 -5,524710583786 F7V
-3,303108659349 -4,965561688179 F5III
2,730890500141 8,568319980662 A8III
-6,327236382037 -3,033254613250 M0I
5,346179141192 8,041006745780 VII
3,694390799963 4,913402214953 O0I
-7,823793876915 -4,921761812146 A2I
4,911598605693 -5,558538766167 K4I
3,898263594405 9,241065028026 A6VI
4,140880847317 8,546435907942 O0III
-4,609339239853 -2,120539940114 G4V
5,979424502612 -3,219707450567 F2IV
-6,416912988589 -5,556091540104 M0V
2,852424126027 4,675505494876 B6I
-7,587234613723 -1,132264777414 F1III
1,755242254261 4,599191422108 M2IV
5,765938605847 -3,421566734030 M7VI
-7,671148414175 -2,903963768792 K4III
7,439370778385 -2,366899514620 B2IV
6,285261958339 -7,011820453399 M6II
3,914828736638 7,574012163226 A1III
5,107665996036 -4,761975019612 VII
5,054911777907 -2,589801293972 K2III
3,964689963365 4,531214498949 A2I
4,596724401975 -7,270635965383 M7VI
7,575804645519 -4,122798762389 F4IV
5,038259343576 -3,872251328672 G7II
3,705067081044 6,490242851714 G8II
2,084874031232 4,992153279629 K3VI
8,043731846702 -4,917115097823 G6V
5,327693522104 -6,359942279623 O6II
1,571402843817 6,866116301903 M1II
4,535302093375 -7,257268569810 VII
8,604260570603 -2,490613689073 A9II
6,623473925055 -3,115264413212 F7III
5,022945380522 -3,512290837275 M1II
4,625359642774 -3,796395510582 F5IV
5,266068055445 -6,591597685493 VII
-5,772808778286 -3,775223679323 VII
-5,302537764220 -4,540842868146 K5III
4,652111422689 -2,539656840827 K9IV
7,691397943473 -6,401152630612 M4II
2,935422716728 7,383788449099 O6V
3,525822085940 6,321458420108 M0III
2,428171550516 4,835881201136 F6I
-5,314306038314 -4,751900046199 A8V
1,114248537921 5,024399135504 A9I
6,295724489483 -4,935961345749 VII
7,987743029453 -5,418678695165 B0IV
-8,047656367769 -3,558928696088 VII
2,970020108518 4,543084396002 K6III
-6,417422094905 -3,377529422660 M4II
-4,171051022472 -3,692673754993 VII
-5,543177243966 -2,920584922301 K0VI
4,438723132986 -6,822311045913 K6V
4,334298662250 8,619889577873 O6II
-3,742967898433 -5,714236762297 G7VI
-7,875815496811 -2,371237227516 G5V
-3,341572298435 -2,624668846661 B3I
6,799056573418 -3,559459634422 O5III
-6,581936739271 -5,336822452178 VII
5,021805374187 -6,332296163489 K1II
8,100502470191 -6,874674582422 VII
7,113439417067 -5,850807210276 B3VI
-5,723148067469 -3,221024502779 O5VI
3,069719046444 7,379163819914 B1IV
-6,429882840673 -4,510694696161 K7IV
-5,069647025248 -3,428261452691 A9IV
1,963080431568 6,788263686847 K4II
6,693922787733 -4,038807150041 K3V
4,461332330407 5,953762004560 F6II
5,377710964770 4,452062228073 A4VI
-7,770905090481 -1,155201853464 G8IV
1,090862962386 6,800197676226 K0VI
2,542978344607 7,406248210253 A2V
4,685596153929 7,199023404034 O8IV
7,805161594716 -4,763570368346 VII
-4,267127774811 -1,283428381114 A8VI
2,417457417891 8,364516803555 O2V
4,232019353972 4,893449751641 G7V
7,101093936663 -3,808019109974 VII
3,154457519220 4,890708928349 G5IV
2,648788368679 8,402985462036 A0I
3,319348835091 8,061224937025 O6II
-7,401080324916 -3,299583295752 K2VI
4,276280434574 7,345240340359 G1VI
3,851506761386 8,429946179603 A5IV
4,310325777607 -4,488644768946 A6I
5,221657174583 6,448443711567 VII
-6,796614782339 -1,547889950811 O4II
4,211769530876 5,833923223141 A4V
-3,051011772382 -2,929120910944 O6III
4,725380950195 9,088561907663 A2I
8,040563912930 -2,990126380417 VII
-4,558198275299 -4,042281902602 A1I
3,080603580421 5,733369883313 G8IV
2,428030727304 6,545139424181 M1IV
4,402779678737 5,514839080413 G8III
-7,405528162391 -4,972156091724 VII
5,215461228420 7,337589493616 F9VI
-7,789880804438 -5,157393876953 G7III
-3,298503933453 -3,405211837880 VII
4,869264404903 -3,562425867069 G0VI
6,939764069247 -3,685858564885 VII
-7,736877434123 -1,598199824767 A1III
4,356435134082 -3,347975705139 VII
6,562552436018 -2,422544706649 G1VI
1,564942790093 6,085473180083 M6VI
4,400108641509 7,091698103810 O5IV
3,321281503983 6,694969655284 O0II
2,304903187820 6,169030021908 F0V
0,817924956594 9,287855045249 G1I
7,666814644825 -4,403459095370 B0III
1,807543955473 7,463848640635 O2V
6,376984138204 -6,230631386836 A4I
5,852045079497 -5,102793579808 M2VI
-4,752985117568 -3,344250328735 F1VI
8,712764326368 -2,444151066552 M8I
-5,524540988413 -3,180938540826 O0V
-5,797412306135 -1,854534905004 B7II
4,929626830568 5,482561120013 O1II
1,380791733208 7,654898104999 B9IV
8,119688354363 -5,766684118052 B3V
5,367935436124 -7,032251432745 A0III
6,024341011197 -4,669705285207 M5II
-7,827611273617 -5,620416625211 A7VI
-4,627175269386 -2,150124107912 F2IV
1,643996214290 8,445196150533 M1V
8,019839952050 -6,155356392963 VII
5,095387634997 6,594895238341 G9V
1,195552921187 7,361618359870 VII
0,922758343057 4,531069737471 O6V
-6,364631961158 -3,166568488152 K3IV
1,810004869413 5,644055935274 G1VI
6,249638168318 -5,473957357819 VII
-7,928669195715 -1,721557875556 VII
-4,410800748038 -1,530957405310 F3V
4,737020334066 5,157941837784 K7VI
4,864370515944 5,427608780007 G2I
5,354818686222 8,447210568234 A6VI
-7,487539624058 -5,514629287031 VII
0,496933872453 8,893984168344 M1III
5,365830694691 5,482358727129 B0I
8,310422561973 -5,572687240044 VII
7,182884982141 -6,031471515654 VII
6,358535548163 -2,728788804477 G7VI
-4,246968083726 -5,306098828323 M0V
-7,667138988143 -4,585086968634 B9I
6,376359003776 -2,316474704303 VII
-7,631580270747 -3,062031152837 O8II
-3,893762826692 -1,376948825046 O5I
0,429948773452 8,658045830023 A3IV
4,176728841168 8,394461562865 A3III
-7,958827640196 -4,241430240849 F2II
3,782267741197 8,787052485125 O1IV
-6,125090647849 -3,746131739972 G6V
4,493876563937 -4,401142346026 VII
4,559241044622 5,512543760192 O0V
7,484303437036 -6,258283776958 K6III
-6,277877608098 -0,944952909017 VII
1,259180197024 8,106155558730 VII
2,935273213501 4,835214027625 M1I
-7,227823141046 -3,499990693029 O5V
-3,248831884391 -3,019128760522 A3IV
5,921873837428 -3,793925827355 A5VI
5,374061541188 4,630345141721 F2II
8,646174499185 -5,042498252491 A0I
6,115904350731 -4,211456666643 VII
-4,894655260749 -3,063045981292 B2V
6,819373251162 -7,093657571810 VII
1,553229538346 8,104675826343 G4I
-7,961320328150 -4,103201316496 O1VI
3,214262581734 6,575586293018 K7III
1,966347636857 7,960364591524 M4I
-6,264869504748 -5,205385258298 F3V
-3,358833740511 -1,761594358161 O4IV
-3,868892374246 -3,204760263822 K5III
-8,033461546249 -4,979665209396 B9VI
7,428350046100 -5,504706041641 A5III
6,443707015366 -4,179770663951 K7V
-4,496282025356 -1,516195378010 G2V
1,685925063260 7,780369530067 K0VI
7,605162850764 -6,946077048213 G3V
5,335633512435 -3,535742530922 F5I
3,122046219112 8,123261225970 G6IV
6,487506253524 -7,258729096505 G8II
8,574475736672 -7,149009337457 O0II
4,198147546635 -3,263905081929 VII
-3,202290079558 -4,934473026150 VII
-3,122329286150 -3,392398577702 VII
8,128177882048 -7,291168451797 A8II
7,962434844434 -3,360069412963 K1I
4,144135928290 8,976564495000 B7IV
-6,861040084236 -5,685771452277 K7II
6,095115072760 -2,944226824529 K5I
-4,811144514564 -1,073785589823 M5IV
4,054085435283 7,502325937252 O0IV
2,355775344236 6,257188976914 B0VI
8,460351297952 -6,030441445211 M9VI
4,649208334083 6,723946282725 G2II
-6,899023331469 -5,520329827442 B2IV
4,192852103686 -7,005596398367 B3II
-5,833390568627 -2,129591329606 O5III
6,264204657291 -3,633072145510 VII
5,163731279368 -6,923264444492 VII
-6,427578829720 -2,699728869577 K9III
6,214092165611 -3,385241557979 O3VI
8,081205066281 -2,368257014469 A0I
-4,113840282540 -3,851635416888 A3IV
8,323568599728 -4,821819191707 VII
6,354673881686 -7,204822069725 G3I
-4,940070837977 -2,987987639892 F4II
5,331251766463 7,279755141807 G1V
-6,960954459446 -2,499393367282 VII
7,727625805032 -3,737040181153 VII
-7,063753371579 -4,572688828103 G1II
4,486574265227 -4,614688860838 O7VI
8,057891348983 -6,940399112050 F8I
-3,863807029240 -1,875259212810 O1III
2,717888619287 8,707215567763 VII
-6,719873224541 -5,532478010645 B1V
-4,051659286927 -1,485471516961 O8I
5,710729017853 -3,654509571806 K1VI
-3,569102242360 -3,704098122697 F5II
4,741879688168 5,157925282146 O9IV
-7,164611255726 -1,529769133454 K3II
4,564519223804 -4,586693781726 F6VI
5,167015715707 7,653728572164 M3VI
2,165278599049 8,234937829278 K8I
1,608565381202 9,262669166642 A1I
-4,678988604095 -1,957812657108 VII
2,994238210237 4,631584112342 A9V
7,946782951066 -7,236990620684 VII
-4,753007905035 -1,076198965672 M7I
8,938301756512 -6,726501736885 B0I
2,061115508445 7,261275965095 B0II
8,665392285470 -6,479642271103 VII
4,128953431794 5,368399286787 A0IV
-6,095504188527 -4,215810516652 F9V
0,609683003448 8,913368335618 F3IV
2,303338888057 7,806474763942 K4II
-5,097922908350 -2,873480947816 B0II
7,030077006533 -3,249966809418 VII
-7,482705168948 -1,112491635894 K5III
4,994061606026 8,669276504285 G1V
2,845426725450 7,447988890983 A5I
5,059775586579 6,540868412792 F1IV
8,567699690308 -5,552321024094 G0IV
8,880490852209 -4,204057568851 O6VI
2,111144564131 6,925126498827 B6III
-4,044286418683 -3,899043307221 M4I
4,852849472376 6,486541735046 A0I
1,504180575810 8,694992457848 G2V
8,037850900339 -2,477388830867 F6III
-4,222269353118 -2,752596081371 O4II
4,745371430811 -6,908961936144 F7II
4,778993807193 7,229627859415 M6I
1,406236133437 5,081835690778 VII
2,898393485055 6,410347073735 VII
-4,862325674012 -3,425512664457 B7I
8,402369501217 -6,102245692716 VII
4,451406381559 -7,129456995553 F3II
9,014043975282 -5,721447440955 A0VI
8,354107509416 -4,342950490082 M7IV
7,062304616985 -7,013031534659 M6I
-7,203400400751 -3,742830525340 VII
3,341603296761 5,430241260325 M8VI
5,099268125413 -6,400907329539 M5I
8,783947070569 -2,903604499535 B1IV
-3,138625223192 -0,917340647163 G7I
-6,464743359515 -5,039208757970 O2IV
7,374147775895 -5,024443968342 F2I
4,244962219511 -5,211394392219 VII
2,252264721814 8,469275173920 F2IV
2,796132978064 5,150291636147 A5III
6,893103824648 -4,386105162028 B7IV
7,945668776778 -3,595022371195 O8III
-7,745631322346 -3,140201962804 G2I
-4,009584760512 -1,154022724416 B3I
-3,203377785265 -5,321374073033 K6I
3,491292928186 9,008842307955 G3V
5,061122002557 7,554327815303 O9I
-7,716363615925 -4,947841588228 O8II
4,309136680478 4,902276636630 K0IV
-7,417746870532 -2,373558328430 B2V
-6,788640704434 -3,123592964317 VII
6,930434168641 -6,194235542143 F5VI
0,734357876057 8,188173545945 O7II
4,576441370587 -6,455689706825 M6II
4,782703021348 -2,869027567487 B5IV
-4,006994264006 -3,140850817012 A1VI
-7,492245877891 -4,929277517160 M6II
2,637654008261 7,588678135836 VII
4,563129082368 -3,967922226923 K0I
-7,309748448698 -4,098125063287 B9IV
-7,791446394921 -2,489715030667 K3I
2,310686766718 8,580955021441 F7I
6,934107352653 -7,139908551331 VII
3,681614982712 6,256719508393 F0I
-5,918598345476 -1,892690443874 K4VI
4,804592790379 -7,257413690924 M5II
1,826313282651 7,345839245453 A3I
1,681059955546 7,634276576329 VII
6,781673009515 -2,699611512078 M3III
-5,829185582876 -1,755329104807 F7VI
8,970442114923 -2,470185165754 B7III
3,711999786661 5,373273210040 O0II
-3,387154727258 -5,717812121068 VII
-4,741666146784 -2,455116647679 VII
4,887400355792 6,027361324202 VII
8,350541454724 -3,137335540077 F9I
-5,535764670820 -2,733592211571 K8VI
-5,843953327744 -2,741863049945 G4III
-5,506447014246 -1,966199968233 A3III
4,973246552856 7,557256107747 M8V
8,206592805950 -4,257542841236 G4III
-6,949694575779 -2,914631609527 F1IV
-7,258327224258 -2,301988123149 O3V
5,018398950561 8,866329117023 G6II
2,567408705359 8,795785307679 VII
-7,347179756090 -4,985789160669 M3IV
7,506364426621 -3,342989517440 VII
-3,439247445245 -4,093376747715 VII
6,712957574659 -4,340957277322 VII
4,353327978815 -4,794770458061 VII
6,320164610721 -6,051305342519 A7III
-5,525231106441 -1,989878010980 B0II
0,808833463119 8,236837509499 O8III
8,419369776557 -5,177448051159 O0VI
6,217652067851 -3,430433349533 B8III
4,206894120491 7,450294426591 M3IV
5,587456789068 -6,881419033440 O9V
-4,524283650654 -1,698835432249 A6IV
3,711375323417 8,714253918496 VII
4,203306814997 -5,383783281585 K9V
-4,192100294360 -3,877522182193 A9V
6,149121043293 -4,921785180036 A0IV
8,729112667060 -3,772413041259 B2V
8,983581518119 -2,916107384163 F7V
5,562623419865 -3,515349674314 O2VI
5,463680095794 -2,621463847689 A5VI
3,645430589310 8,208429092805 M8IV
-3,317788254579 -5,719388154154 A9I
4,506609853614 8,253006193498 M9II
1,710879019931 7,843925738366 G4IV
3,858995377767 6,763031549544 A5VI
8,788964798531 -3,849560471653 F8II
6,684995198768 -4,209281705346 A6VI
4,947641072333 -6,021316925381 VII
-7,226289288601 -2,203582311978 A2III
7,215316339118 -2,753957998474 O0V
-6,706649136031 -3,636023530747 K4III
5,234518645548 7,282847788531 VII
-5,193665314666 -4,013947336856 F3VI
3,221281185434 6,634442174545 VII
8,572736047142 -6,425162824418 O4I
4,275158586559 -5,875628537511 B7IV
5,198275929862 6,211286604687 M4IV
6,623835888300 -4,573546114100 G4IV
6,419479775754 -3,466293073267 M2IV
7,645702183325 -4,368760647034 A5II
4,450903508690 7,428447572197 VII
1,664277883361 5,844694036762 M6IV
3,361135121250 6,033329981870 VII
5,157591518598 -2,461727607711 O5II
6,458696063227 -3,193353959732 G8IV
-5,839880659527 -5,573357363545 VII
0,760526696169 5,756048992456 K2III
-4,730500986106 -3,394817767795 F0V
5,543630720690 -4,238617269877 B4II
2,341731294503 7,963141296644 F7IV
6,916175781064 -5,652267468871 K8I
4,157373792540 -6,380576705877 F1V
-4,104799815896 -5,321439596527 M5III
7,059868035666 -7,162133438662 O2IV
5,190013989152 5,081755651505 VII
-4,293325527714 -3,649957804038 M5III
1,713439235597 5,161381590310 F6V
-5,107487096339 -5,436373810758 M4II
-5,886905587369 -1,289823545204 VII
2,393010715899 4,929487243051 M7IV
7,602207087939 -2,696361367966 K2II
7,400826368315 -4,836270005412 VII
1,213050523360 4,861349217052 VII
7,200386944537 -3,967807707953 F1VI
4,913564259108 -3,525872128013 O2I
7,790542361983 -4,054787106550 VII
7,693856807080 -5,616246949549 B1I
2,183852854003 6,269425599949 M7III
4,973376034617 -4,507686492903 K8VI
5,053465558712 -6,401393750623 F5IV
8,238406776868 -6,072676848869 O0I
0,702499245648 5,062952557146 VII
5,380094015218 -3,494159195647 M5I
-6,200508279485 -3,477312965304 B9IV
1,813632440370 8,452355434070 A5II
-6,725033719897 -2,879021962610 K1VI
-7,669435369094 -1,260146948498 VII
-6,673475141075 -5,259320006722 K4I
6,483262170753 -5,173706971011 VII
-4,754054974112 -3,460722720409 M4V
1,918132939743 6,386596441370 M0VI
5,705871849581 -3,752700498041 B3V
1,225167609361 9,266159795643 M0I
0,872541774836 6,985312720921 VII
6,235205463684 -2,923516800506 G4IV
6,859559341959 -4,095288499260 VII
-3,455740096237 -3,761795678994 G2V
-3,697415002553 -3,744622941983 B7II
4,325653634325 8,109240926856 O5VI
2,676787734986 8,896471565411 F6IV
7,229930226213 -3,023556951857 VII
-7,236697728456 -5,253784869997 M4V
-7,930480976406 -5,556871800304 K9II
4,202427179907 5,079602000058 B8IV
4,917062108940 -5,436693696406 G4VI
7,359490985528 -6,573090540416 O1V
6,610461144805 -3,313278917408 F6IV
-6,663386642084 -2,012181822324 K0VI
7,865411413361 -6,757827083009 B0VI
1,748638103124 7,813801873001 VII
8,915582370475 -5,156779363330 A1II
7,009374043714 -2,707103294489 B7V
5,320505949914 5,435426604085 M1V
6,279418612443 -2,461690811754 VII
1,539555230226 5,795386659522 G5VI
8,450615232882 -6,297868054570 VII
-3,199927532866 -4,478392357752 VII
1,130331035211 9,203138057411 B2II
4,168504652961 -4,474334475198 B2VI
-4,927611899426 -4,507584058236 O4I
2,074511364889 7,435110137321 F0VI
9,124611344621 -2,890479792659 O6II
-4,822947860981 -1,814832449162 M1II
-6,481507991258 -1,092205911124 K5IV
2,451047906875 7,711525873586 F7III
7,040772391708 -5,887688145974 VII
8,374483530716 -3,501383716498 K7IV
7,282372864016 -6,433759358078 A2IV
-4,445715438382 -2,572095795689 G8I
1,461416484104 5,822052509526 F8I
1,433781792846 7,724332520095 G8II
0,645223642786 6,206869406762 F7IV
-6,574898056076 -3,475143723438 K5V
5,032822852494 -4,119059058670 M1II
2,948976448383 6,519677145958 VII
-3,849398430312 -2,067295676221 VII
4,944521480220 -6,897218341171 G8VI
2,014747521025 4,944820091321 VII
3,767006234603 6,493739706995 B6VI
1,533266975540 8,931320150827 VII
3,004051181939 7,264934295635 G8I
0,464671510562 6,487855949178 O8IV
2,672931062234 6,257175265472 M7III
-5,356385119889 -3,521068093484 B6I
7,373760474160 -6,518269708882 VII
1,229740397783 9,024272698050 VII
5,148573465874 -5,552363137935 A3VI
7,681895803554 -2,928447657312 O5III
4,235684353516 7,565081395916 B2III
-5,149201448688 -1,580606591959 G7IV
0,902935655398 8,559560711103 K7II
7,594667781505 -3,409971437398 B2I
8,138826329922 -6,624519633870 F0VI
4,992648068728 -2,814758089333 VII
-6,108250627294 -2,571762163453 B3V
-4,832763417481 -4,195474773838 F7I
5,851287312878 -4,152864131756 G7II
2,961853772164 6,943141579891 VII
-8,027279370604 -1,725856285896 B3V
-7,208505784556 -1,907513274227 M6VI
-6,172031550709 -1,176433438449 B1IV
-5,849156989890 -3,962793417936 G0II
-4,209534996928 -4,777237240107 K8VI
6,119142546096 -5,138147153625 O9II
-4,896100962593 -5,316589880348 A4II
7,693551154889 -3,830951713694 A6III
5,265746007925 -5,232817530775 G2V
-3,806861192257 -5,211289138182 K4VI
3,739256009061 4,680224904746 VII
4,752356375116 5,427714815322 O2VI
2,487263664132 6,193435979824 B8II
-3,953350912541 -4,444565430439 A2IV
6,247944711186 -2,981543197710 A9V
7,782925012479 -6,895964659410 O5I
-3,165312220009 -1,067287182905 B6V
8,737777118731 -6,463454622524 VII
7,950941397907 -5,186986601307 K6IV
-4,061196928419 -0,954322108579 O6IV
2,634814541565 7,643509810806 VII
8,947080341109 -6,269590855057 K7III
6,061229742031 -2,642601595250 B0II
-5,038840364729 -5,622678159009 K4III
3,080527398862 5,478013798452 O6VI
-5,045634200881 -2,350179527874 B9VI
5,225182375355 -3,559574754974 A1IV
8,755240782977 -6,639163713947 G8I
-7,279499491947 -2,921051068680 M6III
8,805379711566 -5,255846619797 VII
5,452391799768 -3,799138750354 F8I
-4,395881504722 -2,944584964776 G6III
4,276311082792 -3,625643084133 VII
2,856665489391 6,957187238460 B2I
3,461865380840 5,679845290752 VII
8,686641822998 -6,703915857928 VII
-3,374346941408 -1,660767375263 O5III
-7,594407200524 -1,235735948596 O1I
1,290311690652 5,009222763319 O1IV
7,347917500258 -7,166380388724 B3V
4,956116919357 -5,283215779766 B4IV
8,677092067271 -6,699242566370 O6I
-6,562869890412 -2,997441379019 G0IV
-7,767404992593 -1,798612975681 O5I
3,846555016188 4,467969831200 M5IV
4,629506732812 -4,279037195645 O1I
8,712274079732 -6,148258417269 A5IV
6,894247513589 -3,502464333760 M1II
-5,641631530784 -2,364477527786 A5V
8,945341859165 -3,150545861313 B7III
-4,591538518147 -5,067615637569 A8III
-7,221331422968 -5,714313363422 VII
-4,585953934402 -2,066442810825 M5III
1,726695946137 6,036468858206 A8VI
-6,543823081256 -1,114739954973 O9II
0,483086156404 5,560656245495 G8IV
3,217005727940 7,067712990640 O8II
-6,560636608612 -2,441291207292 VII
5,244751511875 -5,530593784281 K8IV
7,727486898279 -7,033194706211 A7VI
6,055471423713 -3,584082353579 O2IV
-5,912540202891 -3,864886778810 M9II
4,108409479525 8,021014937919 G9V
8,453258237910 -6,779497155878 K6II
-6,043701557023 -3,658634110917 A9II
5,767007088082 -5,849478433682 F0III
4,633557597288 -3,603996796851 VII
-7,641318278409 -4,407446915964 B7VI
7,233881620749 -3,396222802065 B2I
6,354291537810 -4,168909267041 B8V
8,661334718575 -3,508118751911 F1II
-3,163521697082 -4,328694608847 F5I
8,678777282999 -2,768494239827 B3II
8,586742176222 -6,435220972025 G3VI
-5,804747134201 -1,187906289474 M5III
0,641210642499 8,600025315561 K0VI
2,185162732831 5,268566499649 O0IV
2,670204160382 5,303392425577 A7II
4,651395175030 -5,624909179255 O0V
-4,578942944240 -1,441836129930 VII
4,318459633175 -4,186507310223 M7I
-3,303749787496 -1,759792702385 VII
7,154625502896 -3,095115792411 A3IV
-3,823740745667 -1,401191843166 M5II
8,720871731071 -4,640312920544 F7II
5,697108175428 -6,165132263655 F4VI
3,980628538621 5,785694218654 A4III
3,492227536247 4,603455601277 O0V
6,715721825381 -3,064171367502 B6V
-6,195699025823 -5,379105495427 M6I
-6,404940500313 -5,698479848118 A5V
8,263441497185 -5,489385410957 O4V
5,297059996306 -6,494418995568 G8I
3,563079023280 5,841974857479 G9I
3,251229064756 8,682913317137 VII
8,759089627963 -3,193600638005 O8IV
4,280359411703 7,235194195829 K1III
2,438373055168 5,430191491954 K9IV
2,486610683800 4,748426766747 O4II
-3,477707124743 -4,465021012200 F0I
6,381745416155 -5,130529222847 VII
-8,027683066795 -5,519398779548 F8III
7,103127528370 -3,968482471893 A5IV
0,945183738296 7,343917162355 B5IV
-4,107726108375 -4,194413336850 G2VI
-5,045588828792 -2,770986886628 K9III
3,283801968693 7,012579665168 A8II
4,080506205356 7,299112132918 G5V
4,280168427673 -6,435782093720 B6V
8,403561605845 -3,530775400441 VII
-3,572535569246 -2,824418207657 K6IV
4,402217919693 8,785157011841 G2V
4,458656862317 7,931437495094 G6V
-6,937133405614 -4,017675068338 F2II
7,089687578837 -7,284686272452 VII
4,907182791179 6,075068310181 A7IV
5,533449968614 -3,138591497310 B3I
-3,915614379427 -3,409022526619 VII
4,785411710709 5,439944393130 K2V
-5,317053349747 -5,035535841484 K8V
6,503177709791 -5,986265689290 F1V
-4,965776501890 -5,335733429028 G2V
1,998490058428 8,948865431539 VII
4,134410446101 7,485097632505 M0III
1,144247457021 8,789519462196 A3III
4,297452699574 -3,665257365405 O7III
6,943074401615 -6,594777072094 K7V
9,109285644975 -3,653229867323 A4VI
-4,645309724942 -0,807360883761 F3I
4,537335146090 5,081225720611 A5IV
-5,190824103963 -1,169852747513 K4II
-4,061695697150 -3,737562906622 A0I
-5,878245020456 -1,070978961133 O1VI
4,435553931649 9,014374850704 F4V
4,461201508111 5,447761068710 VII
2,357343197003 9,245098147619 A2VI
-6,935464703932 -1,227338888841 A0II
7,815073540180 -5,903545813506 O2V
-6,197162767303 -0,784940511886 K5IV
-4,713063402145 -5,434455764337 VII
1,550336034805 7,012086618477 F1III
-7,496165846081 -5,546595168919 VII
2,292308712606 5,672231358006 F3V
-7,454731656507 -4,588664215431 B4III
-7,688344991674 -4,472401617141 F5V
2,468915921989 6,389037462192 K9VI
2,513006251754 8,341109842341 F5V
6,238259483616 -6,525354285858 M6I
3,281093825189 5,179492759949 A2II
8,937925038496 -3,567549642639 A3II
-4,166003468850 -5,392561268970 A0I
-6,108600274683 -2,510509501469 M8V
5,267291559650 -6,595803786194 M1VI
6,642118800228 -4,960079154615 B3II
4,454791072799 -3,143566184937 O8VI
5,763551194592 -2,612815612771 O8III
-7,820450783832 -2,595621135916 K2II
7,820022880040 -2,974903381757 O5III
7,097094690027 -3,108813153506 A0V
-5,631527043035 -4,186884195154 F8IV
-3,068798532477 -2,695026809917 A9IV
7,177019113120 -6,074792897043 B0V
-5,869237785236 -0,828669997576 K8VI
3,519917460719 7,448022082988 VII
-3,202381285541 -2,538845034727 G7IV
-6,105161419740 -4,265274397406 F8V
7,465196730910 -3,552388367357 G0VI
4,904838565403 -3,967481192641 B2VI
-5,549701428686 -2,642099191704 F2IV
-7,049212852869 -2,490067817038 B6V
2,417147711368 5,661225346541 VII
-6,397448472491 -5,171707023753 B5II
8,970123288384 -4,080681271703 B0IV
6,839362494499 -7,013011728766 G4V
3,956823585622 6,467403647405 B7IV
7,570789574962 -5,651289518059 G6I
6,755301750936 -3,566703979894 K0I
-6,107455841866 -2,556984311945 F4VI
6,603889921690 -5,938102288754 F9II
4,817989918851 5,084009291201 F3VI
-7,541170507136 -3,680851884747 B6VI
7,965393061793 -4,709383293350 M4III
-7,016307442981 -3,331393989343 G1IV
7,967157131181 -2,459943508592 B5III
4,534374965284 -5,981127993074 B0IV
-6,629625599188 -0,854928403940 K8I
8,595946124743 -5,752348271164 K2V
8,513225629737 -7,190872861406 F5IV
7,518970534298 -4,884657799947 G9III
-6,950933382338 -4,881160254509 VII
3,717214517162 7,870438227092 K5I
-6,759644327309 -1,867254976173 B6II
-6,280816753451 -4,729665916312 VII
1,243208168640 8,850250800601 G2II
1,327848564792 9,062175377201 F0I
7,054896246523 -4,702140026287 A1III
3,122051519111 5,811136164451 B3VI
1,998445481549 7,375760271134 F8III
5,110739360666 5,196745877183 K5IV
8,477521634700 -2,963169572417 A9IV
0,760541176245 8,300676377528 O5I
-6,146088621114 -1,541387255965 K8I
2,734650124936 4,861467596576 B3I
2,691973284029 8,587656104753 F7I
-6,466736523280 -4,205543843237 G3III
3,079724082704 4,404236180505 G2II
-6,667035892224 -5,676800596628 F3II
5,045457174628 -2,433432293793 M5II
4,289932910038 -5,099492902300 K9V
4,703400163509 -2,328613393604 K8I
-3,348932048761 -4,656308725519 G7VI
2,622898588518 5,963016597421 A8II
-6,900256055423 -2,221036396555 A8V
7,678716361730 -6,723341814922 B2IV
6,898286243061 -5,954282926080 B0V
-5,884907634510 -3,162641251336 VII
-4,776443881770 -5,473526471440 B9I
9,007409591432 -6,646433231321 A1I
1,273463329179 7,664578941364 K4V
0,846707175058 8,666255689893 F2V
2,837436171864 6,125632900059 O0III
-8,041748449757 -4,912659259677 B0III
-5,932672323204 -4,231143738519 O9III
2,516421067831 6,746982775125 VII
1,057710961893 5,751408889350 K7III
-6,177439029338 -4,414867937338 VII
7,550335497135 -4,693597119307 G8IV
8,109050960949 -4,774191839608 M8II
-5,362118944081 -3,970875938683 VII
6,188089078666 -5,301340296985 VII
0,764626594891 8,314218445858 F9II
-4,911988179438 -1,889563453518 O2IV
-5,295914282374 -2,765144594957 B1II
-4,268201679986 -1,704410702225 F4V
4,873687002713 5,237713908590 G1IV
2,320283613014 6,544573978743 G0V
4,960454232470 5,488973672738 VII
-6,496246232017 -2,226764919802 F6III
-6,739801503419 -4,305978964339 F4III
2,277801483803 6,423720472482 F2VI
5,862638432643 -5,018773774581 VII
-3,322118579292 -4,103846946734 O9II
-5,224950370921 -0,777569410530 VII
0,981325494715 4,953744295457 M8III
4,257480844661 -5,788846499417 F4V
0,906954322263 8,060044686461 O2V
8,335534585846 -4,056329127115 G2IV
7,764911461984 -6,174114125156 G5II
5,765939439939 -5,633161050531 G3II
4,344113414794 8,461449764389 M2II
2,219764588205 9,151094354623 VII
6,896567208882 -5,637940326077 G0V
-5,422771747316 -5,151563523541 O9IV
-6,910262340321 -4,581962781741 B8VI
-4,584457147958 -4,651583464311 F8IV
7,847962018915 -5,392049891826 B5III
8,851130493055 -6,264325605917 K3III
5,635515736120 -4,421959356235 F4II
0,735490828005 7,111291887668 VII
-4,119251444592 -4,818561320354 O5I
2,040138778808 9,023084322923 A8III
-5,220037778721 -2,311845772518 A0IV
4,330903698963 -2,359101735199 A5III
2,401421819409 7,667186194351 K3VI
5,038319579524 8,233416252201 G0I
5,635008358506 -5,257271647423 M9III
1,239410105358 8,494680047035 K2IV
4,707578580543 -7,270496271958 O2I
-6,707237187807 -1,337069906927 F1II
-3,215416757294 -5,262253413386 B8VI
-5,420412641660 -4,396208708418 VII
-3,727423259871 -4,139810404776 M2IV
6,523518472631 -4,626588166958 K8II
-4,857516862149 -0,985829223895 A4V
4,826826573790 7,846377218399 B5III
-5,436237178907 -5,709303515862 A3II
-6,165997431056 -3,349411334461 G3III
4,928606304018 8,535600678609 VII
5,337736518023 -5,416898612797 G5I
-3,062771962248 -0,874671032096 K3VI
1,058673604267 5,632806893422 VII
2,002441836146 7,890435809539 A8IV
6,419291806651 -5,741983367049 O1II
-7,898036760597 -1,683531983583 M2I
4,492760226804 -2,664685544621 O6VI
-3,348124473708 -2,635666287588 G1IV
3,732823970290 9,229747043953 O2III
8,859142056393 -2,605074715978 A9VI
6,943887999241 -2,521922574341 VII
-5,929086113767 -4,811872165515 M9I
2,738602295504 9,102071604682 K4V
5,071916240088 8,641415197915 M1II
8,959886222429 -2,582654190122 G9III
-6,648566126069 -4,084073821271 B7III
1,850912406357 8,618696154720 O1III
0,567889427657 9,143543899096 F9VI
4,287286930444 8,448566566445 G6VI
-6,799313129468 -1,111634307462 F2I
-5,795968513315 -3,983786131332 K0III
5,220134306713 9,128440217428 VII
6,296316498744 -6,366640070021 O7III
-5,182795399047 -2,756484095825 F9IV
-3,585363399646 -5,588831031699 G5IV
2,786994860553 4,674342189316 M0II
-6,646184030504 -1,414848827077 VII
2,520046332192 5,561058107584 K3V
1,998659157962 6,575121617451 K9VI
-5,527398673226 -1,348883615221 B8IV
7,228696779096 -5,705041339528 M1III
7,903295703821 -6,608650375528 G0III
8,048037459743 -7,087954630670 O0III
4,291420741906 9,214386176161 B3VI
6,579080306854 -4,893452824230 K7II
8,359971700236 -6,129895296038 O2IV
4,090555206677 7,506639361079 VII
-4,215612307142 -2,764066310059 B7II
-5,997471589694 -2,430323386192 O0V
-3,952210159372 -4,804715874531 F7III
8,988515643988 -4,015113068255 M1IV
-6,033002913395 -5,143083480209 K7II
4,642104885728 5,527171568071 K3V
1,214752136524 8,332487432696 F8II
-4,700708732230 -0,751752640910 B7III
2,207116161403 6,880086121787 F0V
5,246177486245 -6,981118566996 M0VI
-7,600909407579 -4,060018639559 K7III
-7,895520894973 -2,836624856549 G5VI
4,034040754995 7,180535938155 VII
5,295648448488 6,780286539416 A1I
-4,560458553216 -4,898091444700 M1III
5,538925661116 -5,189318347781 M1II
3,211098669105 8,374005570113 G3V
5,199148741009 5,990765666800 VII
7,875265659947 -4,823313531948 K2VI
8,116957978478 -3,403914747589 VII
4,119706320784 9,321636305747 VII
8,889419862681 -3,686888957960 M6III
-6,860818880589 -3,991692173377 B6III
-8,001936873325 -4,896703720778 B1VI
5,123451639623 5,962617766166 B1V
7,564580395125 -3,236182367685 K5III
-4,820588982238 -2,280386047771 G9VI
-5,942127419784 -3,129848623663 A7IV
3,395262595396 4,942771049719 O9III
-5,389742738665 -5,108267726192 B5IV
5,083898142013 8,388488138985 B5IV
4,156416043177 6,934291352624 A5VI
4,923641952805 8,819006432326 A7IV
-3,694749989036 -1,178872992143 M4I
0,894040570576 6,059151796316 B9II
-7,856090104486 -3,912539670627 K6V
-7,796398232346 -2,117541634181 VII
-7,462621582939 -4,624563368439 G7IV
1,574604410072 7,812382503433 VII
4,565726688801 9,011554410260 G4VI
-3,451649935368 -2,966567320203 F3II
7,129293968015 -3,745350091880 B4VI
-3,158730917593 -1,944078269104 M7II
1,494823853621 7,141459283807 VII
-7,521664057694 -5,166418028076 A0III
-6,988093374845 -3,388476848337 B7VI
-4,022643838492 -4,021465906195 B0V
-5,360563206640 -4,626437528448 VII
6,966300241277 -5,221786031055 A8IV
7,029629518685 -5,048164318222 G6I
1,180266021251 4,956772788335 G4V
4,407212171776 -6,487943102454 K1I
4,329522989338 -3,390079580395 G9VI
8,664372218826 -6,500837516813 K7III
8,649575967790 -6,514315359640 A7V
4,808713761234 -5,105174472338 VII
7,789449988781 -7,005566510444 B7V
4,269102451621 -7,215621468863 A0VI
7,580575849429 -3,959499942442 O6V
6,877004405323 -3,326896069433 M1II
-4,576924323374 -4,265630243762 G0IV
8,531439899226 -4,346505552960 O4V
1,498066126423 5,636185369656 O5V
4,149166845344 -5,713093357262 A6V
3,191970054116 8,950029959777 G7VI
9,107194702188 -4,591698543783 K1V
-8,044524360391 -3,152282520031 M3VI
-7,570196411583 -4,446162437158 F8VI
-4,692062804003 -3,878279657927 M5VI
4,610778960804 4,894266560328 VII
4,273628405002 9,256583654987 VII
1,375407570535 7,080493861038 VII
-7,889012687749 -2,221035346517 B8V
-5,403301249675 -2,873820762292 O1IV
-3,862800184187 -2,094827151527 F2IV
-3,964882626007 -1,555095849116 B4III
7,423408571195 -5,939715208236 F4VI
6,144867768676 -4,937356825401 B6IV
6,058072632168 -5,890392549267 K6II
8,059124773488 -5,141397431546 VII
5,015037294944 -5,734658390868 M0I
5,251256659044 7,512795043270 G1IV
1,075604766933 5,116003682635 VII
5,403007812337 7,690400406581 B2VI
1,911846306954 7,590639382017 M5V
-6,488040426110 -0,738131714199 M3IV
8,238825495979 -4,920023584319 VII
8,113346062866 -7,194933766160 F2I
-5,590937727741 -5,204512801879 M8IV
2,222115182681 8,039238368683 F2III
4,776004638637 -2,510566969271 K6II
-6,573498090529 -2,567224961775 O9IV
-3,174350707282 -2,610435995676 G0VI
6,654040684303 -2,886219527735 A3I
4,928398420425 -3,678435188214 M5I
-3,382234804275 -3,771702364016 O2II
2,251304176733 6,661502254499 B2III
4,072020841092 5,799366151946 B8II
1,709088625962 5,939617073809 M8V
3,393902772801 4,498334542182 VII
6,668252294271 -5,987138189522 K9III
1,599071896174 5,471688464403 M0I
0,735407937665 4,379155678936 O2V
-5,259782520573 -3,104441601773 O3II
5,282429236612 4,964445494658 VII
6,203250419324 -4,277013059503 F2I
6,305996934481 -6,357481635558 G1V
-6,703655047531 -2,841290358344 F3IV
-5,242746986321 -2,280421992040 F1V
7,205682771627 -6,114052479490 VII
7,295198471070 -6,334176926454 A7III
-7,288957664442 -4,074543014160 M1V
-6,725873706121 -3,929527020481 G0II
4,848456797356 -4,805475463027 B4IV
4,622056180198 7,450262700803 O3IV
-5,825534734916 -1,418556994582 F8IV
-5,935628803823 -3,858847409513 M8I
2,884469766949 8,232851879324 B2III
-6,761885559009 -2,046964649043 A5VI
1,999911211359 4,456529835599 A9VI
4,747163843712 8,947159089872 F2V
3,399277109077 7,290687854568 VII
1,293850736278 7,500532225866 O1II
5,304924509384 -2,512694299382 F6II
6,262102718488 -3,341088220733 VII
-7,470900348307 -4,959415426692 B5I
4,532138680339 7,230222612990 F5I
-7,964136617630 -1,580579867608 G2II
-5,654944625676 -4,575881205913 VII
1,795085973620 9,081097078287 B4IV
2,145825409611 5,944868120080 B2II
-5,329454979906 -3,064576764530 A6III
2,247537424030 6,734441367340 A3II
6,072606558313 -3,552335649938 F3IV
-5,678912855521 -0,728827215803 O6V
6,212802815330 -7,118462761228 VII
7,236313103724 -2,485795156970 M0III
-5,916889576433 -4,760413846771 VII
0,906158906876 4,478010275476 F6IV
-4,457912621287 -3,654153915388 A0IV
2,864643991504 5,104548354476 VII
8,522377482840 -7,256027657502 VII
7,103523317041 -4,256562702872 VII
4,147052887345 8,642541503356 VII
-3,869962918955 -3,520647292962 B7III
8,793092704138 -6,021198576510 O3III
-3,085167812377 -4,471856830680 G3III
-4,461891298164 -3,177475378544 M1VI
-7,393949958899 -1,654290252626 K2V
-7,860936993481 -1,877834489213 B2I
3,271439649574 5,384039888468 B1IV
4,630136586549 6,846992753694 VII
7,183378247950 -5,718856296626 G1V
8,492202308824 -2,868203280364 M7V
5,463604387205 -4,899314411776 B9I
-6,361188287535 -1,895743669838 G7V
-6,205429290578 -3,428720273770 F2III
5,389878568319 8,040662744538 A5II
4,177072959351 -5,070323192490 VII
3,612022138649 6,257005885619 B3VI
7,200113203511 -4,827404085533 O9III
1,353108697275 5,580568519794 B8II
6,103495874657 -7,296773308301 B3II
7,896391456031 -3,583304814794 G5VI
4,345997254367 -6,716602301427 O5V
8,860511020678 -2,350310620559 A2V
7,695532459697 -6,177400237431 K3VI
7,799469188779 -7,214434305081 M1V
6,383664501607 -6,196114391261 K6II
3,374047513664 7,948660007169 K8I
3,298617659431 5,453446472083 G2IV
7,621155558482 -5,310805883324 O0V
4,189714837728 7,894703135110 VII
7,297505776967 -3,725764131381 G4I
-5,907800529707 -4,616670421772 VII
-4,902204514343 -4,284383863702 M2IV
5,876820584167 -2,581865251913 A7I
4,051534283765 6,227064927531 K3I
4,287441553539 -4,266282847777 F2II
7,181680049454 -7,213517271768 G3I
8,523542406890 -5,810650002515 O6III
-7,175217829783 -4,432620064199 M2II
-6,386201231208 -5,232915551565 O9III
9,032172086790 -5,231040390484 B5II
-5,912031337860 -2,812306957647 B0VI
4,474245627420 4,942087597186 VII
-5,203405466287 -4,798059888899 K1VI
-4,505101790796 -4,275730175332 VII
1,043535465216 5,027852044695 O0VI
4,336386156259 -6,030994716705 G3III
-7,120659044048 -4,762709585193 VII
6,349968540046 -5,088186729182 A5II
-4,624711064747 -1,623851527755 B5II
0,727893115659 5,909270513326 B1IV
-4,893591255734 -2,349469149002 M9VI
3,198326526964 8,470608554353 F7V
1,373065541508 6,143799355215 G3I
2,064002667056 8,198136700155 B5V
3,506777420220 7,524377526155 VII
-4,128590806397 -1,085717509729 O8I
7,110472696837 -3,234114768540 M2V
3,375608194441 6,325169605393 M0V
-6,111738189457 -4,073044598481 B8I
6,857555335121 -6,649543654767 F3V
1,785617598797 6,240195603700 M8I
8,570996453708 -7,247114159608 VII
1,358739855427 9,254350314494 F6II
-6,754895007450 -5,076511162217 VII
4,734723724340 6,400284108419 VII
7,372666127262 -4,570550761010 B0III
7,552295072141 -5,458847143484 O3III
7,091845911047 -3,821052079452 A8I
4,639716272252 -5,230488605887 B5IV
4,908652218679 -6,035156088832 F2I
-6,244690511144 -4,593248831414 K9V
-3,812196492573 -1,127951169378 K2II
2,467716910046 9,346463416709 M6V
0,658099985506 5,352682465807 M6VI
-5,953386753349 -2,675049076817 O4VI
5,470744399399 -5,794208696921 O0II
5,017929962586 6,575141676245 O5VI
5,096934101428 7,526432635014 VII
0,813576179664 5,803428182915 M8V
3,617003307610 7,212841479213 VII
8,691129685273 -4,767729279702 G7I
1,473597905145 8,420080306657 M9V
5,523379145190 -5,277029225019 K5II
-3,354174759789 -3,985092214066 VII
3,802772628012 9,127176140482 O3III
-7,616303470628 -5,451802260160 M7IV
-3,123274297290 -4,498582382482 G3IV
-3,279864575075 -3,697003000065 A2II
8,692149704063 -4,018263468650 K2V
0,463786974326 7,232660796807 G3I
4,168738288693 -5,089104921494 O7V
-7,253572153649 -3,566123042059 A1I
-4,895503583430 -0,983875491739 G5VI
5,740094326287 -5,445767108116 K5IV
-5,087806006809 -4,733495059056 G6III
6,733049099586 -6,899825462444 VII
-4,185548573361 -3,259834260023 K6VI
-5,895565738844 -3,172560536374 B1II
4,812461898710 9,065282680840 A8VI
7,702011892035 -3,378370549282 O2IV
-6,685531264875 -2,200585198734 K9VI
3,017394955913 5,533589417046 B6II
9,097312375263 -2,979043233558 A1IV
-5,154372600863 -3,081358798147 VII
-6,594829812201 -3,014086679060 G8V
-7,492544723887 -3,499241197531 O3VI
-8,030851818094 -0,938692968527 M3IV
5,134671290397 -2,920653115942 VII
4,908796803703 9,028108267551 O3II
-3,511792740374 -2,998846096342 K0V
7,492898893282 -4,548196420427 O4VI
-3,361538457885 -5,447865453774 G7VI
4,388852839422 5,287542394728 K5IV
8,081969320513 -4,880793129644 VII
-5,366731507656 -3,153136545896 A6I
6,392385550832 -6,530324568008 K8I
2,701395214394 4,807410556966 K9IV
6,063326464971 -2,690444380926 G5III
5,097094234495 8,077326260961 M6V
-6,965263911904 -3,000695888257 G8I
1,464762431019 6,112413257195 VII
2,655096789113 4,764497064426 G8V
-6,391723158234 -5,200701859343 G6IV
5,237023700047 -7,211068451851 B3I
7,023165571671 -5,742257228588 M2V
0,805402377499 4,532852844516 M6IV
8,467499395383 -3,463978490191 K8III
-6,407836362579 -2,170534003911 F0IV
0,618773877256 6,279985670125 O9III
-3,822935634734 -1,132806933121 F8IV
-5,904429564691 -4,419237054809 O1IV
-4,797816750318 -1,244758166115 G9IV
6,014881762652 -5,257073886202 G0V
-7,257003705176 -1,616746503050 K8VI
3,117508272821 6,493928097675 B4V
-4,758687057980 -4,585060311025 VII
4,801490660534 -5,798142268889 A0V
3,848868387708 8,610480093336 B1III
2,088564997382 7,063162360170 O2III
1,257522502742 6,476842223540 A0V
-6,116762905600 -2,767315179148 VII
5,810102641071 -2,475798361781 VII
-3,893814690278 -3,402786955235 F4III
3,394758675574 7,479406847514 B7VI
3,947332026470 7,756366286381 VII
4,585351012063 -5,079259567527 G8VI
2,611252215594 7,339471206254 O0VI
3,730562394848 8,691723326066 M7IV
4,216553579451 8,733902638001 VII
-4,435834889881 -2,592536852053 O8III
1,190084972116 5,882394029485 A6III
6,325353607143 -5,692313461148 F4V
6,526427719549 -4,172558073293 G0IV
5,016707967715 8,154974865978 O3IV
7,204350765977 -5,426479050882 O3II
0,503750758696 7,462979341828 O7IV
-6,624365163391 -3,050003936723 O5IV
4,269324913823 5,809337992153 G1III
8,848236711299 -6,693865072888 F6VI
-4,971562735970 -4,029431185648 B0V
-7,147480808291 -2,636924871676 M6IV
-3,292418848869 -1,903541772556 K2V
1,170622991271 4,585559455996 A6IV
2,573800177925 6,152253653327 M7IV
-5,733828271742 -2,954687344775 B1III
9,073582216289 -3,989176574924 O5IV
5,111257306604 5,795189904931 M4IV
-4,460941840569 -5,514938879625 A7VI
-7,048627004373 -1,521389396305 B7I
-4,242340705538 -1,604275931442 F6VI
2,306355279955 6,723320433811 B6I
4,822724730874 7,746211023413 G8V
2,357288060822 5,865258067159 O5I
4,514904808852 7,435262717494 O1VI
4,938732130801 8,794858444443 O4III
6,119459927357 -5,558958671334 M1I
0,517527253968 8,321039845613 K2VI
0,690524778767 8,800254409714 K6VI
4,995003978154 -3,563265947010 M6I
5,066979770836 6,518578265771 B9II
4,952110384274 -7,003402819480 O2III
1,745153174150 5,320771675443 B7III
8,078605509272 -3,195955840048 A7II
-7,418941329542 -3,263153942869 K9IV
9,111403498538 -2,562362491728 O4II
-5,721014001781 -2,222040987596 K8IV
0,978634843150 5,915932541790 F8I
-4,039447460540 -3,080793524660 M7V
8,465395286375 -6,094242212970 A9III
6,559641371902 -4,894096107751 VII
-5,625028068670 -3,882236889089 K1IV
5,630828845642 -5,635811090666 M4I
6,121381327218 -4,540796291943 A0VI
4,556177989704 7,350364408998 K5VI
-7,268289795500 -3,685749415765 B2III
0,469591491709 4,649973962658 A5IV
2,212682021582 7,405348061329 F5II
-4,761084138755 -3,312904492572 VII
-5,668739109997 -1,643014541358 K8IV
-3,618805970647 -5,252373824840 O4VI
-4,931941837792 -3,372559547646 O8V
-7,310529414218 -4,425079036854 B6II
-3,338216382809 -0,915330521672 G2II
-3,788576858758 -1,773985530793 K2V
8,214030562797 -4,850452892344 A7VI
4,743521066156 -4,903540695627 VII
1,711463401703 8,082183535897 VII
8,710375259629 -7,288667630323 F4II
6,958127697905 -6,869669594125 G9I
7,755774630575 -2,937511132247 M3IV
1,691528520219 6,523642769879 G6IV
-7,303729130833 -5,380950296671 O8II
4,193107493939 -5,403994189633 B3II
-6,384534340335 -2,241650044151 F1II
2,736688927667 5,110715034591 A6IV
-5,463919246419 -5,298804410082 A3VI
5,877522725176 -6,832969976945 B7III
6,609288660005 -2,715393244564 B8III
-7,542312584235 -4,137174146119 VII
-5,667167882223 -3,833167372060 M3IV
3,008001005862 5,609758931712 K1IV
6,741913114333 -6,699818982870 VII
6,138320164712 -2,899934241389 M6V
4,130468043422 -5,362965942052 VII
6,570639294768 -3,224296827962 F4V
-4,652694340040 -3,118016294016 F5II
-6,239820930795 -4,730152885881 O8I
5,560782308104 -3,512860013195 B5II
6,096729932633 -6,504688836832 M5II
8,669367311202 -2,608627254514 G2I
1,006456925137 6,232601443891 G7V
1,959967463487 5,052591838011 F7IV
-5,383009098243 -2,821795401114 G5VI
6,739325210879 -4,490252578543 VII
-3,126271786633 -4,978036110422 F8VI
5,409518860144 -7,039802838142 B2I
4,797073011626 -4,033275683430 G8I
4,769368963801 -4,113085871067 F2I
-6,723089009152 -1,219821247500 M0VI
3,950199310723 8,152825038588 A7I
4,985899055263 -4,662369955856 B7IV
1,495291701285 5,194324195452 A1VI
6,734572996945 -4,543323868600 O4II
-3,385828468917 -1,389452184611 VII
2,013941950680 7,725579018965 A7II
4,956702703001 5,884437873973 O4II
-4,946887345495 -3,453495077242 VII
-4,656035208924 -1,689024674463 A0III
5,995208543885 -3,627021150900 VII
6,541978685426 -5,478653448193 A7I
4,883606660251 -4,336685946930 F9III
3,535744307898 9,254693896178 F3VI
5,908159451526 -5,368514883519 B3IV
-5,074246994562 -1,266564056121 A9II
-5,840246627511 -3,404930430922 G5II
6,943507184609 -3,101669309337 G9IV
5,826685594640 -6,741227751799 F4I
5,960305300876 -4,410938890599 A1IV
-6,159936984166 -4,590552622314 G6II
0,873327689608 6,106809795222 B8III
3,468864454653 4,514897221626 K6III
-6,043334383278 -4,609911585691 M4VI
8,372200081418 -4,954712412498 F1V
2,063001632847 9,338515571598 B9I
5,667390167236 -7,206671242025 G5V
-6,655706695056 -1,908497110043 VII
6,146899873322 -4,334579256047 G0V
3,451218490872 7,998080103395 O4III
1,428049504139 5,347364048897 B9II
-6,510826439008 -1,621382063155 M0IV
-5,310451177879 -1,968476955455 A6IV
4,969088981445 -2,823462714809 A4VI
1,995505142997 7,615014617985 O6V
6,204467931131 -2,450077978254 O2V
1,104691908318 5,444475826428 M0VI
-6,164134684324 -5,487976908964 O8VI
7,125732928519 -3,277631156215 VII
1,279321631820 9,138183699976 VII
7,000450288419 -4,848662035036 B2IV
-3,524313528805 -5,685800424652 K3VI
5,157343156827 -3,710720475119 G7III
6,433808456881 -3,764444841855 B1I
5,307504220556 -5,294365684602 O8II
6,839771295891 -5,683973796906 B9II
4,248538735720 -4,234728229142 K3IV
5,442497209144 -3,461880148320 G3V
2,105937629626 9,309135945315 VII
8,243891358327 -5,806608124403 A4II
4,836905739341 -2,364753980127 O5II
-7,438349650469 -4,088562746555 A3IV
7,564209959246 -2,544183541654 A8VI
-6,037162957049 -2,261441825517 K3VI
-3,677657750088 -3,959365495120 M1I
5,402499477759 5,653057022495 G0VI
-7,564846925700 -2,647849073816 K1V
2,864078115169 5,555018025818 O0II
7,993909356628 -5,842170161771 F3VI
-7,543070005183 -1,938081809281 VII
0,540776583349 6,965657375946 K8VI
-7,283502623551 -2,806243286592 M6IV
9,101802404297 -7,196014618461 A0III
6,815866905342 -4,738358369363 VII
-4,181596495356 -2,396814449534 B7II
4,173413511881 -4,609159994347 G6I
2,070607514171 5,544395337182 K9V
1,607570073063 8,479649157803 O5I
3,636965689353 4,585481675920 VII
5,340760896621 -3,458452429952 B3II
6,666662364218 -3,699562123146 B9III
7,581774693045 -4,690258358996 K3II
-3,298369219056 -2,467257484061 VII
-4,664109790293 -2,282129450191 B2VI
4,427747322557 -6,494407980267 F7IV
8,713744031637 -5,105158709681 G8III
-7,099659714516 -1,895362246775 M4IV
2,220435995222 5,454985836804 F2IV
2,125022851452 8,224274857787 O0VI
-6,060495769315 -2,821913477454 G0VI
8,538097733348 -2,548336677722 M1I
-3,847010668245 -2,413320017449 K6I
1,088973175878 6,774831500434 B8V
6,465229220670 -6,095060077987 A0IV
8,846272048335 -5,324006278494 B7II
4,678041586719 -3,292944557223 B2V
3,157173100000 4,399281548943 M1IV
6,460693803829 -5,837788895369 G0IV
2,298039960116 7,304207432527 VII
4,727125871093 -2,398038044195 F3II
5,904269967269 -5,537933201020 F8V
-6,484507118291 -3,784235460433 O7I
-5,527330196418 -1,422174428791 VII
5,168176968139 -5,497259405374 M1V
4,438919255497 -2,324689256655 B9II
7,118223701750 -2,531397328139 A5IV
-3,685443206906 -1,471832578216 G0I
4,501075610482 6,709816864779 A1IV
-6,991396581479 -3,236912497402 VII
-4,469262227603 -1,144964018000 K9V
4,557305828101 -4,079481531360 M9VI
-3,800328635829 -3,683364813823 F5IV
8,409643687847 -3,702219926636 K7V
4,657837843125 -6,478782888008 B4III
3,852050074071 4,683805033717 K3I
4,120853173825 7,406417308925 B7IV
5,440221500384 -3,208009382964 O1II
8,800000871873 -5,619684410624 VII
6,754741778738 -4,940301144030 VII
6,180739156019 -2,919300640093 G7I
6,666211725841 -6,760138352604 O2VI
-5,939845545948 -1,447266588826 VII
-7,318102140530 -2,494586910095 K7II
4,957024353222 7,851112871925 VII
1,992549096298 7,666178387628 A7V
6,371393130479 -7,239248821043 G7II
4,896869411397 -4,552734254674 VII
1,531627447054 4,576213199211 A1V
-5,828716247943 -2,296406534049 VII
0,459791427035 9,127350336856 M6I
-6,729945859454 -4,081065400036 M6V
7,114979846712 -2,475182406264 K8I
5,116086493897 4,618277015807 G5V
-6,953039063929 -4,630146381931 VII
-6,568045927180 -4,797216676944 M6VI
4,359029780590 -6,081126247111 O5II
2,901305607125 8,489371233057 F8III
-4,000873106395 -3,831504850119 K6VI
7,027439300615 -5,379306331100 VII
-7,961884408728 -5,111502387578 B8VI
2,929771696829 9,094443726990 K5V
5,080610236101 6,605688543974 F2III
2,184663738095 9,071660502967 B0IV
5,645394648784 -4,181936240688 A1II
-3,537894798767 -2,943987485373 O1I
6,770225185710 -4,536604043342 VII
8,440571685755 -4,714739907560 B5IV
9,085013906794 -6,359371679121 VII
5,714823183011 -7,191525432230 M6V
-7,564306176680 -4,186217204257 VII
-3,372455909448 -5,541721728027 G3IV
1,664306802378 6,843769796708 VII
7,072627514833 -6,116629447745 G2VI
-6,775739619884 -3,973769379070 O4III
2,417781449371 5,496061695345 A1II
6,796351467196 -3,568111523403 G5IV
-6,913247784525 -3,620792182964 O8II
-6,052627180892 -4,681406928386 O2VI
-4,863718657461 -1,495983305792 B0III
5,209718882019 8,726512940833 M8VI
-6,023715025881 -0,761263526159 O5IV
6,895987458876 -5,134333687229 VII
4,280133662762 9,044497311282 G7III
6,855802587106 -4,619259180362 B3II
7,870567959186 -3,633142562709 M8V
3,172942414916 7,511643291382 M1V
3,867433616291 4,427204692723 M3V
-3,128443710339 -2,494414343874 VII
8,102275434603 -5,199914184882 M8V
9,087543428049 -6,674576094227 M9III
7,996791480008 -4,157498746335 M7V
1,186326727708 5,665402350805 G4I
5,151224128078 5,329316999060 M7III
4,405493798536 8,263083373071 K8VI
-4,690888056319 -1,601288627161 VII
3,276483083309 4,650096486879 F0IV
4,245501800733 -2,698348030727 M0II
8,336767087712 -3,031841789846 B3V
5,022575862076 5,661727463736 O8I
-6,518169462062 -3,863392451350 A8VI
8,206359967993 -2,848036964387 M3I
-3,730230907788 -2,963224383797 G0V
4,464913854797 -3,989531632307 K0VI
5,371728823317 -6,460127250869 O9II
6,635565904213 -3,094720309977 VII
3,715787227244 7,403909366533 F0II
5,167211623969 -7,069162622499 VII
-7,675526570755 -2,997253348513 VII
5,510670066270 -7,152401344781 A4VI
-3,495949170318 -5,256088344249 G6II
7,932857262676 -4,320979448185 F6III
-6,960072996915 -5,389202885029 G0IV
7,057511514684 -6,805677781206 G9IV
8,340853880061 -4,548365240515 G0VI
8,873586601548 -5,046120970429 O7II
-4,375593372946 -2,737134824453 M4VI
-5,758339037012 -3,276320224785 M8I
4,515869157918 4,695730104825 B8IV
4,850013008159 -6,376589518981 G8IV
1,130784237801 6,685057180224 G5III
6,822552238518 -5,901441745736 VII
-6,941394143555 -2,730256562178 G1IV
8,685488368017 -6,373750051342 VII
-5,536584310318 -4,002604422024 K2II
-4,230509450914 -3,655955007449 B0VI
0,978376678179 4,609176359482 M3III
1,414822093608 5,604087916983 M4IV
5,306122410415 -6,024405353423 VII
2,360317952287 5,423298453172 VII
-6,730755874064 -2,482248088610 K2III
-4,980824636376 -2,798298964600 O4V
2,137827820812 6,105265231283 F8III
5,698764214173 -4,597945289896 K9II
-7,234137695744 -5,041268032139 O1IV
4,139581632015 -3,264477458024 K3I
5,954835769557 -5,287527807833 G4II
1,963130343797 5,436437272018 G2IV
7,791823525954 -7,153264363595 F9II
7,521205347641 -6,178765076527 VII
5,144756612143 -5,506228428222 VII
4,997414006906 -2,492337209681 O1IV
5,123885719812 5,384368883091 A4III
7,879326481838 -5,940301795781 B7III
4,181518886859 5,170934168757 O5VI
-3,439191952089 -1,599544132957 VII
5,295346147157 -2,917541447256 K1II
-6,215428711454 -2,176864977818 F6I
-6,658587647763 -4,742014749948 F4VI
-5,174924381567 -1,554456887866 G4I
6,053265297599 -4,531854775888 M9V
7,105424846272 -6,069830281212 A5III
-7,020528017952 -3,729503661570 VII
4,169329706454 6,655856413816 O8II
4,541760210697 9,141983666747 M5I
8,831378782194 -6,337794971005 M9II
-4,900601314073 -4,470317021684 A2VI
-5,059397249933 -5,218520405606 M7V
3,008794875044 7,666971878048 B9II
6,222570696612 -4,426622611329 B5VI
1,358028825960 7,790875048123 O4VI
4,059288882869 6,701709495530 O2VI
-5,026178411228 -1,053997021521 VII
4,891909581179 -4,135590826341 K4I
-7,089979805606 -2,303832488438 VII
3,030971364135 8,509914057317 K9III
-6,386140627861 -5,104593345123 F9IV
7,392267776554 -3,327996291227 B2V
4,362470671062 -7,062487748925 K9II
8,354278580077 -5,629544772728 VII
8,807537698024 -5,066996363920 VII
1,781791431034 7,432756484087 B2VI
-6,749423450231 -1,496945830156 A6II
6,438208356472 -5,803322028900 G6II
6,685461834322 -5,022723703731 M4III
6,149050536683 -6,026976046819 K1VI
5,370619280015 7,110045280311 O6I
2,774197698497 6,978529991644 G4II
-5,638852147800 -1,651784257630 O9IV
1,186333488675 5,666325977704 O7II
-5,724081797497 -3,110314891342 K1V
4,208458543359 -2,395841555779 M0IV
5,287895762805 7,699146375490 K9V
-3,512376190495 -5,211691922428 VII
-7,502148660068 -0,960139050169 O2III
-7,039738627707 -3,354830334828 VII
-4,755098168600 -3,044831902358 O5I
4,292505250916 -4,842716657112 G6III
6,033024181150 -6,002022998139 A8V
-3,716236024040 -3,034110804725 G4VI
4,352392698357 -4,931320978856 G5II
8,863321588227 -6,483098109736 F0V
9,088172353754 -2,415199378166 B6IV
3,060357315448 7,964642345015 G2VI
3,338058506415 5,498854573250 K3III
-7,904154424303 -1,323705364466 A0IV
8,738128535204 -3,883532937406 A7I
-3,691766596867 -3,565671985927 A9I
8,969692507987 -2,461690711648 K7IV
4,549694981228 9,132636219907 G3III
7,073203568726 -3,728551678168 B6V
4,382931733525 -4,333147431538 K6V
-6,100865659689 -3,964802048617 K9I
4,641740990819 6,871987955922 O6II
-3,866505845907 -3,618155175443 B7III
8,643698309809 -2,703174053594 B9VI
-6,613634392702 -2,785884303114 VII
7,568570617030 -6,523448672085 F1II
1,810851382627 9,290838640217 B0III
-3,335581111806 -3,512212355814 O4II
1,432714455399 7,504298495013 O5I
4,731926289401 7,891092546409 F2V
3,086693334107 8,095543246955 G9III
6,054285899176 -6,118155485577 M9V
6,680268762251 -5,157244605736 A3IV
2,974780256561 7,787486949482 O6VI
5,431783460136 -2,584754799111 G9III
8,872889941920 -5,039328150415 B6VI
4,153683288893 -3,749416141294 A9II
-5,121948813346 -5,602673405200 F3VI
-5,799531096744 -3,024825584199 F7III
8,042719327542 -4,919099418500 K4IV
5,773555949112 -6,423636761629 O5III
-7,773171098018 -3,232877098433 K3III
3,230470493321 7,185358316729 O6VI
1,985031811578 6,534052884839 O0II
2,705859505545 7,714398679243 VII
-3,284006277645 -1,760069776728 B6VI
1,416455633481 6,106031561684 A3V
-5,291149497121 -2,976256801194 G7III
6,410232472869 -2,343134516162 K5III
0,716028291336 6,077744272143 K4V
3,331931613034 9,162325080400 O7V
5,175640240463 -5,469724926086 G3III
4,445015727686 6,876801545618 A2V
-5,741235492758 -3,144985532249 G6I
1,219367893577 7,114249030385 A3I
-3,888754752459 -1,525598021999 O2V
6,000170341535 -2,648201616601 F0III
4,580262567568 8,677090160764 F2II
8,948535195586 -3,980057943449 B5V
3,944381244005 6,109309357896 O2II
4,136454791683 8,842405101668 A9IV
-7,786675436936 -2,876000235327 O1IV
4,973826710580 -4,129826504716 M5III
-6,584319344698 -4,929297572461 G3II
2,244036967113 5,764427319516 A1IV
1,200256356327 5,623038651731 M3II
-6,726311611580 -1,116550279175 G1V
3,382018768379 5,062382003477 F4II
4,173897917834 5,400397629955 A9VI
-6,672388890858 -4,460912438488 VII
5,299187617530 9,141126574698 F8II
8,789935474972 -3,207315561186 F8VI
5,213398446555 -6,970149082821 F8II
5,636356783460 -5,671003242636 B1IV
-4,640861381731 -1,082012021958 K3III
4,348937114453 -5,086484704366 B0III
5,956075650798 -5,840623121127 B1II
-6,333035525726 -1,555102323261 B0I
-7,275390790723 -3,546809423480 B6VI
-3,274893169749 -1,771899133566 B6I
-4,262742217552 -1,858446633500 O2III
5,112693030807 5,694004900302 F7I
-6,873615533389 -2,345394799037 B9V
-6,949152810898 -2,210096480108 A1II
3,516284989391 6,673531933647 G2VI
-4,674993234040 -2,543456311717 B8II
-7,262970361035 -3,690656878025 K4IV
7,232301724341 -5,867697782063 VII
-5,552999800555 -5,618388815794 VII
5,247215639402 -4,411674902956 M6III
3,491983368438 8,355732204169 VII
1,407380089506 4,806904907011 B1IV
4,293065726444 -6,722824086640 G0VI
6,608265710317 -4,440789366616 G3VI
4,866500224957 8,314005893970 M5I
-6,352857787479 -3,653395817474 VII
-6,291502336908 -1,599179211031 O4I
8,457863086751 -4,895345399148 B0III
4,292454821547 -6,100258341168 VII
2,360921680074 5,758528479623 M2V
6,260209542101 -4,225155160090 A9III
-7,620004880265 -5,302122693161 F2II
5,279648686837 -5,924548106074 F9IV
-6,906116556597 -3,155891791283 F9VI
0,737693572497 9,055632548437 VII
5,276108594523 6,068212320751 B9IV
5,198081627754 9,332355346960 O1V
3,562818774194 4,483909218824 M9III
6,364495482761 -3,597019902602 A8V
-4,535245953033 -4,026110284380 F7I
4,607028692843 -7,059111627377 B4V
4,758572502089 8,350926739867 M5IV
3,745083078225 9,340380776833 G7VI
8,264932983482 -5,181896030365 VII
-6,518617564093 -4,478999005026 G7VI
1,508261279873 5,657903973189 G0V
-3,291988872079 -5,339225623952 B9V
7,502402108980 -2,973629873624 M6II
3,239567353786 5,800497347843 O7V
-7,728931521394 -2,908755768902 G9I
7,480853933546 -5,971726638381 K5V
6,143711194388 -7,212209593824 G5VI
9,048759651601 -2,890469773131 F4II
-5,572694143320 -3,530103551048 F1II
-4,082790137954 -3,156687699984 B8II
5,651678996835 -6,903138969927 F2III
4,777919660825 -3,252081812884 A8IV
7,938113795992 -5,773981498306 G3IV
-7,130838423763 -3,967688347061 F9VI
2,943399074834 6,222565020207 B5III
-7,850210782688 -5,595078212472 O3II
2,724776834326 9,194351220910 VII
1,149507659776 8,993705691984 A5II
2,786588268618 5,411355354846 M2VI
-4,896066386419 -4,598594358189 M9V
-7,294336950305 -1,829395005362 VII
4,427081231299 6,095652885448 G9II
5,898827064994 -3,469715670950 B6V
0,828006904080 7,409709376559 G1II
8,998158816033 -5,291603505352 M3III
-6,508363395776 -3,465256833228 B3VI
2,511347183385 4,937397332386 O1III
-5,969030879700 -5,474218293194 VII
-6,702167426113 -2,692268204874 G3VI
4,410292428173 4,456732892165 B0I
-5,341507792260 -4,157425832717 B6VI
-4,887773860666 -0,731947845597 O9IV
-6,833131563745 -2,879321101981 B6VI
-7,804538438397 -1,987836192682 A4I
4,492023890949 -5,818719581250 VII
4,618956516747 7,719526411362 VII
1,895050900986 8,928831849437 K3II
-7,964041389557 -5,118149906974 A1III
2,423888462298 7,375167709961 K3IV
-4,409914303917 -1,819497756774 M3VI
5,546576637134 -6,742302695656 VII
3,451143134341 7,518700228885 M9II
-3,445177507123 -2,417863394269 VII
-7,090278975991 -1,226515346133 B6II
6,366680794748 -3,535656027598 F6IV
-3,133632492032 -2,719178182908 K1I
-5,636180752193 -0,927192985756 M8II
4,385165590848 5,009964116458 M3V
-3,242059871871 -1,539269854891 K1IV
8,121617821798 -3,717435750408 A0V
5,735062463433 -2,790307278429 F0IV
-6,417012230723 -1,973370126076 B7II
-4,870396773650 -4,616528701850 VII
-7,720620630240 -0,832934062723 VII
-7,499570239182 -5,664064222608 B7IV
3,569573404167 5,386375612087 B8V
-6,928254604854 -1,303792786652 A9II
-4,661481739191 -1,786291617301 VII
3,202688871326 8,512642943104 VII
-7,834600044526 -2,393442399158 M3V
5,022841877005 -4,993426793261 A4V
7,563990067004 -4,521383577577 B6VI
-4,240986803520 -5,595433467076 VII
1,631073898873 8,209814271207 VII
-3,513669748634 -4,111577342421 M9IV
8,490305246858 -3,816966825160 K6III
4,377540651854 -3,568715057034 F9VI
2,317868982132 8,808943269459 O7VI
2,643831296514 4,494838517738 K8VI
-7,250736976584 -5,580479438862 A5III
6,018649594797 -4,272238977556 O0I
2,824130323685 6,516868885239 O3III
3,416010335065 8,928519058057 G3III
6,979069004485 -3,438361006440 O9V
-6,782523861014 -3,318542713106 A5III
7,321481510553 -2,501359413282 F0II
1,798353681646 4,687380489025 O5II
1,175609814420 5,411711556332 G1VI
4,064643544498 6,526181280908 O3V
-8,006728113797 -5,370720367975 B1IV
-6,564240878179 -3,512591337246 K1IV
-7,170967612655 -5,019722473966 M8I
0,868538950416 5,332364053819 B9I
6,631968688533 -4,480737991274 B7III
3,142757505795 7,730917209673 K0I
-4,071389702982 -1,384447005220 B0II
5,070808447768 8,010918309027 A3VI
4,409379813990 -4,615500818151 M9VI
0,834673366383 6,111147357437 A2VI
6,601535543793 -4,680943735383 VII
7,247685380862 -5,607475017267 G8VI
2,328138540679 6,638816308083 A6II
1,394568623727 6,880325363711 O7I
7,582829597790 -5,217600929755 A2VI
-5,545630708150 -3,644596182173 G6IV
5,684396756142 -3,661218282368 F2I
-4,003931798611 -1,320935195100 G0V
-7,183794250444 -3,304412317118 G8V
8,794433230728 -5,876748114256 VII
-6,739255110275 -1,856507532675 K7V
-5,026718851894 -2,487299901820 O6V
4,827284029133 5,976522449858 K3VI
3,901535007990 5,293168599180 A2V
4,968346291563 -4,743507300896 VII
4,415133590844 7,943020306016 B1VI
1,632851006100 6,792160685794 K7V
4,873473562604 -6,858629887234 B4V
7,529017341662 -2,958362759238 A1III
6,591238987124 -3,422894796601 A0III
3,815138222262 6,297893834031 O9IV
-3,747047642679 -2,573342031915 K1III
-4,077974475325 -2,228779246217 M7VI
6,645913512177 -6,199685715713 K8IV
4,367414951370 -3,743761425969 O3IV
4,673531488737 -5,382703738527 VII
5,257079635497 -3,018645752267 A9VI
8,265097632106 -6,620103900874 A0III
7,985697288476 -6,644620657358 F9III
4,240130763010 5,132909937937 G4IV
6,659543902388 -5,084139005226 O7II
6,594534313995 -2,300892023416 B6V
-5,714116036892 -2,751164695781 K1V
7,616569745572 -2,946601015689 K2IV
4,866907686950 -3,884849994532 K9IV
4,604806559584 -6,530947188019 M4IV
1,597670631051 8,743721520517 VII
6,148106629408 -6,629363859988 M0IV
-3,232239674152 -4,978347722333 M8VI
-6,637192831759 -1,916180351602 O5III
2,253495238775 7,405441032234 A5VI
-6,955007036422 -4,123154047820 K4I
2,069001021555 9,135698168471 A1V
2,414375104306 7,532768357635 VII
-7,034674055287 -5,484468998120 O7II
1,559723034695 8,563144526784 G2V
2,934864392828 6,088566464308 O9IV
5,001502034891 -6,796798085420 G7II
5,082340002396 -7,025924014524 VII
6,770239642688 -2,653640883677 G5VI
2,044925091945 9,227539507440 M7I
-7,563858018608 -5,082477861748 F5III
8,559113359917 -3,506733084654 F5III
4,628597601614 -6,070553259476 O6III
4,322096922721 6,370454937898 F1IV
4,962970025047 -6,537655912098 F1II
-4,642888641433 -2,596008739870 B1V
5,607723149316 -3,931658551526 M3V
5,387979148249 7,723215468784 F6I
4,015586604506 6,104372648643 A5V
3,012544975576 4,481659031392 K7VI
1,346467738364 7,445710816593 VII
4,674305042874 4,429221306186 F4IV
6,845602105775 -6,914129359645 O0IV
1,833396428807 8,445644827047 O4III
8,530453695039 -2,639154357153 K8V
2,764320602503 7,647542952231 G3I
4,335053552955 8,084404796062 B0I
4,771035545488 -6,312491926822 G8I
5,070613079833 4,771041477773 A9VI
5,792217776626 -6,860544252337 VII
8,651198739095 -4,534334489631 VII
7,237261646545 -3,700365383314 M7VI
6,692685168644 -5,614056405833 VII
7,451509040818 -2,664343316578 F7II
-3,730231570432 -4,454319457193 M7II
-8,028767671146 -3,173933607276 A0III
-5,022890416468 -0,926528971397 G3II
5,982661312107 -2,591789688872 G4II
2,641130581431 5,639340898706 G9III
4,918548607169 6,610082741128 B1I
0,625993586510 5,800590220842 VII
-4,452634358167 -3,657357405032 O9II
-6,791164992994 -5,001267492609 B2III
-7,770862247013 -1,111496267203 K6VI
-3,938701454059 -4,621372154740 O0V
5,196801567897 -7,025738212553 O4II
7,448474658727 -2,703888904934 A0IV
1,774872834185 6,037585415336 VII
8,820013047907 -6,220315012180 A4VI
-3,828745068919 -4,997663927092 B2IV
7,988896940016 -3,737262921518 VII
-3,355858994079 -4,889299848994 VII
5,775520676874 -5,625715724922 O8II
3,855087728878 7,442131872104 O0V
5,683242692216 -6,323368781660 A4VI
-7,878127441314 -4,753647976557 G9III
-3,613872462677 -3,732545406816 K8II
2,284262255327 4,734904178869 G3III
4,287225455559 8,998034093679 A0V
-5,753602645470 -3,744875821889 F0IV
9,042044839469 -6,215467661626 O4I
1,707972884962 4,674174373270 K2II
-7,294726824820 -4,366546854734 F9VI
-3,828408980963 -2,953123696966 VII
5,117113443270 5,263073934035 G3IV
1,571935334639 7,724856778016 VII
5,103302238170 -6,245406453929 G7VI
-6,053765841440 -4,162321061315 K5I
7,234643541662 -3,510319671249 F7III
-5,969604028225 -3,638291110176 M7III
7,414871331126 -3,412338983773 K0III
2,791426741818 7,194011243759 B9VI
8,951441757054 -6,592331756812 VII
2,414398128801 6,129688662016 K3I
-7,142458916497 -3,237688841346 K1IV
-4,413421485679 -3,177712275563 M2II
5,076847591682 4,697615244776 G2II
6,034672105936 -7,098016671441 G8V
3,304998429365 8,325541725965 B5V
4,971704229199 -5,076796496515 G8VI
-5,311630411921 -3,919081405783 O0III
-5,974575631071 -3,260628596120 K8VI
-4,619799473991 -4,400556667032 B0IV
4,064344629680 9,003094318808 G5II
-4,313472363543 -5,420893843571 O3III
-3,801747735158 -3,288909890182 K7IV
3,303908517643 5,645954569781 VII
7,301177330000 -4,247606071348 F8VI
-3,876234319457 -3,262760244358 G2III
7,871448453296 -5,317949988885 M0V
5,734566426592 -4,595275327049 VII
-5,106606327439 -4,740999798201 B1I
4,237110930339 -6,349523569000 K6II
-3,296084640761 -2,443176506901 K8VI
-4,647002146178 -3,851488555193 VII
8,145612644593 -6,710251188773 A2III
7,276449626052 -3,950049937671 O7IV
4,816016762782 -5,733573859200 F7V
-4,706301413798 -1,225271900621 F4I
-3,086984128770 -2,360859837998 A5V
-4,545926673635 -5,368466540644 F0II
-7,478496565168 -2,990996789530 B3III
-3,178612886266 -5,106297691438 VII
-6,765539055027 -5,651399180354 G5I
3,367204693552 8,627963356383 K8II
-6,904605343976 -3,696628279008 M5IV
-5,047819194275 -4,509601602524 K5III
6,643005608874 -7,265846848093 G2IV
2,355796838122 5,436383269692 A5IV
2,062284515077 8,549323942006 F6V
0,451126274549 7,924373953889 M1V
8,347345602610 -6,409034239861 B0IV
3,788762818209 8,886485242800 M2VI
-7,057356415704 -5,551928421093 A8I
5,103931690899 8,543669185146 VII
-3,678009039876 -0,924538878470 M7VI
-6,355536782951 -2,112899452247 F9V
-7,339519668413 -3,386575228817 M4I
-5,165792679066 -4,854998700196 O7II
-6,242939547914 -2,124029065331 A8V
7,635741472669 -3,959385983075 K7VI
-8,005838318978 -1,011699840329 B0VI
-7,509376431335 -4,129185839378 B6III
9,070233205551 -3,187828108292 F2IV
-7,302692241275 -3,981464010889 G4II
3,678399080556 8,383860135400 B0IV
2,201917864039 8,184995307848 B9V
1,971726749993 5,182565076088 G0I
-7,383386200847 -3,088047075117 K2I
5,455289383489 -2,628602891479 B1IV
4,683303474404 6,162247838389 VII
8,704027515807 -5,749786316366 F7II
-4,565405795190 -3,248951268185 O3I
1,117347535701 5,127683350237 A9II
4,904025577829 8,922624974552 G7I
1,275734244015 5,248513567920 K3II
5,198907712527 -6,666677305386 B7VI
-7,514872786081 -3,639787129233 VII
4,988389092642 -3,960361802054 O4VI
4,770141141986 6,263047745088 G2IV
5,806163723115 -3,545374497158 A5VI
8,712425138042 -3,549743951103 K1VI
7,608813880353 -3,015618846081 K9III
4,740394454094 5,995348384025 M5VI
6,068964761741 -5,941368919319 G9V
5,093917834218 6,689628839246 O3V
7,168004951739 -5,973601623908 O9VI
-3,484621637741 -1,281829372211 K8V
6,943228884727 -2,351690521423 F8V
8,619459503373 -4,487575416371 G2V
5,692996371363 -2,616745856266 F5I
-7,421479038382 -2,414528825290 A7I
0,684031686506 8,255248960562 G9IV
6,957132010228 -6,266243674427 K7VI
4,213761201305 -4,267158920794 A9II
-5,483870787353 -2,627350869762 K9VI
-6,339335321837 -4,019568916059 K5V
-3,837967257843 -4,532199069080 O3II
8,973641470713 -4,297960150568 F9IV
4,491480052068 -4,069415412236 O6II
-4,029002865165 -3,767462184277 M8II
1,316004580884 7,694930601043 M0V
6,420645047080 -3,402778866175 VII
-3,778539051649 -4,406058951061 G6I
-6,710140448166 -5,147918516597 VII
7,489960600306 -3,260290760748 M8I
8,310409084423 -3,307773171685 VII
6,048181832898 -6,389611159745 A6VI
2,024516893062 7,730562541107 M3VI
4,328662050228 -5,416464642481 VII
-4,723277398210 -4,947015957556 O0II
2,275064803227 6,636574510407 VII
4,182738888032 -5,503244327563 M5III
9,030039627713 -3,255734215408 M8IV
8,173752754600 -6,467666511610 F2II
7,376120990949 -3,156163226803 A8IV
5,837370223618 -4,852768401869 K9VI
4,640402855049 -4,832938188209 K7V
-4,448315156223 -5,720837133387 VII
-4,802993746576 -3,346907802860 O2IV
5,099460327966 -7,210726704707 K4III
-3,542342920656 -0,774743929791 M0III
8,348304290335 -3,466806357184 VII
8,026061514163 -5,425630611915 B1VI
-3,942188267904 -5,485131457109 O7I
